# bench-rosetta/1 — 1589 Rosetta Code solutions (RosettaCodeData 1d47586), up to 2 per language, labelled by the contributor's language heading; generated by build_cases.py; see README.md
case_id,tier,ext,sha1_git,filename,qualified_swhid,expected,expected_detail,accept,reference,provenance,frame,stratum,weight,tags,path,population
rosetta:126a34edd825,gold,.0815,9f9299536e495b4970acc9269e67886f0e7a5e77,binary-digits-1.0815,swh:1:cnt:9f9299536e495b4970acc9269e67886f0e7a5e77;origin=https://github.com/acmeism/RosettaCodeData;path=/Task/Binary-digits/0815/binary-digits-1.0815,0815,0815,0815,the contributor (the language heading the solution is filed under on rosettacode.org),RosettaCodeData@1d47586,,,,not-in-linguist;invented-ext,Task/Binary-digits/0815/binary-digits-1.0815,17
rosetta:77a5a0d6083a,gold,.0815,cf7a0bd2263a5409ad345852a842af61cbeb2f66,factorial.0815,swh:1:cnt:cf7a0bd2263a5409ad345852a842af61cbeb2f66;origin=https://github.com/acmeism/RosettaCodeData;path=/Task/Factorial/0815/factorial.0815,0815,0815,0815,the contributor (the language heading the solution is filed under on rosettacode.org),RosettaCodeData@1d47586,,,,not-in-linguist;invented-ext,Task/Factorial/0815/factorial.0815,17
rosetta:cdb3244d2d2f,gold,.11l,b13fc28930d2afe23153e9e7b4476e2101cf4995,combinations-with-repetitions.11l,swh:1:cnt:b13fc28930d2afe23153e9e7b4476e2101cf4995;origin=https://github.com/acmeism/RosettaCodeData;path=/Task/Combinations-with-repetitions/11l/combinations-with-repetitions.11l,11l,11l,11l,the contributor (the language heading the solution is filed under on rosettacode.org),RosettaCodeData@1d47586,,,,not-in-linguist;invented-ext,Task/Combinations-with-repetitions/11l/combinations-with-repetitions.11l,1026
rosetta:77582f8e5e29,gold,.11l,8012d7a38c9231b4409ea9d5cf5a24ff0821d079,determine-if-a-string-is-collapsible.11l,swh:1:cnt:8012d7a38c9231b4409ea9d5cf5a24ff0821d079;origin=https://github.com/acmeism/RosettaCodeData;path=/Task/Determine-if-a-string-is-collapsible/11l/determine-if-a-string-is-collapsible.11l,11l,11l,11l,the contributor (the language heading the solution is filed under on rosettacode.org),RosettaCodeData@1d47586,,,,not-in-linguist;invented-ext,Task/Determine-if-a-string-is-collapsible/11l/determine-if-a-string-is-collapsible.11l,1026
rosetta:bf4d40380730,gold,.1c,97d6a8d4dfd77e06d8f71545b806e88be49f77d7,gui-component-interaction.1c,swh:1:cnt:97d6a8d4dfd77e06d8f71545b806e88be49f77d7;origin=https://github.com/acmeism/RosettaCodeData;path=/Task/GUI-component-interaction/1C/gui-component-interaction.1c,1C Enterprise,1C,1C Enterprise;1C,the contributor (the language heading the solution is filed under on rosettacode.org),RosettaCodeData@1d47586,,,,in-linguist;invented-ext,Task/GUI-component-interaction/1C/gui-component-interaction.1c,2
rosetta:ccf0560a6fd1,gold,.1c,de77c11dcc2a02e0ef14eebd95b35fb7b7a5a91b,transportation-problem.1c,swh:1:cnt:de77c11dcc2a02e0ef14eebd95b35fb7b7a5a91b;origin=https://github.com/acmeism/RosettaCodeData;path=/Task/Transportation-problem/1C/transportation-problem.1c,1C Enterprise,1C,1C Enterprise;1C,the contributor (the language heading the solution is filed under on rosettacode.org),RosettaCodeData@1d47586,,,,in-linguist;invented-ext,Task/Transportation-problem/1C/transportation-problem.1c,2
rosetta:8c5101b8d0ff,gold,.360,84cc2f89481cabb5c0aee8cfa72d16c81f01693a,binary-search.360,swh:1:cnt:84cc2f89481cabb5c0aee8cfa72d16c81f01693a;origin=https://github.com/acmeism/RosettaCodeData;path=/Task/Binary-search/360-Assembly/binary-search.360,360 Assembly,360 Assembly,360 Assembly,the contributor (the language heading the solution is filed under on rosettacode.org),RosettaCodeData@1d47586,,,,not-in-linguist;invented-ext,Task/Binary-search/360-Assembly/binary-search.360,246
rosetta:84a8c28005c5,gold,.360,23c2954ee454dfe15d3d5fd2399f65839334de78,factorial.360,swh:1:cnt:23c2954ee454dfe15d3d5fd2399f65839334de78;origin=https://github.com/acmeism/RosettaCodeData;path=/Task/Factorial/360-Assembly/factorial.360,360 Assembly,360 Assembly,360 Assembly,the contributor (the language heading the solution is filed under on rosettacode.org),RosettaCodeData@1d47586,,,,not-in-linguist;invented-ext,Task/Factorial/360-Assembly/factorial.360,246
rosetta:53fb6e95dcc3,gold,.4d,81464b3c93c9c387a707bf0e2cca7e805f15bc4b,sort-an-integer-array-1.4d,swh:1:cnt:81464b3c93c9c387a707bf0e2cca7e805f15bc4b;origin=https://github.com/acmeism/RosettaCodeData;path=/Task/Sort-an-integer-array/4D/sort-an-integer-array-1.4d,4D,4D,4D,the contributor (the language heading the solution is filed under on rosettacode.org),RosettaCodeData@1d47586,,,,in-linguist;invented-ext,Task/Sort-an-integer-array/4D/sort-an-integer-array-1.4d,6
rosetta:6aeb46f0032a,gold,.4d,ee1b30c2ff36dc99d6fa119c94fde9f1936108ec,string-case.4d,swh:1:cnt:ee1b30c2ff36dc99d6fa119c94fde9f1936108ec;origin=https://github.com/acmeism/RosettaCodeData;path=/Task/String-case/4D/string-case.4d,4D,4D,4D,the contributor (the language heading the solution is filed under on rosettacode.org),RosettaCodeData@1d47586,,,,in-linguist;invented-ext;tiny,Task/String-case/4D/string-case.4d,6
rosetta:7e5704202899,gold,.4dos,380e7997e877ab816f7f91359805e26539a607f9,100-doors-2.4dos,swh:1:cnt:380e7997e877ab816f7f91359805e26539a607f9;origin=https://github.com/acmeism/RosettaCodeData;path=/Task/100-doors/4DOS-Batch/100-doors-2.4dos,4DOS Batch,4DOS Batch,4DOS Batch,the contributor (the language heading the solution is filed under on rosettacode.org),RosettaCodeData@1d47586,,,,not-in-linguist;invented-ext;tiny,Task/100-doors/4DOS-Batch/100-doors-2.4dos,7
rosetta:4cbbbac9b18d,gold,.4dos,5bb3c3d993d6fdcacab7831eaef20ba570521efd,loops-infinite.4dos,swh:1:cnt:5bb3c3d993d6fdcacab7831eaef20ba570521efd;origin=https://github.com/acmeism/RosettaCodeData;path=/Task/Loops-Infinite/4DOS-Batch/loops-infinite.4dos,4DOS Batch,4DOS Batch,4DOS Batch,the contributor (the language heading the solution is filed under on rosettacode.org),RosettaCodeData@1d47586,,,,not-in-linguist;invented-ext;tiny,Task/Loops-Infinite/4DOS-Batch/loops-infinite.4dos,7
rosetta:9b7f3b5d4e35,gold,.6502,4dd486910f1f3446623255df422cde7ea41183b1,enumerations-1.6502,swh:1:cnt:4dd486910f1f3446623255df422cde7ea41183b1;origin=https://github.com/acmeism/RosettaCodeData;path=/Task/Enumerations/6502-Assembly/enumerations-1.6502,6502 Assembly,6502 Assembly,6502 Assembly,the contributor (the language heading the solution is filed under on rosettacode.org),RosettaCodeData@1d47586,,,,not-in-linguist;invented-ext,Task/Enumerations/6502-Assembly/enumerations-1.6502,245
rosetta:0d9d4efa2a07,gold,.6502,d2d46c7d6ad4c1271283198068cf515c6f2dad07,sorting-algorithms-bubble-sort.6502,swh:1:cnt:d2d46c7d6ad4c1271283198068cf515c6f2dad07;origin=https://github.com/acmeism/RosettaCodeData;path=/Task/Sorting-algorithms-Bubble-sort/6502-Assembly/sorting-algorithms-bubble-sort.6502,6502 Assembly,6502 Assembly,6502 Assembly,the contributor (the language heading the solution is filed under on rosettacode.org),RosettaCodeData@1d47586,,,,not-in-linguist;invented-ext,Task/Sorting-algorithms-Bubble-sort/6502-Assembly/sorting-algorithms-bubble-sort.6502,245
rosetta:21c6d0c2a38b,gold,.6800,2311e6e86b7a7c83d8c5fb5618ecaffb0e82c490,loops-infinite.6800,swh:1:cnt:2311e6e86b7a7c83d8c5fb5618ecaffb0e82c490;origin=https://github.com/acmeism/RosettaCodeData;path=/Task/Loops-Infinite/6800-Assembly/loops-infinite.6800,6800 Assembly,6800 Assembly,6800 Assembly,the contributor (the language heading the solution is filed under on rosettacode.org),RosettaCodeData@1d47586,,,,not-in-linguist;invented-ext,Task/Loops-Infinite/6800-Assembly/loops-infinite.6800,3
rosetta:1c7372efdf2d,gold,.6800,ae88aaeae001e178edc1cc985462d05893e9af07,terminal-control-ringing-the-terminal-bell.6800,swh:1:cnt:ae88aaeae001e178edc1cc985462d05893e9af07;origin=https://github.com/acmeism/RosettaCodeData;path=/Task/Terminal-control-Ringing-the-terminal-bell/6800-Assembly/terminal-control-ringing-the-terminal-bell.6800,6800 Assembly,6800 Assembly,6800 Assembly,the contributor (the language heading the solution is filed under on rosettacode.org),RosettaCodeData@1d47586,,,,not-in-linguist;invented-ext,Task/Terminal-control-Ringing-the-terminal-bell/6800-Assembly/terminal-control-ringing-the-terminal-bell.6800,3
rosetta:d08ac01c37a1,gold,.68000,fcaa71af0ecbad92002a325181871de2ea4cf302,get-system-command-output-2.68000,swh:1:cnt:fcaa71af0ecbad92002a325181871de2ea4cf302;origin=https://github.com/acmeism/RosettaCodeData;path=/Task/Get-system-command-output/68000-Assembly/get-system-command-output-2.68000,Motorola 68K Assembly,68000 Assembly,Motorola 68K Assembly;m68k;68000 Assembly,the contributor (the language heading the solution is filed under on rosettacode.org),RosettaCodeData@1d47586,,,,in-linguist;invented-ext,Task/Get-system-command-output/68000-Assembly/get-system-command-output-2.68000,181
rosetta:8068c862aab6,gold,.68000,7f4f0f40b2e87ad740ce9afeb902556409885533,variables.68000,swh:1:cnt:7f4f0f40b2e87ad740ce9afeb902556409885533;origin=https://github.com/acmeism/RosettaCodeData;path=/Task/Variables/68000-Assembly/variables.68000,Motorola 68K Assembly,68000 Assembly,Motorola 68K Assembly;m68k;68000 Assembly,the contributor (the language heading the solution is filed under on rosettacode.org),RosettaCodeData@1d47586,,,,in-linguist;invented-ext,Task/Variables/68000-Assembly/variables.68000,181
rosetta:d1e026652001,gold,.8051,4328645d7cf5d64b9e39642197b93c8e9f26a89d,arrays.8051,swh:1:cnt:4328645d7cf5d64b9e39642197b93c8e9f26a89d;origin=https://github.com/acmeism/RosettaCodeData;path=/Task/Arrays/8051-Assembly/arrays.8051,8051 Assembly,8051 Assembly,8051 Assembly,the contributor (the language heading the solution is filed under on rosettacode.org),RosettaCodeData@1d47586,,,,not-in-linguist;invented-ext,Task/Arrays/8051-Assembly/arrays.8051,9
rosetta:d672856cf3a8,gold,.8051,34c641789624b004642c0f64bb756fb16da59595,function-definition.8051,swh:1:cnt:34c641789624b004642c0f64bb756fb16da59595;origin=https://github.com/acmeism/RosettaCodeData;path=/Task/Function-definition/8051-Assembly/function-definition.8051,8051 Assembly,8051 Assembly,8051 Assembly,the contributor (the language heading the solution is filed under on rosettacode.org),RosettaCodeData@1d47586,,,,not-in-linguist;invented-ext,Task/Function-definition/8051-Assembly/function-definition.8051,9
rosetta:cb3aa4cf0d31,gold,.8080,b3890fc66dc76d407f21b14ea9eff2113bb73c4e,integer-comparison.8080,swh:1:cnt:b3890fc66dc76d407f21b14ea9eff2113bb73c4e;origin=https://github.com/acmeism/RosettaCodeData;path=/Task/Integer-comparison/8080-Assembly/integer-comparison.8080,8080 Assembly,8080 Assembly,8080 Assembly,the contributor (the language heading the solution is filed under on rosettacode.org),RosettaCodeData@1d47586,,,,not-in-linguist;invented-ext,Task/Integer-comparison/8080-Assembly/integer-comparison.8080,128
rosetta:540b3e34c240,gold,.8080,a3a08e63c4c3d7d0e2dcded08f08da5babd5a605,sign-of-an-integer-signum--1.8080,swh:1:cnt:a3a08e63c4c3d7d0e2dcded08f08da5babd5a605;origin=https://github.com/acmeism/RosettaCodeData;path=/Task/Sign-of-an-integer-signum-/8080-Assembly/sign-of-an-integer-signum--1.8080,8080 Assembly,8080 Assembly,8080 Assembly,the contributor (the language heading the solution is filed under on rosettacode.org),RosettaCodeData@1d47586,,,,not-in-linguist;invented-ext,Task/Sign-of-an-integer-signum-/8080-Assembly/sign-of-an-integer-signum--1.8080,128
rosetta:995acd149b57,gold,.8086,83173a2189ecd555480ba091649f92bb2b5059ec,literals-integer.8086,swh:1:cnt:83173a2189ecd555480ba091649f92bb2b5059ec;origin=https://github.com/acmeism/RosettaCodeData;path=/Task/Literals-Integer/8086-Assembly/literals-integer.8086,8086 Assembly,8086 Assembly,8086 Assembly,the contributor (the language heading the solution is filed under on rosettacode.org),RosettaCodeData@1d47586,,,,not-in-linguist;invented-ext;tiny,Task/Literals-Integer/8086-Assembly/literals-integer.8086,167
rosetta:39cdad6da319,gold,.8086,9729fe77be6d820938075818010c43a9c1646705,subleq.8086,swh:1:cnt:9729fe77be6d820938075818010c43a9c1646705;origin=https://github.com/acmeism/RosettaCodeData;path=/Task/Subleq/8086-Assembly/subleq.8086,8086 Assembly,8086 Assembly,8086 Assembly,the contributor (the language heading the solution is filed under on rosettacode.org),RosettaCodeData@1d47586,,,,not-in-linguist;invented-ext,Task/Subleq/8086-Assembly/subleq.8086,167
rosetta:4537a0c816c3,gold,.8th,025990c31da69b4aba3274cd57c1de83d9367030,99-bottles-of-beer-2.8th,swh:1:cnt:025990c31da69b4aba3274cd57c1de83d9367030;origin=https://github.com/acmeism/RosettaCodeData;path=/Task/99-bottles-of-beer/8th/99-bottles-of-beer-2.8th,8th,8th,8th,the contributor (the language heading the solution is filed under on rosettacode.org),RosettaCodeData@1d47586,,,,not-in-linguist;invented-ext,Task/99-bottles-of-beer/8th/99-bottles-of-beer-2.8th,96
rosetta:b7ca69ef864d,gold,.8th,307bdecfc5bc41a7fdcb8711291e7b004f06e9f1,letter-frequency.8th,swh:1:cnt:307bdecfc5bc41a7fdcb8711291e7b004f06e9f1;origin=https://github.com/acmeism/RosettaCodeData;path=/Task/Letter-frequency/8th/letter-frequency.8th,8th,8th,8th,the contributor (the language heading the solution is filed under on rosettacode.org),RosettaCodeData@1d47586,,,,not-in-linguist;invented-ext,Task/Letter-frequency/8th/letter-frequency.8th,96
rosetta:710802ba15d4,gold,.aarch64,23be5430d9781f814a080bf6db41c1be07d48756,anti-primes.aarch64,swh:1:cnt:23be5430d9781f814a080bf6db41c1be07d48756;origin=https://github.com/acmeism/RosettaCodeData;path=/Task/Anti-primes/AArch64-Assembly/anti-primes.aarch64,AArch64 Assembly,AArch64 Assembly,AArch64 Assembly,the contributor (the language heading the solution is filed under on rosettacode.org),RosettaCodeData@1d47586,,,,not-in-linguist;invented-ext,Task/Anti-primes/AArch64-Assembly/anti-primes.aarch64,257
rosetta:032d59103676,gold,.aarch64,dee7b225ba65a43118479f56dced9ccec7e1fbdb,arrays.aarch64,swh:1:cnt:dee7b225ba65a43118479f56dced9ccec7e1fbdb;origin=https://github.com/acmeism/RosettaCodeData;path=/Task/Arrays/AArch64-Assembly/arrays.aarch64,AArch64 Assembly,AArch64 Assembly,AArch64 Assembly,the contributor (the language heading the solution is filed under on rosettacode.org),RosettaCodeData@1d47586,,,,not-in-linguist;invented-ext,Task/Arrays/AArch64-Assembly/arrays.aarch64,257
rosetta:66eb7f951e98,gold,.abap,198add39377f1651e19cad17c70b8b6e6c4b194e,accumulator-factory-1.abap,swh:1:cnt:198add39377f1651e19cad17c70b8b6e6c4b194e;origin=https://github.com/acmeism/RosettaCodeData;path=/Task/Accumulator-factory/ABAP/accumulator-factory-1.abap,ABAP,ABAP,ABAP,the contributor (the language heading the solution is filed under on rosettacode.org),RosettaCodeData@1d47586,,,,in-linguist,Task/Accumulator-factory/ABAP/accumulator-factory-1.abap,85
rosetta:0d92f5893ca7,gold,.abap,064827bfa2cc7718d2f3b0bb012c2278efdb8f67,luhn-test-of-credit-card-numbers.abap,swh:1:cnt:064827bfa2cc7718d2f3b0bb012c2278efdb8f67;origin=https://github.com/acmeism/RosettaCodeData;path=/Task/Luhn-test-of-credit-card-numbers/ABAP/luhn-test-of-credit-card-numbers.abap,ABAP,ABAP,ABAP,the contributor (the language heading the solution is filed under on rosettacode.org),RosettaCodeData@1d47586,,,,in-linguist,Task/Luhn-test-of-credit-card-numbers/ABAP/luhn-test-of-credit-card-numbers.abap,85
rosetta:ce8f829ce21a,gold,.abc,72dd29d4b40e450c8fa252c413bea0bac29153b9,casting-out-nines.abc,swh:1:cnt:72dd29d4b40e450c8fa252c413bea0bac29153b9;origin=https://github.com/acmeism/RosettaCodeData;path=/Task/Casting-out-nines/ABC/casting-out-nines.abc,ABC,ABC,ABC,the contributor (the language heading the solution is filed under on rosettacode.org),RosettaCodeData@1d47586,,,,not-in-linguist;invented-ext,Task/Casting-out-nines/ABC/casting-out-nines.abc,57
rosetta:efeccb4887b9,gold,.abc,ab005bff35b52a359da290cef2032666f60a608b,minimum-multiple-of-m-where-digital-sum-equals-m.abc,swh:1:cnt:ab005bff35b52a359da290cef2032666f60a608b;origin=https://github.com/acmeism/RosettaCodeData;path=/Task/Minimum-multiple-of-m-where-digital-sum-equals-m/ABC/minimum-multiple-of-m-where-digital-sum-equals-m.abc,ABC,ABC,ABC,the contributor (the language heading the solution is filed under on rosettacode.org),RosettaCodeData@1d47586,,,,not-in-linguist;invented-ext,Task/Minimum-multiple-of-m-where-digital-sum-equals-m/ABC/minimum-multiple-of-m-where-digital-sum-equals-m.abc,57
rosetta:3a019ca19a74,gold,.acl2,2d36c3fb9abf43fc6ef0e60bfad6f397217bc6d6,enumerations.acl2,swh:1:cnt:2d36c3fb9abf43fc6ef0e60bfad6f397217bc6d6;origin=https://github.com/acmeism/RosettaCodeData;path=/Task/Enumerations/ACL2/enumerations.acl2,ACL2,ACL2,ACL2,the contributor (the language heading the solution is filed under on rosettacode.org),RosettaCodeData@1d47586,,,,not-in-linguist;invented-ext,Task/Enumerations/ACL2/enumerations.acl2,95
rosetta:27f1e845bb2b,gold,.acl2,bca88dcf63144193295c06d539e0c187d642907c,tokenize-a-string.acl2,swh:1:cnt:bca88dcf63144193295c06d539e0c187d642907c;origin=https://github.com/acmeism/RosettaCodeData;path=/Task/Tokenize-a-string/ACL2/tokenize-a-string.acl2,ACL2,ACL2,ACL2,the contributor (the language heading the solution is filed under on rosettacode.org),RosettaCodeData@1d47586,,,,not-in-linguist;invented-ext,Task/Tokenize-a-string/ACL2/tokenize-a-string.acl2,95
rosetta:4cdb389f9ded,gold,.lisp,cf3944b2297d63b40fd705a4b314724ffba8d4f7,closures-value-capture-2.lisp,swh:1:cnt:cf3944b2297d63b40fd705a4b314724ffba8d4f7;origin=https://github.com/acmeism/RosettaCodeData;path=/Task/Closures-Value-capture/Acornsoft-Lisp/closures-value-capture-2.lisp,Acornsoft Lisp,Acornsoft Lisp,Acornsoft Lisp,the contributor (the language heading the solution is filed under on rosettacode.org),RosettaCodeData@1d47586,,,,not-in-linguist;misleading-ext;ambiguous-ext;tiny,Task/Closures-Value-capture/Acornsoft-Lisp/closures-value-capture-2.lisp,21
rosetta:9280ce58c6c1,gold,.lisp,8a4bc795d9699b2ae26c217340dd8261ab93a745,comma-quibbling.lisp,swh:1:cnt:8a4bc795d9699b2ae26c217340dd8261ab93a745;origin=https://github.com/acmeism/RosettaCodeData;path=/Task/Comma-quibbling/Acornsoft-Lisp/comma-quibbling.lisp,Acornsoft Lisp,Acornsoft Lisp,Acornsoft Lisp,the contributor (the language heading the solution is filed under on rosettacode.org),RosettaCodeData@1d47586,,,,not-in-linguist;misleading-ext;ambiguous-ext,Task/Comma-quibbling/Acornsoft-Lisp/comma-quibbling.lisp,21
rosetta:eb36352abbbe,gold,.action,3feb6a9e72de51dc5d41f9460de38bb83a10f835,ekg-sequence-convergence.action,swh:1:cnt:3feb6a9e72de51dc5d41f9460de38bb83a10f835;origin=https://github.com/acmeism/RosettaCodeData;path=/Task/EKG-sequence-convergence/Action-/ekg-sequence-convergence.action,Action!,Action!,Action!,the contributor (the language heading the solution is filed under on rosettacode.org),RosettaCodeData@1d47586,,,,not-in-linguist;misleading-ext,Task/EKG-sequence-convergence/Action-/ekg-sequence-convergence.action,544
rosetta:b553b383cbca,gold,.action,544236baed4758537549c9ff654ca4eae2d24095,queue-usage.action,swh:1:cnt:544236baed4758537549c9ff654ca4eae2d24095;origin=https://github.com/acmeism/RosettaCodeData;path=/Task/Queue-Usage/Action-/queue-usage.action,Action!,Action!,Action!,the contributor (the language heading the solution is filed under on rosettacode.org),RosettaCodeData@1d47586,,,,not-in-linguist;misleading-ext,Task/Queue-Usage/Action-/queue-usage.action,544
rosetta:c0eba620c7cb,gold,.as,2fd01350d6244cac10446cc953860c9bd742a753,averages-pythagorean-means.as,swh:1:cnt:2fd01350d6244cac10446cc953860c9bd742a753;origin=https://github.com/acmeism/RosettaCodeData;path=/Task/Averages-Pythagorean-means/ActionScript/averages-pythagorean-means.as,ActionScript,ActionScript,ActionScript;actionscript 3;actionscript3;as3,the contributor (the language heading the solution is filed under on rosettacode.org),RosettaCodeData@1d47586,,,,in-linguist;ambiguous-ext,Task/Averages-Pythagorean-means/ActionScript/averages-pythagorean-means.as,134
rosetta:b234900da747,gold,.as,0fc8a03e2b867f37d5b0e9146c12dce032d25318,zig-zag-matrix.as,swh:1:cnt:0fc8a03e2b867f37d5b0e9146c12dce032d25318;origin=https://github.com/acmeism/RosettaCodeData;path=/Task/Zig-zag-matrix/ActionScript/zig-zag-matrix.as,ActionScript,ActionScript,ActionScript;actionscript 3;actionscript3;as3,the contributor (the language heading the solution is filed under on rosettacode.org),RosettaCodeData@1d47586,,,,in-linguist;ambiguous-ext,Task/Zig-zag-matrix/ActionScript/zig-zag-matrix.as,134
rosetta:3c9b89bd07bd,gold,.acurity,3297d4186d19f8b52495169d48cb23b4713e9b81,abc-problem.acurity,swh:1:cnt:3297d4186d19f8b52495169d48cb23b4713e9b81;origin=https://github.com/acmeism/RosettaCodeData;path=/Task/ABC-problem/Acurity-Architect/abc-problem.acurity,Acurity Architect,Acurity Architect,Acurity Architect,the contributor (the language heading the solution is filed under on rosettacode.org),RosettaCodeData@1d47586,,,,not-in-linguist;invented-ext,Task/ABC-problem/Acurity-Architect/abc-problem.acurity,3
rosetta:568fda620903,gold,.acurity,ced654a6e3e8c7157e1216e35759f655a9b8140f,balanced-brackets.acurity,swh:1:cnt:ced654a6e3e8c7157e1216e35759f655a9b8140f;origin=https://github.com/acmeism/RosettaCodeData;path=/Task/Balanced-brackets/Acurity-Architect/balanced-brackets.acurity,Acurity Architect,Acurity Architect,Acurity Architect,the contributor (the language heading the solution is filed under on rosettacode.org),RosettaCodeData@1d47586,,,,not-in-linguist;invented-ext,Task/Balanced-brackets/Acurity-Architect/balanced-brackets.acurity,3
rosetta:d1b7e81f4ae9,gold,.adb,beccb6b6693549239e992177b309ce2687b22eeb,combinations-1.adb,swh:1:cnt:beccb6b6693549239e992177b309ce2687b22eeb;origin=https://github.com/acmeism/RosettaCodeData;path=/Task/Combinations/Ada/combinations-1.adb,Ada,Ada,Ada;ada95;ada2005,the contributor (the language heading the solution is filed under on rosettacode.org),RosettaCodeData@1d47586,,,,in-linguist,Task/Combinations/Ada/combinations-1.adb,1631
rosetta:827c19e0d80e,gold,.adb,6a8c9fc4badf5ffbf5987f1842c6ba24e79e464e,hello-world-line-printer.adb,swh:1:cnt:6a8c9fc4badf5ffbf5987f1842c6ba24e79e464e;origin=https://github.com/acmeism/RosettaCodeData;path=/Task/Hello-world-Line-printer/Ada/hello-world-line-printer.adb,Ada,Ada,Ada;ada95;ada2005,the contributor (the language heading the solution is filed under on rosettacode.org),RosettaCodeData@1d47586,,,,in-linguist,Task/Hello-world-Line-printer/Ada/hello-world-line-printer.adb,1631
rosetta:a84bfa8716f1,gold,.adina,0e7190c89ed39f9a922933dd8c1dec5e4e31ac57,100-doors-1.adina,swh:1:cnt:0e7190c89ed39f9a922933dd8c1dec5e4e31ac57;origin=https://github.com/acmeism/RosettaCodeData;path=/Task/100-doors/Adina/100-doors-1.adina,Adina,Adina,Adina,the contributor (the language heading the solution is filed under on rosettacode.org),RosettaCodeData@1d47586,,,,not-in-linguist;invented-ext,Task/100-doors/Adina/100-doors-1.adina,10
rosetta:a5efab3cd393,gold,.adina,dbbbfaca2794dea537e570075b60bfc7d7f7e66a,loops-for-1.adina,swh:1:cnt:dbbbfaca2794dea537e570075b60bfc7d7f7e66a;origin=https://github.com/acmeism/RosettaCodeData;path=/Task/Loops-For/Adina/loops-for-1.adina,Adina,Adina,Adina,the contributor (the language heading the solution is filed under on rosettacode.org),RosettaCodeData@1d47586,,,,not-in-linguist;invented-ext,Task/Loops-For/Adina/loops-for-1.adina,10
rosetta:2bad78e6c33a,gold,.agda,0d86e59df63200ebaa6b07ee0cd76954933601b9,matrix-transposition-1.agda,swh:1:cnt:0d86e59df63200ebaa6b07ee0cd76954933601b9;origin=https://github.com/acmeism/RosettaCodeData;path=/Task/Matrix-transposition/Agda/matrix-transposition-1.agda,Agda,Agda,Agda,the contributor (the language heading the solution is filed under on rosettacode.org),RosettaCodeData@1d47586,,,,in-linguist,Task/Matrix-transposition/Agda/matrix-transposition-1.agda,28
rosetta:a91a0c5789a7,gold,.agda,aa17f521e88209f8484cf153212f8f1c7e1d13bb,sieve-of-eratosthenes.agda,swh:1:cnt:aa17f521e88209f8484cf153212f8f1c7e1d13bb;origin=https://github.com/acmeism/RosettaCodeData;path=/Task/Sieve-of-Eratosthenes/Agda/sieve-of-eratosthenes.agda,Agda,Agda,Agda,the contributor (the language heading the solution is filed under on rosettacode.org),RosettaCodeData@1d47586,,,,in-linguist,Task/Sieve-of-Eratosthenes/Agda/sieve-of-eratosthenes.agda,28
rosetta:e68b508a2f28,gold,.agena,c046ba9494f40f20aef6991ef5ab5cf9bc5d07b3,damm-algorithm.agena,swh:1:cnt:c046ba9494f40f20aef6991ef5ab5cf9bc5d07b3;origin=https://github.com/acmeism/RosettaCodeData;path=/Task/Damm-algorithm/Agena/damm-algorithm.agena,Agena,Agena,Agena,the contributor (the language heading the solution is filed under on rosettacode.org),RosettaCodeData@1d47586,,,,not-in-linguist;invented-ext,Task/Damm-algorithm/Agena/damm-algorithm.agena,149
rosetta:8a89954dac3d,gold,.agena,70de20ecc0ec00eee273d0c1d026287fe7ce557d,mcnuggets-problem.agena,swh:1:cnt:70de20ecc0ec00eee273d0c1d026287fe7ce557d;origin=https://github.com/acmeism/RosettaCodeData;path=/Task/McNuggets-problem/Agena/mcnuggets-problem.agena,Agena,Agena,Agena,the contributor (the language heading the solution is filed under on rosettacode.org),RosettaCodeData@1d47586,,,,not-in-linguist;invented-ext,Task/McNuggets-problem/Agena/mcnuggets-problem.agena,149
rosetta:55a46651728a,gold,.aikido,d1469e894af63a83642c1621fc9ee171aa00f8fb,bitwise-operations.aikido,swh:1:cnt:d1469e894af63a83642c1621fc9ee171aa00f8fb;origin=https://github.com/acmeism/RosettaCodeData;path=/Task/Bitwise-operations/Aikido/bitwise-operations.aikido,Aikido,Aikido,Aikido,the contributor (the language heading the solution is filed under on rosettacode.org),RosettaCodeData@1d47586,,,,not-in-linguist;invented-ext,Task/Bitwise-operations/Aikido/bitwise-operations.aikido,53
rosetta:a99cf8c80d86,gold,.aikido,c2e58949dbc9237e23213b01602c6ba5c84a0f64,inheritance-multiple.aikido,swh:1:cnt:c2e58949dbc9237e23213b01602c6ba5c84a0f64;origin=https://github.com/acmeism/RosettaCodeData;path=/Task/Inheritance-Multiple/Aikido/inheritance-multiple.aikido,Aikido,Aikido,Aikido,the contributor (the language heading the solution is filed under on rosettacode.org),RosettaCodeData@1d47586,,,,not-in-linguist;invented-ext,Task/Inheritance-Multiple/Aikido/inheritance-multiple.aikido,53
rosetta:5cca69a4bcd1,gold,.aime,8f9650253560579b412bfcb1cefbed1819eebee8,letter-frequency-1.aime,swh:1:cnt:8f9650253560579b412bfcb1cefbed1819eebee8;origin=https://github.com/acmeism/RosettaCodeData;path=/Task/Letter-frequency/Aime/letter-frequency-1.aime,Aime,Aime,Aime,the contributor (the language heading the solution is filed under on rosettacode.org),RosettaCodeData@1d47586,,,,not-in-linguist;invented-ext,Task/Letter-frequency/Aime/letter-frequency-1.aime,190
rosetta:23d4f6a04aed,gold,.aime,142392b82a46c3f3150498d9d2846a841008789e,sum-and-product-of-an-array.aime,swh:1:cnt:142392b82a46c3f3150498d9d2846a841008789e;origin=https://github.com/acmeism/RosettaCodeData;path=/Task/Sum-and-product-of-an-array/Aime/sum-and-product-of-an-array.aime,Aime,Aime,Aime,the contributor (the language heading the solution is filed under on rosettacode.org),RosettaCodeData@1d47586,,,,not-in-linguist;invented-ext,Task/Sum-and-product-of-an-array/Aime/sum-and-product-of-an-array.aime,190
rosetta:ad1c1cf76994,gold,.algae,359d33fcf35706663a0d96bc6e70c5d44ec3cdb4,99-bottles-of-beer.algae,swh:1:cnt:359d33fcf35706663a0d96bc6e70c5d44ec3cdb4;origin=https://github.com/acmeism/RosettaCodeData;path=/Task/99-bottles-of-beer/Algae/99-bottles-of-beer.algae,Algae,Algae,Algae,the contributor (the language heading the solution is filed under on rosettacode.org),RosettaCodeData@1d47586,,,,not-in-linguist;invented-ext,Task/99-bottles-of-beer/Algae/99-bottles-of-beer.algae,2
rosetta:8bea218cffe9,gold,.alg,450e1117db1cec0e011d9eab9443a552fd7308a7,loops-n-plus-one-half.alg,swh:1:cnt:450e1117db1cec0e011d9eab9443a552fd7308a7;origin=https://github.com/acmeism/RosettaCodeData;path=/Task/Loops-N-plus-one-half/ALGOL-60/loops-n-plus-one-half.alg,ALGOL 60,ALGOL 60,ALGOL 60,the contributor (the language heading the solution is filed under on rosettacode.org),RosettaCodeData@1d47586,,,,not-in-linguist;misleading-ext,Task/Loops-N-plus-one-half/ALGOL-60/loops-n-plus-one-half.alg,74
rosetta:92351ef09212,gold,.alg,8dae876d4f2004e756ad9f11081bfd7863dd0de3,steady-squares.alg,swh:1:cnt:8dae876d4f2004e756ad9f11081bfd7863dd0de3;origin=https://github.com/acmeism/RosettaCodeData;path=/Task/Steady-squares/ALGOL-60/steady-squares.alg,ALGOL 60,ALGOL 60,ALGOL 60,the contributor (the language heading the solution is filed under on rosettacode.org),RosettaCodeData@1d47586,,,,not-in-linguist;misleading-ext,Task/Steady-squares/ALGOL-60/steady-squares.alg,74
rosetta:a188d078bdcb,gold,.alg,134ae5080feb967fd737f2adb640214167ec32e2,additive-primes.alg,swh:1:cnt:134ae5080feb967fd737f2adb640214167ec32e2;origin=https://github.com/acmeism/RosettaCodeData;path=/Task/Additive-primes/ALGOL-68/additive-primes.alg,ALGOL 68,ALGOL 68,ALGOL 68,the contributor (the language heading the solution is filed under on rosettacode.org),RosettaCodeData@1d47586,,,,not-in-linguist;misleading-ext,Task/Additive-primes/ALGOL-68/additive-primes.alg,1328
rosetta:b328094e266b,gold,.alg,c73c5ecd329e24601b3f54757acc0c6c7e5f9154,run-length-encoding.alg,swh:1:cnt:c73c5ecd329e24601b3f54757acc0c6c7e5f9154;origin=https://github.com/acmeism/RosettaCodeData;path=/Task/Run-length-encoding/ALGOL-68/run-length-encoding.alg,ALGOL 68,ALGOL 68,ALGOL 68,the contributor (the language heading the solution is filed under on rosettacode.org),RosettaCodeData@1d47586,,,,not-in-linguist;misleading-ext,Task/Run-length-encoding/ALGOL-68/run-length-encoding.alg,1328
rosetta:90943d2597b5,gold,.alg,5f68421efbea6553f2c89aa15b1b42e684d00559,multi-dimensional-array-5.alg,swh:1:cnt:5f68421efbea6553f2c89aa15b1b42e684d00559;origin=https://github.com/acmeism/RosettaCodeData;path=/Task/Multi-dimensional-array/ALGOL-W/multi-dimensional-array-5.alg,ALGOL W,ALGOL W,ALGOL W,the contributor (the language heading the solution is filed under on rosettacode.org),RosettaCodeData@1d47586,,,,not-in-linguist;misleading-ext;tiny,Task/Multi-dimensional-array/ALGOL-W/multi-dimensional-array-5.alg,358
rosetta:84284ac96584,gold,.alg,0e2c977c1e2e7802e4469cace2c3b5bce97899ab,multifactorial.alg,swh:1:cnt:0e2c977c1e2e7802e4469cace2c3b5bce97899ab;origin=https://github.com/acmeism/RosettaCodeData;path=/Task/Multifactorial/ALGOL-W/multifactorial.alg,ALGOL W,ALGOL W,ALGOL W,the contributor (the language heading the solution is filed under on rosettacode.org),RosettaCodeData@1d47586,,,,not-in-linguist;misleading-ext,Task/Multifactorial/ALGOL-W/multifactorial.alg,358
rosetta:6484d5618527,gold,.alg,6c2b2f1019926d30c34b05fe8e1c90a00e6a5a64,even-or-odd-2.alg,swh:1:cnt:6c2b2f1019926d30c34b05fe8e1c90a00e6a5a64;origin=https://github.com/acmeism/RosettaCodeData;path=/Task/Even-or-odd/ALGOL-M/even-or-odd-2.alg,ALGOL-M,ALGOL-M,ALGOL-M,the contributor (the language heading the solution is filed under on rosettacode.org),RosettaCodeData@1d47586,,,,not-in-linguist;misleading-ext,Task/Even-or-odd/ALGOL-M/even-or-odd-2.alg,64
rosetta:2b9342a6824e,gold,.alg,c7317d99031054fbc26b007d3df9d5c8bf4d172d,square-but-not-cube.alg,swh:1:cnt:c7317d99031054fbc26b007d3df9d5c8bf4d172d;origin=https://github.com/acmeism/RosettaCodeData;path=/Task/Square-but-not-cube/ALGOL-M/square-but-not-cube.alg,ALGOL-M,ALGOL-M,ALGOL-M,the contributor (the language heading the solution is filed under on rosettacode.org),RosettaCodeData@1d47586,,,,not-in-linguist;misleading-ext,Task/Square-but-not-cube/ALGOL-M/square-but-not-cube.alg,64
rosetta:c28b72092fad,gold,.alore,1a6e5099682995ec90a223e77e3fb594eb17820e,fibonacci-sequence.alore,swh:1:cnt:1a6e5099682995ec90a223e77e3fb594eb17820e;origin=https://github.com/acmeism/RosettaCodeData;path=/Task/Fibonacci-sequence/Alore/fibonacci-sequence.alore,Alore,Alore,Alore,the contributor (the language heading the solution is filed under on rosettacode.org),RosettaCodeData@1d47586,,,,not-in-linguist;invented-ext,Task/Fibonacci-sequence/Alore/fibonacci-sequence.alore,6
rosetta:216df3d2b2c8,gold,.alore,4d1ae8100d4822afa19aae0b2e57aaf88c2a1cbb,greatest-common-divisor.alore,swh:1:cnt:4d1ae8100d4822afa19aae0b2e57aaf88c2a1cbb;origin=https://github.com/acmeism/RosettaCodeData;path=/Task/Greatest-common-divisor/Alore/greatest-common-divisor.alore,Alore,Alore,Alore,the contributor (the language heading the solution is filed under on rosettacode.org),RosettaCodeData@1d47586,,,,not-in-linguist;invented-ext,Task/Greatest-common-divisor/Alore/greatest-common-divisor.alore,6
rosetta:724544fa9f95,gold,.hopper,2c417ed5cbc4c013081770d9b5b04c8f53ed954c,15-puzzle-game.hopper,swh:1:cnt:2c417ed5cbc4c013081770d9b5b04c8f53ed954c;origin=https://github.com/acmeism/RosettaCodeData;path=/Task/15-puzzle-game/Amazing-Hopper/15-puzzle-game.hopper,Amazing Hopper,Amazing Hopper,Amazing Hopper,the contributor (the language heading the solution is filed under on rosettacode.org),RosettaCodeData@1d47586,,,,not-in-linguist;invented-ext,Task/15-puzzle-game/Amazing-Hopper/15-puzzle-game.hopper,176
rosetta:6af405ae2750,gold,.hopper,d8a0e6dfcdda6d52e5c7885355e9efc0c2096bc5,function-composition-2.hopper,swh:1:cnt:d8a0e6dfcdda6d52e5c7885355e9efc0c2096bc5;origin=https://github.com/acmeism/RosettaCodeData;path=/Task/Function-composition/Amazing-Hopper/function-composition-2.hopper,Amazing Hopper,Amazing Hopper,Amazing Hopper,the contributor (the language heading the solution is filed under on rosettacode.org),RosettaCodeData@1d47586,,,,not-in-linguist;invented-ext,Task/Function-composition/Amazing-Hopper/function-composition-2.hopper,176
rosetta:c9d87b6d17be,gold,.ambient,3366874101199b8087c2d10aa389c65079186cab,conditional-structures-1.ambient,swh:1:cnt:3366874101199b8087c2d10aa389c65079186cab;origin=https://github.com/acmeism/RosettaCodeData;path=/Task/Conditional-structures/AmbientTalk/conditional-structures-1.ambient,AmbientTalk,AmbientTalk,AmbientTalk,the contributor (the language heading the solution is filed under on rosettacode.org),RosettaCodeData@1d47586,,,,not-in-linguist;invented-ext,Task/Conditional-structures/AmbientTalk/conditional-structures-1.ambient,4
rosetta:7275ee4da9a9,gold,.ambient,e26087e6aaae2c3bd9c881cd628f062c5db1b4a1,loops-while.ambient,swh:1:cnt:e26087e6aaae2c3bd9c881cd628f062c5db1b4a1;origin=https://github.com/acmeism/RosettaCodeData;path=/Task/Loops-While/AmbientTalk/loops-while.ambient,AmbientTalk,AmbientTalk,AmbientTalk,the contributor (the language heading the solution is filed under on rosettacode.org),RosettaCodeData@1d47586,,,,not-in-linguist;invented-ext,Task/Loops-While/AmbientTalk/loops-while.ambient,4
rosetta:d8633a0cfd07,gold,.basic,42dcfe0c3687120d2e97aea8d011987cdb56f3f5,archimedean-spiral.basic,swh:1:cnt:42dcfe0c3687120d2e97aea8d011987cdb56f3f5;origin=https://github.com/acmeism/RosettaCodeData;path=/Task/Archimedean-spiral/AmigaBASIC/archimedean-spiral.basic,AmigaBASIC,AmigaBASIC,AmigaBASIC,the contributor (the language heading the solution is filed under on rosettacode.org),RosettaCodeData@1d47586,,,,not-in-linguist;invented-ext,Task/Archimedean-spiral/AmigaBASIC/archimedean-spiral.basic,19
rosetta:dbf24744bced,gold,.basic,d6a1a090d912e18e3bfe7f9792111d9d710304fe,mandelbrot-set.basic,swh:1:cnt:d6a1a090d912e18e3bfe7f9792111d9d710304fe;origin=https://github.com/acmeism/RosettaCodeData;path=/Task/Mandelbrot-set/AmigaBASIC/mandelbrot-set.basic,AmigaBASIC,AmigaBASIC,AmigaBASIC,the contributor (the language heading the solution is filed under on rosettacode.org),RosettaCodeData@1d47586,,,,not-in-linguist;invented-ext,Task/Mandelbrot-set/AmigaBASIC/mandelbrot-set.basic,19
rosetta:9861c6d7c662,gold,.amiga,4ab1237376ebe7ad9d3232342718d248a7f50666,conditional-structures-5.amiga,swh:1:cnt:4ab1237376ebe7ad9d3232342718d248a7f50666;origin=https://github.com/acmeism/RosettaCodeData;path=/Task/Conditional-structures/AmigaE/conditional-structures-5.amiga,AmigaE,AmigaE,AmigaE,the contributor (the language heading the solution is filed under on rosettacode.org),RosettaCodeData@1d47586,,,,not-in-linguist;invented-ext,Task/Conditional-structures/AmigaE/conditional-structures-5.amiga,36
rosetta:caee792719cd,gold,.amiga,9987e9db4cd20da09eadaf36b89e8eda58c459b6,loops-foreach.amiga,swh:1:cnt:9987e9db4cd20da09eadaf36b89e8eda58c459b6;origin=https://github.com/acmeism/RosettaCodeData;path=/Task/Loops-Foreach/AmigaE/loops-foreach.amiga,AmigaE,AmigaE,AmigaE,the contributor (the language heading the solution is filed under on rosettacode.org),RosettaCodeData@1d47586,,,,not-in-linguist;invented-ext,Task/Loops-Foreach/AmigaE/loops-foreach.amiga,36
rosetta:dce8076c08e6,gold,.ampl,ae926adc63152ff93d118a23efdc0d198ac973cd,haversine-formula.ampl,swh:1:cnt:ae926adc63152ff93d118a23efdc0d198ac973cd;origin=https://github.com/acmeism/RosettaCodeData;path=/Task/Haversine-formula/AMPL/haversine-formula.ampl,AMPL,AMPL,AMPL,the contributor (the language heading the solution is filed under on rosettacode.org),RosettaCodeData@1d47586,,,,in-linguist,Task/Haversine-formula/AMPL/haversine-formula.ampl,1
rosetta:9f039144bf4d,gold,.basic,9359f72cf1e8a8adb85901222bb44a96a4914f69,cumulative-standard-deviation.basic,swh:1:cnt:9359f72cf1e8a8adb85901222bb44a96a4914f69;origin=https://github.com/acmeism/RosettaCodeData;path=/Task/Cumulative-standard-deviation/ANSI-BASIC/cumulative-standard-deviation.basic,ANSI BASIC,ANSI BASIC,ANSI BASIC,the contributor (the language heading the solution is filed under on rosettacode.org),RosettaCodeData@1d47586,,,,not-in-linguist;invented-ext,Task/Cumulative-standard-deviation/ANSI-BASIC/cumulative-standard-deviation.basic,91
rosetta:a81e9868e43a,gold,.basic,aceff2c5eb9bdebd7ad34d6ceb2b58721228a291,de-polignac-numbers.basic,swh:1:cnt:aceff2c5eb9bdebd7ad34d6ceb2b58721228a291;origin=https://github.com/acmeism/RosettaCodeData;path=/Task/De-Polignac-numbers/ANSI-BASIC/de-polignac-numbers.basic,ANSI BASIC,ANSI BASIC,ANSI BASIC,the contributor (the language heading the solution is filed under on rosettacode.org),RosettaCodeData@1d47586,,,,not-in-linguist;invented-ext,Task/De-Polignac-numbers/ANSI-BASIC/de-polignac-numbers.basic,91
rosetta:d871a6803601,gold,.ant,64d32e6139c2a918cc234514db98cb8b8e2532c6,array-concatenation.ant,swh:1:cnt:64d32e6139c2a918cc234514db98cb8b8e2532c6;origin=https://github.com/acmeism/RosettaCodeData;path=/Task/Array-concatenation/ANT/array-concatenation.ant,ANT,ANT,ANT,the contributor (the language heading the solution is filed under on rosettacode.org),RosettaCodeData@1d47586,,,,not-in-linguist;misleading-ext;tiny,Task/Array-concatenation/ANT/array-concatenation.ant,29
rosetta:872e1c3c85f0,gold,.ant,f8dda813f94a6788a7a5ba29dc85b1e2b541c889,arrays.ant,swh:1:cnt:f8dda813f94a6788a7a5ba29dc85b1e2b541c889;origin=https://github.com/acmeism/RosettaCodeData;path=/Task/Arrays/ANT/arrays.ant,ANT,ANT,ANT,the contributor (the language heading the solution is filed under on rosettacode.org),RosettaCodeData@1d47586,,,,not-in-linguist;misleading-ext,Task/Arrays/ANT/arrays.ant,29
rosetta:68f625dc344d,gold,.antlr,3a9a15e10e76b414a2afe12162012d3f3b45ebf5,csv-to-html-translation.antlr,swh:1:cnt:3a9a15e10e76b414a2afe12162012d3f3b45ebf5;origin=https://github.com/acmeism/RosettaCodeData;path=/Task/CSV-to-HTML-translation/ANTLR/csv-to-html-translation.antlr,ANTLR,ANTLR,ANTLR,the contributor (the language heading the solution is filed under on rosettacode.org),RosettaCodeData@1d47586,,,,in-linguist;invented-ext,Task/CSV-to-HTML-translation/ANTLR/csv-to-html-translation.antlr,4
rosetta:df778527f1cf,gold,.antlr,ce6625cb6954a26dc58b96514404fb809fdabc06,roman-numerals-decode.antlr,swh:1:cnt:ce6625cb6954a26dc58b96514404fb809fdabc06;origin=https://github.com/acmeism/RosettaCodeData;path=/Task/Roman-numerals-Decode/ANTLR/roman-numerals-decode.antlr,ANTLR,ANTLR,ANTLR,the contributor (the language heading the solution is filed under on rosettacode.org),RosettaCodeData@1d47586,,,,in-linguist;invented-ext,Task/Roman-numerals-Decode/ANTLR/roman-numerals-decode.antlr,4
rosetta:84bb1997bf65,gold,.anyways,687a24cdfb8ed39fa4cf7602e434b7a7d6f56134,hello-world-text.anyways,swh:1:cnt:687a24cdfb8ed39fa4cf7602e434b7a7d6f56134;origin=https://github.com/acmeism/RosettaCodeData;path=/Task/Hello-world-Text/Anyways/hello-world-text.anyways,Anyways,Anyways,Anyways,the contributor (the language heading the solution is filed under on rosettacode.org),RosettaCodeData@1d47586,,,,not-in-linguist;invented-ext;tiny,Task/Hello-world-Text/Anyways/hello-world-text.anyways,1
rosetta:b72828b03d3f,gold,.ant,d0684bc0e013cc6eb4b0c70f979c033b4a1eb467,99-bottles-of-beer.ant,swh:1:cnt:d0684bc0e013cc6eb4b0c70f979c033b4a1eb467;origin=https://github.com/acmeism/RosettaCodeData;path=/Task/99-bottles-of-beer/Apache-Ant/99-bottles-of-beer.ant,Ant Build System,Apache Ant,Ant Build System;Apache Ant,the contributor (the language heading the solution is filed under on rosettacode.org),RosettaCodeData@1d47586,,,,in-linguist;misleading-ext,Task/99-bottles-of-beer/Apache-Ant/99-bottles-of-beer.ant,1
rosetta:8a1de2376645,gold,.apex,616e0c5254584944e3d4c1748d20a98602d5050b,count-occurrences-of-a-substring.apex,swh:1:cnt:616e0c5254584944e3d4c1748d20a98602d5050b;origin=https://github.com/acmeism/RosettaCodeData;path=/Task/Count-occurrences-of-a-substring/Apex/count-occurrences-of-a-substring.apex,Apex,Apex,Apex,the contributor (the language heading the solution is filed under on rosettacode.org),RosettaCodeData@1d47586,,,,in-linguist,Task/Count-occurrences-of-a-substring/Apex/count-occurrences-of-a-substring.apex,52
rosetta:18e8919d4f43,gold,.apex,05a0b8b9cb7836a5cad28ba18c0ea4eebc546c2e,string-concatenation.apex,swh:1:cnt:05a0b8b9cb7836a5cad28ba18c0ea4eebc546c2e;origin=https://github.com/acmeism/RosettaCodeData;path=/Task/String-concatenation/Apex/string-concatenation.apex,Apex,Apex,Apex,the contributor (the language heading the solution is filed under on rosettacode.org),RosettaCodeData@1d47586,,,,in-linguist,Task/String-concatenation/Apex/string-concatenation.apex,52
rosetta:405f34fe700b,gold,.apl,cfb79d35146a35b65d43470c4bf922d32f1c82be,longest-common-prefix-2.apl,swh:1:cnt:cfb79d35146a35b65d43470c4bf922d32f1c82be;origin=https://github.com/acmeism/RosettaCodeData;path=/Task/Longest-common-prefix/APL/longest-common-prefix-2.apl,APL,APL,APL,the contributor (the language heading the solution is filed under on rosettacode.org),RosettaCodeData@1d47586,,,,in-linguist,Task/Longest-common-prefix/APL/longest-common-prefix-2.apl,455
rosetta:f627147a3a81,gold,.apl,09061dbca5a986152967024f97b2bd9d26ac2ef1,pascal-matrix-generation.apl,swh:1:cnt:09061dbca5a986152967024f97b2bd9d26ac2ef1;origin=https://github.com/acmeism/RosettaCodeData;path=/Task/Pascal-matrix-generation/APL/pascal-matrix-generation.apl,APL,APL,APL,the contributor (the language heading the solution is filed under on rosettacode.org),RosettaCodeData@1d47586,,,,in-linguist;tiny,Task/Pascal-matrix-generation/APL/pascal-matrix-generation.apl,455
rosetta:14cd63cb708b,gold,.app,2f66bdb3d3b6cf97280e03288f1314e1cbafb0a1,web-scraping.app,swh:1:cnt:2f66bdb3d3b6cf97280e03288f1314e1cbafb0a1;origin=https://github.com/acmeism/RosettaCodeData;path=/Task/Web-scraping/App-Inventor/web-scraping.app,App Inventor,App Inventor,App Inventor,the contributor (the language heading the solution is filed under on rosettacode.org),RosettaCodeData@1d47586,,,,not-in-linguist;misleading-ext,Task/Web-scraping/App-Inventor/web-scraping.app,1
rosetta:2c25bfb32811,gold,.apple,a3ff60c36b3b09a57ac7e88b0316659759378ae2,averages-pythagorean-means.apple,swh:1:cnt:a3ff60c36b3b09a57ac7e88b0316659759378ae2;origin=https://github.com/acmeism/RosettaCodeData;path=/Task/Averages-Pythagorean-means/Apple/averages-pythagorean-means.apple,Apple,Apple,Apple,the contributor (the language heading the solution is filed under on rosettacode.org),RosettaCodeData@1d47586,,,,not-in-linguist;invented-ext,Task/Averages-Pythagorean-means/Apple/averages-pythagorean-means.apple,12
rosetta:fce348fd4879,gold,.apple,bf4bf79fa7a91fa576804ddf24ff417ef5d079bd,factorial-2.apple,swh:1:cnt:bf4bf79fa7a91fa576804ddf24ff417ef5d079bd;origin=https://github.com/acmeism/RosettaCodeData;path=/Task/Factorial/Apple/factorial-2.apple,Apple,Apple,Apple,the contributor (the language heading the solution is filed under on rosettacode.org),RosettaCodeData@1d47586,,,,not-in-linguist;invented-ext,Task/Factorial/Apple/factorial-2.apple,12
rosetta:fc3496cda925,gold,.applescript,386d0d02312f41e5b8e96b6937afb28ff7474b9a,n-queens-problem.applescript,swh:1:cnt:386d0d02312f41e5b8e96b6937afb28ff7474b9a;origin=https://github.com/acmeism/RosettaCodeData;path=/Task/N-queens-problem/AppleScript/n-queens-problem.applescript,AppleScript,AppleScript,AppleScript;apples;osascript,the contributor (the language heading the solution is filed under on rosettacode.org),RosettaCodeData@1d47586,,,,in-linguist,Task/N-queens-problem/AppleScript/n-queens-problem.applescript,1116
rosetta:1a9e91121a53,gold,.applescript,2b7a547f007b5fc6dfb1b18db47f59978e9f0d3a,sort-primes-from-list-to-a-list.applescript,swh:1:cnt:2b7a547f007b5fc6dfb1b18db47f59978e9f0d3a;origin=https://github.com/acmeism/RosettaCodeData;path=/Task/Sort-primes-from-list-to-a-list/AppleScript/sort-primes-from-list-to-a-list.applescript,AppleScript,AppleScript,AppleScript;apples;osascript,the contributor (the language heading the solution is filed under on rosettacode.org),RosettaCodeData@1d47586,,,,in-linguist,Task/Sort-primes-from-list-to-a-list/AppleScript/sort-primes-from-list-to-a-list.applescript,1116
rosetta:ff5bbe524ee0,gold,.basic,cd841e2aeabc5160f48c43cffdc4a59ad51df23e,averages-arithmetic-mean.basic,swh:1:cnt:cd841e2aeabc5160f48c43cffdc4a59ad51df23e;origin=https://github.com/acmeism/RosettaCodeData;path=/Task/Averages-Arithmetic-mean/Applesoft-BASIC/averages-arithmetic-mean.basic,Applesoft BASIC,Applesoft BASIC,Applesoft BASIC,the contributor (the language heading the solution is filed under on rosettacode.org),RosettaCodeData@1d47586,,,,not-in-linguist;invented-ext,Task/Averages-Arithmetic-mean/Applesoft-BASIC/averages-arithmetic-mean.basic,379
rosetta:52057c16bd49,gold,.basic,f6f7f7ed2c48d12546c020442ad59ffc1b6c166e,terminal-control-preserve-screen.basic,swh:1:cnt:f6f7f7ed2c48d12546c020442ad59ffc1b6c166e;origin=https://github.com/acmeism/RosettaCodeData;path=/Task/Terminal-control-Preserve-screen/Applesoft-BASIC/terminal-control-preserve-screen.basic,Applesoft BASIC,Applesoft BASIC,Applesoft BASIC,the contributor (the language heading the solution is filed under on rosettacode.org),RosettaCodeData@1d47586,,,,not-in-linguist;invented-ext,Task/Terminal-control-Preserve-screen/Applesoft-BASIC/terminal-control-preserve-screen.basic,379
rosetta:d8b34648ebf2,gold,.basic,f9c961c0053ac3137bcaaff905065733abeddef6,matrix-digital-rain.basic,swh:1:cnt:f9c961c0053ac3137bcaaff905065733abeddef6;origin=https://github.com/acmeism/RosettaCodeData;path=/Task/Matrix-digital-rain/Aquarius-BASIC/matrix-digital-rain.basic,Aquarius BASIC,Aquarius BASIC,Aquarius BASIC,the contributor (the language heading the solution is filed under on rosettacode.org),RosettaCodeData@1d47586,,,,not-in-linguist;invented-ext,Task/Matrix-digital-rain/Aquarius-BASIC/matrix-digital-rain.basic,9
rosetta:7ccdedfc1a97,gold,.basic,9db4f973949b4349a0154a18546362eb27a3d153,rainbow.basic,swh:1:cnt:9db4f973949b4349a0154a18546362eb27a3d153;origin=https://github.com/acmeism/RosettaCodeData;path=/Task/Rainbow/Aquarius-BASIC/rainbow.basic,Aquarius BASIC,Aquarius BASIC,Aquarius BASIC,the contributor (the language heading the solution is filed under on rosettacode.org),RosettaCodeData@1d47586,,,,not-in-linguist;invented-ext,Task/Rainbow/Aquarius-BASIC/rainbow.basic,9
rosetta:33caf21bc2df,gold,.arbre,12ab2fec3e9ed513c9bed10533253c794dd089b6,100-doors.arbre,swh:1:cnt:12ab2fec3e9ed513c9bed10533253c794dd089b6;origin=https://github.com/acmeism/RosettaCodeData;path=/Task/100-doors/Arbre/100-doors.arbre,Arbre,Arbre,Arbre,the contributor (the language heading the solution is filed under on rosettacode.org),RosettaCodeData@1d47586,,,,not-in-linguist;invented-ext,Task/100-doors/Arbre/100-doors.arbre,4
rosetta:a52ece2f04ee,gold,.arbre,882e20b412357579f27e6e780e422174a93136a0,99-bottles-of-beer.arbre,swh:1:cnt:882e20b412357579f27e6e780e422174a93136a0;origin=https://github.com/acmeism/RosettaCodeData;path=/Task/99-bottles-of-beer/Arbre/99-bottles-of-beer.arbre,Arbre,Arbre,Arbre,the contributor (the language heading the solution is filed under on rosettacode.org),RosettaCodeData@1d47586,,,,not-in-linguist;invented-ext,Task/99-bottles-of-beer/Arbre/99-bottles-of-beer.arbre,4
rosetta:d0ae78b9942d,gold,.arc,4953916b63e7a136a2c93bc25b6f049eba51a47f,fizzbuzz-1.arc,swh:1:cnt:4953916b63e7a136a2c93bc25b6f049eba51a47f;origin=https://github.com/acmeism/RosettaCodeData;path=/Task/FizzBuzz/Arc/fizzbuzz-1.arc,Arc,Arc,Arc,the contributor (the language heading the solution is filed under on rosettacode.org),RosettaCodeData@1d47586,,,,in-linguist,Task/FizzBuzz/Arc/fizzbuzz-1.arc,23
rosetta:440d94cf2e30,gold,.arc,302e5b3ac7fed67699bec5835aa11d02039d2d64,proper-divisors-1.arc,swh:1:cnt:302e5b3ac7fed67699bec5835aa11d02039d2d64;origin=https://github.com/acmeism/RosettaCodeData;path=/Task/Proper-divisors/Arc/proper-divisors-1.arc,Arc,Arc,Arc,the contributor (the language heading the solution is filed under on rosettacode.org),RosettaCodeData@1d47586,,,,in-linguist,Task/Proper-divisors/Arc/proper-divisors-1.arc,23
rosetta:2d5c1a349608,gold,.argile,32fb59abea03576805e8e2e0ebe39ff7b75f3a6f,a+b-2.argile,swh:1:cnt:32fb59abea03576805e8e2e0ebe39ff7b75f3a6f;origin=https://github.com/acmeism/RosettaCodeData;path=/Task/A+B/Argile/a+b-2.argile,Argile,Argile,Argile,the contributor (the language heading the solution is filed under on rosettacode.org),RosettaCodeData@1d47586,,,,not-in-linguist;invented-ext,Task/A+B/Argile/a+b-2.argile,24
rosetta:7c44259aa26a,gold,.argile,69352fb27786e844a0b97c2d9912d9aa0155970e,hash-from-two-arrays.argile,swh:1:cnt:69352fb27786e844a0b97c2d9912d9aa0155970e;origin=https://github.com/acmeism/RosettaCodeData;path=/Task/Hash-from-two-arrays/Argile/hash-from-two-arrays.argile,Argile,Argile,Argile,the contributor (the language heading the solution is filed under on rosettacode.org),RosettaCodeData@1d47586,,,,not-in-linguist;invented-ext,Task/Hash-from-two-arrays/Argile/hash-from-two-arrays.argile,24
rosetta:109afba866ec,gold,.aria,7e3639358169c77c8493abd4ea5a8ec8b2a8650e,99-bottles-of-beer.aria,swh:1:cnt:7e3639358169c77c8493abd4ea5a8ec8b2a8650e;origin=https://github.com/acmeism/RosettaCodeData;path=/Task/99-bottles-of-beer/Aria/99-bottles-of-beer.aria,Aria,Aria,Aria,the contributor (the language heading the solution is filed under on rosettacode.org),RosettaCodeData@1d47586,,,,not-in-linguist;invented-ext,Task/99-bottles-of-beer/Aria/99-bottles-of-beer.aria,2
rosetta:340ee5e0b2ec,gold,.aria,7b3f0e00c70118a32d7f3ecb7a9e4c0c7c319515,hello-world-text.aria,swh:1:cnt:7b3f0e00c70118a32d7f3ecb7a9e4c0c7c319515;origin=https://github.com/acmeism/RosettaCodeData;path=/Task/Hello-world-Text/Aria/hello-world-text.aria,Aria,Aria,Aria,the contributor (the language heading the solution is filed under on rosettacode.org),RosettaCodeData@1d47586,,,,not-in-linguist;invented-ext;tiny,Task/Hello-world-Text/Aria/hello-world-text.aria,2
rosetta:bb4582117a0c,gold,.ark,a344a4416c653dd06b2c37c052ba1064c486781e,calculating-the-value-of-e.ark,swh:1:cnt:a344a4416c653dd06b2c37c052ba1064c486781e;origin=https://github.com/acmeism/RosettaCodeData;path=/Task/Calculating-the-value-of-e/ArkScript/calculating-the-value-of-e.ark,ArkScript,ArkScript,ArkScript,the contributor (the language heading the solution is filed under on rosettacode.org),RosettaCodeData@1d47586,,,,not-in-linguist;invented-ext,Task/Calculating-the-value-of-e/ArkScript/calculating-the-value-of-e.ark,114
rosetta:9777e61e23b9,gold,.ark,93df1d07fc05cb1d1a300670f46a64aff09a210b,compound-data-type.ark,swh:1:cnt:93df1d07fc05cb1d1a300670f46a64aff09a210b;origin=https://github.com/acmeism/RosettaCodeData;path=/Task/Compound-data-type/ArkScript/compound-data-type.ark,ArkScript,ArkScript,ArkScript,the contributor (the language heading the solution is filed under on rosettacode.org),RosettaCodeData@1d47586,,,,not-in-linguist;invented-ext,Task/Compound-data-type/ArkScript/compound-data-type.ark,114
rosetta:01a75a69edf2,gold,.arm,5a757ca376e0e5b5b0eb2adf9d87b67fa59e2acf,aks-test-for-primes.arm,swh:1:cnt:5a757ca376e0e5b5b0eb2adf9d87b67fa59e2acf;origin=https://github.com/acmeism/RosettaCodeData;path=/Task/AKS-test-for-primes/ARM-Assembly/aks-test-for-primes.arm,ARM Assembly,ARM Assembly,ARM Assembly,the contributor (the language heading the solution is filed under on rosettacode.org),RosettaCodeData@1d47586,,,,not-in-linguist;invented-ext,Task/AKS-test-for-primes/ARM-Assembly/aks-test-for-primes.arm,299
rosetta:52eb40b3b201,gold,.arm,d06e7f661ff2a43ebe78c6100daca8f5f6ebcaea,file-input-output.arm,swh:1:cnt:d06e7f661ff2a43ebe78c6100daca8f5f6ebcaea;origin=https://github.com/acmeism/RosettaCodeData;path=/Task/File-input-output/ARM-Assembly/file-input-output.arm,ARM Assembly,ARM Assembly,ARM Assembly,the contributor (the language heading the solution is filed under on rosettacode.org),RosettaCodeData@1d47586,,,,not-in-linguist;invented-ext,Task/File-input-output/ARM-Assembly/file-input-output.arm,299
rosetta:e3cec3a7f604,gold,.arnoldc,7c3cbbb807dfa7d4b5ddddb147b8ac35dc2d45f5,99-bottles-of-beer.arnoldc,swh:1:cnt:7c3cbbb807dfa7d4b5ddddb147b8ac35dc2d45f5;origin=https://github.com/acmeism/RosettaCodeData;path=/Task/99-bottles-of-beer/ArnoldC/99-bottles-of-beer.arnoldc,ArnoldC,ArnoldC,ArnoldC,the contributor (the language heading the solution is filed under on rosettacode.org),RosettaCodeData@1d47586,,,,not-in-linguist;invented-ext,Task/99-bottles-of-beer/ArnoldC/99-bottles-of-beer.arnoldc,12
rosetta:60aab9c5a644,gold,.arnoldc,28a522a38402159023a2b74d0e7dc851a329d2e7,loops-infinite.arnoldc,swh:1:cnt:28a522a38402159023a2b74d0e7dc851a329d2e7;origin=https://github.com/acmeism/RosettaCodeData;path=/Task/Loops-Infinite/ArnoldC/loops-infinite.arnoldc,ArnoldC,ArnoldC,ArnoldC,the contributor (the language heading the solution is filed under on rosettacode.org),RosettaCodeData@1d47586,,,,not-in-linguist;invented-ext,Task/Loops-Infinite/ArnoldC/loops-infinite.arnoldc,12
rosetta:fc1a6fb54287,gold,.arturo,2d777b031691e11867b419a17eea4fd046170b4c,100-doors.arturo,swh:1:cnt:2d777b031691e11867b419a17eea4fd046170b4c;origin=https://github.com/acmeism/RosettaCodeData;path=/Task/100-doors/Arturo/100-doors.arturo,Arturo,Arturo,Arturo,the contributor (the language heading the solution is filed under on rosettacode.org),RosettaCodeData@1d47586,,,,not-in-linguist;invented-ext,Task/100-doors/Arturo/100-doors.arturo,827
rosetta:7f2f1cd23fc9,gold,.arturo,330bb48bbe858f00d4c1f04e75311a4a4d375fe0,file-input-output.arturo,swh:1:cnt:330bb48bbe858f00d4c1f04e75311a4a4d375fe0;origin=https://github.com/acmeism/RosettaCodeData;path=/Task/File-input-output/Arturo/file-input-output.arturo,Arturo,Arturo,Arturo,the contributor (the language heading the solution is filed under on rosettacode.org),RosettaCodeData@1d47586,,,,not-in-linguist;invented-ext;tiny,Task/File-input-output/Arturo/file-input-output.arturo,827
rosetta:c86408a58a4b,gold,.asciidots,147f52cc42af7ace1d01541a8fbb829aa4c99717,fibonacci-sequence.asciidots,swh:1:cnt:147f52cc42af7ace1d01541a8fbb829aa4c99717;origin=https://github.com/acmeism/RosettaCodeData;path=/Task/Fibonacci-sequence/AsciiDots/fibonacci-sequence.asciidots,AsciiDots,AsciiDots,AsciiDots,the contributor (the language heading the solution is filed under on rosettacode.org),RosettaCodeData@1d47586,,,,not-in-linguist;invented-ext,Task/Fibonacci-sequence/AsciiDots/fibonacci-sequence.asciidots,10
rosetta:fdfae9427c33,gold,.asciidots,00e268a5d0996fd8b1127681592af8eed311f548,sequence-of-primes-by-trial-division.asciidots,swh:1:cnt:00e268a5d0996fd8b1127681592af8eed311f548;origin=https://github.com/acmeism/RosettaCodeData;path=/Task/Sequence-of-primes-by-trial-division/AsciiDots/sequence-of-primes-by-trial-division.asciidots,AsciiDots,AsciiDots,AsciiDots,the contributor (the language heading the solution is filed under on rosettacode.org),RosettaCodeData@1d47586,,,,not-in-linguist;invented-ext,Task/Sequence-of-primes-by-trial-division/AsciiDots/sequence-of-primes-by-trial-division.asciidots,10
rosetta:399841931b59,gold,.asic,94eb0e0e09c907aa58e21bfddcc8a6b42941bd32,loops-n-plus-one-half.asic,swh:1:cnt:94eb0e0e09c907aa58e21bfddcc8a6b42941bd32;origin=https://github.com/acmeism/RosettaCodeData;path=/Task/Loops-N-plus-one-half/ASIC/loops-n-plus-one-half.asic,ASIC,ASIC,ASIC,the contributor (the language heading the solution is filed under on rosettacode.org),RosettaCodeData@1d47586,,,,not-in-linguist;invented-ext,Task/Loops-N-plus-one-half/ASIC/loops-n-plus-one-half.asic,30
rosetta:2d0d42231016,gold,.asic,93962d58bed966669127560f14c47d00f184c122,m-bius-function.asic,swh:1:cnt:93962d58bed966669127560f14c47d00f184c122;origin=https://github.com/acmeism/RosettaCodeData;path=/Task/M-bius-function/ASIC/m-bius-function.asic,ASIC,ASIC,ASIC,the contributor (the language heading the solution is filed under on rosettacode.org),RosettaCodeData@1d47586,,,,not-in-linguist;invented-ext,Task/M-bius-function/ASIC/m-bius-function.asic,30
rosetta:f59c640eea3e,gold,.asp,b0e82487d1b1931bb37c661bf8ae3c24792c85c3,color-difference-cie-e2000.asp,swh:1:cnt:b0e82487d1b1931bb37c661bf8ae3c24792c85c3;origin=https://github.com/acmeism/RosettaCodeData;path=/Task/Color-Difference-CIE-E2000/ASP/color-difference-cie-e2000.asp,Classic ASP,ASP,Classic ASP;asp;ASP,the contributor (the language heading the solution is filed under on rosettacode.org),RosettaCodeData@1d47586,,,,in-linguist,Task/Color-Difference-CIE-E2000/ASP/color-difference-cie-e2000.asp,1
rosetta:a8ac8ff40b86,gold,.aspectj,b7fae1f37a02a2ded5e589c1ec23abd8e3b2cadd,history-variables-1.aspectj,swh:1:cnt:b7fae1f37a02a2ded5e589c1ec23abd8e3b2cadd;origin=https://github.com/acmeism/RosettaCodeData;path=/Task/History-variables/AspectJ/history-variables-1.aspectj,AspectJ,AspectJ,AspectJ,the contributor (the language heading the solution is filed under on rosettacode.org),RosettaCodeData@1d47586,,,,in-linguist;invented-ext,Task/History-variables/AspectJ/history-variables-1.aspectj,3
rosetta:a2d3efa49374,gold,.asm,b17443dfee2edb4a0163f86e57991b1900b901d4,sorting-algorithms-sleep-sort.asm,swh:1:cnt:b17443dfee2edb4a0163f86e57991b1900b901d4;origin=https://github.com/acmeism/RosettaCodeData;path=/Task/Sorting-algorithms-Sleep-sort/Assembly/sorting-algorithms-sleep-sort.asm,Assembly,Assembly,Assembly;asm;nasm,the contributor (the language heading the solution is filed under on rosettacode.org),RosettaCodeData@1d47586,,,,in-linguist;ambiguous-ext,Task/Sorting-algorithms-Sleep-sort/Assembly/sorting-algorithms-sleep-sort.asm,1
rosetta:a304fb477001,gold,.astro,c36a79ab930928b20a8873f7ae0b0e6eef546a7d,99-bottles-of-beer.astro,swh:1:cnt:c36a79ab930928b20a8873f7ae0b0e6eef546a7d;origin=https://github.com/acmeism/RosettaCodeData;path=/Task/99-bottles-of-beer/Astro/99-bottles-of-beer.astro,Astro (Rosetta Code),Astro,Astro (Rosetta Code),the contributor (the language heading the solution is filed under on rosettacode.org),RosettaCodeData@1d47586,,,,not-in-linguist;misleading-ext,Task/99-bottles-of-beer/Astro/99-bottles-of-beer.astro,26
rosetta:fda9e2413168,gold,.astro,2fd8e9d3dfe433ffc67d2dc9bef7541a75fb8bfb,sorting-algorithms-merge-sort-4.astro,swh:1:cnt:2fd8e9d3dfe433ffc67d2dc9bef7541a75fb8bfb;origin=https://github.com/acmeism/RosettaCodeData;path=/Task/Sorting-algorithms-Merge-sort/Astro/sorting-algorithms-merge-sort-4.astro,Astro (Rosetta Code),Astro,Astro (Rosetta Code),the contributor (the language heading the solution is filed under on rosettacode.org),RosettaCodeData@1d47586,,,,not-in-linguist;misleading-ext,Task/Sorting-algorithms-Merge-sort/Astro/sorting-algorithms-merge-sort-4.astro,26
rosetta:f468bc58af4e,gold,.asymptote,60eb1b2d29b3dcca5a868ba52da1ef09199537b0,factors-of-an-integer.asymptote,swh:1:cnt:60eb1b2d29b3dcca5a868ba52da1ef09199537b0;origin=https://github.com/acmeism/RosettaCodeData;path=/Task/Factors-of-an-integer/Asymptote/factors-of-an-integer.asymptote,Asymptote,Asymptote,Asymptote,the contributor (the language heading the solution is filed under on rosettacode.org),RosettaCodeData@1d47586,,,,in-linguist;invented-ext,Task/Factors-of-an-integer/Asymptote/factors-of-an-integer.asymptote,67
rosetta:2c01845411e0,gold,.asymptote,415ff6229a9ab29bf519ce80891175290de0f83e,sierpinski-triangle-graphical-1.asymptote,swh:1:cnt:415ff6229a9ab29bf519ce80891175290de0f83e;origin=https://github.com/acmeism/RosettaCodeData;path=/Task/Sierpinski-triangle-Graphical/Asymptote/sierpinski-triangle-graphical-1.asymptote,Asymptote,Asymptote,Asymptote,the contributor (the language heading the solution is filed under on rosettacode.org),RosettaCodeData@1d47586,,,,in-linguist;invented-ext,Task/Sierpinski-triangle-Graphical/Asymptote/sierpinski-triangle-graphical-1.asymptote,67
rosetta:5a8dd52afb4c,gold,.basic,ef54e7f43795eb1599c34b4cc8f4f74b8e3f16c8,draw-a-clock.basic,swh:1:cnt:ef54e7f43795eb1599c34b4cc8f4f74b8e3f16c8;origin=https://github.com/acmeism/RosettaCodeData;path=/Task/Draw-a-clock/Atari-BASIC/draw-a-clock.basic,Atari BASIC,Atari BASIC,Atari BASIC,the contributor (the language heading the solution is filed under on rosettacode.org),RosettaCodeData@1d47586,,,,not-in-linguist;invented-ext,Task/Draw-a-clock/Atari-BASIC/draw-a-clock.basic,25
rosetta:8636c1db53bf,gold,.basic,44e0e080b19618cf2b2b86357ce538fa860709de,sieve-of-eratosthenes.basic,swh:1:cnt:44e0e080b19618cf2b2b86357ce538fa860709de;origin=https://github.com/acmeism/RosettaCodeData;path=/Task/Sieve-of-Eratosthenes/Atari-BASIC/sieve-of-eratosthenes.basic,Atari BASIC,Atari BASIC,Atari BASIC,the contributor (the language heading the solution is filed under on rosettacode.org),RosettaCodeData@1d47586,,,,not-in-linguist;invented-ext,Task/Sieve-of-Eratosthenes/Atari-BASIC/sieve-of-eratosthenes.basic,25
rosetta:293541358c01,gold,.ats,4f95ce4b8847ee90f8d187efa89325f390b45ad2,bitmap-2.ats,swh:1:cnt:4f95ce4b8847ee90f8d187efa89325f390b45ad2;origin=https://github.com/acmeism/RosettaCodeData;path=/Task/Bitmap/ATS/bitmap-2.ats,ATS,ATS,ATS;ats2,the contributor (the language heading the solution is filed under on rosettacode.org),RosettaCodeData@1d47586,,,,in-linguist;invented-ext,Task/Bitmap/ATS/bitmap-2.ats,188
rosetta:589435ca18d8,gold,.ats,647158583ae5755880680704679202924219da51,compiler-syntax-analyzer.ats,swh:1:cnt:647158583ae5755880680704679202924219da51;origin=https://github.com/acmeism/RosettaCodeData;path=/Task/Compiler-syntax-analyzer/ATS/compiler-syntax-analyzer.ats,ATS,ATS,ATS;ats2,the contributor (the language heading the solution is filed under on rosettacode.org),RosettaCodeData@1d47586,,,,in-linguist;invented-ext,Task/Compiler-syntax-analyzer/ATS/compiler-syntax-analyzer.ats,188
rosetta:eeba58674e2a,gold,.ahk,e2a6ad61eec63d818a513f4e4a1e7244d9230c5c,line-circle-intersection.ahk,swh:1:cnt:e2a6ad61eec63d818a513f4e4a1e7244d9230c5c;origin=https://github.com/acmeism/RosettaCodeData;path=/Task/Line-circle-intersection/AutoHotkey/line-circle-intersection.ahk,AutoHotkey,AutoHotkey,AutoHotkey;ahk,the contributor (the language heading the solution is filed under on rosettacode.org),RosettaCodeData@1d47586,,,,in-linguist,Task/Line-circle-intersection/AutoHotkey/line-circle-intersection.ahk,1010
rosetta:c79b8b4e71fc,gold,.ahk,9df3610e3dda1ab03e3f1c9152de5c634fdb18fe,topswops-2.ahk,swh:1:cnt:9df3610e3dda1ab03e3f1c9152de5c634fdb18fe;origin=https://github.com/acmeism/RosettaCodeData;path=/Task/Topswops/AutoHotkey/topswops-2.ahk,AutoHotkey,AutoHotkey,AutoHotkey;ahk,the contributor (the language heading the solution is filed under on rosettacode.org),RosettaCodeData@1d47586,,,,in-linguist,Task/Topswops/AutoHotkey/topswops-2.ahk,1010
rosetta:90f2de98f949,gold,.au3,95ab96c763fb2e9035f2e714685ece5b4916738e,palindrome-detection-1.au3,swh:1:cnt:95ab96c763fb2e9035f2e714685ece5b4916738e;origin=https://github.com/acmeism/RosettaCodeData;path=/Task/Palindrome-detection/AutoIt/palindrome-detection-1.au3,AutoIt,AutoIt,AutoIt;au3;AutoIt3;AutoItScript,the contributor (the language heading the solution is filed under on rosettacode.org),RosettaCodeData@1d47586,,,,in-linguist,Task/Palindrome-detection/AutoIt/palindrome-detection-1.au3,107
rosetta:bdad6d5ab5cd,gold,.au3,e0d122ecebdcc09e2e9e726a73500a5e60999707,playing-cards.au3,swh:1:cnt:e0d122ecebdcc09e2e9e726a73500a5e60999707;origin=https://github.com/acmeism/RosettaCodeData;path=/Task/Playing-cards/AutoIt/playing-cards.au3,AutoIt,AutoIt,AutoIt;au3;AutoIt3;AutoItScript,the contributor (the language heading the solution is filed under on rosettacode.org),RosettaCodeData@1d47586,,,,in-linguist,Task/Playing-cards/AutoIt/playing-cards.au3,107
rosetta:693a5e2a2580,gold,.lsp,90ed32a22905f685a6d32d5aefba3d775b64697a,balanced-brackets.lsp,swh:1:cnt:90ed32a22905f685a6d32d5aefba3d775b64697a;origin=https://github.com/acmeism/RosettaCodeData;path=/Task/Balanced-brackets/AutoLISP/balanced-brackets.lsp,AutoLISP,AutoLISP,AutoLISP,the contributor (the language heading the solution is filed under on rosettacode.org),RosettaCodeData@1d47586,,,,not-in-linguist;misleading-ext;ambiguous-ext,Task/Balanced-brackets/AutoLISP/balanced-brackets.lsp,12
rosetta:413ba7eac4e2,gold,.lsp,38f65badb40885a369c9a9bca84b36d9b6d6e6fc,trigonometric-functions.lsp,swh:1:cnt:38f65badb40885a369c9a9bca84b36d9b6d6e6fc;origin=https://github.com/acmeism/RosettaCodeData;path=/Task/Trigonometric-functions/AutoLISP/trigonometric-functions.lsp,AutoLISP,AutoLISP,AutoLISP,the contributor (the language heading the solution is filed under on rosettacode.org),RosettaCodeData@1d47586,,,,not-in-linguist;misleading-ext;ambiguous-ext,Task/Trigonometric-functions/AutoLISP/trigonometric-functions.lsp,12
rosetta:57688b706544,gold,.avail,005c96ccc0aac7bbf2809a17765ee02141283fb4,string-append-1.avail,swh:1:cnt:005c96ccc0aac7bbf2809a17765ee02141283fb4;origin=https://github.com/acmeism/RosettaCodeData;path=/Task/String-append/Avail/string-append-1.avail,Avail,Avail,Avail,the contributor (the language heading the solution is filed under on rosettacode.org),RosettaCodeData@1d47586,,,,not-in-linguist;invented-ext;tiny,Task/String-append/Avail/string-append-1.avail,39
rosetta:7e0db8495bd6,gold,.avail,a2228ebf45b98557ce875da2bce783fedb80d87e,string-comparison.avail,swh:1:cnt:a2228ebf45b98557ce875da2bce783fedb80d87e;origin=https://github.com/acmeism/RosettaCodeData;path=/Task/String-comparison/Avail/string-comparison.avail,Avail,Avail,Avail,the contributor (the language heading the solution is filed under on rosettacode.org),RosettaCodeData@1d47586,,,,not-in-linguist;invented-ext,Task/String-comparison/Avail/string-comparison.avail,39
rosetta:53249be8c963,gold,.awk,a0ec640ea7e32fcd5f9ebe458551676d002bc922,read-a-file-line-by-line-3.awk,swh:1:cnt:a0ec640ea7e32fcd5f9ebe458551676d002bc922;origin=https://github.com/acmeism/RosettaCodeData;path=/Task/Read-a-file-line-by-line/AWK/read-a-file-line-by-line-3.awk,Awk,AWK,Awk;AWK,the contributor (the language heading the solution is filed under on rosettacode.org),RosettaCodeData@1d47586,,,,in-linguist,Task/Read-a-file-line-by-line/AWK/read-a-file-line-by-line-3.awk,883
rosetta:b2073fdb151c,gold,.awk,c9010a8270ad15ce810884851f5518e9e7be9497,safe-and-sophie-germain-primes.awk,swh:1:cnt:c9010a8270ad15ce810884851f5518e9e7be9497;origin=https://github.com/acmeism/RosettaCodeData;path=/Task/Safe-and-Sophie-Germain-primes/AWK/safe-and-sophie-germain-primes.awk,Awk,AWK,Awk;AWK,the contributor (the language heading the solution is filed under on rosettacode.org),RosettaCodeData@1d47586,,,,in-linguist,Task/Safe-and-Sophie-Germain-primes/AWK/safe-and-sophie-germain-primes.awk,883
rosetta:813ed57296b3,gold,.axe,12168bd301dec4c4014b6a47bd024edf6ba65247,hello-world-newbie.axe,swh:1:cnt:12168bd301dec4c4014b6a47bd024edf6ba65247;origin=https://github.com/acmeism/RosettaCodeData;path=/Task/Hello-world-Newbie/Axe/hello-world-newbie.axe,Axe,Axe,Axe,the contributor (the language heading the solution is filed under on rosettacode.org),RosettaCodeData@1d47586,,,,not-in-linguist;invented-ext;tiny,Task/Hello-world-Newbie/Axe/hello-world-newbie.axe,108
rosetta:3eb5fc69bd9f,gold,.axe,dea3d773a434c5a7f776de16dc09c5b0d31dfdd9,integer-overflow.axe,swh:1:cnt:dea3d773a434c5a7f776de16dc09c5b0d31dfdd9;origin=https://github.com/acmeism/RosettaCodeData;path=/Task/Integer-overflow/Axe/integer-overflow.axe,Axe,Axe,Axe,the contributor (the language heading the solution is filed under on rosettacode.org),RosettaCodeData@1d47586,,,,not-in-linguist;invented-ext;tiny,Task/Integer-overflow/Axe/integer-overflow.axe,108
rosetta:11e8397d2587,gold,.axiom,3891bb5722471114e03a2f1d4788d62296895c19,anonymous-recursion-1.axiom,swh:1:cnt:3891bb5722471114e03a2f1d4788d62296895c19;origin=https://github.com/acmeism/RosettaCodeData;path=/Task/Anonymous-recursion/Axiom/anonymous-recursion-1.axiom,Axiom,Axiom,Axiom,the contributor (the language heading the solution is filed under on rosettacode.org),RosettaCodeData@1d47586,,,,not-in-linguist;invented-ext,Task/Anonymous-recursion/Axiom/anonymous-recursion-1.axiom,39
rosetta:9fb86f2fcd20,gold,.axiom,430ca7922020cc90a469d9ebd16203df7e9921ca,priority-queue-1.axiom,swh:1:cnt:430ca7922020cc90a469d9ebd16203df7e9921ca;origin=https://github.com/acmeism/RosettaCodeData;path=/Task/Priority-queue/Axiom/priority-queue-1.axiom,Axiom,Axiom,Axiom,the contributor (the language heading the solution is filed under on rosettacode.org),RosettaCodeData@1d47586,,,,not-in-linguist;invented-ext,Task/Priority-queue/Axiom/priority-queue-1.axiom,39
rosetta:1505d8a0c6b3,gold,.b,505f38949b96d63a84f4cdd12f8dffbb4354423e,100-doors.b,swh:1:cnt:505f38949b96d63a84f4cdd12f8dffbb4354423e;origin=https://github.com/acmeism/RosettaCodeData;path=/Task/100-doors/B/100-doors.b,B,B,B,the contributor (the language heading the solution is filed under on rosettacode.org),RosettaCodeData@1d47586,,,,in-linguist;ambiguous-ext,Task/100-doors/B/100-doors.b,4
rosetta:93a554348362,gold,.b,0821925c12d01cab7f3619551a6caf6248634a7a,hello-world-newline-omission.b,swh:1:cnt:0821925c12d01cab7f3619551a6caf6248634a7a;origin=https://github.com/acmeism/RosettaCodeData;path=/Task/Hello-world-Newline-omission/B/hello-world-newline-omission.b,B,B,B,the contributor (the language heading the solution is filed under on rosettacode.org),RosettaCodeData@1d47586,,,,in-linguist;ambiguous-ext,Task/Hello-world-Newline-omission/B/hello-world-newline-omission.b,4
rosetta:aca827389b8c,gold,.b4j,d91abac1a95cf1ac5c8ebc4f7542fdce6aaeaaa3,simple-windowed-application-2.b4j,swh:1:cnt:d91abac1a95cf1ac5c8ebc4f7542fdce6aaeaaa3;origin=https://github.com/acmeism/RosettaCodeData;path=/Task/Simple-windowed-application/B4J/simple-windowed-application-2.b4j,B4J,B4J,B4J,the contributor (the language heading the solution is filed under on rosettacode.org),RosettaCodeData@1d47586,,,,not-in-linguist;invented-ext,Task/Simple-windowed-application/B4J/simple-windowed-application-2.b4j,2
rosetta:8c2f98af577f,gold,.b4x,f935eb48411fdc26b90d07b0eadd2d7094779c7b,associative-array-merging.b4x,swh:1:cnt:f935eb48411fdc26b90d07b0eadd2d7094779c7b;origin=https://github.com/acmeism/RosettaCodeData;path=/Task/Associative-array-Merging/B4X/associative-array-merging.b4x,B4X,B4X,B4X;basic for android,the contributor (the language heading the solution is filed under on rosettacode.org),RosettaCodeData@1d47586,,,,in-linguist;invented-ext,Task/Associative-array-Merging/B4X/associative-array-merging.b4x,4
rosetta:13a9713eca31,gold,.b4x,f5ce4770bf0bd00e50509b7e4a2f5f88f99ca1e0,sorting-algorithms-radix-sort.b4x,swh:1:cnt:f5ce4770bf0bd00e50509b7e4a2f5f88f99ca1e0;origin=https://github.com/acmeism/RosettaCodeData;path=/Task/Sorting-algorithms-Radix-sort/B4X/sorting-algorithms-radix-sort.b4x,B4X,B4X,B4X;basic for android,the contributor (the language heading the solution is filed under on rosettacode.org),RosettaCodeData@1d47586,,,,in-linguist;invented-ext,Task/Sorting-algorithms-Radix-sort/B4X/sorting-algorithms-radix-sort.b4x,4
rosetta:3ff2776ff272,gold,.pb,27e71acb5d3a3a9c2ff1ecff8117a54d80ad2df8,closures-value-capture-2.pb,swh:1:cnt:27e71acb5d3a3a9c2ff1ecff8117a54d80ad2df8;origin=https://github.com/acmeism/RosettaCodeData;path=/Task/Closures-Value-capture/Babel/closures-value-capture-2.pb,Babel,Babel,Babel,the contributor (the language heading the solution is filed under on rosettacode.org),RosettaCodeData@1d47586,,,,not-in-linguist;misleading-ext,Task/Closures-Value-capture/Babel/closures-value-capture-2.pb,84
rosetta:4a1c378e1afa,gold,.pb,7406aa9eb8e780f0817836c572cb68296d61c1f2,stack.pb,swh:1:cnt:7406aa9eb8e780f0817836c572cb68296d61c1f2;origin=https://github.com/acmeism/RosettaCodeData;path=/Task/Stack/Babel/stack.pb,Babel,Babel,Babel,the contributor (the language heading the solution is filed under on rosettacode.org),RosettaCodeData@1d47586,,,,not-in-linguist;misleading-ext,Task/Stack/Babel/stack.pb,84
rosetta:a263e79fb9d0,gold,.cobol,4ad1e730cdaea33a17ebca9a9b32d408b130e5a4,fizzbuzz.cobol,swh:1:cnt:4ad1e730cdaea33a17ebca9a9b32d408b130e5a4;origin=https://github.com/acmeism/RosettaCodeData;path=/Task/FizzBuzz/BabyCobol/fizzbuzz.cobol,BabyCobol,BabyCobol,BabyCobol,the contributor (the language heading the solution is filed under on rosettacode.org),RosettaCodeData@1d47586,,,,not-in-linguist;misleading-ext,Task/FizzBuzz/BabyCobol/fizzbuzz.cobol,6
rosetta:9c94f9e5e177,gold,.cobol,5dbf9df8ec75db5545e430bb4783ab99e40a7172,hello-world-text.cobol,swh:1:cnt:5dbf9df8ec75db5545e430bb4783ab99e40a7172;origin=https://github.com/acmeism/RosettaCodeData;path=/Task/Hello-world-Text/BabyCobol/hello-world-text.cobol,BabyCobol,BabyCobol,BabyCobol,the contributor (the language heading the solution is filed under on rosettacode.org),RosettaCodeData@1d47586,,,,not-in-linguist;misleading-ext,Task/Hello-world-Text/BabyCobol/hello-world-text.cobol,6
rosetta:0b0ed014ed2e,gold,.bacon,950da8ba5e441ba7486b2f57fdb22036df58fadc,calendar.bacon,swh:1:cnt:950da8ba5e441ba7486b2f57fdb22036df58fadc;origin=https://github.com/acmeism/RosettaCodeData;path=/Task/Calendar/BaCon/calendar.bacon,BaCon,BaCon,BaCon,the contributor (the language heading the solution is filed under on rosettacode.org),RosettaCodeData@1d47586,,,,not-in-linguist;invented-ext,Task/Calendar/BaCon/calendar.bacon,196
rosetta:6fd54b2dd4f7,gold,.bacon,a0d0987c4adc8e2547106127e6ca0b1149b2032d,letter-frequency.bacon,swh:1:cnt:a0d0987c4adc8e2547106127e6ca0b1149b2032d;origin=https://github.com/acmeism/RosettaCodeData;path=/Task/Letter-frequency/BaCon/letter-frequency.bacon,BaCon,BaCon,BaCon,the contributor (the language heading the solution is filed under on rosettacode.org),RosettaCodeData@1d47586,,,,not-in-linguist;invented-ext;tiny,Task/Letter-frequency/BaCon/letter-frequency.bacon,196
rosetta:b64782bbb24b,gold,.bait,a818b3772ca347a80396f9baebf8a550bd8f60bd,loops-while.bait,swh:1:cnt:a818b3772ca347a80396f9baebf8a550bd8f60bd;origin=https://github.com/acmeism/RosettaCodeData;path=/Task/Loops-While/Bait/loops-while.bait,Bait,Bait,Bait,the contributor (the language heading the solution is filed under on rosettacode.org),RosettaCodeData@1d47586,,,,not-in-linguist;invented-ext,Task/Loops-While/Bait/loops-while.bait,12
rosetta:209ed30307f0,gold,.bait,3cbb3c09e8791eb223465c2df698c7532e929bc2,pascals-triangle.bait,swh:1:cnt:3cbb3c09e8791eb223465c2df698c7532e929bc2;origin=https://github.com/acmeism/RosettaCodeData;path=/Task/Pascals-triangle/Bait/pascals-triangle.bait,Bait,Bait,Bait,the contributor (the language heading the solution is filed under on rosettacode.org),RosettaCodeData@1d47586,,,,not-in-linguist;invented-ext,Task/Pascals-triangle/Bait/pascals-triangle.bait,12
rosetta:422f67f63d8f,gold,.ballerina,f1d97bf49acea7db7b558539bac71b4919b9d98f,addition-chains.ballerina,swh:1:cnt:f1d97bf49acea7db7b558539bac71b4919b9d98f;origin=https://github.com/acmeism/RosettaCodeData;path=/Task/Addition-chains/Ballerina/addition-chains.ballerina,Ballerina,Ballerina,Ballerina,the contributor (the language heading the solution is filed under on rosettacode.org),RosettaCodeData@1d47586,,,,in-linguist;invented-ext,Task/Addition-chains/Ballerina/addition-chains.ballerina,147
rosetta:007cc0d8bbc9,gold,.ballerina,94a19fcc826947dda9abc788db4547cbf7d2dd6a,factors-of-an-integer.ballerina,swh:1:cnt:94a19fcc826947dda9abc788db4547cbf7d2dd6a;origin=https://github.com/acmeism/RosettaCodeData;path=/Task/Factors-of-an-integer/Ballerina/factors-of-an-integer.ballerina,Ballerina,Ballerina,Ballerina,the contributor (the language heading the solution is filed under on rosettacode.org),RosettaCodeData@1d47586,,,,in-linguist;invented-ext,Task/Factors-of-an-integer/Ballerina/factors-of-an-integer.ballerina,147
rosetta:6bb5ce75a6df,gold,.bas,7410029859d8b633eadf9682c0ef28f0d8ef00bd,golden-ratio-convergence.bas,swh:1:cnt:7410029859d8b633eadf9682c0ef28f0d8ef00bd;origin=https://github.com/acmeism/RosettaCodeData;path=/Task/Golden-ratio-Convergence/Bas/golden-ratio-convergence.bas,Bas,Bas,Bas,the contributor (the language heading the solution is filed under on rosettacode.org),RosettaCodeData@1d47586,,,,not-in-linguist;misleading-ext;ambiguous-ext,Task/Golden-ratio-Convergence/Bas/golden-ratio-convergence.bas,1
rosetta:c9807d08db2c,gold,.basic,9bc80b2daa5bb237fb2ff067c76c83453f0015fa,terminal-control-hiding-the-cursor.basic,swh:1:cnt:9bc80b2daa5bb237fb2ff067c76c83453f0015fa;origin=https://github.com/acmeism/RosettaCodeData;path=/Task/Terminal-control-Hiding-the-cursor/BASIC/terminal-control-hiding-the-cursor.basic,BASIC,BASIC,BASIC,the contributor (the language heading the solution is filed under on rosettacode.org),RosettaCodeData@1d47586,,,,in-linguist;invented-ext,Task/Terminal-control-Hiding-the-cursor/BASIC/terminal-control-hiding-the-cursor.basic,274
rosetta:745adf855418,gold,.basic,1644e3220c52cc2583ec122298614d0d0fb6403d,walk-a-directory-non-recursively.basic,swh:1:cnt:1644e3220c52cc2583ec122298614d0d0fb6403d;origin=https://github.com/acmeism/RosettaCodeData;path=/Task/Walk-a-directory-Non-recursively/BASIC/walk-a-directory-non-recursively.basic,BASIC,BASIC,BASIC,the contributor (the language heading the solution is filed under on rosettacode.org),RosettaCodeData@1d47586,,,,in-linguist;invented-ext,Task/Walk-a-directory-Non-recursively/BASIC/walk-a-directory-non-recursively.basic,274
rosetta:e56882f990c1,gold,.basic,e5acd79836b733a73271f7b3c0bad76d563848c1,loops-n-plus-one-half.basic,swh:1:cnt:e5acd79836b733a73271f7b3c0bad76d563848c1;origin=https://github.com/acmeism/RosettaCodeData;path=/Task/Loops-N-plus-one-half/Basic09/loops-n-plus-one-half.basic,Basic09,Basic09,Basic09,the contributor (the language heading the solution is filed under on rosettacode.org),RosettaCodeData@1d47586,,,,not-in-linguist;invented-ext,Task/Loops-N-plus-one-half/Basic09/loops-n-plus-one-half.basic,2
rosetta:c8651e56069d,gold,.basic,17f140e6e26a020acc20d07d3b910112c35969e3,nth-root.basic,swh:1:cnt:17f140e6e26a020acc20d07d3b910112c35969e3;origin=https://github.com/acmeism/RosettaCodeData;path=/Task/Nth-root/Basic09/nth-root.basic,Basic09,Basic09,Basic09,the contributor (the language heading the solution is filed under on rosettacode.org),RosettaCodeData@1d47586,,,,not-in-linguist;invented-ext,Task/Nth-root/Basic09/nth-root.basic,2
rosetta:2862bdddf6ff,gold,.basic,7861be2d0a80d4d81ef878852a01346ced539be0,l-system.basic,swh:1:cnt:7861be2d0a80d4d81ef878852a01346ced539be0;origin=https://github.com/acmeism/RosettaCodeData;path=/Task/L-system/BASIC256/l-system.basic,BASIC256,BASIC256,BASIC256,the contributor (the language heading the solution is filed under on rosettacode.org),RosettaCodeData@1d47586,,,,not-in-linguist;invented-ext,Task/L-system/BASIC256/l-system.basic,513
rosetta:8559090d36ee,gold,.basic,a04ac9914b1a481819355f69f56f45f27c1b187e,long-multiplication.basic,swh:1:cnt:a04ac9914b1a481819355f69f56f45f27c1b187e;origin=https://github.com/acmeism/RosettaCodeData;path=/Task/Long-multiplication/BASIC256/long-multiplication.basic,BASIC256,BASIC256,BASIC256,the contributor (the language heading the solution is filed under on rosettacode.org),RosettaCodeData@1d47586,,,,not-in-linguist;invented-ext,Task/Long-multiplication/BASIC256/long-multiplication.basic,513
rosetta:74b3c3e761f9,gold,.basic,af70bc09258d58301d7b346ceb290d93b18420e8,hello-world-graphical.basic,swh:1:cnt:af70bc09258d58301d7b346ceb290d93b18420e8;origin=https://github.com/acmeism/RosettaCodeData;path=/Task/Hello-world-Graphical/Batari-Basic/hello-world-graphical.basic,Batari Basic,Batari Basic,Batari Basic,the contributor (the language heading the solution is filed under on rosettacode.org),RosettaCodeData@1d47586,,,,not-in-linguist;invented-ext,Task/Hello-world-Graphical/Batari-Basic/hello-world-graphical.basic,1
rosetta:fc8cfbbdb0ec,gold,.bat,fa0f99d3eaf8be245b615fd2110b27a06b77aa1c,a+b-1.bat,swh:1:cnt:fa0f99d3eaf8be245b615fd2110b27a06b77aa1c;origin=https://github.com/acmeism/RosettaCodeData;path=/Task/A+B/Batch-File/a+b-1.bat,Batchfile,Batch File,Batchfile;bat;batch;dosbatch;winbatch;Batch File,the contributor (the language heading the solution is filed under on rosettacode.org),RosettaCodeData@1d47586,,,,in-linguist,Task/A+B/Batch-File/a+b-1.bat,335
rosetta:1bb14fa4fc7d,gold,.bat,29846d068562fae5f9f05b3f660347059bdb9b6e,string-matching-2.bat,swh:1:cnt:29846d068562fae5f9f05b3f660347059bdb9b6e;origin=https://github.com/acmeism/RosettaCodeData;path=/Task/String-matching/Batch-File/string-matching-2.bat,Batchfile,Batch File,Batchfile;bat;batch;dosbatch;winbatch;Batch File,the contributor (the language heading the solution is filed under on rosettacode.org),RosettaCodeData@1d47586,,,,in-linguist,Task/String-matching/Batch-File/string-matching-2.bat,335
rosetta:e13d779f4b90,gold,.battlestar,d2fd41c62ad86aab4b7b2baad03d371951cc77a2,99-bottles-of-beer.battlestar,swh:1:cnt:d2fd41c62ad86aab4b7b2baad03d371951cc77a2;origin=https://github.com/acmeism/RosettaCodeData;path=/Task/99-bottles-of-beer/Battlestar/99-bottles-of-beer.battlestar,Battlestar,Battlestar,Battlestar,the contributor (the language heading the solution is filed under on rosettacode.org),RosettaCodeData@1d47586,,,,not-in-linguist;invented-ext,Task/99-bottles-of-beer/Battlestar/99-bottles-of-beer.battlestar,3
rosetta:71118e1ea761,gold,.battlestar,bd60381ab2034b6ae3f8698d9c4039d4dc573724,fibonacci-sequence.battlestar,swh:1:cnt:bd60381ab2034b6ae3f8698d9c4039d4dc573724;origin=https://github.com/acmeism/RosettaCodeData;path=/Task/Fibonacci-sequence/Battlestar/fibonacci-sequence.battlestar,Battlestar,Battlestar,Battlestar,the contributor (the language heading the solution is filed under on rosettacode.org),RosettaCodeData@1d47586,,,,not-in-linguist;invented-ext,Task/Fibonacci-sequence/Battlestar/fibonacci-sequence.battlestar,3
rosetta:95944ff759c1,gold,.basic,65c50440d88d01ddaad19a48f0d7982caa244d3b,loops-for.basic,swh:1:cnt:65c50440d88d01ddaad19a48f0d7982caa244d3b;origin=https://github.com/acmeism/RosettaCodeData;path=/Task/Loops-For/BazzBasic/loops-for.basic,BazzBasic,BazzBasic,BazzBasic,the contributor (the language heading the solution is filed under on rosettacode.org),RosettaCodeData@1d47586,,,,not-in-linguist;invented-ext,Task/Loops-For/BazzBasic/loops-for.basic,152
rosetta:f045f64fcc60,gold,.basic,83fdc374fa160630debf65dbdc607c012062f557,sha-256.basic,swh:1:cnt:83fdc374fa160630debf65dbdc607c012062f557;origin=https://github.com/acmeism/RosettaCodeData;path=/Task/SHA-256/BazzBasic/sha-256.basic,BazzBasic,BazzBasic,BazzBasic,the contributor (the language heading the solution is filed under on rosettacode.org),RosettaCodeData@1d47586,,,,not-in-linguist;invented-ext,Task/SHA-256/BazzBasic/sha-256.basic,152
rosetta:59fdf0d2e0e0,gold,.basic,dd50b617d29b60f7e0442c912b1228ba973efee2,horizontal-sundial-calculations.basic,swh:1:cnt:dd50b617d29b60f7e0442c912b1228ba973efee2;origin=https://github.com/acmeism/RosettaCodeData;path=/Task/Horizontal-sundial-calculations/BBC-BASIC/horizontal-sundial-calculations.basic,BBC BASIC,BBC BASIC,BBC BASIC,the contributor (the language heading the solution is filed under on rosettacode.org),RosettaCodeData@1d47586,,,,not-in-linguist;invented-ext,Task/Horizontal-sundial-calculations/BBC-BASIC/horizontal-sundial-calculations.basic,637
rosetta:ec2cb3205f6a,gold,.basic,091671df67850f9edcbc7a7909380cf07495550c,order-two-numerical-lists.basic,swh:1:cnt:091671df67850f9edcbc7a7909380cf07495550c;origin=https://github.com/acmeism/RosettaCodeData;path=/Task/Order-two-numerical-lists/BBC-BASIC/order-two-numerical-lists.basic,BBC BASIC,BBC BASIC,BBC BASIC,the contributor (the language heading the solution is filed under on rosettacode.org),RosettaCodeData@1d47586,,,,not-in-linguist;invented-ext,Task/Order-two-numerical-lists/BBC-BASIC/order-two-numerical-lists.basic,637
rosetta:42b3098707f8,gold,.bc,15be3329fe024587a33a88f74e40488e012b1c64,variadic-function.bc,swh:1:cnt:15be3329fe024587a33a88f74e40488e012b1c64;origin=https://github.com/acmeism/RosettaCodeData;path=/Task/Variadic-function/Bc/variadic-function.bc,Bc,Bc,Bc,the contributor (the language heading the solution is filed under on rosettacode.org),RosettaCodeData@1d47586,,,,not-in-linguist;invented-ext,Task/Variadic-function/Bc/variadic-function.bc,115
rosetta:420d261a6cd4,gold,.bc,50f12abd7dfe977099944e14569b6db9996ed8ea,zeckendorf-number-representation.bc,swh:1:cnt:50f12abd7dfe977099944e14569b6db9996ed8ea;origin=https://github.com/acmeism/RosettaCodeData;path=/Task/Zeckendorf-number-representation/Bc/zeckendorf-number-representation.bc,Bc,Bc,Bc,the contributor (the language heading the solution is filed under on rosettacode.org),RosettaCodeData@1d47586,,,,not-in-linguist;invented-ext,Task/Zeckendorf-number-representation/Bc/zeckendorf-number-representation.bc,115
rosetta:0c71f49b791c,gold,.bcpl,fa23838661223e67b9c073cda2865ac87ac78d43,count-occurrences-of-a-substring.bcpl,swh:1:cnt:fa23838661223e67b9c073cda2865ac87ac78d43;origin=https://github.com/acmeism/RosettaCodeData;path=/Task/Count-occurrences-of-a-substring/BCPL/count-occurrences-of-a-substring.bcpl,BCPL,BCPL,BCPL,the contributor (the language heading the solution is filed under on rosettacode.org),RosettaCodeData@1d47586,,,,not-in-linguist;invented-ext,Task/Count-occurrences-of-a-substring/BCPL/count-occurrences-of-a-substring.bcpl,184
rosetta:33292832bf5d,gold,.bcpl,f8341af127b64fa85373d2dd8c4b9a28f0cbc836,ethiopian-multiplication.bcpl,swh:1:cnt:f8341af127b64fa85373d2dd8c4b9a28f0cbc836;origin=https://github.com/acmeism/RosettaCodeData;path=/Task/Ethiopian-multiplication/BCPL/ethiopian-multiplication.bcpl,BCPL,BCPL,BCPL,the contributor (the language heading the solution is filed under on rosettacode.org),RosettaCodeData@1d47586,,,,not-in-linguist;invented-ext,Task/Ethiopian-multiplication/BCPL/ethiopian-multiplication.bcpl,184
rosetta:6f31cc0e8d3f,gold,.beads,3c06224ad2694754f0d060ce1724dffb5af2b25e,date-format.beads,swh:1:cnt:3c06224ad2694754f0d060ce1724dffb5af2b25e;origin=https://github.com/acmeism/RosettaCodeData;path=/Task/Date-format/Beads/date-format.beads,Beads,Beads,Beads,the contributor (the language heading the solution is filed under on rosettacode.org),RosettaCodeData@1d47586,,,,not-in-linguist;invented-ext;tiny,Task/Date-format/Beads/date-format.beads,17
rosetta:59b1e9b1ca94,gold,.beads,09a86c42d426aedfade7fa949f681419d7b28764,simple-windowed-application.beads,swh:1:cnt:09a86c42d426aedfade7fa949f681419d7b28764;origin=https://github.com/acmeism/RosettaCodeData;path=/Task/Simple-windowed-application/Beads/simple-windowed-application.beads,Beads,Beads,Beads,the contributor (the language heading the solution is filed under on rosettacode.org),RosettaCodeData@1d47586,,,,not-in-linguist;invented-ext,Task/Simple-windowed-application/Beads/simple-windowed-application.beads,17
rosetta:b34157108455,gold,.beef,331a63086aa73b7980e71566517be1329e356edf,comments-2.beef,swh:1:cnt:331a63086aa73b7980e71566517be1329e356edf;origin=https://github.com/acmeism/RosettaCodeData;path=/Task/Comments/Beef/comments-2.beef,Beef,Beef,Beef,the contributor (the language heading the solution is filed under on rosettacode.org),RosettaCodeData@1d47586,,,,in-linguist;invented-ext,Task/Comments/Beef/comments-2.beef,15
rosetta:36a87ce443e2,gold,.beef,b5c7522597b3bfb4bcbb364054cf470cb627f888,string-case.beef,swh:1:cnt:b5c7522597b3bfb4bcbb364054cf470cb627f888;origin=https://github.com/acmeism/RosettaCodeData;path=/Task/String-case/Beef/string-case.beef,Beef,Beef,Beef,the contributor (the language heading the solution is filed under on rosettacode.org),RosettaCodeData@1d47586,,,,in-linguist;invented-ext,Task/String-case/Beef/string-case.beef,15
rosetta:6db6b8cec4fc,gold,.beeswax,0504f055570554810b2f92ec972bf8d38ab8a046,conditional-structures-2.beeswax,swh:1:cnt:0504f055570554810b2f92ec972bf8d38ab8a046;origin=https://github.com/acmeism/RosettaCodeData;path=/Task/Conditional-structures/Beeswax/conditional-structures-2.beeswax,Beeswax,Beeswax,Beeswax,the contributor (the language heading the solution is filed under on rosettacode.org),RosettaCodeData@1d47586,,,,not-in-linguist;invented-ext;tiny,Task/Conditional-structures/Beeswax/conditional-structures-2.beeswax,45
rosetta:21a12e55521a,gold,.beeswax,6c68dcf35efd0bb1d6e61259128967e6a5030ea1,hello-world-text-3.beeswax,swh:1:cnt:6c68dcf35efd0bb1d6e61259128967e6a5030ea1;origin=https://github.com/acmeism/RosettaCodeData;path=/Task/Hello-world-Text/Beeswax/hello-world-text-3.beeswax,Beeswax,Beeswax,Beeswax,the contributor (the language heading the solution is filed under on rosettacode.org),RosettaCodeData@1d47586,,,,not-in-linguist;invented-ext,Task/Hello-world-Text/Beeswax/hello-world-text-3.beeswax,45
rosetta:49c0656446e5,gold,.bf,5a8e5993c17632c6332c56ae7fe31fec8e73bd7e,ackermann-function-1.bf,swh:1:cnt:5a8e5993c17632c6332c56ae7fe31fec8e73bd7e;origin=https://github.com/acmeism/RosettaCodeData;path=/Task/Ackermann-function/Befunge/ackermann-function-1.bf,Befunge,Befunge,Befunge,the contributor (the language heading the solution is filed under on rosettacode.org),RosettaCodeData@1d47586,,,,in-linguist;ambiguous-ext;tiny,Task/Ackermann-function/Befunge/ackermann-function-1.bf,173
rosetta:5780a1cfb1f6,gold,.bf,aeebab488a7f1815e30b40a24b73e3c8febf081c,terminal-control-hiding-the-cursor.bf,swh:1:cnt:aeebab488a7f1815e30b40a24b73e3c8febf081c;origin=https://github.com/acmeism/RosettaCodeData;path=/Task/Terminal-control-Hiding-the-cursor/Befunge/terminal-control-hiding-the-cursor.bf,Befunge,Befunge,Befunge,the contributor (the language heading the solution is filed under on rosettacode.org),RosettaCodeData@1d47586,,,,in-linguist;ambiguous-ext;tiny,Task/Terminal-control-Hiding-the-cursor/Befunge/terminal-control-hiding-the-cursor.bf,173
rosetta:c5dd2f7c8d37,gold,.logo,34985543b5d071a37041e1c3dd1a1685fc6414e4,abundant-deficient-and-perfect-number-classifications.logo,swh:1:cnt:34985543b5d071a37041e1c3dd1a1685fc6414e4;origin=https://github.com/acmeism/RosettaCodeData;path=/Task/Abundant-deficient-and-perfect-number-classifications/Berkeley-Logo/abundant-deficient-and-perfect-number-classifications.logo,Berkeley Logo,Berkeley Logo,Berkeley Logo,the contributor (the language heading the solution is filed under on rosettacode.org),RosettaCodeData@1d47586,,,,not-in-linguist;invented-ext,Task/Abundant-deficient-and-perfect-number-classifications/Berkeley-Logo/abundant-deficient-and-perfect-number-classifications.logo,5
rosetta:8f85df804813,gold,.logo,938e2c01b6f58d41db7ee3d3a93893b87d212680,babbage-problem.logo,swh:1:cnt:938e2c01b6f58d41db7ee3d3a93893b87d212680;origin=https://github.com/acmeism/RosettaCodeData;path=/Task/Babbage-problem/Berkeley-Logo/babbage-problem.logo,Berkeley Logo,Berkeley Logo,Berkeley Logo,the contributor (the language heading the solution is filed under on rosettacode.org),RosettaCodeData@1d47586,,,,not-in-linguist;invented-ext,Task/Babbage-problem/Berkeley-Logo/babbage-problem.logo,5
rosetta:73623d1f8f68,gold,.blc,b153cb42fd125f526f14f5ba610374e313b98a44,binary-digits-1.blc,swh:1:cnt:b153cb42fd125f526f14f5ba610374e313b98a44;origin=https://github.com/acmeism/RosettaCodeData;path=/Task/Binary-digits/Binary-Lambda-Calculus/binary-digits-1.blc,Binary Lambda Calculus,Binary Lambda Calculus,Binary Lambda Calculus,the contributor (the language heading the solution is filed under on rosettacode.org),RosettaCodeData@1d47586,,,,not-in-linguist;invented-ext,Task/Binary-digits/Binary-Lambda-Calculus/binary-digits-1.blc,11
rosetta:e13bb80ae725,gold,.blc,d228e6480df9bac8740c76f32edfa119dd7ce9a4,church-numerals.blc,swh:1:cnt:d228e6480df9bac8740c76f32edfa119dd7ce9a4;origin=https://github.com/acmeism/RosettaCodeData;path=/Task/Church-numerals/Binary-Lambda-Calculus/church-numerals.blc,Binary Lambda Calculus,Binary Lambda Calculus,Binary Lambda Calculus,the contributor (the language heading the solution is filed under on rosettacode.org),RosettaCodeData@1d47586,,,,not-in-linguist;invented-ext,Task/Church-numerals/Binary-Lambda-Calculus/church-numerals.blc,11
rosetta:853b71231f3b,gold,.bird,056a72b9acd3e83d66ef4ede9878b839f89a8ea5,a+b.bird,swh:1:cnt:056a72b9acd3e83d66ef4ede9878b839f89a8ea5;origin=https://github.com/acmeism/RosettaCodeData;path=/Task/A+B/Bird/a+b.bird,Bird (Rosetta Code),Bird,Bird (Rosetta Code),the contributor (the language heading the solution is filed under on rosettacode.org),RosettaCodeData@1d47586,,,,not-in-linguist;invented-ext,Task/A+B/Bird/a+b.bird,2
rosetta:13e5e61ec49f,gold,.bird,d11194105fa4f9210583dea7044356723b7521fe,hello-world-text.bird,swh:1:cnt:d11194105fa4f9210583dea7044356723b7521fe;origin=https://github.com/acmeism/RosettaCodeData;path=/Task/Hello-world-Text/Bird/hello-world-text.bird,Bird (Rosetta Code),Bird,Bird (Rosetta Code),the contributor (the language heading the solution is filed under on rosettacode.org),RosettaCodeData@1d47586,,,,not-in-linguist;invented-ext;tiny,Task/Hello-world-Text/Bird/hello-world-text.bird,2
rosetta:192d5da99f19,gold,.blade,d2d402c3dceabfdd7bc2bcbbcee8380e591e531b,100-doors-1.blade,swh:1:cnt:d2d402c3dceabfdd7bc2bcbbcee8380e591e531b;origin=https://github.com/acmeism/RosettaCodeData;path=/Task/100-doors/Blade/100-doors-1.blade,Blade (Rosetta Code),Blade,Blade (Rosetta Code),the contributor (the language heading the solution is filed under on rosettacode.org),RosettaCodeData@1d47586,,,,not-in-linguist;misleading-ext,Task/100-doors/Blade/100-doors-1.blade,9
rosetta:fdc6080045a1,gold,.blade,7bb5c98658e17ce2f524d7c73ffdad9977188549,here-document.blade,swh:1:cnt:7bb5c98658e17ce2f524d7c73ffdad9977188549;origin=https://github.com/acmeism/RosettaCodeData;path=/Task/Here-document/Blade/here-document.blade,Blade (Rosetta Code),Blade,Blade (Rosetta Code),the contributor (the language heading the solution is filed under on rosettacode.org),RosettaCodeData@1d47586,,,,not-in-linguist;misleading-ext;tiny,Task/Here-document/Blade/here-document.blade,9
rosetta:897fab6153b2,gold,.blast,1e32b546326f2172372f75216f4717e42afc6372,hello-world-text-1.blast,swh:1:cnt:1e32b546326f2172372f75216f4717e42afc6372;origin=https://github.com/acmeism/RosettaCodeData;path=/Task/Hello-world-Text/Blast/hello-world-text-1.blast,Blast,Blast,Blast,the contributor (the language heading the solution is filed under on rosettacode.org),RosettaCodeData@1d47586,,,,not-in-linguist;invented-ext,Task/Hello-world-Text/Blast/hello-world-text-1.blast,5
rosetta:99e82fd41e16,gold,.blast,d50a20c76fd129415cb76d209f70540bc9d8ce22,terminal-control-cursor-positioning.blast,swh:1:cnt:d50a20c76fd129415cb76d209f70540bc9d8ce22;origin=https://github.com/acmeism/RosettaCodeData;path=/Task/Terminal-control-Cursor-positioning/Blast/terminal-control-cursor-positioning.blast,Blast,Blast,Blast,the contributor (the language heading the solution is filed under on rosettacode.org),RosettaCodeData@1d47586,,,,not-in-linguist;invented-ext,Task/Terminal-control-Cursor-positioning/Blast/terminal-control-cursor-positioning.blast,5
rosetta:6b2b3c67c607,gold,.blitz,d65836e8794235bc38ad68d599b9c6e231fc24b2,function-definition.blitz,swh:1:cnt:d65836e8794235bc38ad68d599b9c6e231fc24b2;origin=https://github.com/acmeism/RosettaCodeData;path=/Task/Function-definition/BlitzMax/function-definition.blitz,BlitzMax,BlitzMax,BlitzMax;bmax,the contributor (the language heading the solution is filed under on rosettacode.org),RosettaCodeData@1d47586,,,,in-linguist;invented-ext;tiny,Task/Function-definition/BlitzMax/function-definition.blitz,6
rosetta:df33d6943aa5,gold,.blitz,f0d3f945c5c9a7c2fa837eddaea653995d49da91,number-names.blitz,swh:1:cnt:f0d3f945c5c9a7c2fa837eddaea653995d49da91;origin=https://github.com/acmeism/RosettaCodeData;path=/Task/Number-names/BlitzMax/number-names.blitz,BlitzMax,BlitzMax,BlitzMax;bmax,the contributor (the language heading the solution is filed under on rosettacode.org),RosettaCodeData@1d47586,,,,in-linguist;invented-ext,Task/Number-names/BlitzMax/number-names.blitz,6
rosetta:2b019e3e8339,gold,.bloop,576bb9108e43bd35397586b3eb4b91727135747b,100-doors.bloop,swh:1:cnt:576bb9108e43bd35397586b3eb4b91727135747b;origin=https://github.com/acmeism/RosettaCodeData;path=/Task/100-doors/BlooP/100-doors.bloop,BlooP,BlooP,BlooP,the contributor (the language heading the solution is filed under on rosettacode.org),RosettaCodeData@1d47586,,,,not-in-linguist;invented-ext,Task/100-doors/BlooP/100-doors.bloop,4
rosetta:7f4d0cd97819,gold,.bloop,1e649293f5c49d0bbbd2f38d8f4cb917eeb17570,a+b.bloop,swh:1:cnt:1e649293f5c49d0bbbd2f38d8f4cb917eeb17570;origin=https://github.com/acmeism/RosettaCodeData;path=/Task/A+B/BlooP/a+b.bloop,BlooP,BlooP,BlooP,the contributor (the language heading the solution is filed under on rosettacode.org),RosettaCodeData@1d47586,,,,not-in-linguist;invented-ext;tiny,Task/A+B/BlooP/a+b.bloop,4
rosetta:8c27fec88f1d,gold,.blue,19a4ba7c3cb3316295e5302807301adaf3746af8,create-a-file.blue,swh:1:cnt:19a4ba7c3cb3316295e5302807301adaf3746af8;origin=https://github.com/acmeism/RosettaCodeData;path=/Task/Create-a-file/Blue/create-a-file.blue,Blue,Blue,Blue,the contributor (the language heading the solution is filed under on rosettacode.org),RosettaCodeData@1d47586,,,,not-in-linguist;invented-ext,Task/Create-a-file/Blue/create-a-file.blue,7
rosetta:1e01080621cd,gold,.blue,eadfa70bdb25f1531c0fe05fb46d46b80b76d19e,terminal-control-clear-the-screen.blue,swh:1:cnt:eadfa70bdb25f1531c0fe05fb46d46b80b76d19e;origin=https://github.com/acmeism/RosettaCodeData;path=/Task/Terminal-control-Clear-the-screen/Blue/terminal-control-clear-the-screen.blue,Blue,Blue,Blue,the contributor (the language heading the solution is filed under on rosettacode.org),RosettaCodeData@1d47586,,,,not-in-linguist;invented-ext,Task/Terminal-control-Clear-the-screen/Blue/terminal-control-clear-the-screen.blue,7
rosetta:468477b75060,gold,.blz,491c719e160e5d65ddabf33bb80802932acad119,fizzbuzz.blz,swh:1:cnt:491c719e160e5d65ddabf33bb80802932acad119;origin=https://github.com/acmeism/RosettaCodeData;path=/Task/FizzBuzz/Blz/fizzbuzz.blz,Blz,Blz,Blz,the contributor (the language heading the solution is filed under on rosettacode.org),RosettaCodeData@1d47586,,,,not-in-linguist;invented-ext,Task/FizzBuzz/Blz/fizzbuzz.blz,18
rosetta:36a8a0a088e2,gold,.blz,6b78c771c2e58de716a65e9759c69c5e1ab2e10b,loops-for.blz,swh:1:cnt:6b78c771c2e58de716a65e9759c69c5e1ab2e10b;origin=https://github.com/acmeism/RosettaCodeData;path=/Task/Loops-For/Blz/loops-for.blz,Blz,Blz,Blz,the contributor (the language heading the solution is filed under on rosettacode.org),RosettaCodeData@1d47586,,,,not-in-linguist;invented-ext,Task/Loops-For/Blz/loops-for.blz,18
rosetta:d771d547e798,gold,.bml,661b0a3bd1e0c3c0aaf8b38ea22556e75edaf953,arrays.bml,swh:1:cnt:661b0a3bd1e0c3c0aaf8b38ea22556e75edaf953;origin=https://github.com/acmeism/RosettaCodeData;path=/Task/Arrays/BML/arrays.bml,BML,BML,BML,the contributor (the language heading the solution is filed under on rosettacode.org),RosettaCodeData@1d47586,,,,not-in-linguist;invented-ext,Task/Arrays/BML/arrays.bml,3
rosetta:b1567e1bddac,gold,.boo,8acd841f4a698db938b6ebd9c91fefa16f3a9989,arrays.boo,swh:1:cnt:8acd841f4a698db938b6ebd9c91fefa16f3a9989;origin=https://github.com/acmeism/RosettaCodeData;path=/Task/Arrays/Boo/arrays.boo,Boo,Boo,Boo,the contributor (the language heading the solution is filed under on rosettacode.org),RosettaCodeData@1d47586,,,,in-linguist,Task/Arrays/Boo/arrays.boo,5
rosetta:bb9bee482844,gold,.boo,3770c500ca836884ac7c59b0c867b331a3d3154d,function-definition.boo,swh:1:cnt:3770c500ca836884ac7c59b0c867b331a3d3154d;origin=https://github.com/acmeism/RosettaCodeData;path=/Task/Function-definition/Boo/function-definition.boo,Boo,Boo,Boo,the contributor (the language heading the solution is filed under on rosettacode.org),RosettaCodeData@1d47586,,,,in-linguist;tiny,Task/Function-definition/Boo/function-definition.boo,5
rosetta:5af3df252762,gold,.basic,0e3ee6d469a9b9802cc52578b98049981bc69d2f,fibonacci-sequence.basic,swh:1:cnt:0e3ee6d469a9b9802cc52578b98049981bc69d2f;origin=https://github.com/acmeism/RosettaCodeData;path=/Task/Fibonacci-sequence/BootBASIC/fibonacci-sequence.basic,BootBASIC,BootBASIC,BootBASIC,the contributor (the language heading the solution is filed under on rosettacode.org),RosettaCodeData@1d47586,,,,not-in-linguist;invented-ext,Task/Fibonacci-sequence/BootBASIC/fibonacci-sequence.basic,10
rosetta:51a6f826b216,gold,.basic,6d4372dbaa0ae03124d89d09a61e0ebddd7b38e8,loops-break.basic,swh:1:cnt:6d4372dbaa0ae03124d89d09a61e0ebddd7b38e8;origin=https://github.com/acmeism/RosettaCodeData;path=/Task/Loops-Break/BootBASIC/loops-break.basic,BootBASIC,BootBASIC,BootBASIC,the contributor (the language heading the solution is filed under on rosettacode.org),RosettaCodeData@1d47586,,,,not-in-linguist;invented-ext,Task/Loops-Break/BootBASIC/loops-break.basic,10
rosetta:e2182afba877,gold,.bori,3382566832e8c6e3a6e8ee8471d4d28c9530f978,conditional-structures.bori,swh:1:cnt:3382566832e8c6e3a6e8ee8471d4d28c9530f978;origin=https://github.com/acmeism/RosettaCodeData;path=/Task/Conditional-structures/Bori/conditional-structures.bori,Bori,Bori,Bori,the contributor (the language heading the solution is filed under on rosettacode.org),RosettaCodeData@1d47586,,,,not-in-linguist;invented-ext,Task/Conditional-structures/Bori/conditional-structures.bori,6
rosetta:80fb9654b1c0,gold,.bori,62c65638749db142dd597f8d8bf4cc9af95c534e,first-class-functions-2.bori,swh:1:cnt:62c65638749db142dd597f8d8bf4cc9af95c534e;origin=https://github.com/acmeism/RosettaCodeData;path=/Task/First-class-functions/Bori/first-class-functions-2.bori,Bori,Bori,Bori,the contributor (the language heading the solution is filed under on rosettacode.org),RosettaCodeData@1d47586,,,,not-in-linguist;invented-ext;tiny,Task/First-class-functions/Bori/first-class-functions-2.bori,6
rosetta:4fc386aea043,gold,.bqn,028c3d10f75f616bac9ed251f25cd6043ac8cc42,lah-numbers-2.bqn,swh:1:cnt:028c3d10f75f616bac9ed251f25cd6043ac8cc42;origin=https://github.com/acmeism/RosettaCodeData;path=/Task/Lah-numbers/BQN/lah-numbers-2.bqn,BQN,BQN,BQN,the contributor (the language heading the solution is filed under on rosettacode.org),RosettaCodeData@1d47586,,,,in-linguist,Task/Lah-numbers/BQN/lah-numbers-2.bqn,461
rosetta:4f9bd5e705b8,gold,.bqn,646955b5bba3faa16eac8454bd71ef0433c81785,tau-number-1.bqn,swh:1:cnt:646955b5bba3faa16eac8454bd71ef0433c81785;origin=https://github.com/acmeism/RosettaCodeData;path=/Task/Tau-number/BQN/tau-number-1.bqn,BQN,BQN,BQN,the contributor (the language heading the solution is filed under on rosettacode.org),RosettaCodeData@1d47586,,,,in-linguist,Task/Tau-number/BQN/tau-number-1.bqn,461
rosetta:5a8c7096c4f1,gold,.brace,7e9f77a1492335a442c7c9853851749f5aae2ed2,hello-world-text.brace,swh:1:cnt:7e9f77a1492335a442c7c9853851749f5aae2ed2;origin=https://github.com/acmeism/RosettaCodeData;path=/Task/Hello-world-Text/Brace/hello-world-text.brace,Brace,Brace,Brace,the contributor (the language heading the solution is filed under on rosettacode.org),RosettaCodeData@1d47586,,,,not-in-linguist;invented-ext;tiny,Task/Hello-world-Text/Brace/hello-world-text.brace,2
rosetta:bf3895a33e18,gold,.brace,4fbdc1ba8fbcef8925bf017ba9cc27f7bfbe493b,mandelbrot-set.brace,swh:1:cnt:4fbdc1ba8fbcef8925bf017ba9cc27f7bfbe493b;origin=https://github.com/acmeism/RosettaCodeData;path=/Task/Mandelbrot-set/Brace/mandelbrot-set.brace,Brace,Brace,Brace,the contributor (the language heading the solution is filed under on rosettacode.org),RosettaCodeData@1d47586,,,,not-in-linguist;invented-ext,Task/Mandelbrot-set/Brace/mandelbrot-set.brace,2
rosetta:6655d23d6051,gold,.bracmat,7ec0df56290c3bf94b17c79f78bcc4b011bf8362,aks-test-for-primes-2.bracmat,swh:1:cnt:7ec0df56290c3bf94b17c79f78bcc4b011bf8362;origin=https://github.com/acmeism/RosettaCodeData;path=/Task/AKS-test-for-primes/Bracmat/aks-test-for-primes-2.bracmat,Bracmat,Bracmat,Bracmat,the contributor (the language heading the solution is filed under on rosettacode.org),RosettaCodeData@1d47586,,,,not-in-linguist;invented-ext,Task/AKS-test-for-primes/Bracmat/aks-test-for-primes-2.bracmat,370
rosetta:93c46126972b,gold,.bracmat,f49dee1129ffdb819c46b39c94f23bb2d5221f32,variable-length-quantity.bracmat,swh:1:cnt:f49dee1129ffdb819c46b39c94f23bb2d5221f32;origin=https://github.com/acmeism/RosettaCodeData;path=/Task/Variable-length-quantity/Bracmat/variable-length-quantity.bracmat,Bracmat,Bracmat,Bracmat,the contributor (the language heading the solution is filed under on rosettacode.org),RosettaCodeData@1d47586,,,,not-in-linguist;invented-ext,Task/Variable-length-quantity/Bracmat/variable-length-quantity.bracmat,370
rosetta:788b3ebbff74,gold,.bf,4328cbe07a4cb914c434c60d5d4539d20a2cf73e,generate-lower-case-ascii-alphabet-1.bf,swh:1:cnt:4328cbe07a4cb914c434c60d5d4539d20a2cf73e;origin=https://github.com/acmeism/RosettaCodeData;path=/Task/Generate-lower-case-ASCII-alphabet/Brainf---/generate-lower-case-ascii-alphabet-1.bf,Brainfuck,Brainf***,Brainfuck;Brainf***,the contributor (the language heading the solution is filed under on rosettacode.org),RosettaCodeData@1d47586,,,,in-linguist;ambiguous-ext,Task/Generate-lower-case-ASCII-alphabet/Brainf---/generate-lower-case-ascii-alphabet-1.bf,53
rosetta:fc9c76698f2c,gold,.bf,670e159e9cef025d9681c4927c398ac99d29667d,write-language-name-in-3d-ascii.bf,swh:1:cnt:670e159e9cef025d9681c4927c398ac99d29667d;origin=https://github.com/acmeism/RosettaCodeData;path=/Task/Write-language-name-in-3D-ASCII/Brainf---/write-language-name-in-3d-ascii.bf,Brainfuck,Brainf***,Brainfuck;Brainf***,the contributor (the language heading the solution is filed under on rosettacode.org),RosettaCodeData@1d47586,,,,in-linguist;ambiguous-ext,Task/Write-language-name-in-3D-ASCII/Brainf---/write-language-name-in-3d-ascii.bf,53
rosetta:c8a022f04a65,gold,.brat,45065fdb72e9f11800c3eff4447eac57a5889ff5,balanced-brackets.brat,swh:1:cnt:45065fdb72e9f11800c3eff4447eac57a5889ff5;origin=https://github.com/acmeism/RosettaCodeData;path=/Task/Balanced-brackets/Brat/balanced-brackets.brat,Brat,Brat,Brat,the contributor (the language heading the solution is filed under on rosettacode.org),RosettaCodeData@1d47586,,,,not-in-linguist;invented-ext,Task/Balanced-brackets/Brat/balanced-brackets.brat,71
rosetta:d349986bd4c0,gold,.brat,cc0e6851cb721205007365dc22ad9d0f3ae71796,regular-expressions-1.brat,swh:1:cnt:cc0e6851cb721205007365dc22ad9d0f3ae71796;origin=https://github.com/acmeism/RosettaCodeData;path=/Task/Regular-expressions/Brat/regular-expressions-1.brat,Brat,Brat,Brat,the contributor (the language heading the solution is filed under on rosettacode.org),RosettaCodeData@1d47586,,,,not-in-linguist;invented-ext,Task/Regular-expressions/Brat/regular-expressions-1.brat,71
rosetta:684456996681,gold,.brlcad,62cb95eef8e0b0cf53cd9f24a6a82f57c3bd01a9,case-sensitivity-of-identifiers.brlcad,swh:1:cnt:62cb95eef8e0b0cf53cd9f24a6a82f57c3bd01a9;origin=https://github.com/acmeism/RosettaCodeData;path=/Task/Case-sensitivity-of-identifiers/Brlcad/case-sensitivity-of-identifiers.brlcad,Brlcad,Brlcad,Brlcad,the contributor (the language heading the solution is filed under on rosettacode.org),RosettaCodeData@1d47586,,,,not-in-linguist;invented-ext,Task/Case-sensitivity-of-identifiers/Brlcad/case-sensitivity-of-identifiers.brlcad,8
rosetta:610dc3c7022c,gold,.brlcad,7cb55735f207c14051348feb441ef62050f0ae3d,death-star.brlcad,swh:1:cnt:7cb55735f207c14051348feb441ef62050f0ae3d;origin=https://github.com/acmeism/RosettaCodeData;path=/Task/Death-Star/Brlcad/death-star.brlcad,Brlcad,Brlcad,Brlcad,the contributor (the language heading the solution is filed under on rosettacode.org),RosettaCodeData@1d47586,,,,not-in-linguist;invented-ext,Task/Death-Star/Brlcad/death-star.brlcad,8
rosetta:aeef4f74e7d3,gold,.bruijn,5fe7e558e63c512104dc67f8b1f5524cf6a90b80,factorial.bruijn,swh:1:cnt:5fe7e558e63c512104dc67f8b1f5524cf6a90b80;origin=https://github.com/acmeism/RosettaCodeData;path=/Task/Factorial/Bruijn/factorial.bruijn,Bruijn,Bruijn,Bruijn,the contributor (the language heading the solution is filed under on rosettacode.org),RosettaCodeData@1d47586,,,,not-in-linguist;invented-ext;tiny,Task/Factorial/Bruijn/factorial.bruijn,40
rosetta:1b08653f6861,gold,.bruijn,f78164138e44144312ae664bb01116d373827fb4,variadic-fixed-point-combinator.bruijn,swh:1:cnt:f78164138e44144312ae664bb01116d373827fb4;origin=https://github.com/acmeism/RosettaCodeData;path=/Task/Variadic-fixed-point-combinator/Bruijn/variadic-fixed-point-combinator.bruijn,Bruijn,Bruijn,Bruijn,the contributor (the language heading the solution is filed under on rosettacode.org),RosettaCodeData@1d47586,,,,not-in-linguist;invented-ext,Task/Variadic-fixed-point-combinator/Bruijn/variadic-fixed-point-combinator.bruijn,40
rosetta:a971d6fd67d0,gold,.blq,25a892b3b05900f78dac724ef422f1c96e38a673,interactive-programming-repl-.blq,swh:1:cnt:25a892b3b05900f78dac724ef422f1c96e38a673;origin=https://github.com/acmeism/RosettaCodeData;path=/Task/Interactive-programming-repl-/Burlesque/interactive-programming-repl-.blq,Burlesque,Burlesque,Burlesque,the contributor (the language heading the solution is filed under on rosettacode.org),RosettaCodeData@1d47586,,,,not-in-linguist;invented-ext;tiny,Task/Interactive-programming-repl-/Burlesque/interactive-programming-repl-.blq,88
rosetta:0203fbe59e13,gold,.blq,2d3851478a854a4454a29f4be310f6841168c4b6,strip-whitespace-from-a-string-top-and-tail.blq,swh:1:cnt:2d3851478a854a4454a29f4be310f6841168c4b6;origin=https://github.com/acmeism/RosettaCodeData;path=/Task/Strip-whitespace-from-a-string-Top-and-tail/Burlesque/strip-whitespace-from-a-string-top-and-tail.blq,Burlesque,Burlesque,Burlesque,the contributor (the language heading the solution is filed under on rosettacode.org),RosettaCodeData@1d47586,,,,not-in-linguist;invented-ext,Task/Strip-whitespace-from-a-string-Top-and-tail/Burlesque/strip-whitespace-from-a-string-top-and-tail.blq,88
rosetta:275522f6a498,gold,.c,035755e086cae50d3fa5766c25d67eda41e7063e,gotchas-3.c,swh:1:cnt:035755e086cae50d3fa5766c25d67eda41e7063e;origin=https://github.com/acmeism/RosettaCodeData;path=/Task/Gotchas/C/gotchas-3.c,C,C,C,the contributor (the language heading the solution is filed under on rosettacode.org),RosettaCodeData@1d47586,,,,in-linguist;tiny,Task/Gotchas/C/gotchas-3.c,1915
rosetta:fe4fd7773a03,gold,.c,8309fad5161856f0886de3d2cafe85710a7264e4,read-a-configuration-file.c,swh:1:cnt:8309fad5161856f0886de3d2cafe85710a7264e4;origin=https://github.com/acmeism/RosettaCodeData;path=/Task/Read-a-configuration-file/C/read-a-configuration-file.c,C,C,C,the contributor (the language heading the solution is filed under on rosettacode.org),RosettaCodeData@1d47586,,,,in-linguist,Task/Read-a-configuration-file/C/read-a-configuration-file.c,1915
rosetta:46fa5b8abe1e,gold,.cs,536b1f3c8efd90935dcf4996a775ec085b6e2644,five-weekends-1.cs,swh:1:cnt:536b1f3c8efd90935dcf4996a775ec085b6e2644;origin=https://github.com/acmeism/RosettaCodeData;path=/Task/Five-weekends/C-sharp/five-weekends-1.cs,C#,C sharp,C#;csharp;cake;cakescript;C sharp,the contributor (the language heading the solution is filed under on rosettacode.org),RosettaCodeData@1d47586,,,,in-linguist;ambiguous-ext,Task/Five-weekends/C-sharp/five-weekends-1.cs,1465
rosetta:65a63b2d35fe,gold,.cs,11a8529641438a1df3a4cb0995e7bb47b206f0d8,one-dimensional-cellular-automata.cs,swh:1:cnt:11a8529641438a1df3a4cb0995e7bb47b206f0d8;origin=https://github.com/acmeism/RosettaCodeData;path=/Task/One-dimensional-cellular-automata/C-sharp/one-dimensional-cellular-automata.cs,C#,C sharp,C#;csharp;cake;cakescript;C sharp,the contributor (the language heading the solution is filed under on rosettacode.org),RosettaCodeData@1d47586,,,,in-linguist;ambiguous-ext,Task/One-dimensional-cellular-automata/C-sharp/one-dimensional-cellular-automata.cs,1465
rosetta:0126119a3689,gold,.csh,edc55e11f816904c209b66ad78e64ee9cea7fbc5,factorial.csh,swh:1:cnt:edc55e11f816904c209b66ad78e64ee9cea7fbc5;origin=https://github.com/acmeism/RosettaCodeData;path=/Task/Factorial/C-Shell/factorial.csh,Tcsh,C Shell,Tcsh;C Shell,the contributor (the language heading the solution is filed under on rosettacode.org),RosettaCodeData@1d47586,,,,in-linguist,Task/Factorial/C-Shell/factorial.csh,34
rosetta:72461bb0b73e,gold,.csh,f944599612ea3ae5c9ee0258f3d4eec465497915,least-common-multiple.csh,swh:1:cnt:f944599612ea3ae5c9ee0258f3d4eec465497915;origin=https://github.com/acmeism/RosettaCodeData;path=/Task/Least-common-multiple/C-Shell/least-common-multiple.csh,Tcsh,C Shell,Tcsh;C Shell,the contributor (the language heading the solution is filed under on rosettacode.org),RosettaCodeData@1d47586,,,,in-linguist,Task/Least-common-multiple/C-Shell/least-common-multiple.csh,34
rosetta:6f09e83aded5,gold,.cpp,7fdd5c48952c8b825074851c368562977fd7c66b,continued-fraction-arithmetic-g-matrix-ng-continued-fraction-n--4.cpp,swh:1:cnt:7fdd5c48952c8b825074851c368562977fd7c66b;origin=https://github.com/acmeism/RosettaCodeData;path=/Task/Continued-fraction-Arithmetic-G-matrix-ng-continued-fraction-n-/C++/continued-fraction-arithmetic-g-matrix-ng-continued-fraction-n--4.cpp,C++,C++,C++;cpp,the contributor (the language heading the solution is filed under on rosettacode.org),RosettaCodeData@1d47586,,,,in-linguist,Task/Continued-fraction-Arithmetic-G-matrix-ng-continued-fraction-n-/C++/continued-fraction-arithmetic-g-matrix-ng-continued-fraction-n--4.cpp,1950
rosetta:a3c6de4deb1f,gold,.cpp,feb59b71722347aa8d49ff777336f969c623476c,piprimes.cpp,swh:1:cnt:feb59b71722347aa8d49ff777336f969c623476c;origin=https://github.com/acmeism/RosettaCodeData;path=/Task/Piprimes/C++/piprimes.cpp,C++,C++,C++;cpp,the contributor (the language heading the solution is filed under on rosettacode.org),RosettaCodeData@1d47586,,,,in-linguist,Task/Piprimes/C++/piprimes.cpp,1950
rosetta:c0eb5dd1a625,gold,.cpp,f91f85a33b069f9112c7f2ce399aa7bd72fbaad1,color-of-a-screen-pixel.cpp,swh:1:cnt:f91f85a33b069f9112c7f2ce399aa7bd72fbaad1;origin=https://github.com/acmeism/RosettaCodeData;path=/Task/Color-of-a-screen-pixel/C++-CLI/color-of-a-screen-pixel.cpp,C++/CLI,C++/CLI,C++/CLI,the contributor (the language heading the solution is filed under on rosettacode.org),RosettaCodeData@1d47586,,,,not-in-linguist;misleading-ext,Task/Color-of-a-screen-pixel/C++-CLI/color-of-a-screen-pixel.cpp,3
rosetta:2f6b50ad934f,gold,.cpp,ec50ca20459a727f2cf9331e9fbd760e16d0cd33,hello-world-text.cpp,swh:1:cnt:ec50ca20459a727f2cf9331e9fbd760e16d0cd33;origin=https://github.com/acmeism/RosettaCodeData;path=/Task/Hello-world-Text/C++-CLI/hello-world-text.cpp,C++/CLI,C++/CLI,C++/CLI,the contributor (the language heading the solution is filed under on rosettacode.org),RosettaCodeData@1d47586,,,,not-in-linguist;misleading-ext,Task/Hello-world-Text/C++-CLI/hello-world-text.cpp,3
rosetta:6afbda70e0e4,gold,.c,d0dfd5909d82d3b5b7b01b26b8c849a0fd65c316,99-bottles-of-beer.c,swh:1:cnt:d0dfd5909d82d3b5b7b01b26b8c849a0fd65c316;origin=https://github.com/acmeism/RosettaCodeData;path=/Task/99-bottles-of-beer/C-vFP16/99-bottles-of-beer.c,C/vFP16,C/vFP16,C/vFP16,the contributor (the language heading the solution is filed under on rosettacode.org),RosettaCodeData@1d47586,,,,not-in-linguist;misleading-ext,Task/99-bottles-of-beer/C-vFP16/99-bottles-of-beer.c,1
rosetta:1ddf07d62f27,gold,.c2,60d7c93b97aa64f4494569e5c69bb5d2825d491a,hello-world-text.c2,swh:1:cnt:60d7c93b97aa64f4494569e5c69bb5d2825d491a;origin=https://github.com/acmeism/RosettaCodeData;path=/Task/Hello-world-Text/C2/hello-world-text.c2,C2,C2,C2,the contributor (the language heading the solution is filed under on rosettacode.org),RosettaCodeData@1d47586,,,,not-in-linguist;invented-ext,Task/Hello-world-Text/C2/hello-world-text.c2,1
rosetta:582d6e3dae4f,gold,.c3,801cd99b49b2a47d4670ca0b9636512abcf8cff5,eban-numbers.c3,swh:1:cnt:801cd99b49b2a47d4670ca0b9636512abcf8cff5;origin=https://github.com/acmeism/RosettaCodeData;path=/Task/Eban-numbers/C3/eban-numbers.c3,C3,C3,C3,the contributor (the language heading the solution is filed under on rosettacode.org),RosettaCodeData@1d47586,,,,in-linguist,Task/Eban-numbers/C3/eban-numbers.c3,50
rosetta:e801416f5562,gold,.c3,8c56382227ef67122382f73e20c2e8db55c95db0,leap-year.c3,swh:1:cnt:8c56382227ef67122382f73e20c2e8db55c95db0;origin=https://github.com/acmeism/RosettaCodeData;path=/Task/Leap-year/C3/leap-year.c3,C3,C3,C3,the contributor (the language heading the solution is filed under on rosettacode.org),RosettaCodeData@1d47586,,,,in-linguist,Task/Leap-year/C3/leap-year.c3,50
rosetta:bd4a1bb563b1,gold,.cafeobj,99f430610f36f7ffd42eba1b0a4ee224f0405c7a,dijkstras-algorithm.cafeobj,swh:1:cnt:99f430610f36f7ffd42eba1b0a4ee224f0405c7a;origin=https://github.com/acmeism/RosettaCodeData;path=/Task/Dijkstras-algorithm/CafeOBJ/dijkstras-algorithm.cafeobj,CafeOBJ,CafeOBJ,CafeOBJ,the contributor (the language heading the solution is filed under on rosettacode.org),RosettaCodeData@1d47586,,,,not-in-linguist;invented-ext,Task/Dijkstras-algorithm/CafeOBJ/dijkstras-algorithm.cafeobj,4
rosetta:cd73b9fccc34,gold,.cafeobj,e5c479315b3d409cdfd34f7ebede602c85e3b75a,remove-duplicate-elements-2.cafeobj,swh:1:cnt:e5c479315b3d409cdfd34f7ebede602c85e3b75a;origin=https://github.com/acmeism/RosettaCodeData;path=/Task/Remove-duplicate-elements/CafeOBJ/remove-duplicate-elements-2.cafeobj,CafeOBJ,CafeOBJ,CafeOBJ,the contributor (the language heading the solution is filed under on rosettacode.org),RosettaCodeData@1d47586,,,,not-in-linguist;invented-ext,Task/Remove-duplicate-elements/CafeOBJ/remove-duplicate-elements-2.cafeobj,4
rosetta:174e505c2af3,gold,.basic,57b05db04a2824179c90a8b96f2d8819def2db3b,conways-game-of-life.basic,swh:1:cnt:57b05db04a2824179c90a8b96f2d8819def2db3b;origin=https://github.com/acmeism/RosettaCodeData;path=/Task/Conways-Game-of-Life/Casio-BASIC/conways-game-of-life.basic,Casio BASIC,Casio BASIC,Casio BASIC,the contributor (the language heading the solution is filed under on rosettacode.org),RosettaCodeData@1d47586,,,,not-in-linguist;invented-ext,Task/Conways-Game-of-Life/Casio-BASIC/conways-game-of-life.basic,5
rosetta:f30ab8b86664,gold,.basic,2c2bf565eb0131acce24a2a7bb0338fce0e1514f,hello-world-graphical-1.basic,swh:1:cnt:2c2bf565eb0131acce24a2a7bb0338fce0e1514f;origin=https://github.com/acmeism/RosettaCodeData;path=/Task/Hello-world-Graphical/Casio-BASIC/hello-world-graphical-1.basic,Casio BASIC,Casio BASIC,Casio BASIC,the contributor (the language heading the solution is filed under on rosettacode.org),RosettaCodeData@1d47586,,,,not-in-linguist;invented-ext,Task/Hello-world-Graphical/Casio-BASIC/hello-world-graphical-1.basic,5
rosetta:2c83ba55b4a1,gold,.cat,592820fc427a03c92033f027b2b25a71b8ad52ee,fibonacci-sequence.cat,swh:1:cnt:592820fc427a03c92033f027b2b25a71b8ad52ee;origin=https://github.com/acmeism/RosettaCodeData;path=/Task/Fibonacci-sequence/Cat/fibonacci-sequence.cat,Cat,Cat,Cat,the contributor (the language heading the solution is filed under on rosettacode.org),RosettaCodeData@1d47586,,,,not-in-linguist;invented-ext,Task/Fibonacci-sequence/Cat/fibonacci-sequence.cat,3
rosetta:838d36a382c8,gold,.basic,6f704244a791bb260c92b461df1007a25419ce6b,binary-digits.basic,swh:1:cnt:6f704244a791bb260c92b461df1007a25419ce6b;origin=https://github.com/acmeism/RosettaCodeData;path=/Task/Binary-digits/CBASIC/binary-digits.basic,CBASIC,CBASIC,CBASIC,the contributor (the language heading the solution is filed under on rosettacode.org),RosettaCodeData@1d47586,,,,not-in-linguist;invented-ext,Task/Binary-digits/CBASIC/binary-digits.basic,10
rosetta:224ef9a21f83,gold,.basic,35bb0c4f57749ee6fc8d5b24e34f8f169df6b649,harmonic-series.basic,swh:1:cnt:35bb0c4f57749ee6fc8d5b24e34f8f169df6b649;origin=https://github.com/acmeism/RosettaCodeData;path=/Task/Harmonic-series/CBASIC/harmonic-series.basic,CBASIC,CBASIC,CBASIC,the contributor (the language heading the solution is filed under on rosettacode.org),RosettaCodeData@1d47586,,,,not-in-linguist;invented-ext,Task/Harmonic-series/CBASIC/harmonic-series.basic,10
rosetta:e764b8f63d66,gold,.cduce,97d748993164e524301d7dd7adbd0523bfe39d1f,fizzbuzz.cduce,swh:1:cnt:97d748993164e524301d7dd7adbd0523bfe39d1f;origin=https://github.com/acmeism/RosettaCodeData;path=/Task/FizzBuzz/Cduce/fizzbuzz.cduce,Cduce,Cduce,Cduce,the contributor (the language heading the solution is filed under on rosettacode.org),RosettaCodeData@1d47586,,,,not-in-linguist;invented-ext,Task/FizzBuzz/Cduce/fizzbuzz.cduce,2
rosetta:c46d93fb8689,gold,.ceylon,63219cc353c57aa68edfbbd11fd8f8e951d1fa02,guess-the-number-with-feedback-player-.ceylon,swh:1:cnt:63219cc353c57aa68edfbbd11fd8f8e951d1fa02;origin=https://github.com/acmeism/RosettaCodeData;path=/Task/Guess-the-number-With-feedback-player-/Ceylon/guess-the-number-with-feedback-player-.ceylon,Ceylon,Ceylon,Ceylon,the contributor (the language heading the solution is filed under on rosettacode.org),RosettaCodeData@1d47586,,,,in-linguist,Task/Guess-the-number-With-feedback-player-/Ceylon/guess-the-number-with-feedback-player-.ceylon,102
rosetta:92a9fd305746,gold,.ceylon,e08aaea324291fce47f6894176594c41c862e1d8,s-expressions.ceylon,swh:1:cnt:e08aaea324291fce47f6894176594c41c862e1d8;origin=https://github.com/acmeism/RosettaCodeData;path=/Task/S-expressions/Ceylon/s-expressions.ceylon,Ceylon,Ceylon,Ceylon,the contributor (the language heading the solution is filed under on rosettacode.org),RosettaCodeData@1d47586,,,,in-linguist,Task/S-expressions/Ceylon/s-expressions.ceylon,102
rosetta:6bc4440b6a64,gold,.cfengine,8ce0d0e8d8a502ff22ed57ebd349d85392141ee9,a+b.cfengine,swh:1:cnt:8ce0d0e8d8a502ff22ed57ebd349d85392141ee9;origin=https://github.com/acmeism/RosettaCodeData;path=/Task/A+B/CFEngine/a+b.cfengine,CFEngine,CFEngine,CFEngine,the contributor (the language heading the solution is filed under on rosettacode.org),RosettaCodeData@1d47586,,,,not-in-linguist;invented-ext,Task/A+B/CFEngine/a+b.cfengine,7
rosetta:81934ede74ff,gold,.cfengine,e00bf478a0a94981f3e6d0fa839098c4566dbf25,integer-comparison.cfengine,swh:1:cnt:e00bf478a0a94981f3e6d0fa839098c4566dbf25;origin=https://github.com/acmeism/RosettaCodeData;path=/Task/Integer-comparison/CFEngine/integer-comparison.cfengine,CFEngine,CFEngine,CFEngine,the contributor (the language heading the solution is filed under on rosettacode.org),RosettaCodeData@1d47586,,,,not-in-linguist;invented-ext,Task/Integer-comparison/CFEngine/integer-comparison.cfengine,7
rosetta:8b10d8cbf0a8,gold,.chpl,2490cd2b52a6cb7bb2d6aa42f30a426d442b4de1,matrix-multiplication-2.chpl,swh:1:cnt:2490cd2b52a6cb7bb2d6aa42f30a426d442b4de1;origin=https://github.com/acmeism/RosettaCodeData;path=/Task/Matrix-multiplication/Chapel/matrix-multiplication-2.chpl,Chapel,Chapel,Chapel;chpl,the contributor (the language heading the solution is filed under on rosettacode.org),RosettaCodeData@1d47586,,,,in-linguist,Task/Matrix-multiplication/Chapel/matrix-multiplication-2.chpl,67
rosetta:743ecf95211b,gold,.chpl,d229a7de7f8b6d6d16b8ed7d2d64cff4e3831454,repeat-3.chpl,swh:1:cnt:d229a7de7f8b6d6d16b8ed7d2d64cff4e3831454;origin=https://github.com/acmeism/RosettaCodeData;path=/Task/Repeat/Chapel/repeat-3.chpl,Chapel,Chapel,Chapel;chpl,the contributor (the language heading the solution is filed under on rosettacode.org),RosettaCodeData@1d47586,,,,in-linguist,Task/Repeat/Chapel/repeat-3.chpl,67
rosetta:ee58468657e0,gold,.chef,d9cdcc940d8194f4217b176904e07d16f10dc263,multiplication-tables.chef,swh:1:cnt:d9cdcc940d8194f4217b176904e07d16f10dc263;origin=https://github.com/acmeism/RosettaCodeData;path=/Task/Multiplication-tables/Chef/multiplication-tables.chef,Chef,Chef,Chef,the contributor (the language heading the solution is filed under on rosettacode.org),RosettaCodeData@1d47586,,,,not-in-linguist;invented-ext,Task/Multiplication-tables/Chef/multiplication-tables.chef,11
rosetta:d6268ef5b4a4,gold,.chef,f98e6376eb571121698ec5ed80225754b24e9aa2,sum-and-product-of-an-array.chef,swh:1:cnt:f98e6376eb571121698ec5ed80225754b24e9aa2;origin=https://github.com/acmeism/RosettaCodeData;path=/Task/Sum-and-product-of-an-array/Chef/sum-and-product-of-an-array.chef,Chef,Chef,Chef,the contributor (the language heading the solution is filed under on rosettacode.org),RosettaCodeData@1d47586,,,,not-in-linguist;invented-ext,Task/Sum-and-product-of-an-array/Chef/sum-and-product-of-an-array.chef,11
rosetta:28d18539041d,gold,.cherrycake,f40c93d980b00d26662a28f581bd185d237fd662,fizzbuzz.cherrycake,swh:1:cnt:f40c93d980b00d26662a28f581bd185d237fd662;origin=https://github.com/acmeism/RosettaCodeData;path=/Task/FizzBuzz/Cherrycake/fizzbuzz.cherrycake,Cherrycake,Cherrycake,Cherrycake,the contributor (the language heading the solution is filed under on rosettacode.org),RosettaCodeData@1d47586,,,,not-in-linguist;invented-ext,Task/FizzBuzz/Cherrycake/fizzbuzz.cherrycake,2
rosetta:f7e91ec53b80,gold,.cherrycake,620381e349fe4fc6d3581f8f71859fcc7c07265a,literals-integer.cherrycake,swh:1:cnt:620381e349fe4fc6d3581f8f71859fcc7c07265a;origin=https://github.com/acmeism/RosettaCodeData;path=/Task/Literals-Integer/Cherrycake/literals-integer.cherrycake,Cherrycake,Cherrycake,Cherrycake,the contributor (the language heading the solution is filed under on rosettacode.org),RosettaCodeData@1d47586,,,,not-in-linguist;invented-ext;tiny,Task/Literals-Integer/Cherrycake/literals-integer.cherrycake,2
rosetta:9acec2cef77d,gold,.basic,afe6ef16060b9596fad30a8c974f6d49e6ab426f,append-numbers-at-same-position-in-strings.basic,swh:1:cnt:afe6ef16060b9596fad30a8c974f6d49e6ab426f;origin=https://github.com/acmeism/RosettaCodeData;path=/Task/Append-numbers-at-same-position-in-strings/Chipmunk-Basic/append-numbers-at-same-position-in-strings.basic,Chipmunk Basic,Chipmunk Basic,Chipmunk Basic,the contributor (the language heading the solution is filed under on rosettacode.org),RosettaCodeData@1d47586,,,,not-in-linguist;invented-ext,Task/Append-numbers-at-same-position-in-strings/Chipmunk-Basic/append-numbers-at-same-position-in-strings.basic,210
rosetta:b68c0067a1c9,gold,.basic,aed97412d253b17950feab49d7d3633a91f9a5ff,forbidden-numbers.basic,swh:1:cnt:aed97412d253b17950feab49d7d3633a91f9a5ff;origin=https://github.com/acmeism/RosettaCodeData;path=/Task/Forbidden-numbers/Chipmunk-Basic/forbidden-numbers.basic,Chipmunk Basic,Chipmunk Basic,Chipmunk Basic,the contributor (the language heading the solution is filed under on rosettacode.org),RosettaCodeData@1d47586,,,,not-in-linguist;invented-ext,Task/Forbidden-numbers/Chipmunk-Basic/forbidden-numbers.basic,210
rosetta:f96f39a1ea95,gold,.chuck,ddd37bd12b98dc16f800cc70cc55e0223c36b29b,integer-sequence.chuck,swh:1:cnt:ddd37bd12b98dc16f800cc70cc55e0223c36b29b;origin=https://github.com/acmeism/RosettaCodeData;path=/Task/Integer-sequence/ChucK/integer-sequence.chuck,ChucK,ChucK,ChucK,the contributor (the language heading the solution is filed under on rosettacode.org),RosettaCodeData@1d47586,,,,in-linguist;invented-ext;tiny,Task/Integer-sequence/ChucK/integer-sequence.chuck,23
rosetta:1c23b3ac705c,gold,.chuck,0caa1b5ebba7065111fcce848327f5b85acee915,loops-for-with-a-specified-step-2.chuck,swh:1:cnt:0caa1b5ebba7065111fcce848327f5b85acee915;origin=https://github.com/acmeism/RosettaCodeData;path=/Task/Loops-For-with-a-specified-step/ChucK/loops-for-with-a-specified-step-2.chuck,ChucK,ChucK,ChucK,the contributor (the language heading the solution is filed under on rosettacode.org),RosettaCodeData@1d47586,,,,in-linguist;invented-ext;tiny,Task/Loops-For-with-a-specified-step/ChucK/loops-for-with-a-specified-step-2.chuck,23
rosetta:f2cb1570630b,gold,.cind,a69177c246b696b345ed66596a5d9f45f0002fd6,99-bottles-of-beer.cind,swh:1:cnt:a69177c246b696b345ed66596a5d9f45f0002fd6;origin=https://github.com/acmeism/RosettaCodeData;path=/Task/99-bottles-of-beer/Cind/99-bottles-of-beer.cind,Cind,Cind,Cind,the contributor (the language heading the solution is filed under on rosettacode.org),RosettaCodeData@1d47586,,,,not-in-linguist;invented-ext,Task/99-bottles-of-beer/Cind/99-bottles-of-beer.cind,4
rosetta:439d9a5749de,gold,.cind,317f2ccf19e37b5aced029122825c727f1f58ac8,sockets.cind,swh:1:cnt:317f2ccf19e37b5aced029122825c727f1f58ac8;origin=https://github.com/acmeism/RosettaCodeData;path=/Task/Sockets/Cind/sockets.cind,Cind,Cind,Cind,the contributor (the language heading the solution is filed under on rosettacode.org),RosettaCodeData@1d47586,,,,not-in-linguist;invented-ext,Task/Sockets/Cind/sockets.cind,4
rosetta:65a57a90b409,gold,.clarion,c237f1520c8fb107816ca18d88ac49300555a4b0,100-doors.clarion,swh:1:cnt:c237f1520c8fb107816ca18d88ac49300555a4b0;origin=https://github.com/acmeism/RosettaCodeData;path=/Task/100-doors/Clarion/100-doors.clarion,Clarion,Clarion,Clarion,the contributor (the language heading the solution is filed under on rosettacode.org),RosettaCodeData@1d47586,,,,in-linguist;invented-ext,Task/100-doors/Clarion/100-doors.clarion,1
rosetta:5522c266ba55,gold,.clay,dac494996951b126370537daa084dd46f10c646d,euler-method.clay,swh:1:cnt:dac494996951b126370537daa084dd46f10c646d;origin=https://github.com/acmeism/RosettaCodeData;path=/Task/Euler-method/Clay/euler-method.clay,Clay,Clay,Clay,the contributor (the language heading the solution is filed under on rosettacode.org),RosettaCodeData@1d47586,,,,not-in-linguist;invented-ext,Task/Euler-method/Clay/euler-method.clay,14
rosetta:407435681dec,gold,.clay,fe58f2d2dbac55d0cd88b8d3b909f486565d1fa0,hello-world-text.clay,swh:1:cnt:fe58f2d2dbac55d0cd88b8d3b909f486565d1fa0;origin=https://github.com/acmeism/RosettaCodeData;path=/Task/Hello-world-Text/Clay/hello-world-text.clay,Clay,Clay,Clay,the contributor (the language heading the solution is filed under on rosettacode.org),RosettaCodeData@1d47586,,,,not-in-linguist;invented-ext;tiny,Task/Hello-world-Text/Clay/hello-world-text.clay,14
rosetta:e0a3813f1283,gold,.clean,c8bc6afd76e50159b1c23308f17f480d0fd91357,conditional-structures-2.clean,swh:1:cnt:c8bc6afd76e50159b1c23308f17f480d0fd91357;origin=https://github.com/acmeism/RosettaCodeData;path=/Task/Conditional-structures/Clean/conditional-structures-2.clean,Clean,Clean,Clean,the contributor (the language heading the solution is filed under on rosettacode.org),RosettaCodeData@1d47586,,,,in-linguist;invented-ext;tiny,Task/Conditional-structures/Clean/conditional-structures-2.clean,43
rosetta:2adf308fb7a0,gold,.clean,ca3be0a187f7697602a24a8c60a0a1d376524b4b,sort-an-integer-array.clean,swh:1:cnt:ca3be0a187f7697602a24a8c60a0a1d376524b4b;origin=https://github.com/acmeism/RosettaCodeData;path=/Task/Sort-an-integer-array/Clean/sort-an-integer-array.clean,Clean,Clean,Clean,the contributor (the language heading the solution is filed under on rosettacode.org),RosettaCodeData@1d47586,,,,in-linguist;invented-ext,Task/Sort-an-integer-array/Clean/sort-an-integer-array.clean,43
rosetta:b0ffe56ecd10,gold,.clio,18acb8c911a3e5ce71819e5fc74499286dc802c6,99-bottles-of-beer.clio,swh:1:cnt:18acb8c911a3e5ce71819e5fc74499286dc802c6;origin=https://github.com/acmeism/RosettaCodeData;path=/Task/99-bottles-of-beer/Clio/99-bottles-of-beer.clio,Clio,Clio,Clio,the contributor (the language heading the solution is filed under on rosettacode.org),RosettaCodeData@1d47586,,,,not-in-linguist;invented-ext,Task/99-bottles-of-beer/Clio/99-bottles-of-beer.clio,12
rosetta:1e88b1adf300,gold,.clio,fd988b45928102beb2f2e29299505e82d9dbb6fb,identity-matrix.clio,swh:1:cnt:fd988b45928102beb2f2e29299505e82d9dbb6fb;origin=https://github.com/acmeism/RosettaCodeData;path=/Task/Identity-matrix/Clio/identity-matrix.clio,Clio,Clio,Clio,the contributor (the language heading the solution is filed under on rosettacode.org),RosettaCodeData@1d47586,,,,not-in-linguist;invented-ext,Task/Identity-matrix/Clio/identity-matrix.clio,12
rosetta:9c7257a468d6,gold,.clipper,5c550391cd86e23bc79d6bd4b5ca5a8fe99b70f8,arrays-1.clipper,swh:1:cnt:5c550391cd86e23bc79d6bd4b5ca5a8fe99b70f8;origin=https://github.com/acmeism/RosettaCodeData;path=/Task/Arrays/Clipper/arrays-1.clipper,xBase,Clipper,xBase;advpl;clipper;foxpro;Clipper,the contributor (the language heading the solution is filed under on rosettacode.org),RosettaCodeData@1d47586,,,,in-linguist;invented-ext,Task/Arrays/Clipper/arrays-1.clipper,28
rosetta:49e9b916c879,gold,.clipper,3badbade7d65c6a4ac564d946636f30721c29034,jensens-device.clipper,swh:1:cnt:3badbade7d65c6a4ac564d946636f30721c29034;origin=https://github.com/acmeism/RosettaCodeData;path=/Task/Jensens-Device/Clipper/jensens-device.clipper,xBase,Clipper,xBase;advpl;clipper;foxpro;Clipper,the contributor (the language heading the solution is filed under on rosettacode.org),RosettaCodeData@1d47586,,,,in-linguist;invented-ext,Task/Jensens-Device/Clipper/jensens-device.clipper,28
rosetta:28ab98241c41,gold,.clipper++,e32f53ef58dd4df02eecacd951d0a8f9fc2bd391,array-length.clipper++,swh:1:cnt:e32f53ef58dd4df02eecacd951d0a8f9fc2bd391;origin=https://github.com/acmeism/RosettaCodeData;path=/Task/Array-length/Clipper-XBase++/array-length.clipper++,xBase,Clipper/XBase++,xBase;advpl;clipper;foxpro;Clipper/XBase++,the contributor (the language heading the solution is filed under on rosettacode.org),RosettaCodeData@1d47586,,,,in-linguist;invented-ext,Task/Array-length/Clipper-XBase++/array-length.clipper++,2
rosetta:3c466da6e8f4,gold,.clipper++,b3ab128454be722d2f0d0784a446926317cd2ff8,soundex.clipper++,swh:1:cnt:b3ab128454be722d2f0d0784a446926317cd2ff8;origin=https://github.com/acmeism/RosettaCodeData;path=/Task/Soundex/Clipper-XBase++/soundex.clipper++,xBase,Clipper/XBase++,xBase;advpl;clipper;foxpro;Clipper/XBase++,the contributor (the language heading the solution is filed under on rosettacode.org),RosettaCodeData@1d47586,,,,in-linguist;invented-ext,Task/Soundex/Clipper-XBase++/soundex.clipper++,2
rosetta:3e90069f49ab,gold,.clips,7cd844f270c24e9b9bf806739ed3460f328cbf40,100-doors-2.clips,swh:1:cnt:7cd844f270c24e9b9bf806739ed3460f328cbf40;origin=https://github.com/acmeism/RosettaCodeData;path=/Task/100-doors/CLIPS/100-doors-2.clips,CLIPS,CLIPS,CLIPS,the contributor (the language heading the solution is filed under on rosettacode.org),RosettaCodeData@1d47586,,,,in-linguist;invented-ext,Task/100-doors/CLIPS/100-doors-2.clips,10
rosetta:4f2f1f7b3c5f,gold,.clips,4de6993cca9a16d9746c1b88c19eb0b3e63686f8,factorial.clips,swh:1:cnt:4de6993cca9a16d9746c1b88c19eb0b3e63686f8;origin=https://github.com/acmeism/RosettaCodeData;path=/Task/Factorial/CLIPS/factorial.clips,CLIPS,CLIPS,CLIPS,the contributor (the language heading the solution is filed under on rosettacode.org),RosettaCodeData@1d47586,,,,in-linguist;invented-ext,Task/Factorial/CLIPS/factorial.clips,10
rosetta:4a1d40a353c6,gold,.clj,2c0adf1e8aa2df32f442541d6a357e5753c46511,munching-squares.clj,swh:1:cnt:2c0adf1e8aa2df32f442541d6a357e5753c46511;origin=https://github.com/acmeism/RosettaCodeData;path=/Task/Munching-squares/Clojure/munching-squares.clj,Clojure,Clojure,Clojure,the contributor (the language heading the solution is filed under on rosettacode.org),RosettaCodeData@1d47586,,,,in-linguist,Task/Munching-squares/Clojure/munching-squares.clj,947
rosetta:d9f65f193839,gold,.clj,36033c063fc7d64b6acca1eca19efcf3400fffca,user-input-graphical.clj,swh:1:cnt:36033c063fc7d64b6acca1eca19efcf3400fffca;origin=https://github.com/acmeism/RosettaCodeData;path=/Task/User-input-Graphical/Clojure/user-input-graphical.clj,Clojure,Clojure,Clojure,the contributor (the language heading the solution is filed under on rosettacode.org),RosettaCodeData@1d47586,,,,in-linguist,Task/User-input-Graphical/Clojure/user-input-graphical.clj,947
rosetta:721bc3a2d7a8,gold,.clu,83776adbcebe02c3a8c50cedd46fc98c6e0ca876,gabows-algorithm.clu,swh:1:cnt:83776adbcebe02c3a8c50cedd46fc98c6e0ca876;origin=https://github.com/acmeism/RosettaCodeData;path=/Task/Gabows-algorithm/CLU/gabows-algorithm.clu,CLU,CLU,CLU,the contributor (the language heading the solution is filed under on rosettacode.org),RosettaCodeData@1d47586,,,,not-in-linguist;invented-ext,Task/Gabows-algorithm/CLU/gabows-algorithm.clu,253
rosetta:1f4053da5971,gold,.clu,4bac5c70caffdb40d040d81deced038d1202f468,pseudo-random-numbers-middle-square-method.clu,swh:1:cnt:4bac5c70caffdb40d040d81deced038d1202f468;origin=https://github.com/acmeism/RosettaCodeData;path=/Task/Pseudo-random-numbers-Middle-square-method/CLU/pseudo-random-numbers-middle-square-method.clu,CLU,CLU,CLU,the contributor (the language heading the solution is filed under on rosettacode.org),RosettaCodeData@1d47586,,,,not-in-linguist;invented-ext,Task/Pseudo-random-numbers-Middle-square-method/CLU/pseudo-random-numbers-middle-square-method.clu,253
rosetta:27782b0d77e6,gold,.cmake,c79033de972ef39a565fe39093bffecdd9235bfa,generic-swap-2.cmake,swh:1:cnt:c79033de972ef39a565fe39093bffecdd9235bfa;origin=https://github.com/acmeism/RosettaCodeData;path=/Task/Generic-swap/CMake/generic-swap-2.cmake,CMake,CMake,CMake,the contributor (the language heading the solution is filed under on rosettacode.org),RosettaCodeData@1d47586,,,,in-linguist,Task/Generic-swap/CMake/generic-swap-2.cmake,41
rosetta:2482479b7056,gold,.cmake,3f8a0db94ca4cc329ff83ad57c834ea594716263,random-number-generator-included-.cmake,swh:1:cnt:3f8a0db94ca4cc329ff83ad57c834ea594716263;origin=https://github.com/acmeism/RosettaCodeData;path=/Task/Random-number-generator-included-/CMake/random-number-generator-included-.cmake,CMake,CMake,CMake,the contributor (the language heading the solution is filed under on rosettacode.org),RosettaCodeData@1d47586,,,,in-linguist;tiny,Task/Random-number-generator-included-/CMake/random-number-generator-included-.cmake,41
rosetta:1d5b6c610927,gold,.cob,beff1b22c44b8079a37b18804a95af38d9294a48,environment-variables.cob,swh:1:cnt:beff1b22c44b8079a37b18804a95af38d9294a48;origin=https://github.com/acmeism/RosettaCodeData;path=/Task/Environment-variables/COBOL/environment-variables.cob,COBOL,COBOL,COBOL,the contributor (the language heading the solution is filed under on rosettacode.org),RosettaCodeData@1d47586,,,,in-linguist,Task/Environment-variables/COBOL/environment-variables.cob,530
rosetta:9217af7ef771,gold,.cob,81f3108837da2001bb00edfe57cb63f0812a2537,hello-world-newline-omission.cob,swh:1:cnt:81f3108837da2001bb00edfe57cb63f0812a2537;origin=https://github.com/acmeism/RosettaCodeData;path=/Task/Hello-world-Newline-omission/COBOL/hello-world-newline-omission.cob,COBOL,COBOL,COBOL,the contributor (the language heading the solution is filed under on rosettacode.org),RosettaCodeData@1d47586,,,,in-linguist,Task/Hello-world-Newline-omission/COBOL/hello-world-newline-omission.cob,530
rosetta:47ffc5654e2a,gold,.cobra,8a9f4c978378abf0772dd86ab647f396c05ac2a2,averages-arithmetic-mean.cobra,swh:1:cnt:8a9f4c978378abf0772dd86ab647f396c05ac2a2;origin=https://github.com/acmeism/RosettaCodeData;path=/Task/Averages-Arithmetic-mean/Cobra/averages-arithmetic-mean.cobra,Cobra,Cobra,Cobra,the contributor (the language heading the solution is filed under on rosettacode.org),RosettaCodeData@1d47586,,,,not-in-linguist;invented-ext,Task/Averages-Arithmetic-mean/Cobra/averages-arithmetic-mean.cobra,4
rosetta:e3cca9936e6b,gold,.cobra,c7bd1b9aa88cbee9da4c853c70531ecdb6ba1d7c,greatest-common-divisor.cobra,swh:1:cnt:c7bd1b9aa88cbee9da4c853c70531ecdb6ba1d7c;origin=https://github.com/acmeism/RosettaCodeData;path=/Task/Greatest-common-divisor/Cobra/greatest-common-divisor.cobra,Cobra,Cobra,Cobra,the contributor (the language heading the solution is filed under on rosettacode.org),RosettaCodeData@1d47586,,,,not-in-linguist;invented-ext,Task/Greatest-common-divisor/Cobra/greatest-common-divisor.cobra,4
rosetta:f1cd87a638e9,gold,.coco,8252a3d87fedef4c3f9be713cbe20fb72769dd18,count-the-coins.coco,swh:1:cnt:8252a3d87fedef4c3f9be713cbe20fb72769dd18;origin=https://github.com/acmeism/RosettaCodeData;path=/Task/Count-the-coins/Coco/count-the-coins.coco,Coco,Coco,Coco,the contributor (the language heading the solution is filed under on rosettacode.org),RosettaCodeData@1d47586,,,,not-in-linguist;invented-ext,Task/Count-the-coins/Coco/count-the-coins.coco,15
rosetta:82ddd0069d44,gold,.coco,1439e24d69e2b87952581c08743723e131a912ce,inheritance-single-1.coco,swh:1:cnt:1439e24d69e2b87952581c08743723e131a912ce;origin=https://github.com/acmeism/RosettaCodeData;path=/Task/Inheritance-Single/Coco/inheritance-single-1.coco,Coco,Coco,Coco,the contributor (the language heading the solution is filed under on rosettacode.org),RosettaCodeData@1d47586,,,,not-in-linguist;invented-ext,Task/Inheritance-Single/Coco/inheritance-single-1.coco,15
rosetta:f49b611ddd93,gold,.coconut,aca95b7e86349be5c5c2c630b1cc6e8e3ce4856b,fizzbuzz.coconut,swh:1:cnt:aca95b7e86349be5c5c2c630b1cc6e8e3ce4856b;origin=https://github.com/acmeism/RosettaCodeData;path=/Task/FizzBuzz/Coconut/fizzbuzz.coconut,Coconut,Coconut,Coconut,the contributor (the language heading the solution is filed under on rosettacode.org),RosettaCodeData@1d47586,,,,not-in-linguist;invented-ext,Task/FizzBuzz/Coconut/fizzbuzz.coconut,1
rosetta:b3d04251f246,gold,.coffee,0fc8876869c6ea9f989c88df1976064f02f0a4b9,bitwise-operations-2.coffee,swh:1:cnt:0fc8876869c6ea9f989c88df1976064f02f0a4b9;origin=https://github.com/acmeism/RosettaCodeData;path=/Task/Bitwise-operations/CoffeeScript/bitwise-operations-2.coffee,CoffeeScript,CoffeeScript,CoffeeScript;coffee;coffee-script,the contributor (the language heading the solution is filed under on rosettacode.org),RosettaCodeData@1d47586,,,,in-linguist,Task/Bitwise-operations/CoffeeScript/bitwise-operations-2.coffee,293
rosetta:57810f31c594,gold,.coffee,d7349ef1feef0aa875cbd5326750c51b968b0782,echo-server.coffee,swh:1:cnt:d7349ef1feef0aa875cbd5326750c51b968b0782;origin=https://github.com/acmeism/RosettaCodeData;path=/Task/Echo-server/CoffeeScript/echo-server.coffee,CoffeeScript,CoffeeScript,CoffeeScript;coffee;coffee-script,the contributor (the language heading the solution is filed under on rosettacode.org),RosettaCodeData@1d47586,,,,in-linguist,Task/Echo-server/CoffeeScript/echo-server.coffee,293
rosetta:8588582a236d,gold,.cognate,1a9dcb99c68186cd7af5d7370a1096a7a069710a,ethiopian-multiplication.cognate,swh:1:cnt:1a9dcb99c68186cd7af5d7370a1096a7a069710a;origin=https://github.com/acmeism/RosettaCodeData;path=/Task/Ethiopian-multiplication/Cognate/ethiopian-multiplication.cognate,Cognate,Cognate,Cognate,the contributor (the language heading the solution is filed under on rosettacode.org),RosettaCodeData@1d47586,,,,not-in-linguist;invented-ext,Task/Ethiopian-multiplication/Cognate/ethiopian-multiplication.cognate,11
rosetta:59c1b4583199,gold,.cognate,22a8f43403b823369ffcd6846705a862ccf697b5,odd-and-square-numbers.cognate,swh:1:cnt:22a8f43403b823369ffcd6846705a862ccf697b5;origin=https://github.com/acmeism/RosettaCodeData;path=/Task/Odd-and-square-numbers/Cognate/odd-and-square-numbers.cognate,Cognate,Cognate,Cognate,the contributor (the language heading the solution is filed under on rosettacode.org),RosettaCodeData@1d47586,,,,not-in-linguist;invented-ext;tiny,Task/Odd-and-square-numbers/Cognate/odd-and-square-numbers.cognate,11
rosetta:eaea0d5e5b0b,gold,.cfm,48ed414ffe4bf19421fe64d8674ea169fb6aafaa,ethiopian-multiplication-2.cfm,swh:1:cnt:48ed414ffe4bf19421fe64d8674ea169fb6aafaa;origin=https://github.com/acmeism/RosettaCodeData;path=/Task/Ethiopian-multiplication/ColdFusion/ethiopian-multiplication-2.cfm,ColdFusion,ColdFusion,ColdFusion;cfm;cfml;coldfusion html,the contributor (the language heading the solution is filed under on rosettacode.org),RosettaCodeData@1d47586,,,,in-linguist,Task/Ethiopian-multiplication/ColdFusion/ethiopian-multiplication-2.cfm,86
rosetta:3405e89fe83b,gold,.cfm,64f76e82b7f1048e627bec6ff1b86a844cdebb5f,string-comparison-1.cfm,swh:1:cnt:64f76e82b7f1048e627bec6ff1b86a844cdebb5f;origin=https://github.com/acmeism/RosettaCodeData;path=/Task/String-comparison/ColdFusion/string-comparison-1.cfm,ColdFusion,ColdFusion,ColdFusion;cfm;cfml;coldfusion html,the contributor (the language heading the solution is filed under on rosettacode.org),RosettaCodeData@1d47586,,,,in-linguist,Task/String-comparison/ColdFusion/string-comparison-1.cfm,86
rosetta:e68936cdd09b,gold,.comal,b412961e6538ccb6e66cf2f5dcefa5e117c1f447,harshad-or-niven-series.comal,swh:1:cnt:b412961e6538ccb6e66cf2f5dcefa5e117c1f447;origin=https://github.com/acmeism/RosettaCodeData;path=/Task/Harshad-or-Niven-series/Comal/harshad-or-niven-series.comal,Comal,Comal,Comal,the contributor (the language heading the solution is filed under on rosettacode.org),RosettaCodeData@1d47586,,,,not-in-linguist;invented-ext,Task/Harshad-or-Niven-series/Comal/harshad-or-niven-series.comal,45
rosetta:d249ec168b91,gold,.comal,1a4869327bd65f6fa8b1965a5f0e0e5026fa3ad3,sierpinski-triangle.comal,swh:1:cnt:1a4869327bd65f6fa8b1965a5f0e0e5026fa3ad3;origin=https://github.com/acmeism/RosettaCodeData;path=/Task/Sierpinski-triangle/Comal/sierpinski-triangle.comal,Comal,Comal,Comal,the contributor (the language heading the solution is filed under on rosettacode.org),RosettaCodeData@1d47586,,,,not-in-linguist;invented-ext,Task/Sierpinski-triangle/Comal/sierpinski-triangle.comal,45
rosetta:9619a362c922,gold,.0x10,6cc9fcb57e4c617190c0b7f09fa56a35e29ec7a4,factorial.0x10,swh:1:cnt:6cc9fcb57e4c617190c0b7f09fa56a35e29ec7a4;origin=https://github.com/acmeism/RosettaCodeData;path=/Task/Factorial/Comefrom0x10/factorial.0x10,Comefrom0x10,Comefrom0x10,Comefrom0x10,the contributor (the language heading the solution is filed under on rosettacode.org),RosettaCodeData@1d47586,,,,not-in-linguist;invented-ext,Task/Factorial/Comefrom0x10/factorial.0x10,7
rosetta:09850e309ab1,gold,.0x10,0c3508841fe8566dd82c1f1975a14732967de787,fizzbuzz.0x10,swh:1:cnt:0c3508841fe8566dd82c1f1975a14732967de787;origin=https://github.com/acmeism/RosettaCodeData;path=/Task/FizzBuzz/Comefrom0x10/fizzbuzz.0x10,Comefrom0x10,Comefrom0x10,Comefrom0x10,the contributor (the language heading the solution is filed under on rosettacode.org),RosettaCodeData@1d47586,,,,not-in-linguist;invented-ext,Task/FizzBuzz/Comefrom0x10/fizzbuzz.0x10,7
rosetta:b010c441b7cf,gold,.basic,15c1b8630c3e32240533c7adba782ebf329e8887,canonicalize-cidr.basic,swh:1:cnt:15c1b8630c3e32240533c7adba782ebf329e8887;origin=https://github.com/acmeism/RosettaCodeData;path=/Task/Canonicalize-CIDR/Commodore-BASIC/canonicalize-cidr.basic,Commodore BASIC,Commodore BASIC,Commodore BASIC,the contributor (the language heading the solution is filed under on rosettacode.org),RosettaCodeData@1d47586,,,,not-in-linguist;invented-ext,Task/Canonicalize-CIDR/Commodore-BASIC/canonicalize-cidr.basic,194
rosetta:18c10abb9656,gold,.basic,c552e67626d55e47347bbf4ac5b0a220e5fcaaf0,terminal-control-inverse-video.basic,swh:1:cnt:c552e67626d55e47347bbf4ac5b0a220e5fcaaf0;origin=https://github.com/acmeism/RosettaCodeData;path=/Task/Terminal-control-Inverse-video/Commodore-BASIC/terminal-control-inverse-video.basic,Commodore BASIC,Commodore BASIC,Commodore BASIC,the contributor (the language heading the solution is filed under on rosettacode.org),RosettaCodeData@1d47586,,,,not-in-linguist;invented-ext,Task/Terminal-control-Inverse-video/Commodore-BASIC/terminal-control-inverse-video.basic,194
rosetta:6afafc6ac98f,gold,.lisp,ee6110777a0e3c8b2886537c771401edafabd801,cholesky-decomposition-6.lisp,swh:1:cnt:ee6110777a0e3c8b2886537c771401edafabd801;origin=https://github.com/acmeism/RosettaCodeData;path=/Task/Cholesky-decomposition/Common-Lisp/cholesky-decomposition-6.lisp,Common Lisp,Common Lisp,Common Lisp;lisp,the contributor (the language heading the solution is filed under on rosettacode.org),RosettaCodeData@1d47586,,,,in-linguist;ambiguous-ext,Task/Cholesky-decomposition/Common-Lisp/cholesky-decomposition-6.lisp,1274
rosetta:ddf7e88342fc,gold,.lisp,21c004584c6e7692a1665de30eaa1d89581638ff,loops-downward-for-4.lisp,swh:1:cnt:21c004584c6e7692a1665de30eaa1d89581638ff;origin=https://github.com/acmeism/RosettaCodeData;path=/Task/Loops-Downward-for/Common-Lisp/loops-downward-for-4.lisp,Common Lisp,Common Lisp,Common Lisp;lisp,the contributor (the language heading the solution is filed under on rosettacode.org),RosettaCodeData@1d47586,,,,in-linguist;ambiguous-ext,Task/Loops-Downward-for/Common-Lisp/loops-downward-for-4.lisp,1274
rosetta:94e17a5ddc08,gold,.pas,e1ab7f42c104de97c4dcd7b37949745e56231fe1,arithmetic-complex.pas,swh:1:cnt:e1ab7f42c104de97c4dcd7b37949745e56231fe1;origin=https://github.com/acmeism/RosettaCodeData;path=/Task/Arithmetic-Complex/Component-Pascal/arithmetic-complex.pas,Component Pascal,Component Pascal,Component Pascal,the contributor (the language heading the solution is filed under on rosettacode.org),RosettaCodeData@1d47586,,,,in-linguist;misleading-ext,Task/Arithmetic-Complex/Component-Pascal/arithmetic-complex.pas,85
rosetta:d7ae5b36e0c7,gold,.pas,49aef966b4c8f63570e2f069faa8a1e487ffad38,classes-2.pas,swh:1:cnt:49aef966b4c8f63570e2f069faa8a1e487ffad38;origin=https://github.com/acmeism/RosettaCodeData;path=/Task/Classes/Component-Pascal/classes-2.pas,Component Pascal,Component Pascal,Component Pascal,the contributor (the language heading the solution is filed under on rosettacode.org),RosettaCodeData@1d47586,,,,in-linguist;misleading-ext,Task/Classes/Component-Pascal/classes-2.pas,85
rosetta:d000b667c3a5,gold,.0asm,ba451bd8be649897442ca9b0ca253ef8c82feb13,integer-comparison.0asm,swh:1:cnt:ba451bd8be649897442ca9b0ca253ef8c82feb13;origin=https://github.com/acmeism/RosettaCodeData;path=/Task/Integer-comparison/Computer-zero-Assembly/integer-comparison.0asm,Computer/zero Assembly,Computer/zero Assembly,Computer/zero Assembly,the contributor (the language heading the solution is filed under on rosettacode.org),RosettaCodeData@1d47586,,,,not-in-linguist;invented-ext,Task/Integer-comparison/Computer-zero-Assembly/integer-comparison.0asm,17
rosetta:42dd72ea9fb0,gold,.0asm,9205c37dcb153205fae5465143f3b87a231d2d80,jump-anywhere.0asm,swh:1:cnt:9205c37dcb153205fae5465143f3b87a231d2d80;origin=https://github.com/acmeism/RosettaCodeData;path=/Task/Jump-anywhere/Computer-zero-Assembly/jump-anywhere.0asm,Computer/zero Assembly,Computer/zero Assembly,Computer/zero Assembly,the contributor (the language heading the solution is filed under on rosettacode.org),RosettaCodeData@1d47586,,,,not-in-linguist;invented-ext,Task/Jump-anywhere/Computer-zero-Assembly/jump-anywhere.0asm,17
rosetta:78c8b2a62e8e,gold,.cf,7dc4f4e2c90e7dd666a5b41cac0abc2b5c26f97c,draw-a-clock.cf,swh:1:cnt:7dc4f4e2c90e7dd666a5b41cac0abc2b5c26f97c;origin=https://github.com/acmeism/RosettaCodeData;path=/Task/Draw-a-clock/ContextFree/draw-a-clock.cf,ContextFree,ContextFree,ContextFree,the contributor (the language heading the solution is filed under on rosettacode.org),RosettaCodeData@1d47586,,,,not-in-linguist;invented-ext,Task/Draw-a-clock/ContextFree/draw-a-clock.cf,3
rosetta:8baf4321205f,gold,.cf,6122f2adf2a41a311a40f8b38114337158efb073,draw-a-sphere.cf,swh:1:cnt:6122f2adf2a41a311a40f8b38114337158efb073;origin=https://github.com/acmeism/RosettaCodeData;path=/Task/Draw-a-sphere/ContextFree/draw-a-sphere.cf,ContextFree,ContextFree,ContextFree,the contributor (the language heading the solution is filed under on rosettacode.org),RosettaCodeData@1d47586,,,,not-in-linguist;invented-ext,Task/Draw-a-sphere/ContextFree/draw-a-sphere.cf,3
rosetta:5e9049ab466c,gold,.core,2101cf1dec2f7bbce807ae76f475d255605be037,fibonacci-sequence.core,swh:1:cnt:2101cf1dec2f7bbce807ae76f475d255605be037;origin=https://github.com/acmeism/RosettaCodeData;path=/Task/Fibonacci-sequence/Corescript/fibonacci-sequence.core,Corescript,Corescript,Corescript,the contributor (the language heading the solution is filed under on rosettacode.org),RosettaCodeData@1d47586,,,,not-in-linguist;invented-ext,Task/Fibonacci-sequence/Corescript/fibonacci-sequence.core,3
rosetta:4dcc1368014f,gold,.core,8bf173487606edad38efa49a7393772202592051,loops-infinite.core,swh:1:cnt:8bf173487606edad38efa49a7393772202592051;origin=https://github.com/acmeism/RosettaCodeData;path=/Task/Loops-Infinite/Corescript/loops-infinite.core,Corescript,Corescript,Corescript,the contributor (the language heading the solution is filed under on rosettacode.org),RosettaCodeData@1d47586,,,,not-in-linguist;invented-ext;tiny,Task/Loops-Infinite/Corescript/loops-infinite.core,3
rosetta:b893240c4b30,gold,.cowgol,a39c71bbbf6b6440cea78c85db2b239e4e563203,look-and-say-sequence.cowgol,swh:1:cnt:a39c71bbbf6b6440cea78c85db2b239e4e563203;origin=https://github.com/acmeism/RosettaCodeData;path=/Task/Look-and-say-sequence/Cowgol/look-and-say-sequence.cowgol,Cowgol,Cowgol,Cowgol,the contributor (the language heading the solution is filed under on rosettacode.org),RosettaCodeData@1d47586,,,,not-in-linguist;invented-ext,Task/Look-and-say-sequence/Cowgol/look-and-say-sequence.cowgol,184
rosetta:616fb61c21b2,gold,.cowgol,b63d868d2c2eac091bd46f3845b22930be9d0676,safe-and-sophie-germain-primes.cowgol,swh:1:cnt:b63d868d2c2eac091bd46f3845b22930be9d0676;origin=https://github.com/acmeism/RosettaCodeData;path=/Task/Safe-and-Sophie-Germain-primes/Cowgol/safe-and-sophie-germain-primes.cowgol,Cowgol,Cowgol,Cowgol,the contributor (the language heading the solution is filed under on rosettacode.org),RosettaCodeData@1d47586,,,,not-in-linguist;invented-ext,Task/Safe-and-Sophie-Germain-primes/Cowgol/safe-and-sophie-germain-primes.cowgol,184
rosetta:2a0ad7b5830a,gold,.crack,3a5367e3550a4e8c4cb9c867047b984c4736a3f8,conditional-structures-1.crack,swh:1:cnt:3a5367e3550a4e8c4cb9c867047b984c4736a3f8;origin=https://github.com/acmeism/RosettaCodeData;path=/Task/Conditional-structures/Crack/conditional-structures-1.crack,Crack,Crack,Crack,the contributor (the language heading the solution is filed under on rosettacode.org),RosettaCodeData@1d47586,,,,not-in-linguist;invented-ext,Task/Conditional-structures/Crack/conditional-structures-1.crack,4
rosetta:831dc69c04bf,gold,.crack,7b4914bd2b3f987286576b3c3c29306495378966,loops-while.crack,swh:1:cnt:7b4914bd2b3f987286576b3c3c29306495378966;origin=https://github.com/acmeism/RosettaCodeData;path=/Task/Loops-While/Crack/loops-while.crack,Crack,Crack,Crack,the contributor (the language heading the solution is filed under on rosettacode.org),RosettaCodeData@1d47586,,,,not-in-linguist;invented-ext,Task/Loops-While/Crack/loops-while.crack,4
rosetta:73c63d782ea3,gold,.basic,d3e5891fe8ba4105aa50faa41c32f0d5187dc90f,perfect-numbers.basic,swh:1:cnt:d3e5891fe8ba4105aa50faa41c32f0d5187dc90f;origin=https://github.com/acmeism/RosettaCodeData;path=/Task/Perfect-numbers/Craft-Basic/perfect-numbers.basic,Craft Basic,Craft Basic,Craft Basic,the contributor (the language heading the solution is filed under on rosettacode.org),RosettaCodeData@1d47586,,,,not-in-linguist;invented-ext,Task/Perfect-numbers/Craft-Basic/perfect-numbers.basic,69
rosetta:bd23b5256a4f,gold,.basic,86c4a9d9487522dc5becad32e51bf2e90ba522cb,sorting-algorithms-quicksort.basic,swh:1:cnt:86c4a9d9487522dc5becad32e51bf2e90ba522cb;origin=https://github.com/acmeism/RosettaCodeData;path=/Task/Sorting-algorithms-Quicksort/Craft-Basic/sorting-algorithms-quicksort.basic,Craft Basic,Craft Basic,Craft Basic,the contributor (the language heading the solution is filed under on rosettacode.org),RosettaCodeData@1d47586,,,,not-in-linguist;invented-ext,Task/Sorting-algorithms-Quicksort/Craft-Basic/sorting-algorithms-quicksort.basic,69
rosetta:9f5d52b5fd72,gold,.basic,66c1302849e740490fc30a0dfeda212669277ac7,gui-maximum-window-dimensions.basic,swh:1:cnt:66c1302849e740490fc30a0dfeda212669277ac7;origin=https://github.com/acmeism/RosettaCodeData;path=/Task/GUI-Maximum-window-dimensions/Creative-Basic/gui-maximum-window-dimensions.basic,Creative Basic,Creative Basic,Creative Basic,the contributor (the language heading the solution is filed under on rosettacode.org),RosettaCodeData@1d47586,,,,not-in-linguist;invented-ext,Task/GUI-Maximum-window-dimensions/Creative-Basic/gui-maximum-window-dimensions.basic,9
rosetta:7be6e2814eff,gold,.basic,6912ebb99c93aa77d207973af3d9e2e2520a508e,loops-while.basic,swh:1:cnt:6912ebb99c93aa77d207973af3d9e2e2520a508e;origin=https://github.com/acmeism/RosettaCodeData;path=/Task/Loops-While/Creative-Basic/loops-while.basic,Creative Basic,Creative Basic,Creative Basic,the contributor (the language heading the solution is filed under on rosettacode.org),RosettaCodeData@1d47586,,,,not-in-linguist;invented-ext,Task/Loops-While/Creative-Basic/loops-while.basic,9
rosetta:fdeb4ea239e1,gold,.cr,7bae0b178e95223c4a4c11b5e96f1519bbda90fa,k-means++-clustering-2.cr,swh:1:cnt:7bae0b178e95223c4a4c11b5e96f1519bbda90fa;origin=https://github.com/acmeism/RosettaCodeData;path=/Task/K-means++-clustering/Crystal/k-means++-clustering-2.cr,Crystal,Crystal,Crystal,the contributor (the language heading the solution is filed under on rosettacode.org),RosettaCodeData@1d47586,,,,in-linguist,Task/K-means++-clustering/Crystal/k-means++-clustering-2.cr,660
rosetta:bff9e828063e,gold,.cr,aec068d8d2ae66e1f380ca39ddbd89c55ad7f408,look-and-say-sequence-3.cr,swh:1:cnt:aec068d8d2ae66e1f380ca39ddbd89c55ad7f408;origin=https://github.com/acmeism/RosettaCodeData;path=/Task/Look-and-say-sequence/Crystal/look-and-say-sequence-3.cr,Crystal,Crystal,Crystal,the contributor (the language heading the solution is filed under on rosettacode.org),RosettaCodeData@1d47586,,,,in-linguist,Task/Look-and-say-sequence/Crystal/look-and-say-sequence-3.cr,660
rosetta:ade8157ad535,gold,.cube,cb7ede7b2e37f9803ae5a43a8bdee37c54c4bbc6,caesar-cipher-1.cube,swh:1:cnt:cb7ede7b2e37f9803ae5a43a8bdee37c54c4bbc6;origin=https://github.com/acmeism/RosettaCodeData;path=/Task/Caesar-cipher/Cubescript/caesar-cipher-1.cube,Cubescript,Cubescript,Cubescript,the contributor (the language heading the solution is filed under on rosettacode.org),RosettaCodeData@1d47586,,,,not-in-linguist;invented-ext,Task/Caesar-cipher/Cubescript/caesar-cipher-1.cube,6
rosetta:8b0b00e4835f,gold,.cube,8eb558fafe8c7ab9c0b5ba67fd486eecdc24da7f,fizzbuzz.cube,swh:1:cnt:8eb558fafe8c7ab9c0b5ba67fd486eecdc24da7f;origin=https://github.com/acmeism/RosettaCodeData;path=/Task/FizzBuzz/Cubescript/fizzbuzz.cube,Cubescript,Cubescript,Cubescript,the contributor (the language heading the solution is filed under on rosettacode.org),RosettaCodeData@1d47586,,,,not-in-linguist;invented-ext,Task/FizzBuzz/Cubescript/fizzbuzz.cube,6
rosetta:f0068897c0f0,gold,.curry,61e2aa738a344c1db8b2f12340f8f35411095d33,n-queens-problem-2.curry,swh:1:cnt:61e2aa738a344c1db8b2f12340f8f35411095d33;origin=https://github.com/acmeism/RosettaCodeData;path=/Task/N-queens-problem/Curry/n-queens-problem-2.curry,Curry,Curry,Curry,the contributor (the language heading the solution is filed under on rosettacode.org),RosettaCodeData@1d47586,,,,in-linguist,Task/N-queens-problem/Curry/n-queens-problem-2.curry,12
rosetta:9c82236e3d3b,gold,.curry,9c0f6ac4ee1955caa9b95c29bee72fed2baa41ea,sudoku-2.curry,swh:1:cnt:9c0f6ac4ee1955caa9b95c29bee72fed2baa41ea;origin=https://github.com/acmeism/RosettaCodeData;path=/Task/Sudoku/Curry/sudoku-2.curry,Curry,Curry,Curry,the contributor (the language heading the solution is filed under on rosettacode.org),RosettaCodeData@1d47586,,,,in-linguist,Task/Sudoku/Curry/sudoku-2.curry,12
rosetta:52c47a71546b,gold,.curto,8f761c96e1fcfe6d6e2b2bc17908cf13ca0eb88e,conditional-structures-2.curto,swh:1:cnt:8f761c96e1fcfe6d6e2b2bc17908cf13ca0eb88e;origin=https://github.com/acmeism/RosettaCodeData;path=/Task/Conditional-structures/Curto/conditional-structures-2.curto,Curto,Curto,Curto,the contributor (the language heading the solution is filed under on rosettacode.org),RosettaCodeData@1d47586,,,,not-in-linguist;invented-ext,Task/Conditional-structures/Curto/conditional-structures-2.curto,3
rosetta:886eaaee56c5,gold,.d,1f6f38d26c8927e5bffacf9ca485617ef0cf24a3,natural-sorting.d,swh:1:cnt:1f6f38d26c8927e5bffacf9ca485617ef0cf24a3;origin=https://github.com/acmeism/RosettaCodeData;path=/Task/Natural-sorting/D/natural-sorting.d,D,D,D;Dlang,the contributor (the language heading the solution is filed under on rosettacode.org),RosettaCodeData@1d47586,,,,in-linguist;ambiguous-ext,Task/Natural-sorting/D/natural-sorting.d,1362
rosetta:9b78b49f7f91,gold,.d,7ebb6bd90d8c007a77054564cecc8bc83d638c88,pseudo-random-numbers-combined-recursive-generator-mrg32k3a.d,swh:1:cnt:7ebb6bd90d8c007a77054564cecc8bc83d638c88;origin=https://github.com/acmeism/RosettaCodeData;path=/Task/Pseudo-random-numbers-Combined-recursive-generator-MRG32k3a/D/pseudo-random-numbers-combined-recursive-generator-mrg32k3a.d,D,D,D;Dlang,the contributor (the language heading the solution is filed under on rosettacode.org),RosettaCodeData@1d47586,,,,in-linguist;ambiguous-ext,Task/Pseudo-random-numbers-Combined-recursive-generator-MRG32k3a/D/pseudo-random-numbers-combined-recursive-generator-mrg32k3a.d,1362
rosetta:2b5ea3aaf9da,gold,.dafny,af720e8612d496f8581d3cc74ea52f9a794f7219,100-doors.dafny,swh:1:cnt:af720e8612d496f8581d3cc74ea52f9a794f7219;origin=https://github.com/acmeism/RosettaCodeData;path=/Task/100-doors/Dafny/100-doors.dafny,Dafny,Dafny,Dafny,the contributor (the language heading the solution is filed under on rosettacode.org),RosettaCodeData@1d47586,,,,in-linguist;invented-ext,Task/100-doors/Dafny/100-doors.dafny,3
rosetta:9043ca3668d5,gold,.dafny,75ba08f55ff424eb801e5eec3fcb088a4e34e646,babbage-problem.dafny,swh:1:cnt:75ba08f55ff424eb801e5eec3fcb088a4e34e646;origin=https://github.com/acmeism/RosettaCodeData;path=/Task/Babbage-problem/Dafny/babbage-problem.dafny,Dafny,Dafny,Dafny,the contributor (the language heading the solution is filed under on rosettacode.org),RosettaCodeData@1d47586,,,,in-linguist;invented-ext,Task/Babbage-problem/Dafny/babbage-problem.dafny,3
rosetta:8ce6976565fe,gold,.dao,d14148da2e18260f6d92f08b6a5cd84918d09220,associative-array-creation.dao,swh:1:cnt:d14148da2e18260f6d92f08b6a5cd84918d09220;origin=https://github.com/acmeism/RosettaCodeData;path=/Task/Associative-array-Creation/Dao/associative-array-creation.dao,Dao,Dao,Dao,the contributor (the language heading the solution is filed under on rosettacode.org),RosettaCodeData@1d47586,,,,not-in-linguist;invented-ext;tiny,Task/Associative-array-Creation/Dao/associative-array-creation.dao,11
rosetta:0ecb4fc7347c,gold,.dao,eb8cb96a594d899eeca065f13209ce97e316c3d1,conditional-structures-1.dao,swh:1:cnt:eb8cb96a594d899eeca065f13209ce97e316c3d1;origin=https://github.com/acmeism/RosettaCodeData;path=/Task/Conditional-structures/Dao/conditional-structures-1.dao,Dao,Dao,Dao,the contributor (the language heading the solution is filed under on rosettacode.org),RosettaCodeData@1d47586,,,,not-in-linguist;invented-ext,Task/Conditional-structures/Dao/conditional-structures-1.dao,11
rosetta:ed1f0a7b31cb,gold,.dart,6a627fbe8791678b6230e2c7f8924b3a8fe8eff0,dot-product.dart,swh:1:cnt:6a627fbe8791678b6230e2c7f8924b3a8fe8eff0;origin=https://github.com/acmeism/RosettaCodeData;path=/Task/Dot-product/Dart/dot-product.dart,Dart,Dart,Dart,the contributor (the language heading the solution is filed under on rosettacode.org),RosettaCodeData@1d47586,,,,in-linguist,Task/Dot-product/Dart/dot-product.dart,292
rosetta:506d8da453f0,gold,.dart,475955d7f369060055458a80aeca2a7c5788e93a,perfect-totient-numbers.dart,swh:1:cnt:475955d7f369060055458a80aeca2a7c5788e93a;origin=https://github.com/acmeism/RosettaCodeData;path=/Task/Perfect-totient-numbers/Dart/perfect-totient-numbers.dart,Dart,Dart,Dart,the contributor (the language heading the solution is filed under on rosettacode.org),RosettaCodeData@1d47586,,,,in-linguist,Task/Perfect-totient-numbers/Dart/perfect-totient-numbers.dart,292
rosetta:81f0eb9b3b3c,gold,.datalog,48e374e3c804f7c148d95a53c50f30a883fee4c5,fibonacci-sequence.datalog,swh:1:cnt:48e374e3c804f7c148d95a53c50f30a883fee4c5;origin=https://github.com/acmeism/RosettaCodeData;path=/Task/Fibonacci-sequence/Datalog/fibonacci-sequence.datalog,Datalog,Datalog,Datalog,the contributor (the language heading the solution is filed under on rosettacode.org),RosettaCodeData@1d47586,,,,not-in-linguist;invented-ext,Task/Fibonacci-sequence/Datalog/fibonacci-sequence.datalog,5
rosetta:b68c3edb48eb,gold,.datalog,73203cc63b18f9279e571ed2bc9508ac3d5d88f4,symmetric-difference.datalog,swh:1:cnt:73203cc63b18f9279e571ed2bc9508ac3d5d88f4;origin=https://github.com/acmeism/RosettaCodeData;path=/Task/Symmetric-difference/Datalog/symmetric-difference.datalog,Datalog,Datalog,Datalog,the contributor (the language heading the solution is filed under on rosettacode.org),RosettaCodeData@1d47586,,,,not-in-linguist;invented-ext,Task/Symmetric-difference/Datalog/symmetric-difference.datalog,5
rosetta:f3940e35d27c,gold,.dbl,06795b739a3008f057f7c9aaacc5fd4a39be57ec,99-bottles-of-beer.dbl,swh:1:cnt:06795b739a3008f057f7c9aaacc5fd4a39be57ec;origin=https://github.com/acmeism/RosettaCodeData;path=/Task/99-bottles-of-beer/DBL/99-bottles-of-beer.dbl,DBL,DBL,DBL,the contributor (the language heading the solution is filed under on rosettacode.org),RosettaCodeData@1d47586,,,,not-in-linguist;invented-ext,Task/99-bottles-of-beer/DBL/99-bottles-of-beer.dbl,19
rosetta:f5a3cdb840fe,gold,.dbl,9e16e8927b3b34fba316b0d2c0d84cc9456fad7c,file-input-output.dbl,swh:1:cnt:9e16e8927b3b34fba316b0d2c0d84cc9456fad7c;origin=https://github.com/acmeism/RosettaCodeData;path=/Task/File-input-output/DBL/file-input-output.dbl,DBL,DBL,DBL,the contributor (the language heading the solution is filed under on rosettacode.org),RosettaCodeData@1d47586,,,,not-in-linguist;invented-ext,Task/File-input-output/DBL/file-input-output.dbl,19
rosetta:7d867dcedc28,gold,.dc,b3bb0ec7ca7dadd4ddd53a20f7a090c77f8e7036,evaluate-binomial-coefficients-3.dc,swh:1:cnt:b3bb0ec7ca7dadd4ddd53a20f7a090c77f8e7036;origin=https://github.com/acmeism/RosettaCodeData;path=/Task/Evaluate-binomial-coefficients/Dc/evaluate-binomial-coefficients-3.dc,Dc,Dc,Dc,the contributor (the language heading the solution is filed under on rosettacode.org),RosettaCodeData@1d47586,,,,not-in-linguist;invented-ext,Task/Evaluate-binomial-coefficients/Dc/evaluate-binomial-coefficients-3.dc,115
rosetta:65c8a53aa5a1,gold,.dc,f807a577e15fe800d827a93db2e4a64f09e0b787,greatest-element-of-a-list.dc,swh:1:cnt:f807a577e15fe800d827a93db2e4a64f09e0b787;origin=https://github.com/acmeism/RosettaCodeData;path=/Task/Greatest-element-of-a-list/Dc/greatest-element-of-a-list.dc,Dc,Dc,Dc,the contributor (the language heading the solution is filed under on rosettacode.org),RosettaCodeData@1d47586,,,,not-in-linguist;invented-ext,Task/Greatest-element-of-a-list/Dc/greatest-element-of-a-list.dc,115
rosetta:374030b35bdc,gold,.dcl,3de619e181dfd421f692cbc688eef4b5558ee00f,fork-1.dcl,swh:1:cnt:3de619e181dfd421f692cbc688eef4b5558ee00f;origin=https://github.com/acmeism/RosettaCodeData;path=/Task/Fork/DCL/fork-1.dcl,DIGITAL Command Language,DCL,DIGITAL Command Language;dcl;DCL,the contributor (the language heading the solution is filed under on rosettacode.org),RosettaCodeData@1d47586,,,,in-linguist;misleading-ext,Task/Fork/DCL/fork-1.dcl,47
rosetta:68ce0d116450,gold,.dcl,e18bbbcc4bb9df4e8f0313e55c00f129ccccf895,string-matching.dcl,swh:1:cnt:e18bbbcc4bb9df4e8f0313e55c00f129ccccf895;origin=https://github.com/acmeism/RosettaCodeData;path=/Task/String-matching/DCL/string-matching.dcl,DIGITAL Command Language,DCL,DIGITAL Command Language;dcl;DCL,the contributor (the language heading the solution is filed under on rosettacode.org),RosettaCodeData@1d47586,,,,in-linguist;misleading-ext,Task/String-matching/DCL/string-matching.dcl,47
rosetta:d164066f4f71,gold,.ddnc,2283948546ad07d2597c1742280b72744b24520a,hello-world-text.ddnc,swh:1:cnt:2283948546ad07d2597c1742280b72744b24520a;origin=https://github.com/acmeism/RosettaCodeData;path=/Task/Hello-world-Text/DDNC/hello-world-text.ddnc,DDNC,DDNC,DDNC,the contributor (the language heading the solution is filed under on rosettacode.org),RosettaCodeData@1d47586,,,,not-in-linguist;invented-ext,Task/Hello-world-Text/DDNC/hello-world-text.ddnc,1
rosetta:1944f352c1ac,gold,.pas,56000cf6de2227680fd7422e41e80b3f6e6b8687,floyds-triangle.pas,swh:1:cnt:56000cf6de2227680fd7422e41e80b3f6e6b8687;origin=https://github.com/acmeism/RosettaCodeData;path=/Task/Floyds-triangle/Delphi/floyds-triangle.pas,Pascal,Delphi,Pascal;delphi;objectpascal;Delphi,the contributor (the language heading the solution is filed under on rosettacode.org),RosettaCodeData@1d47586,,,,in-linguist,Task/Floyds-triangle/Delphi/floyds-triangle.pas,944
rosetta:2bf58277bc4e,gold,.pas,b9e19f587b9202f5b420caed8381296ebb434a56,generic-swap-1.pas,swh:1:cnt:b9e19f587b9202f5b420caed8381296ebb434a56;origin=https://github.com/acmeism/RosettaCodeData;path=/Task/Generic-swap/Delphi/generic-swap-1.pas,Pascal,Delphi,Pascal;delphi;objectpascal;Delphi,the contributor (the language heading the solution is filed under on rosettacode.org),RosettaCodeData@1d47586,,,,in-linguist,Task/Generic-swap/Delphi/generic-swap-1.pas,944
rosetta:99224f29fb3d,gold,.deluge,33101ec2a00d9816d14bc11320e728519cdcb9bc,conditional-structures.deluge,swh:1:cnt:33101ec2a00d9816d14bc11320e728519cdcb9bc;origin=https://github.com/acmeism/RosettaCodeData;path=/Task/Conditional-structures/Deluge/conditional-structures.deluge,Deluge,Deluge,Deluge,the contributor (the language heading the solution is filed under on rosettacode.org),RosettaCodeData@1d47586,,,,not-in-linguist;invented-ext,Task/Conditional-structures/Deluge/conditional-structures.deluge,2
rosetta:2796aa2fe3ba,gold,.dy,2cae2a2c379f6e454d45eb89c9565611738dcc79,fizzbuzz.dy,swh:1:cnt:2cae2a2c379f6e454d45eb89c9565611738dcc79;origin=https://github.com/acmeism/RosettaCodeData;path=/Task/FizzBuzz/DeviousYarn/fizzbuzz.dy,DeviousYarn,DeviousYarn,DeviousYarn,the contributor (the language heading the solution is filed under on rosettacode.org),RosettaCodeData@1d47586,,,,not-in-linguist;invented-ext,Task/FizzBuzz/DeviousYarn/fizzbuzz.dy,2
rosetta:7cc876f1dc12,gold,.dibol-11,3bd536021a778e90ada52554ca7832d855587141,fibonacci-sequence.dibol-11,swh:1:cnt:3bd536021a778e90ada52554ca7832d855587141;origin=https://github.com/acmeism/RosettaCodeData;path=/Task/Fibonacci-sequence/DIBOL-11/fibonacci-sequence.dibol-11,DIBOL-11,DIBOL-11,DIBOL-11,the contributor (the language heading the solution is filed under on rosettacode.org),RosettaCodeData@1d47586,,,,not-in-linguist;invented-ext,Task/Fibonacci-sequence/DIBOL-11/fibonacci-sequence.dibol-11,6
rosetta:a960cc9be37f,gold,.dibol-11,c61f6915c38a49450570634695e8524e312ac2fa,loops-infinite.dibol-11,swh:1:cnt:c61f6915c38a49450570634695e8524e312ac2fa;origin=https://github.com/acmeism/RosettaCodeData;path=/Task/Loops-Infinite/DIBOL-11/loops-infinite.dibol-11,DIBOL-11,DIBOL-11,DIBOL-11,the contributor (the language heading the solution is filed under on rosettacode.org),RosettaCodeData@1d47586,,,,not-in-linguist;invented-ext,Task/Loops-Infinite/DIBOL-11/loops-infinite.dibol-11,6
rosetta:ecd8fc734b11,gold,.diego,cbc4b3bb920ff93f32ef114127d2aebc98195cd9,loop-over-multiple-arrays-simultaneously-1.diego,swh:1:cnt:cbc4b3bb920ff93f32ef114127d2aebc98195cd9;origin=https://github.com/acmeism/RosettaCodeData;path=/Task/Loop-over-multiple-arrays-simultaneously/Diego/loop-over-multiple-arrays-simultaneously-1.diego,Diego,Diego,Diego,the contributor (the language heading the solution is filed under on rosettacode.org),RosettaCodeData@1d47586,,,,not-in-linguist;invented-ext,Task/Loop-over-multiple-arrays-simultaneously/Diego/loop-over-multiple-arrays-simultaneously-1.diego,69
rosetta:e9c32c8e3077,gold,.diego,686168e4400140d543364e8ebdf11f981878ef3c,variables-1.diego,swh:1:cnt:686168e4400140d543364e8ebdf11f981878ef3c;origin=https://github.com/acmeism/RosettaCodeData;path=/Task/Variables/Diego/variables-1.diego,Diego,Diego,Diego,the contributor (the language heading the solution is filed under on rosettacode.org),RosettaCodeData@1d47586,,,,not-in-linguist;invented-ext,Task/Variables/Diego/variables-1.diego,69
rosetta:7e1bc5b03279,gold,.dgs,322df6145fe9297567bd6723b843178b96301a92,hello-world-text.dgs,swh:1:cnt:322df6145fe9297567bd6723b843178b96301a92;origin=https://github.com/acmeism/RosettaCodeData;path=/Task/Hello-world-Text/DIV-Games-Studio/hello-world-text.dgs,DIV Games Studio,DIV Games Studio,DIV Games Studio,the contributor (the language heading the solution is filed under on rosettacode.org),RosettaCodeData@1d47586,,,,not-in-linguist;invented-ext,Task/Hello-world-Text/DIV-Games-Studio/hello-world-text.dgs,1
rosetta:d98f8baf82e6,gold,.dm,6f7bfe5ce5adb2d0d6edf133b62e142741cb87b5,classes-2.dm,swh:1:cnt:6f7bfe5ce5adb2d0d6edf133b62e142741cb87b5;origin=https://github.com/acmeism/RosettaCodeData;path=/Task/Classes/DM/classes-2.dm,DM,DM,DM;byond,the contributor (the language heading the solution is filed under on rosettacode.org),RosettaCodeData@1d47586,,,,in-linguist,Task/Classes/DM/classes-2.dm,10
rosetta:4f8cf4a4859d,gold,.dm,085418d9da3cf181c824faab10b8c0a4b08ee0e0,variables-3.dm,swh:1:cnt:085418d9da3cf181c824faab10b8c0a4b08ee0e0;origin=https://github.com/acmeism/RosettaCodeData;path=/Task/Variables/DM/variables-3.dm,DM,DM,DM;byond,the contributor (the language heading the solution is filed under on rosettacode.org),RosettaCodeData@1d47586,,,,in-linguist;tiny,Task/Variables/DM/variables-3.dm,10
rosetta:a3adc493764e,gold,.dms,b9f6516e22ac8de7fadb6d52f2f0496de6784d84,a+b.dms,swh:1:cnt:b9f6516e22ac8de7fadb6d52f2f0496de6784d84;origin=https://github.com/acmeism/RosettaCodeData;path=/Task/A+B/DMS/a+b.dms,DMS,DMS,DMS,the contributor (the language heading the solution is filed under on rosettacode.org),RosettaCodeData@1d47586,,,,not-in-linguist;invented-ext;tiny,Task/A+B/DMS/a+b.dms,2
rosetta:39df60672e37,gold,.dms,ed7e1e2659305441d576fbed19676ccb28640692,loops-for.dms,swh:1:cnt:ed7e1e2659305441d576fbed19676ccb28640692;origin=https://github.com/acmeism/RosettaCodeData;path=/Task/Loops-For/DMS/loops-for.dms,DMS,DMS,DMS,the contributor (the language heading the solution is filed under on rosettacode.org),RosettaCodeData@1d47586,,,,not-in-linguist;invented-ext,Task/Loops-For/DMS/loops-for.dms,2
rosetta:e64ea3d49ee2,gold,.dodo0,e8db195aa1aded06413b5fc3613dedd068fbdb87,execute-brain-.dodo0,swh:1:cnt:e8db195aa1aded06413b5fc3613dedd068fbdb87;origin=https://github.com/acmeism/RosettaCodeData;path=/Task/Execute-Brain-/Dodo0/execute-brain-.dodo0,Dodo0,Dodo0,Dodo0,the contributor (the language heading the solution is filed under on rosettacode.org),RosettaCodeData@1d47586,,,,not-in-linguist;invented-ext,Task/Execute-Brain-/Dodo0/execute-brain-.dodo0,3
rosetta:2d7bf3066ce2,gold,.dodo0,87604cac5f561815a7a279a58efbaeaf72059728,loops-for.dodo0,swh:1:cnt:87604cac5f561815a7a279a58efbaeaf72059728;origin=https://github.com/acmeism/RosettaCodeData;path=/Task/Loops-For/Dodo0/loops-for.dodo0,Dodo0,Dodo0,Dodo0,the contributor (the language heading the solution is filed under on rosettacode.org),RosettaCodeData@1d47586,,,,not-in-linguist;invented-ext,Task/Loops-For/Dodo0/loops-for.dodo0,3
rosetta:ef834587a675,gold,.draco,2f1fd17c2d4682623a1ec0a61ce8dc73583be81f,ethiopian-multiplication.draco,swh:1:cnt:2f1fd17c2d4682623a1ec0a61ce8dc73583be81f;origin=https://github.com/acmeism/RosettaCodeData;path=/Task/Ethiopian-multiplication/Draco/ethiopian-multiplication.draco,Draco,Draco,Draco,the contributor (the language heading the solution is filed under on rosettacode.org),RosettaCodeData@1d47586,,,,not-in-linguist;invented-ext,Task/Ethiopian-multiplication/Draco/ethiopian-multiplication.draco,144
rosetta:f9a8c452a1d2,gold,.draco,28294e0daa8a8c676979df946de011805c2b1714,ordered-words.draco,swh:1:cnt:28294e0daa8a8c676979df946de011805c2b1714;origin=https://github.com/acmeism/RosettaCodeData;path=/Task/Ordered-words/Draco/ordered-words.draco,Draco,Draco,Draco,the contributor (the language heading the solution is filed under on rosettacode.org),RosettaCodeData@1d47586,,,,not-in-linguist;invented-ext,Task/Ordered-words/Draco/ordered-words.draco,144
rosetta:cbf457fa1969,gold,.dragon,23cd6c9ec2dd1dd0e676899efd4135abafc0d769,http.dragon,swh:1:cnt:23cd6c9ec2dd1dd0e676899efd4135abafc0d769;origin=https://github.com/acmeism/RosettaCodeData;path=/Task/HTTP/Dragon/http.dragon,Dragon,Dragon,Dragon,the contributor (the language heading the solution is filed under on rosettacode.org),RosettaCodeData@1d47586,,,,not-in-linguist;invented-ext;tiny,Task/HTTP/Dragon/http.dragon,24
rosetta:183ee6ea2e6b,gold,.dragon,ead55ed5fa64d5651372f4d03c02d2473ce76167,window-creation.dragon,swh:1:cnt:ead55ed5fa64d5651372f4d03c02d2473ce76167;origin=https://github.com/acmeism/RosettaCodeData;path=/Task/Window-creation/Dragon/window-creation.dragon,Dragon,Dragon,Dragon,the contributor (the language heading the solution is filed under on rosettacode.org),RosettaCodeData@1d47586,,,,not-in-linguist;invented-ext;tiny,Task/Window-creation/Dragon/window-creation.dragon,24
rosetta:9aa42417e380,gold,.dragonstone,e8359c75d5a969c17e2ae706253fc6cc002eaf75,comments.dragonstone,swh:1:cnt:e8359c75d5a969c17e2ae706253fc6cc002eaf75;origin=https://github.com/acmeism/RosettaCodeData;path=/Task/Comments/Dragonstone/comments.dragonstone,Dragonstone,Dragonstone,Dragonstone,the contributor (the language heading the solution is filed under on rosettacode.org),RosettaCodeData@1d47586,,,,not-in-linguist;invented-ext,Task/Comments/Dragonstone/comments.dragonstone,4
rosetta:a500a91c04e5,gold,.dragonstone,0b27a01ed97aa3bceb368841017366d41077ba2e,loops-while.dragonstone,swh:1:cnt:0b27a01ed97aa3bceb368841017366d41077ba2e;origin=https://github.com/acmeism/RosettaCodeData;path=/Task/Loops-While/Dragonstone/loops-while.dragonstone,Dragonstone,Dragonstone,Dragonstone,the contributor (the language heading the solution is filed under on rosettacode.org),RosettaCodeData@1d47586,,,,not-in-linguist;invented-ext,Task/Loops-While/Dragonstone/loops-while.dragonstone,4
rosetta:6f2da80d69dc,gold,.dt,225080e52908ce18e83d79207a09ac611194ef62,binary-digits.dt,swh:1:cnt:225080e52908ce18e83d79207a09ac611194ef62;origin=https://github.com/acmeism/RosettaCodeData;path=/Task/Binary-digits/Dt/binary-digits.dt,Dt,Dt,Dt,the contributor (the language heading the solution is filed under on rosettacode.org),RosettaCodeData@1d47586,,,,not-in-linguist;invented-ext;tiny,Task/Binary-digits/Dt/binary-digits.dt,11
rosetta:0a4023e4fa58,gold,.dt,f39badc99b7d1b8794c97bd8d175477a843259be,phrase-reversals.dt,swh:1:cnt:f39badc99b7d1b8794c97bd8d175477a843259be;origin=https://github.com/acmeism/RosettaCodeData;path=/Task/Phrase-reversals/Dt/phrase-reversals.dt,Dt,Dt,Dt,the contributor (the language heading the solution is filed under on rosettacode.org),RosettaCodeData@1d47586,,,,not-in-linguist;invented-ext,Task/Phrase-reversals/Dt/phrase-reversals.dt,11
rosetta:05482be7ef9d,gold,.duckdb,a3b412c960a0127c4b696af49934feaeaea0acba,currency.duckdb,swh:1:cnt:a3b412c960a0127c4b696af49934feaeaea0acba;origin=https://github.com/acmeism/RosettaCodeData;path=/Task/Currency/DuckDB/currency.duckdb,DuckDB,DuckDB,DuckDB,the contributor (the language heading the solution is filed under on rosettacode.org),RosettaCodeData@1d47586,,,,not-in-linguist;invented-ext,Task/Currency/DuckDB/currency.duckdb,409
rosetta:c05de677e67a,gold,.duckdb,449cd5067549969b850a7e0c01af2e12bf5ba5f5,loops-for-with-a-specified-step-1.duckdb,swh:1:cnt:449cd5067549969b850a7e0c01af2e12bf5ba5f5;origin=https://github.com/acmeism/RosettaCodeData;path=/Task/Loops-For-with-a-specified-step/DuckDB/loops-for-with-a-specified-step-1.duckdb,DuckDB,DuckDB,DuckDB,the contributor (the language heading the solution is filed under on rosettacode.org),RosettaCodeData@1d47586,,,,not-in-linguist;invented-ext;tiny,Task/Loops-For-with-a-specified-step/DuckDB/loops-for-with-a-specified-step-1.duckdb,409
rosetta:68858d546f00,gold,.dup,768e8a26d59e1fea7cc0d7a5a98aa8ff1e0745a1,fizzbuzz-2.dup,swh:1:cnt:768e8a26d59e1fea7cc0d7a5a98aa8ff1e0745a1;origin=https://github.com/acmeism/RosettaCodeData;path=/Task/FizzBuzz/DUP/fizzbuzz-2.dup,DUP,DUP,DUP,the contributor (the language heading the solution is filed under on rosettacode.org),RosettaCodeData@1d47586,,,,not-in-linguist;invented-ext;tiny,Task/FizzBuzz/DUP/fizzbuzz-2.dup,15
rosetta:b0bf3d313de8,gold,.dup,4c4c164f088dea1bf6ea3745b38ac20cf348c2f6,loops-while-2.dup,swh:1:cnt:4c4c164f088dea1bf6ea3745b38ac20cf348c2f6;origin=https://github.com/acmeism/RosettaCodeData;path=/Task/Loops-While/DUP/loops-while-2.dup,DUP,DUP,DUP,the contributor (the language heading the solution is filed under on rosettacode.org),RosettaCodeData@1d47586,,,,not-in-linguist;invented-ext,Task/Loops-While/DUP/loops-while-2.dup,15
rosetta:08bbd5dacabc,gold,.dw,be2ed7d4f794a3e2e0380ad9e4efc39fc8f0b6ff,factorial-2.dw,swh:1:cnt:be2ed7d4f794a3e2e0380ad9e4efc39fc8f0b6ff;origin=https://github.com/acmeism/RosettaCodeData;path=/Task/Factorial/DWScript/factorial-2.dw,DWScript,DWScript,DWScript,the contributor (the language heading the solution is filed under on rosettacode.org),RosettaCodeData@1d47586,,,,not-in-linguist;invented-ext,Task/Factorial/DWScript/factorial-2.dw,97
rosetta:8cfeaf2e0647,gold,.dw,e48d1cbcc898c3a5fa0e3092e8bb5e47e9fca1e0,string-concatenation.dw,swh:1:cnt:e48d1cbcc898c3a5fa0e3092e8bb5e47e9fca1e0;origin=https://github.com/acmeism/RosettaCodeData;path=/Task/String-concatenation/DWScript/string-concatenation.dw,DWScript,DWScript,DWScript,the contributor (the language heading the solution is filed under on rosettacode.org),RosettaCodeData@1d47586,,,,not-in-linguist;invented-ext;tiny,Task/String-concatenation/DWScript/string-concatenation.dw,97
rosetta:d59a527399f8,gold,.dyalect,59708771116d0f38246a9e3b681e5e463c960e41,count-occurrences-of-a-substring.dyalect,swh:1:cnt:59708771116d0f38246a9e3b681e5e463c960e41;origin=https://github.com/acmeism/RosettaCodeData;path=/Task/Count-occurrences-of-a-substring/Dyalect/count-occurrences-of-a-substring.dyalect,Dyalect,Dyalect,Dyalect,the contributor (the language heading the solution is filed under on rosettacode.org),RosettaCodeData@1d47586,,,,not-in-linguist;invented-ext,Task/Count-occurrences-of-a-substring/Dyalect/count-occurrences-of-a-substring.dyalect,160
rosetta:63bbc22486c2,gold,.dyalect,af3a8521c674a91c53da90a7033394d5eec19bbb,loops-foreach-3.dyalect,swh:1:cnt:af3a8521c674a91c53da90a7033394d5eec19bbb;origin=https://github.com/acmeism/RosettaCodeData;path=/Task/Loops-Foreach/Dyalect/loops-foreach-3.dyalect,Dyalect,Dyalect,Dyalect,the contributor (the language heading the solution is filed under on rosettacode.org),RosettaCodeData@1d47586,,,,not-in-linguist;invented-ext,Task/Loops-Foreach/Dyalect/loops-foreach-3.dyalect,160
rosetta:9602f481c45d,gold,.dylan,77757763b347e50074ebb74818efeb3c7a70eb07,factorial-2.dylan,swh:1:cnt:77757763b347e50074ebb74818efeb3c7a70eb07;origin=https://github.com/acmeism/RosettaCodeData;path=/Task/Factorial/Dylan/factorial-2.dylan,Dylan,Dylan,Dylan,the contributor (the language heading the solution is filed under on rosettacode.org),RosettaCodeData@1d47586,,,,in-linguist,Task/Factorial/Dylan/factorial-2.dylan,18
rosetta:4e539e1a9bf2,gold,.dylan,6d6637fbab34bb2eb82316b9c7e3259da98a2105,function-composition.dylan,swh:1:cnt:6d6637fbab34bb2eb82316b9c7e3259da98a2105;origin=https://github.com/acmeism/RosettaCodeData;path=/Task/Function-composition/Dylan/function-composition.dylan,Dylan,Dylan,Dylan,the contributor (the language heading the solution is filed under on rosettacode.org),RosettaCodeData@1d47586,,,,in-linguist;tiny,Task/Function-composition/Dylan/function-composition.dylan,18
rosetta:d2468c43e7dd,gold,.dylan,95b6b6e38d873f23531ffb0bd7333308958c5358,hello-world-text-2.dylan,swh:1:cnt:95b6b6e38d873f23531ffb0bd7333308958c5358;origin=https://github.com/acmeism/RosettaCodeData;path=/Task/Hello-world-Text/Dylan.NET/hello-world-text-2.dylan,Dylan.NET,Dylan.NET,Dylan.NET,the contributor (the language heading the solution is filed under on rosettacode.org),RosettaCodeData@1d47586,,,,not-in-linguist;misleading-ext,Task/Hello-world-Text/Dylan.NET/hello-world-text-2.dylan,8
rosetta:15162f3c2806,gold,.dylan,3df8b11a3bcf7a5a5d95d3ef2e01425b8c879b72,hello-world-web-server.dylan,swh:1:cnt:3df8b11a3bcf7a5a5d95d3ef2e01425b8c879b72;origin=https://github.com/acmeism/RosettaCodeData;path=/Task/Hello-world-Web-server/Dylan.NET/hello-world-web-server.dylan,Dylan.NET,Dylan.NET,Dylan.NET,the contributor (the language heading the solution is filed under on rosettacode.org),RosettaCodeData@1d47586,,,,not-in-linguist;misleading-ext,Task/Hello-world-Web-server/Dylan.NET/hello-world-web-server.dylan,8
rosetta:afa8aac5689f,gold,.e,b5bd71480552f704c60a3ecf3dd59b18b2b44231,fibonacci-sequence.e,swh:1:cnt:b5bd71480552f704c60a3ecf3dd59b18b2b44231;origin=https://github.com/acmeism/RosettaCodeData;path=/Task/Fibonacci-sequence/E/fibonacci-sequence.e,E,E,E,the contributor (the language heading the solution is filed under on rosettacode.org),RosettaCodeData@1d47586,,,,in-linguist;ambiguous-ext,Task/Fibonacci-sequence/E/fibonacci-sequence.e,385
rosetta:e1064892f09e,gold,.e,97fc619c3994ca68a9fbc9091a4d4ed9bd0dcf77,run-length-encoding-1.e,swh:1:cnt:97fc619c3994ca68a9fbc9091a4d4ed9bd0dcf77;origin=https://github.com/acmeism/RosettaCodeData;path=/Task/Run-length-encoding/E/run-length-encoding-1.e,E,E,E,the contributor (the language heading the solution is filed under on rosettacode.org),RosettaCodeData@1d47586,,,,in-linguist;ambiguous-ext,Task/Run-length-encoding/E/run-length-encoding-1.e,385
rosetta:176f606105c2,gold,.easy,0dd0bab09efe21e65c31ee5c8ba67e422c319e85,odd-word-problem.easy,swh:1:cnt:0dd0bab09efe21e65c31ee5c8ba67e422c319e85;origin=https://github.com/acmeism/RosettaCodeData;path=/Task/Odd-word-problem/EasyLang/odd-word-problem.easy,EasyLang,EasyLang,EasyLang,the contributor (the language heading the solution is filed under on rosettacode.org),RosettaCodeData@1d47586,,,,not-in-linguist;invented-ext,Task/Odd-word-problem/EasyLang/odd-word-problem.easy,1112
rosetta:061c0ff8f481,gold,.easy,072d48c28f0f6c8e83ee19ded8eef67777afa5c2,palindromic-primes-in-base-16.easy,swh:1:cnt:072d48c28f0f6c8e83ee19ded8eef67777afa5c2;origin=https://github.com/acmeism/RosettaCodeData;path=/Task/Palindromic-primes-in-base-16/EasyLang/palindromic-primes-in-base-16.easy,EasyLang,EasyLang,EasyLang,the contributor (the language heading the solution is filed under on rosettacode.org),RosettaCodeData@1d47586,,,,not-in-linguist;invented-ext,Task/Palindromic-primes-in-base-16/EasyLang/palindromic-primes-in-base-16.easy,1112
rosetta:8860574a23fc,gold,.ec,c3223a8bb6e8b25c2774854508b064facfa30a45,hello-world-text.ec,swh:1:cnt:c3223a8bb6e8b25c2774854508b064facfa30a45;origin=https://github.com/acmeism/RosettaCodeData;path=/Task/Hello-world-Text/EC/hello-world-text.ec,eC,EC,eC;EC,the contributor (the language heading the solution is filed under on rosettacode.org),RosettaCodeData@1d47586,,,,in-linguist,Task/Hello-world-Text/EC/hello-world-text.ec,10
rosetta:68e506f09878,gold,.ec,e68b333f579a58ad0956a00742a4fd18a5da4f45,opengl.ec,swh:1:cnt:e68b333f579a58ad0956a00742a4fd18a5da4f45;origin=https://github.com/acmeism/RosettaCodeData;path=/Task/OpenGL/EC/opengl.ec,eC,EC,eC;EC,the contributor (the language heading the solution is filed under on rosettacode.org),RosettaCodeData@1d47586,,,,in-linguist,Task/OpenGL/EC/opengl.ec,10
rosetta:9dfd503188b0,gold,.l,b349d6b79eee72ff94161278d3359bb25d287b82,aks-test-for-primes-2.l,swh:1:cnt:b349d6b79eee72ff94161278d3359bb25d287b82;origin=https://github.com/acmeism/RosettaCodeData;path=/Task/AKS-test-for-primes/EchoLisp/aks-test-for-primes-2.l,EchoLisp,EchoLisp,EchoLisp,the contributor (the language heading the solution is filed under on rosettacode.org),RosettaCodeData@1d47586,,,,not-in-linguist;misleading-ext;ambiguous-ext,Task/AKS-test-for-primes/EchoLisp/aks-test-for-primes-2.l,385
rosetta:3205ed35cfdc,gold,.l,4b9ddc383567923ae59fcd9b4e74712dfdbff998,arbitrary-precision-integers-included-.l,swh:1:cnt:4b9ddc383567923ae59fcd9b4e74712dfdbff998;origin=https://github.com/acmeism/RosettaCodeData;path=/Task/Arbitrary-precision-integers-included-/EchoLisp/arbitrary-precision-integers-included-.l,EchoLisp,EchoLisp,EchoLisp,the contributor (the language heading the solution is filed under on rosettacode.org),RosettaCodeData@1d47586,,,,not-in-linguist;misleading-ext;ambiguous-ext,Task/Arbitrary-precision-integers-included-/EchoLisp/arbitrary-precision-integers-included-.l,385
rosetta:680064fb08da,gold,.ecl,40ec64cfea2a7ac5ec259c20e966ecd05410702b,detect-division-by-zero-1.ecl,swh:1:cnt:40ec64cfea2a7ac5ec259c20e966ecd05410702b;origin=https://github.com/acmeism/RosettaCodeData;path=/Task/Detect-division-by-zero/ECL/detect-division-by-zero-1.ecl,ECL,ECL,ECL,the contributor (the language heading the solution is filed under on rosettacode.org),RosettaCodeData@1d47586,,,,in-linguist;ambiguous-ext;tiny,Task/Detect-division-by-zero/ECL/detect-division-by-zero-1.ecl,36
rosetta:995b102d3544,gold,.ecl,324b9b12faf60cc96fb8551cebb816bee4fcbe37,fizzbuzz.ecl,swh:1:cnt:324b9b12faf60cc96fb8551cebb816bee4fcbe37;origin=https://github.com/acmeism/RosettaCodeData;path=/Task/FizzBuzz/ECL/fizzbuzz.ecl,ECL,ECL,ECL,the contributor (the language heading the solution is filed under on rosettacode.org),RosettaCodeData@1d47586,,,,in-linguist;ambiguous-ext,Task/FizzBuzz/ECL/fizzbuzz.ecl,36
rosetta:43548a4e075f,gold,.ecstasy,9d30cdccd17b3f047ec8ea0c0c0f155cf143986b,empty-program.ecstasy,swh:1:cnt:9d30cdccd17b3f047ec8ea0c0c0f155cf143986b;origin=https://github.com/acmeism/RosettaCodeData;path=/Task/Empty-program/Ecstasy/empty-program.ecstasy,Ecstasy,Ecstasy,Ecstasy,the contributor (the language heading the solution is filed under on rosettacode.org),RosettaCodeData@1d47586,,,,not-in-linguist;invented-ext,Task/Empty-program/Ecstasy/empty-program.ecstasy,79
rosetta:c1a34c92d62d,gold,.ecstasy,548f73f1fb06d6354962875c539eea3989531ec2,permutations.ecstasy,swh:1:cnt:548f73f1fb06d6354962875c539eea3989531ec2;origin=https://github.com/acmeism/RosettaCodeData;path=/Task/Permutations/Ecstasy/permutations.ecstasy,Ecstasy,Ecstasy,Ecstasy,the contributor (the language heading the solution is filed under on rosettacode.org),RosettaCodeData@1d47586,,,,not-in-linguist;invented-ext,Task/Permutations/Ecstasy/permutations.ecstasy,79
rosetta:fc0a40a1e41f,gold,.ed,2468b4d7206f3cf2b61ca22eb31a40bf37efbc97,code-golf.ed,swh:1:cnt:2468b4d7206f3cf2b61ca22eb31a40bf37efbc97;origin=https://github.com/acmeism/RosettaCodeData;path=/Task/Code-Golf/Ed/code-golf.ed,Ed,Ed,Ed,the contributor (the language heading the solution is filed under on rosettacode.org),RosettaCodeData@1d47586,,,,not-in-linguist;invented-ext,Task/Code-Golf/Ed/code-golf.ed,100
rosetta:0620c66b5d3c,gold,.ed,fcc246bcee3956492f272681db4efb9a08673e97,selectively-replace-multiple-instances-of-a-character-within-a-string.ed,swh:1:cnt:fcc246bcee3956492f272681db4efb9a08673e97;origin=https://github.com/acmeism/RosettaCodeData;path=/Task/Selectively-replace-multiple-instances-of-a-character-within-a-string/Ed/selectively-replace-multiple-instances-of-a-character-within-a-string.ed,Ed,Ed,Ed,the contributor (the language heading the solution is filed under on rosettacode.org),RosettaCodeData@1d47586,,,,not-in-linguist;invented-ext,Task/Selectively-replace-multiple-instances-of-a-character-within-a-string/Ed/selectively-replace-multiple-instances-of-a-character-within-a-string.ed,100
rosetta:1a546b611720,gold,.edsac,e1c173673bb9ca8bec6c098911e7f28aa252f6cb,pythagorean-quadruples.edsac,swh:1:cnt:e1c173673bb9ca8bec6c098911e7f28aa252f6cb;origin=https://github.com/acmeism/RosettaCodeData;path=/Task/Pythagorean-quadruples/EDSAC-order-code/pythagorean-quadruples.edsac,EDSAC order code,EDSAC order code,EDSAC order code,the contributor (the language heading the solution is filed under on rosettacode.org),RosettaCodeData@1d47586,,,,not-in-linguist;invented-ext,Task/Pythagorean-quadruples/EDSAC-order-code/pythagorean-quadruples.edsac,77
rosetta:5463cd36b73a,gold,.edsac,515719e630d62e70c07655fb3973bb3518bf553a,towers-of-hanoi.edsac,swh:1:cnt:515719e630d62e70c07655fb3973bb3518bf553a;origin=https://github.com/acmeism/RosettaCodeData;path=/Task/Towers-of-Hanoi/EDSAC-order-code/towers-of-hanoi.edsac,EDSAC order code,EDSAC order code,EDSAC order code,the contributor (the language heading the solution is filed under on rosettacode.org),RosettaCodeData@1d47586,,,,not-in-linguist;invented-ext,Task/Towers-of-Hanoi/EDSAC-order-code/towers-of-hanoi.edsac,77
rosetta:0d0481bc2d88,gold,.eero,5a995930d474db76a90e4f566d608d7ec6c96bfa,sorting-algorithms-quicksort-2.eero,swh:1:cnt:5a995930d474db76a90e4f566d608d7ec6c96bfa;origin=https://github.com/acmeism/RosettaCodeData;path=/Task/Sorting-algorithms-Quicksort/Eero/sorting-algorithms-quicksort-2.eero,Eero,Eero,Eero,the contributor (the language heading the solution is filed under on rosettacode.org),RosettaCodeData@1d47586,,,,not-in-linguist;invented-ext,Task/Sorting-algorithms-Quicksort/Eero/sorting-algorithms-quicksort-2.eero,11
rosetta:975254bd1be5,gold,.eero,bf0b5bdf4f69452b4df80a641031f4f16d3a2648,substring.eero,swh:1:cnt:bf0b5bdf4f69452b4df80a641031f4f16d3a2648;origin=https://github.com/acmeism/RosettaCodeData;path=/Task/Substring/Eero/substring.eero,Eero,Eero,Eero,the contributor (the language heading the solution is filed under on rosettacode.org),RosettaCodeData@1d47586,,,,not-in-linguist;invented-ext,Task/Substring/Eero/substring.eero,11
rosetta:6a4afe1281e8,gold,.efene,8edea5046296fd349eed13dc242cdb8d8df54cc7,integer-comparison.efene,swh:1:cnt:8edea5046296fd349eed13dc242cdb8d8df54cc7;origin=https://github.com/acmeism/RosettaCodeData;path=/Task/Integer-comparison/Efene/integer-comparison.efene,Efene,Efene,Efene,the contributor (the language heading the solution is filed under on rosettacode.org),RosettaCodeData@1d47586,,,,not-in-linguist;invented-ext,Task/Integer-comparison/Efene/integer-comparison.efene,16
rosetta:84cd4a84eb59,gold,.efene,6336d2ba48fbc42515e4dc51ae5a1b489e64f07d,literals-integer.efene,swh:1:cnt:6336d2ba48fbc42515e4dc51ae5a1b489e64f07d;origin=https://github.com/acmeism/RosettaCodeData;path=/Task/Literals-Integer/Efene/literals-integer.efene,Efene,Efene,Efene,the contributor (the language heading the solution is filed under on rosettacode.org),RosettaCodeData@1d47586,,,,not-in-linguist;invented-ext,Task/Literals-Integer/Efene/literals-integer.efene,16
rosetta:567f07e79dd4,gold,.egel,779faed348a64bf9854b481ec1d04a90f6ad3c3c,100-doors.egel,swh:1:cnt:779faed348a64bf9854b481ec1d04a90f6ad3c3c;origin=https://github.com/acmeism/RosettaCodeData;path=/Task/100-doors/Egel/100-doors.egel,Egel,Egel,Egel,the contributor (the language heading the solution is filed under on rosettacode.org),RosettaCodeData@1d47586,,,,not-in-linguist;invented-ext,Task/100-doors/Egel/100-doors.egel,12
rosetta:248e31562382,gold,.egel,285764bf8f972b1f6638825a3d07f47030906424,99-bottles-of-beer.egel,swh:1:cnt:285764bf8f972b1f6638825a3d07f47030906424;origin=https://github.com/acmeism/RosettaCodeData;path=/Task/99-bottles-of-beer/Egel/99-bottles-of-beer.egel,Egel,Egel,Egel,the contributor (the language heading the solution is filed under on rosettacode.org),RosettaCodeData@1d47586,,,,not-in-linguist;invented-ext,Task/99-bottles-of-beer/Egel/99-bottles-of-beer.egel,12
rosetta:271761b60d71,gold,.egison,07143aea2e447a427df7fdcf2be66feabbca685f,combinations-with-repetitions.egison,swh:1:cnt:07143aea2e447a427df7fdcf2be66feabbca685f;origin=https://github.com/acmeism/RosettaCodeData;path=/Task/Combinations-with-repetitions/Egison/combinations-with-repetitions.egison,Egison,Egison,Egison,the contributor (the language heading the solution is filed under on rosettacode.org),RosettaCodeData@1d47586,,,,not-in-linguist;invented-ext,Task/Combinations-with-repetitions/Egison/combinations-with-repetitions.egison,12
rosetta:ed57b76a8a10,gold,.egison,3f88174a114db24e5abd6256e4b981a8d6edac80,set-consolidation-1.egison,swh:1:cnt:3f88174a114db24e5abd6256e4b981a8d6edac80;origin=https://github.com/acmeism/RosettaCodeData;path=/Task/Set-consolidation/Egison/set-consolidation-1.egison,Egison,Egison,Egison,the contributor (the language heading the solution is filed under on rosettacode.org),RosettaCodeData@1d47586,,,,not-in-linguist;invented-ext,Task/Set-consolidation/Egison/set-consolidation-1.egison,12
rosetta:effd909641f0,gold,.egl,852e2caa3609d256f5f091a750a6e49b8e0176ea,enumerations-1.egl,swh:1:cnt:852e2caa3609d256f5f091a750a6e49b8e0176ea;origin=https://github.com/acmeism/RosettaCodeData;path=/Task/Enumerations/EGL/enumerations-1.egl,EGL,EGL,EGL,the contributor (the language heading the solution is filed under on rosettacode.org),RosettaCodeData@1d47586,,,,not-in-linguist;invented-ext,Task/Enumerations/EGL/enumerations-1.egl,37
rosetta:6563f04a8fe3,gold,.egl,679f36539646c1c1dd0ee4607849e078105463c3,factorial-1.egl,swh:1:cnt:679f36539646c1c1dd0ee4607849e078105463c3;origin=https://github.com/acmeism/RosettaCodeData;path=/Task/Factorial/EGL/factorial-1.egl,EGL,EGL,EGL,the contributor (the language heading the solution is filed under on rosettacode.org),RosettaCodeData@1d47586,,,,not-in-linguist;invented-ext,Task/Factorial/EGL/factorial-1.egl,37
rosetta:1807bb79d9fd,gold,.e,43fa6dc36e31affcaaed1cae3e25d027320ac354,active-directory-search-for-a-user-2.e,swh:1:cnt:43fa6dc36e31affcaaed1cae3e25d027320ac354;origin=https://github.com/acmeism/RosettaCodeData;path=/Task/Active-Directory-Search-for-a-user/Eiffel/active-directory-search-for-a-user-2.e,Eiffel,Eiffel,Eiffel,the contributor (the language heading the solution is filed under on rosettacode.org),RosettaCodeData@1d47586,,,,in-linguist;ambiguous-ext,Task/Active-Directory-Search-for-a-user/Eiffel/active-directory-search-for-a-user-2.e,227
rosetta:bf7029b2c96b,gold,.e,e8efec59f56d522bf660bdc0f938c5bd4e88230e,one-of-n-lines-in-a-file-2.e,swh:1:cnt:e8efec59f56d522bf660bdc0f938c5bd4e88230e;origin=https://github.com/acmeism/RosettaCodeData;path=/Task/One-of-n-lines-in-a-file/Eiffel/one-of-n-lines-in-a-file-2.e,Eiffel,Eiffel,Eiffel,the contributor (the language heading the solution is filed under on rosettacode.org),RosettaCodeData@1d47586,,,,in-linguist;ambiguous-ext,Task/One-of-n-lines-in-a-file/Eiffel/one-of-n-lines-in-a-file-2.e,227
rosetta:8319b2297416,gold,.ela,25d6904e2474a4afd387b83037d1fcab987e5f85,loops-downward-for-2.ela,swh:1:cnt:25d6904e2474a4afd387b83037d1fcab987e5f85;origin=https://github.com/acmeism/RosettaCodeData;path=/Task/Loops-Downward-for/Ela/loops-downward-for-2.ela,Ela,Ela,Ela,the contributor (the language heading the solution is filed under on rosettacode.org),RosettaCodeData@1d47586,,,,not-in-linguist;invented-ext,Task/Loops-Downward-for/Ela/loops-downward-for-2.ela,106
rosetta:f5b142dd19d2,gold,.ela,07e5baf97aef5534c8040c5d911d9587c95b2a3b,loops-infinite-1.ela,swh:1:cnt:07e5baf97aef5534c8040c5d911d9587c95b2a3b;origin=https://github.com/acmeism/RosettaCodeData;path=/Task/Loops-Infinite/Ela/loops-infinite-1.ela,Ela,Ela,Ela,the contributor (the language heading the solution is filed under on rosettacode.org),RosettaCodeData@1d47586,,,,not-in-linguist;invented-ext,Task/Loops-Infinite/Ela/loops-infinite-1.ela,106
rosetta:9115319336a4,gold,.elan,39a42a82eb124e1098e648a256c4b1972eabb9e7,99-bottles-of-beer.elan,swh:1:cnt:39a42a82eb124e1098e648a256c4b1972eabb9e7;origin=https://github.com/acmeism/RosettaCodeData;path=/Task/99-bottles-of-beer/Elan/99-bottles-of-beer.elan,Elan,Elan,Elan,the contributor (the language heading the solution is filed under on rosettacode.org),RosettaCodeData@1d47586,,,,not-in-linguist;invented-ext,Task/99-bottles-of-beer/Elan/99-bottles-of-beer.elan,2
rosetta:c2a714ef800f,gold,.elastic,51a7d343c1a06a447bb39115dad9b7d4edbcee30,hello-world-text.elastic,swh:1:cnt:51a7d343c1a06a447bb39115dad9b7d4edbcee30;origin=https://github.com/acmeism/RosettaCodeData;path=/Task/Hello-world-Text/ElastiC/hello-world-text.elastic,ElastiC,ElastiC,ElastiC,the contributor (the language heading the solution is filed under on rosettacode.org),RosettaCodeData@1d47586,,,,not-in-linguist;invented-ext,Task/Hello-world-Text/ElastiC/hello-world-text.elastic,1
rosetta:28e86ddd07d6,gold,.elena,e9cb71b650f548b5f15db5a3dd7bdac2e1f8a982,amicable-pairs-3.elena,swh:1:cnt:e9cb71b650f548b5f15db5a3dd7bdac2e1f8a982;origin=https://github.com/acmeism/RosettaCodeData;path=/Task/Amicable-pairs/Elena/amicable-pairs-3.elena,Elena,Elena,Elena,the contributor (the language heading the solution is filed under on rosettacode.org),RosettaCodeData@1d47586,,,,not-in-linguist;invented-ext,Task/Amicable-pairs/Elena/amicable-pairs-3.elena,278
rosetta:6913249a0cbb,gold,.elena,c085fd60c5420b1f4236759943dca8fce76eec34,compound-data-type.elena,swh:1:cnt:c085fd60c5420b1f4236759943dca8fce76eec34;origin=https://github.com/acmeism/RosettaCodeData;path=/Task/Compound-data-type/Elena/compound-data-type.elena,Elena,Elena,Elena,the contributor (the language heading the solution is filed under on rosettacode.org),RosettaCodeData@1d47586,,,,not-in-linguist;invented-ext,Task/Compound-data-type/Elena/compound-data-type.elena,278
rosetta:2f5209b8ce32,gold,.elisa,a79cf3e7f8a876dc054fc86b6dbf7a83bdc7f4e5,formal-power-series-1.elisa,swh:1:cnt:a79cf3e7f8a876dc054fc86b6dbf7a83bdc7f4e5;origin=https://github.com/acmeism/RosettaCodeData;path=/Task/Formal-power-series/Elisa/formal-power-series-1.elisa,Elisa,Elisa,Elisa,the contributor (the language heading the solution is filed under on rosettacode.org),RosettaCodeData@1d47586,,,,not-in-linguist;invented-ext,Task/Formal-power-series/Elisa/formal-power-series-1.elisa,13
rosetta:09b455acaa3e,gold,.elisa,aa38f25bfd45ba43c49fa2b948c1557d95e2e10d,queue-definition-1.elisa,swh:1:cnt:aa38f25bfd45ba43c49fa2b948c1557d95e2e10d;origin=https://github.com/acmeism/RosettaCodeData;path=/Task/Queue-Definition/Elisa/queue-definition-1.elisa,Elisa,Elisa,Elisa,the contributor (the language heading the solution is filed under on rosettacode.org),RosettaCodeData@1d47586,,,,not-in-linguist;invented-ext,Task/Queue-Definition/Elisa/queue-definition-1.elisa,13
rosetta:b87add12133b,gold,.ex,33fa61e9a3ebd82f7a50c4fcfce5e4e6d68a5ce4,binary-search.ex,swh:1:cnt:33fa61e9a3ebd82f7a50c4fcfce5e4e6d68a5ce4;origin=https://github.com/acmeism/RosettaCodeData;path=/Task/Binary-search/Elixir/binary-search.ex,Elixir,Elixir,Elixir,the contributor (the language heading the solution is filed under on rosettacode.org),RosettaCodeData@1d47586,,,,in-linguist;ambiguous-ext,Task/Binary-search/Elixir/binary-search.ex,648
rosetta:589caf3729c8,gold,.ex,4b849c78389db79c3e25d1e58ba22a9db69bbe73,magic-squares-of-singly-even-order.ex,swh:1:cnt:4b849c78389db79c3e25d1e58ba22a9db69bbe73;origin=https://github.com/acmeism/RosettaCodeData;path=/Task/Magic-squares-of-singly-even-order/Elixir/magic-squares-of-singly-even-order.ex,Elixir,Elixir,Elixir,the contributor (the language heading the solution is filed under on rosettacode.org),RosettaCodeData@1d47586,,,,in-linguist;ambiguous-ext,Task/Magic-squares-of-singly-even-order/Elixir/magic-squares-of-singly-even-order.ex,648
rosetta:45d94d036f94,gold,.ella,16ba6f42620615b2e1a94a32a3ebf0aa0759f5ce,matrix-multiplication.ella,swh:1:cnt:16ba6f42620615b2e1a94a32a3ebf0aa0759f5ce;origin=https://github.com/acmeism/RosettaCodeData;path=/Task/Matrix-multiplication/ELLA/matrix-multiplication.ella,ELLA,ELLA,ELLA,the contributor (the language heading the solution is filed under on rosettacode.org),RosettaCodeData@1d47586,,,,not-in-linguist;invented-ext,Task/Matrix-multiplication/ELLA/matrix-multiplication.ella,2
rosetta:e3c954c5be95,gold,.elm,80dbc0312edd4e25967efe995fb4145b687364ce,2048.elm,swh:1:cnt:80dbc0312edd4e25967efe995fb4145b687364ce;origin=https://github.com/acmeism/RosettaCodeData;path=/Task/2048/Elm/2048.elm,Elm,Elm,Elm,the contributor (the language heading the solution is filed under on rosettacode.org),RosettaCodeData@1d47586,,,,in-linguist,Task/2048/Elm/2048.elm,59
rosetta:b052afede702,gold,.elm,f10ad27d03a5651a22af7a3977b67b3ca8dba119,langtons-ant.elm,swh:1:cnt:f10ad27d03a5651a22af7a3977b67b3ca8dba119;origin=https://github.com/acmeism/RosettaCodeData;path=/Task/Langtons-ant/Elm/langtons-ant.elm,Elm,Elm,Elm,the contributor (the language heading the solution is filed under on rosettacode.org),RosettaCodeData@1d47586,,,,in-linguist,Task/Langtons-ant/Elm/langtons-ant.elm,59
rosetta:8adbc7c10ef9,gold,.el,03c8913ada11006eff27532fa9c4b498177a1973,find-the-intersection-of-two-lines.el,swh:1:cnt:03c8913ada11006eff27532fa9c4b498177a1973;origin=https://github.com/acmeism/RosettaCodeData;path=/Task/Find-the-intersection-of-two-lines/Emacs-Lisp/find-the-intersection-of-two-lines.el,Emacs Lisp,Emacs Lisp,Emacs Lisp;cask;eask;elisp;emacs,the contributor (the language heading the solution is filed under on rosettacode.org),RosettaCodeData@1d47586,,,,in-linguist,Task/Find-the-intersection-of-two-lines/Emacs-Lisp/find-the-intersection-of-two-lines.el,285
rosetta:28e210109aa3,gold,.el,327db5c779664911a4e1dd934300cf05f7ee3415,variadic-function-1.el,swh:1:cnt:327db5c779664911a4e1dd934300cf05f7ee3415;origin=https://github.com/acmeism/RosettaCodeData;path=/Task/Variadic-function/Emacs-Lisp/variadic-function-1.el,Emacs Lisp,Emacs Lisp,Emacs Lisp;cask;eask;elisp;emacs,the contributor (the language heading the solution is filed under on rosettacode.org),RosettaCodeData@1d47586,,,,in-linguist,Task/Variadic-function/Emacs-Lisp/variadic-function-1.el,285
rosetta:71d73561b709,gold,.emal,ae977cb15a5b6dbbc5b29252dae5e90946a0d054,loops-for.emal,swh:1:cnt:ae977cb15a5b6dbbc5b29252dae5e90946a0d054;origin=https://github.com/acmeism/RosettaCodeData;path=/Task/Loops-For/EMal/loops-for.emal,EMal,EMal,EMal,the contributor (the language heading the solution is filed under on rosettacode.org),RosettaCodeData@1d47586,,,,not-in-linguist;invented-ext;tiny,Task/Loops-For/EMal/loops-for.emal,126
rosetta:a99676ddc6e7,gold,.emal,7e6d4bb2a8f77de9115076ddb02778f2235e05d0,loops-while.emal,swh:1:cnt:7e6d4bb2a8f77de9115076ddb02778f2235e05d0;origin=https://github.com/acmeism/RosettaCodeData;path=/Task/Loops-While/EMal/loops-while.emal,EMal,EMal,EMal,the contributor (the language heading the solution is filed under on rosettacode.org),RosettaCodeData@1d47586,,,,not-in-linguist;invented-ext,Task/Loops-While/EMal/loops-while.emal,126
rosetta:826caf83f582,gold,.emojicode,9ee3d9093c4e2f214c34d064c8a62be735e6c96c,a+b.emojicode,swh:1:cnt:9ee3d9093c4e2f214c34d064c8a62be735e6c96c;origin=https://github.com/acmeism/RosettaCodeData;path=/Task/A+B/Emojicode/a+b.emojicode,Emojicode,Emojicode,Emojicode,the contributor (the language heading the solution is filed under on rosettacode.org),RosettaCodeData@1d47586,,,,not-in-linguist;invented-ext,Task/A+B/Emojicode/a+b.emojicode,5
rosetta:19d6394fb2ea,gold,.emojicode,56f00710538675f5de3fb1890973744709c13069,hello-world-text.emojicode,swh:1:cnt:56f00710538675f5de3fb1890973744709c13069;origin=https://github.com/acmeism/RosettaCodeData;path=/Task/Hello-world-Text/Emojicode/hello-world-text.emojicode,Emojicode,Emojicode,Emojicode,the contributor (the language heading the solution is filed under on rosettacode.org),RosettaCodeData@1d47586,,,,not-in-linguist;invented-ext;tiny,Task/Hello-world-Text/Emojicode/hello-world-text.emojicode,5
rosetta:c1ca989a688a,gold,.epoxy,6aed923f26f8d4ab58ad8bf9b75a92587f9ffa3e,determine-sentence-type.epoxy,swh:1:cnt:6aed923f26f8d4ab58ad8bf9b75a92587f9ffa3e;origin=https://github.com/acmeism/RosettaCodeData;path=/Task/Determine-sentence-type/Epoxy/determine-sentence-type.epoxy,Epoxy,Epoxy,Epoxy,the contributor (the language heading the solution is filed under on rosettacode.org),RosettaCodeData@1d47586,,,,not-in-linguist;invented-ext,Task/Determine-sentence-type/Epoxy/determine-sentence-type.epoxy,5
rosetta:219e0ce33787,gold,.epoxy,9e0e3e508108815a75eea7ad7fa319ccc26f83c4,dynamic-variable-names.epoxy,swh:1:cnt:9e0e3e508108815a75eea7ad7fa319ccc26f83c4;origin=https://github.com/acmeism/RosettaCodeData;path=/Task/Dynamic-variable-names/Epoxy/dynamic-variable-names.epoxy,Epoxy,Epoxy,Epoxy,the contributor (the language heading the solution is filed under on rosettacode.org),RosettaCodeData@1d47586,,,,not-in-linguist;invented-ext,Task/Dynamic-variable-names/Epoxy/dynamic-variable-names.epoxy,5
rosetta:8357c64623db,gold,.erl,69db458a185ed2a986753fcf56c32119b783f109,associative-array-iteration.erl,swh:1:cnt:69db458a185ed2a986753fcf56c32119b783f109;origin=https://github.com/acmeism/RosettaCodeData;path=/Task/Associative-array-Iteration/Erlang/associative-array-iteration.erl,Erlang,Erlang,Erlang,the contributor (the language heading the solution is filed under on rosettacode.org),RosettaCodeData@1d47586,,,,in-linguist,Task/Associative-array-Iteration/Erlang/associative-array-iteration.erl,622
rosetta:274e56cbd134,gold,.erl,166eb3377393810571aeacbdc53de2ddfc4124a1,sorting-algorithms-merge-sort-1.erl,swh:1:cnt:166eb3377393810571aeacbdc53de2ddfc4124a1;origin=https://github.com/acmeism/RosettaCodeData;path=/Task/Sorting-algorithms-Merge-sort/Erlang/sorting-algorithms-merge-sort-1.erl,Erlang,Erlang,Erlang,the contributor (the language heading the solution is filed under on rosettacode.org),RosettaCodeData@1d47586,,,,in-linguist;tiny,Task/Sorting-algorithms-Merge-sort/Erlang/sorting-algorithms-merge-sort-1.erl,622
rosetta:8e05ea2f8973,gold,.erre,032fd979f387f6311c5d4c0a1028266619604896,bitmap-bresenhams-line-algorithm.erre,swh:1:cnt:032fd979f387f6311c5d4c0a1028266619604896;origin=https://github.com/acmeism/RosettaCodeData;path=/Task/Bitmap-Bresenhams-line-algorithm/ERRE/bitmap-bresenhams-line-algorithm.erre,ERRE,ERRE,ERRE,the contributor (the language heading the solution is filed under on rosettacode.org),RosettaCodeData@1d47586,,,,not-in-linguist;invented-ext,Task/Bitmap-Bresenhams-line-algorithm/ERRE/bitmap-bresenhams-line-algorithm.erre,179
rosetta:068df835a82d,gold,.erre,a4dd7070cdb371c963cac506b7e480a489b53cb9,van-der-corput-sequence.erre,swh:1:cnt:a4dd7070cdb371c963cac506b7e480a489b53cb9;origin=https://github.com/acmeism/RosettaCodeData;path=/Task/Van-der-Corput-sequence/ERRE/van-der-corput-sequence.erre,ERRE,ERRE,ERRE,the contributor (the language heading the solution is filed under on rosettacode.org),RosettaCodeData@1d47586,,,,not-in-linguist;invented-ext,Task/Van-der-Corput-sequence/ERRE/van-der-corput-sequence.erre,179
rosetta:e4b90f9e9ad2,gold,.es,ad313979b6e8c0eadd90265c40cbcd95cba2e562,accumulator-factory.es,swh:1:cnt:ad313979b6e8c0eadd90265c40cbcd95cba2e562;origin=https://github.com/acmeism/RosettaCodeData;path=/Task/Accumulator-factory/Es/accumulator-factory.es,Es,Es,Es,the contributor (the language heading the solution is filed under on rosettacode.org),RosettaCodeData@1d47586,,,,not-in-linguist;misleading-ext;ambiguous-ext,Task/Accumulator-factory/Es/accumulator-factory.es,10
rosetta:727d9ccec6a8,gold,.es,3c2856730e573b6329927af1a0051b77377243e8,function-composition-1.es,swh:1:cnt:3c2856730e573b6329927af1a0051b77377243e8;origin=https://github.com/acmeism/RosettaCodeData;path=/Task/Function-composition/Es/function-composition-1.es,Es,Es,Es,the contributor (the language heading the solution is filed under on rosettacode.org),RosettaCodeData@1d47586,,,,not-in-linguist;misleading-ext;ambiguous-ext,Task/Function-composition/Es/function-composition-1.es,10
rosetta:2b9755490411,gold,.esql,f71077fee98d84f12c5f3d9397a08b8e07b088d4,empty-program.esql,swh:1:cnt:f71077fee98d84f12c5f3d9397a08b8e07b088d4;origin=https://github.com/acmeism/RosettaCodeData;path=/Task/Empty-program/ESQL/empty-program.esql,ESQL,ESQL,ESQL,the contributor (the language heading the solution is filed under on rosettacode.org),RosettaCodeData@1d47586,,,,not-in-linguist;invented-ext,Task/Empty-program/ESQL/empty-program.esql,1
rosetta:04bdbcf1d702,gold,.euler,7dac2aa065d3c54b14537e627e33bb39e080c634,greatest-common-divisor.euler,swh:1:cnt:7dac2aa065d3c54b14537e627e33bb39e080c634;origin=https://github.com/acmeism/RosettaCodeData;path=/Task/Greatest-common-divisor/Euler/greatest-common-divisor.euler,Euler,Euler,Euler,the contributor (the language heading the solution is filed under on rosettacode.org),RosettaCodeData@1d47586,,,,not-in-linguist;invented-ext,Task/Greatest-common-divisor/Euler/greatest-common-divisor.euler,45
rosetta:5c2fb93a46f0,gold,.euler,801fddcc904899b6af12276d41b54077b4206ef8,variadic-function.euler,swh:1:cnt:801fddcc904899b6af12276d41b54077b4206ef8;origin=https://github.com/acmeism/RosettaCodeData;path=/Task/Variadic-function/Euler/variadic-function.euler,Euler,Euler,Euler,the contributor (the language heading the solution is filed under on rosettacode.org),RosettaCodeData@1d47586,,,,not-in-linguist;invented-ext,Task/Variadic-function/Euler/variadic-function.euler,45
rosetta:bd4d1a97cf0b,gold,.eu,7bbee0610597b3d06e7a1515a2bda24a61de7a81,case-sensitivity-of-identifiers.eu,swh:1:cnt:7bbee0610597b3d06e7a1515a2bda24a61de7a81;origin=https://github.com/acmeism/RosettaCodeData;path=/Task/Case-sensitivity-of-identifiers/Euphoria/case-sensitivity-of-identifiers.eu,Euphoria,Euphoria,Euphoria,the contributor (the language heading the solution is filed under on rosettacode.org),RosettaCodeData@1d47586,,,,in-linguist;invented-ext,Task/Case-sensitivity-of-identifiers/Euphoria/case-sensitivity-of-identifiers.eu,277
rosetta:1f20c04c9643,gold,.eu,ec47b13782aa15a0b9aaf643ac8b2459f8fab1da,loops-infinite.eu,swh:1:cnt:ec47b13782aa15a0b9aaf643ac8b2459f8fab1da;origin=https://github.com/acmeism/RosettaCodeData;path=/Task/Loops-Infinite/Euphoria/loops-infinite.eu,Euphoria,Euphoria,Euphoria,the contributor (the language heading the solution is filed under on rosettacode.org),RosettaCodeData@1d47586,,,,in-linguist;invented-ext;tiny,Task/Loops-Infinite/Euphoria/loops-infinite.eu,277
rosetta:e43eeb84ff65,gold,.evaldraw,4348d39d0ceab3b831ae7d2906c89d995e59ffe9,bitmap-midpoint-circle-algorithm.evaldraw,swh:1:cnt:4348d39d0ceab3b831ae7d2906c89d995e59ffe9;origin=https://github.com/acmeism/RosettaCodeData;path=/Task/Bitmap-Midpoint-circle-algorithm/Evaldraw/bitmap-midpoint-circle-algorithm.evaldraw,Evaldraw,Evaldraw,Evaldraw,the contributor (the language heading the solution is filed under on rosettacode.org),RosettaCodeData@1d47586,,,,not-in-linguist;invented-ext,Task/Bitmap-Midpoint-circle-algorithm/Evaldraw/bitmap-midpoint-circle-algorithm.evaldraw,18
rosetta:91328062e869,gold,.evaldraw,648408b30cb932c92b81c0ae6b360cd596aa8bce,brownian-tree.evaldraw,swh:1:cnt:648408b30cb932c92b81c0ae6b360cd596aa8bce;origin=https://github.com/acmeism/RosettaCodeData;path=/Task/Brownian-tree/Evaldraw/brownian-tree.evaldraw,Evaldraw,Evaldraw,Evaldraw,the contributor (the language heading the solution is filed under on rosettacode.org),RosettaCodeData@1d47586,,,,not-in-linguist;invented-ext,Task/Brownian-tree/Evaldraw/brownian-tree.evaldraw,18
rosetta:5fabdccada25,gold,.excel,efe5432457bf2295d6c5d5bb4037191a411617e0,pascals-triangle-2.excel,swh:1:cnt:efe5432457bf2295d6c5d5bb4037191a411617e0;origin=https://github.com/acmeism/RosettaCodeData;path=/Task/Pascals-triangle/Excel/pascals-triangle-2.excel,Excel,Excel,Excel,the contributor (the language heading the solution is filed under on rosettacode.org),RosettaCodeData@1d47586,,,,not-in-linguist;invented-ext,Task/Pascals-triangle/Excel/pascals-triangle-2.excel,165
rosetta:1863de260c08,gold,.excel,c1aaf20dc570dfea7f1f1a37e8bdeeee8d390cf1,towers-of-hanoi-2.excel,swh:1:cnt:c1aaf20dc570dfea7f1f1a37e8bdeeee8d390cf1;origin=https://github.com/acmeism/RosettaCodeData;path=/Task/Towers-of-Hanoi/Excel/towers-of-hanoi-2.excel,Excel,Excel,Excel,the contributor (the language heading the solution is filed under on rosettacode.org),RosettaCodeData@1d47586,,,,not-in-linguist;invented-ext,Task/Towers-of-Hanoi/Excel/towers-of-hanoi-2.excel,165
rosetta:74d9645b6d4b,gold,.basic,0f32fa7335df670a8fb4ad25f1324a8e8ccae951,arrays.basic,swh:1:cnt:0f32fa7335df670a8fb4ad25f1324a8e8ccae951;origin=https://github.com/acmeism/RosettaCodeData;path=/Task/Arrays/Extended-Color-BASIC/arrays.basic,Extended Color BASIC,Extended Color BASIC,Extended Color BASIC,the contributor (the language heading the solution is filed under on rosettacode.org),RosettaCodeData@1d47586,,,,not-in-linguist;invented-ext;tiny,Task/Arrays/Extended-Color-BASIC/arrays.basic,8
rosetta:0519f202a24a,gold,.basic,6c981bbcb9d2566f754ec4debe7b9250a8830f80,write-language-name-in-3d-ascii.basic,swh:1:cnt:6c981bbcb9d2566f754ec4debe7b9250a8830f80;origin=https://github.com/acmeism/RosettaCodeData;path=/Task/Write-language-name-in-3D-ASCII/Extended-Color-BASIC/write-language-name-in-3d-ascii.basic,Extended Color BASIC,Extended Color BASIC,Extended Color BASIC,the contributor (the language heading the solution is filed under on rosettacode.org),RosettaCodeData@1d47586,,,,not-in-linguist;invented-ext,Task/Write-language-name-in-3D-ASCII/Extended-Color-BASIC/write-language-name-in-3d-ascii.basic,8
rosetta:128831eb7498,gold,.ezhil,6ed864be1660b63f9a2ca9a16a5bb0c3cd1fcae3,factorial.ezhil,swh:1:cnt:6ed864be1660b63f9a2ca9a16a5bb0c3cd1fcae3;origin=https://github.com/acmeism/RosettaCodeData;path=/Task/Factorial/Ezhil/factorial.ezhil,Ezhil,Ezhil,Ezhil,the contributor (the language heading the solution is filed under on rosettacode.org),RosettaCodeData@1d47586,,,,not-in-linguist;invented-ext,Task/Factorial/Ezhil/factorial.ezhil,12
rosetta:2fc382d4f9e2,gold,.ezhil,ae91b8b2b3014b0f3e64cb03824ef64db65c2de1,greatest-common-divisor.ezhil,swh:1:cnt:ae91b8b2b3014b0f3e64cb03824ef64db65c2de1;origin=https://github.com/acmeism/RosettaCodeData;path=/Task/Greatest-common-divisor/Ezhil/greatest-common-divisor.ezhil,Ezhil,Ezhil,Ezhil,the contributor (the language heading the solution is filed under on rosettacode.org),RosettaCodeData@1d47586,,,,not-in-linguist;invented-ext,Task/Greatest-common-divisor/Ezhil/greatest-common-divisor.ezhil,12
rosetta:35b73dea5386,gold,.fs,fcf715b5e26240f28f0fbf35e3c112b0bd681607,averages-mode-1.fs,swh:1:cnt:fcf715b5e26240f28f0fbf35e3c112b0bd681607;origin=https://github.com/acmeism/RosettaCodeData;path=/Task/Averages-Mode/F-Sharp/averages-mode-1.fs,F#,F Sharp,F#;fsharp;F Sharp,the contributor (the language heading the solution is filed under on rosettacode.org),RosettaCodeData@1d47586,,,,in-linguist;ambiguous-ext,Task/Averages-Mode/F-Sharp/averages-mode-1.fs,1257
rosetta:11dfa3eafa76,gold,.fs,c83488977d42c1752a15a12675ac6e504cfb7c51,primes-which-contain-only-one-odd-digit.fs,swh:1:cnt:c83488977d42c1752a15a12675ac6e504cfb7c51;origin=https://github.com/acmeism/RosettaCodeData;path=/Task/Primes-which-contain-only-one-odd-digit/F-Sharp/primes-which-contain-only-one-odd-digit.fs,F#,F Sharp,F#;fsharp;F Sharp,the contributor (the language heading the solution is filed under on rosettacode.org),RosettaCodeData@1d47586,,,,in-linguist;ambiguous-ext;tiny,Task/Primes-which-contain-only-one-odd-digit/F-Sharp/primes-which-contain-only-one-odd-digit.fs,1257
rosetta:90c48a0e0538,gold,.factor,a012f1ba266c1f416fb373e9d608906753fa595c,pascals-triangle-1.factor,swh:1:cnt:a012f1ba266c1f416fb373e9d608906753fa595c;origin=https://github.com/acmeism/RosettaCodeData;path=/Task/Pascals-triangle/Factor/pascals-triangle-1.factor,Factor,Factor,Factor,the contributor (the language heading the solution is filed under on rosettacode.org),RosettaCodeData@1d47586,,,,in-linguist,Task/Pascals-triangle/Factor/pascals-triangle-1.factor,1200
rosetta:539da9c9b9ce,gold,.factor,529a7ba0b1297fec44182de3efc7951f8ad6a214,strip-control-codes-and-extended-characters-from-a-string.factor,swh:1:cnt:529a7ba0b1297fec44182de3efc7951f8ad6a214;origin=https://github.com/acmeism/RosettaCodeData;path=/Task/Strip-control-codes-and-extended-characters-from-a-string/Factor/strip-control-codes-and-extended-characters-from-a-string.factor,Factor,Factor,Factor,the contributor (the language heading the solution is filed under on rosettacode.org),RosettaCodeData@1d47586,,,,in-linguist;tiny,Task/Strip-control-codes-and-extended-characters-from-a-string/Factor/strip-control-codes-and-extended-characters-from-a-string.factor,1200
rosetta:ae8d6ce84743,gold,.falcon,d1e3e9dc1ee3d279b7192df21c0f5c8a7e7dcf02,ackermann-function.falcon,swh:1:cnt:d1e3e9dc1ee3d279b7192df21c0f5c8a7e7dcf02;origin=https://github.com/acmeism/RosettaCodeData;path=/Task/Ackermann-function/Falcon/ackermann-function.falcon,Falcon,Falcon,Falcon,the contributor (the language heading the solution is filed under on rosettacode.org),RosettaCodeData@1d47586,,,,not-in-linguist;invented-ext,Task/Ackermann-function/Falcon/ackermann-function.falcon,45
rosetta:0947c0845c1c,gold,.falcon,5d4c07aae73ba39358b68615b7a0ed50a9da0df8,string-comparison.falcon,swh:1:cnt:5d4c07aae73ba39358b68615b7a0ed50a9da0df8;origin=https://github.com/acmeism/RosettaCodeData;path=/Task/String-comparison/Falcon/string-comparison.falcon,Falcon,Falcon,Falcon,the contributor (the language heading the solution is filed under on rosettacode.org),RosettaCodeData@1d47586,,,,not-in-linguist;invented-ext,Task/String-comparison/Falcon/string-comparison.falcon,45
rosetta:cf8172534791,gold,.false,55eb16004ca7b8aaa9272c6e04b49a28f2421012,100-doors-1.false,swh:1:cnt:55eb16004ca7b8aaa9272c6e04b49a28f2421012;origin=https://github.com/acmeism/RosettaCodeData;path=/Task/100-doors/FALSE/100-doors-1.false,FALSE,FALSE,FALSE,the contributor (the language heading the solution is filed under on rosettacode.org),RosettaCodeData@1d47586,,,,not-in-linguist;invented-ext,Task/100-doors/FALSE/100-doors-1.false,61
rosetta:2b7bfb42200a,gold,.false,e1d60dd45c5128cce797e4430e575f44fff9e957,fibonacci-sequence.false,swh:1:cnt:e1d60dd45c5128cce797e4430e575f44fff9e957;origin=https://github.com/acmeism/RosettaCodeData;path=/Task/Fibonacci-sequence/FALSE/fibonacci-sequence.false,FALSE,FALSE,FALSE,the contributor (the language heading the solution is filed under on rosettacode.org),RosettaCodeData@1d47586,,,,not-in-linguist;invented-ext;tiny,Task/Fibonacci-sequence/FALSE/fibonacci-sequence.false,61
rosetta:874a1da832de,gold,.fan,9c9976f24d7ed60446a5c3ebfe7673ea6d973b77,sierpinski-carpet.fan,swh:1:cnt:9c9976f24d7ed60446a5c3ebfe7673ea6d973b77;origin=https://github.com/acmeism/RosettaCodeData;path=/Task/Sierpinski-carpet/Fan/sierpinski-carpet.fan,Fan,Fan,Fan,the contributor (the language heading the solution is filed under on rosettacode.org),RosettaCodeData@1d47586,,,,not-in-linguist;misleading-ext,Task/Sierpinski-carpet/Fan/sierpinski-carpet.fan,5
rosetta:ff5d76d4380e,gold,.fan,347c0bb96901f1a22ff6a5006c85dfb4afebb4be,zig-zag-matrix.fan,swh:1:cnt:347c0bb96901f1a22ff6a5006c85dfb4afebb4be;origin=https://github.com/acmeism/RosettaCodeData;path=/Task/Zig-zag-matrix/Fan/zig-zag-matrix.fan,Fan,Fan,Fan,the contributor (the language heading the solution is filed under on rosettacode.org),RosettaCodeData@1d47586,,,,not-in-linguist;misleading-ext,Task/Zig-zag-matrix/Fan/zig-zag-matrix.fan,5
rosetta:701b66a9f10d,gold,.fancy,c07dfc1d992b14b9980fe02dbec600deb3aacd3c,conditional-structures-1.fancy,swh:1:cnt:c07dfc1d992b14b9980fe02dbec600deb3aacd3c;origin=https://github.com/acmeism/RosettaCodeData;path=/Task/Conditional-structures/Fancy/conditional-structures-1.fancy,Fancy,Fancy,Fancy,the contributor (the language heading the solution is filed under on rosettacode.org),RosettaCodeData@1d47586,,,,in-linguist;invented-ext;tiny,Task/Conditional-structures/Fancy/conditional-structures-1.fancy,23
rosetta:477ca8705a31,gold,.fancy,01fd1b140c78006cabc9e76a3292633c39a012d9,exceptions.fancy,swh:1:cnt:01fd1b140c78006cabc9e76a3292633c39a012d9;origin=https://github.com/acmeism/RosettaCodeData;path=/Task/Exceptions/Fancy/exceptions.fancy,Fancy,Fancy,Fancy,the contributor (the language heading the solution is filed under on rosettacode.org),RosettaCodeData@1d47586,,,,in-linguist;invented-ext,Task/Exceptions/Fancy/exceptions.fancy,23
rosetta:e2a3bdba9d72,gold,.fantom,83bc364ef34d0887483799dcc9b24aa6f231aa08,hello-world-newline-omission.fantom,swh:1:cnt:83bc364ef34d0887483799dcc9b24aa6f231aa08;origin=https://github.com/acmeism/RosettaCodeData;path=/Task/Hello-world-Newline-omission/Fantom/hello-world-newline-omission.fantom,Fantom,Fantom,Fantom,the contributor (the language heading the solution is filed under on rosettacode.org),RosettaCodeData@1d47586,,,,in-linguist;invented-ext,Task/Hello-world-Newline-omission/Fantom/hello-world-newline-omission.fantom,156
rosetta:37028024c95a,gold,.fantom,cef4ba019e6e7c76a710b7c83fbe617f7181d1b9,inheritance-single.fantom,swh:1:cnt:cef4ba019e6e7c76a710b7c83fbe617f7181d1b9;origin=https://github.com/acmeism/RosettaCodeData;path=/Task/Inheritance-Single/Fantom/inheritance-single.fantom,Fantom,Fantom,Fantom,the contributor (the language heading the solution is filed under on rosettacode.org),RosettaCodeData@1d47586,,,,in-linguist;invented-ext,Task/Inheritance-Single/Fantom/inheritance-single.fantom,156
rosetta:675e49771637,gold,.fbsl,a8d94db47e693fefce5c9d8c230b94994b874f54,harshad-or-niven-series.fbsl,swh:1:cnt:a8d94db47e693fefce5c9d8c230b94994b874f54;origin=https://github.com/acmeism/RosettaCodeData;path=/Task/Harshad-or-Niven-series/FBSL/harshad-or-niven-series.fbsl,FBSL,FBSL,FBSL,the contributor (the language heading the solution is filed under on rosettacode.org),RosettaCodeData@1d47586,,,,not-in-linguist;invented-ext,Task/Harshad-or-Niven-series/FBSL/harshad-or-niven-series.fbsl,61
rosetta:be6fc9b1b672,gold,.fbsl,d639d37b2a5cd1be81ef079c17fb45123237de53,loops-n-plus-one-half.fbsl,swh:1:cnt:d639d37b2a5cd1be81ef079c17fb45123237de53;origin=https://github.com/acmeism/RosettaCodeData;path=/Task/Loops-N-plus-one-half/FBSL/loops-n-plus-one-half.fbsl,FBSL,FBSL,FBSL,the contributor (the language heading the solution is filed under on rosettacode.org),RosettaCodeData@1d47586,,,,not-in-linguist;invented-ext,Task/Loops-N-plus-one-half/FBSL/loops-n-plus-one-half.fbsl,61
rosetta:8ccc558aae64,gold,.fe,05c0e3576ee10904f46190287f465c79cc91f5e4,100-doors-1.fe,swh:1:cnt:05c0e3576ee10904f46190287f465c79cc91f5e4;origin=https://github.com/acmeism/RosettaCodeData;path=/Task/100-doors/Fe/100-doors-1.fe,Fe,Fe,Fe,the contributor (the language heading the solution is filed under on rosettacode.org),RosettaCodeData@1d47586,,,,not-in-linguist;invented-ext,Task/100-doors/Fe/100-doors-1.fe,21
rosetta:cda4104fdd12,gold,.fe,31edcb978b89427283ee0d4d1350c8aa987db81e,fizzbuzz-3.fe,swh:1:cnt:31edcb978b89427283ee0d4d1350c8aa987db81e;origin=https://github.com/acmeism/RosettaCodeData;path=/Task/FizzBuzz/Fe/fizzbuzz-3.fe,Fe,Fe,Fe,the contributor (the language heading the solution is filed under on rosettacode.org),RosettaCodeData@1d47586,,,,not-in-linguist;invented-ext,Task/FizzBuzz/Fe/fizzbuzz-3.fe,21
rosetta:a0d10a4e3d87,gold,.felix,ffdab5dd1c020ae4dde969a7e6d5c15a18065042,continued-fraction.felix,swh:1:cnt:ffdab5dd1c020ae4dde969a7e6d5c15a18065042;origin=https://github.com/acmeism/RosettaCodeData;path=/Task/Continued-fraction/Felix/continued-fraction.felix,Felix,Felix,Felix,the contributor (the language heading the solution is filed under on rosettacode.org),RosettaCodeData@1d47586,,,,not-in-linguist;invented-ext,Task/Continued-fraction/Felix/continued-fraction.felix,1
rosetta:e69197c16419,gold,.fennel,cd355d0f6db953bbb3a1fbd1dfb4512048632c43,long-stairs.fennel,swh:1:cnt:cd355d0f6db953bbb3a1fbd1dfb4512048632c43;origin=https://github.com/acmeism/RosettaCodeData;path=/Task/Long-stairs/Fennel/long-stairs.fennel,Fennel,Fennel,Fennel,the contributor (the language heading the solution is filed under on rosettacode.org),RosettaCodeData@1d47586,,,,in-linguist;invented-ext,Task/Long-stairs/Fennel/long-stairs.fennel,82
rosetta:e7bdf6f4c13d,gold,.fennel,5c2c9eddcd0437173193c8369e6878c6a9778715,reverse-a-string.fennel,swh:1:cnt:5c2c9eddcd0437173193c8369e6878c6a9778715;origin=https://github.com/acmeism/RosettaCodeData;path=/Task/Reverse-a-string/Fennel/reverse-a-string.fennel,Fennel,Fennel,Fennel,the contributor (the language heading the solution is filed under on rosettacode.org),RosettaCodeData@1d47586,,,,in-linguist;invented-ext;tiny,Task/Reverse-a-string/Fennel/reverse-a-string.fennel,82
rosetta:086f91d12f24,gold,.ferite,8747d648a252880e042cc809378afed9720be188,99-bottles-of-beer.ferite,swh:1:cnt:8747d648a252880e042cc809378afed9720be188;origin=https://github.com/acmeism/RosettaCodeData;path=/Task/99-bottles-of-beer/Ferite/99-bottles-of-beer.ferite,Ferite,Ferite,Ferite,the contributor (the language heading the solution is filed under on rosettacode.org),RosettaCodeData@1d47586,,,,not-in-linguist;invented-ext,Task/99-bottles-of-beer/Ferite/99-bottles-of-beer.ferite,2
rosetta:857aaf9e4d9b,gold,.fermat,e55bd721913dbaf0295ffae2d8ea8d72537049e8,largest-proper-divisor-of-n.fermat,swh:1:cnt:e55bd721913dbaf0295ffae2d8ea8d72537049e8;origin=https://github.com/acmeism/RosettaCodeData;path=/Task/Largest-proper-divisor-of-n/Fermat/largest-proper-divisor-of-n.fermat,Fermat,Fermat,Fermat,the contributor (the language heading the solution is filed under on rosettacode.org),RosettaCodeData@1d47586,,,,not-in-linguist;invented-ext,Task/Largest-proper-divisor-of-n/Fermat/largest-proper-divisor-of-n.fermat,91
rosetta:93da01dcf586,gold,.fermat,86db4eac3a44e79b22d5af94df6d92a2d9eb1355,loops-wrong-ranges.fermat,swh:1:cnt:86db4eac3a44e79b22d5af94df6d92a2d9eb1355;origin=https://github.com/acmeism/RosettaCodeData;path=/Task/Loops-Wrong-ranges/Fermat/loops-wrong-ranges.fermat,Fermat,Fermat,Fermat,the contributor (the language heading the solution is filed under on rosettacode.org),RosettaCodeData@1d47586,,,,not-in-linguist;invented-ext,Task/Loops-Wrong-ranges/Fermat/loops-wrong-ranges.fermat,91
rosetta:828b5a99dc2c,gold,.fexl,4d1b386e0de0c0827677127b387d6ed141d328c3,fork-2.fexl,swh:1:cnt:4d1b386e0de0c0827677127b387d6ed141d328c3;origin=https://github.com/acmeism/RosettaCodeData;path=/Task/Fork/Fexl/fork-2.fexl,Fexl,Fexl,Fexl,the contributor (the language heading the solution is filed under on rosettacode.org),RosettaCodeData@1d47586,,,,not-in-linguist;invented-ext,Task/Fork/Fexl/fork-2.fexl,10
rosetta:f7f73eb05487,gold,.fexl,0a480ac601a747ff4932d580b36ac59013bbc202,sorting-algorithms-quicksort.fexl,swh:1:cnt:0a480ac601a747ff4932d580b36ac59013bbc202;origin=https://github.com/acmeism/RosettaCodeData;path=/Task/Sorting-algorithms-Quicksort/Fexl/sorting-algorithms-quicksort.fexl,Fexl,Fexl,Fexl,the contributor (the language heading the solution is filed under on rosettacode.org),RosettaCodeData@1d47586,,,,not-in-linguist;invented-ext,Task/Sorting-algorithms-Quicksort/Fexl/sorting-algorithms-quicksort.fexl,10
rosetta:5bfd8075eaf3,gold,.fhidwfe,853c35089de96694d6170cbbb4de53008fc73412,100-doors.fhidwfe,swh:1:cnt:853c35089de96694d6170cbbb4de53008fc73412;origin=https://github.com/acmeism/RosettaCodeData;path=/Task/100-doors/Fhidwfe/100-doors.fhidwfe,Fhidwfe,Fhidwfe,Fhidwfe,the contributor (the language heading the solution is filed under on rosettacode.org),RosettaCodeData@1d47586,,,,not-in-linguist;invented-ext,Task/100-doors/Fhidwfe/100-doors.fhidwfe,4
rosetta:3f8a8289be3f,gold,.fhidwfe,099eb3b7affdab55608008822c49dce2a258b2a2,caesar-cipher.fhidwfe,swh:1:cnt:099eb3b7affdab55608008822c49dce2a258b2a2;origin=https://github.com/acmeism/RosettaCodeData;path=/Task/Caesar-cipher/Fhidwfe/caesar-cipher.fhidwfe,Fhidwfe,Fhidwfe,Fhidwfe,the contributor (the language heading the solution is filed under on rosettacode.org),RosettaCodeData@1d47586,,,,not-in-linguist;invented-ext,Task/Caesar-cipher/Fhidwfe/caesar-cipher.fhidwfe,4
rosetta:ad36a0410ac0,gold,.fish,e4751b6fdd8ccdf36961f8fa301956c46f633a9d,100-doors.fish,swh:1:cnt:e4751b6fdd8ccdf36961f8fa301956c46f633a9d;origin=https://github.com/acmeism/RosettaCodeData;path=/Task/100-doors/Fish/100-doors.fish,fish,Fish,fish;Fish,the contributor (the language heading the solution is filed under on rosettacode.org),RosettaCodeData@1d47586,,,,in-linguist,Task/100-doors/Fish/100-doors.fish,21
rosetta:ec27b3877571,gold,.fish,68247d1c952b2d936ba8c524cc41d91ab1fc984c,sum-of-squares.fish,swh:1:cnt:68247d1c952b2d936ba8c524cc41d91ab1fc984c;origin=https://github.com/acmeism/RosettaCodeData;path=/Task/Sum-of-squares/Fish/sum-of-squares.fish,fish,Fish,fish;Fish,the contributor (the language heading the solution is filed under on rosettacode.org),RosettaCodeData@1d47586,,,,in-linguist;tiny,Task/Sum-of-squares/Fish/sum-of-squares.fish,21
rosetta:8ea52edd0704,gold,.focal,928f14a92a2bd33679856cf887a4701e2914ee81,cousin-primes.focal,swh:1:cnt:928f14a92a2bd33679856cf887a4701e2914ee81;origin=https://github.com/acmeism/RosettaCodeData;path=/Task/Cousin-primes/FOCAL/cousin-primes.focal,FOCAL,FOCAL,FOCAL,the contributor (the language heading the solution is filed under on rosettacode.org),RosettaCodeData@1d47586,,,,not-in-linguist;invented-ext,Task/Cousin-primes/FOCAL/cousin-primes.focal,67
rosetta:3babce08a4b1,gold,.focal,0f4872098c3925bcebfe0e880e2a7a809d5ba53f,numbers-divisible-by-their-individual-digits-but-not-by-the-product-of-their-digits.focal,swh:1:cnt:0f4872098c3925bcebfe0e880e2a7a809d5ba53f;origin=https://github.com/acmeism/RosettaCodeData;path=/Task/Numbers-divisible-by-their-individual-digits-but-not-by-the-product-of-their-digits/FOCAL/numbers-divisible-by-their-individual-digits-but-not-by-the-product-of-their-digits.focal,FOCAL,FOCAL,FOCAL,the contributor (the language heading the solution is filed under on rosettacode.org),RosettaCodeData@1d47586,,,,not-in-linguist;invented-ext,Task/Numbers-divisible-by-their-individual-digits-but-not-by-the-product-of-their-digits/FOCAL/numbers-divisible-by-their-individual-digits-but-not-by-the-product-of-their-digits.focal,67
rosetta:69bfa10c3400,gold,.f1,dba86019c8adb53ec70d4a5df69bf85524d0c044,zebra-puzzle.f1,swh:1:cnt:dba86019c8adb53ec70d4a5df69bf85524d0c044;origin=https://github.com/acmeism/RosettaCodeData;path=/Task/Zebra-puzzle/FormulaOne/zebra-puzzle.f1,FormulaOne,FormulaOne,FormulaOne,the contributor (the language heading the solution is filed under on rosettacode.org),RosettaCodeData@1d47586,,,,not-in-linguist;invented-ext,Task/Zebra-puzzle/FormulaOne/zebra-puzzle.f1,1
rosetta:a7b51e4cfc5a,gold,.fth,f258d15aac1b99aa6fdf09f95a1e8fb3410bbffc,execute-computer-zero.fth,swh:1:cnt:f258d15aac1b99aa6fdf09f95a1e8fb3410bbffc;origin=https://github.com/acmeism/RosettaCodeData;path=/Task/Execute-Computer-Zero/Forth/execute-computer-zero.fth,Forth,Forth,Forth,the contributor (the language heading the solution is filed under on rosettacode.org),RosettaCodeData@1d47586,,,,in-linguist,Task/Execute-Computer-Zero/Forth/execute-computer-zero.fth,877
rosetta:ce12b2f366be,gold,.fth,dfc3831814c061e44f5ff37a411cf8f928a7c054,flatten-a-list.fth,swh:1:cnt:dfc3831814c061e44f5ff37a411cf8f928a7c054;origin=https://github.com/acmeism/RosettaCodeData;path=/Task/Flatten-a-list/Forth/flatten-a-list.fth,Forth,Forth,Forth,the contributor (the language heading the solution is filed under on rosettacode.org),RosettaCodeData@1d47586,,,,in-linguist,Task/Flatten-a-list/Forth/flatten-a-list.fth,877
rosetta:f7a4aea08e59,gold,.f,7319d37297f4405316cae12cb402ce29bc2e33ed,playing-cards-2.f,swh:1:cnt:7319d37297f4405316cae12cb402ce29bc2e33ed;origin=https://github.com/acmeism/RosettaCodeData;path=/Task/Playing-cards/Fortran/playing-cards-2.f,Fortran,Fortran,Fortran;Fortran Free Form,the contributor (the language heading the solution is filed under on rosettacode.org),RosettaCodeData@1d47586,,,,in-linguist;ambiguous-ext,Task/Playing-cards/Fortran/playing-cards-2.f,1280
rosetta:4b2b6f3293c7,gold,.f,a809d3875bf03bd9de412d6bcbaa51a020ebec3d,probabilistic-choice.f,swh:1:cnt:a809d3875bf03bd9de412d6bcbaa51a020ebec3d;origin=https://github.com/acmeism/RosettaCodeData;path=/Task/Probabilistic-choice/Fortran/probabilistic-choice.f,Fortran,Fortran,Fortran;Fortran Free Form,the contributor (the language heading the solution is filed under on rosettacode.org),RosettaCodeData@1d47586,,,,in-linguist;ambiguous-ext,Task/Probabilistic-choice/Fortran/probabilistic-choice.f,1280
rosetta:68b51006ab62,gold,.fortress,0d5036a845319bdd43f615d6dc1c3a2d9afbba1b,function-composition-1.fortress,swh:1:cnt:0d5036a845319bdd43f615d6dc1c3a2d9afbba1b;origin=https://github.com/acmeism/RosettaCodeData;path=/Task/Function-composition/Fortress/function-composition-1.fortress,Fortress,Fortress,Fortress,the contributor (the language heading the solution is filed under on rosettacode.org),RosettaCodeData@1d47586,,,,not-in-linguist;invented-ext;tiny,Task/Function-composition/Fortress/function-composition-1.fortress,8
rosetta:478c62a1e332,gold,.fortress,ce5dec58f0a3d19a7b44440a43fcce5ca05f0aaa,loops-do-while.fortress,swh:1:cnt:ce5dec58f0a3d19a7b44440a43fcce5ca05f0aaa;origin=https://github.com/acmeism/RosettaCodeData;path=/Task/Loops-Do-while/Fortress/loops-do-while.fortress,Fortress,Fortress,Fortress,the contributor (the language heading the solution is filed under on rosettacode.org),RosettaCodeData@1d47586,,,,not-in-linguist;invented-ext,Task/Loops-Do-while/Fortress/loops-do-while.fortress,8
rosetta:3a302ee29bfd,gold,.pas,c4291235b1f29d81e6f23cc1ffdb2f40cb8a2008,map-range-1.pas,swh:1:cnt:c4291235b1f29d81e6f23cc1ffdb2f40cb8a2008;origin=https://github.com/acmeism/RosettaCodeData;path=/Task/Map-range/Free-Pascal-Lazarus/map-range-1.pas,Free Pascal/Lazarus,Free Pascal/Lazarus,Free Pascal/Lazarus,the contributor (the language heading the solution is filed under on rosettacode.org),RosettaCodeData@1d47586,,,,not-in-linguist;misleading-ext,Task/Map-range/Free-Pascal-Lazarus/map-range-1.pas,235
rosetta:7bec39e05697,gold,.pas,00ac2c143dda59a030c98e641d47c711795d6b10,stack-2.pas,swh:1:cnt:00ac2c143dda59a030c98e641d47c711795d6b10;origin=https://github.com/acmeism/RosettaCodeData;path=/Task/Stack/Free-Pascal-Lazarus/stack-2.pas,Free Pascal/Lazarus,Free Pascal/Lazarus,Free Pascal/Lazarus,the contributor (the language heading the solution is filed under on rosettacode.org),RosettaCodeData@1d47586,,,,not-in-linguist;misleading-ext,Task/Stack/Free-Pascal-Lazarus/stack-2.pas,235
rosetta:f773fc5ff343,gold,.basic,8e19c57e0b8ed4f718e3f29393b8a3bd4505a142,circles-of-given-radius-through-two-points.basic,swh:1:cnt:8e19c57e0b8ed4f718e3f29393b8a3bd4505a142;origin=https://github.com/acmeism/RosettaCodeData;path=/Task/Circles-of-given-radius-through-two-points/FreeBASIC/circles-of-given-radius-through-two-points.basic,FreeBASIC,FreeBASIC,FreeBASIC;fb,the contributor (the language heading the solution is filed under on rosettacode.org),RosettaCodeData@1d47586,,,,in-linguist;invented-ext,Task/Circles-of-given-radius-through-two-points/FreeBASIC/circles-of-given-radius-through-two-points.basic,1818
rosetta:1b192986ea72,gold,.basic,bd692cd28656eacb0a41a834019ed827610f1c54,hello-world-graphical-1.basic,swh:1:cnt:bd692cd28656eacb0a41a834019ed827610f1c54;origin=https://github.com/acmeism/RosettaCodeData;path=/Task/Hello-world-Graphical/FreeBASIC/hello-world-graphical-1.basic,FreeBASIC,FreeBASIC,FreeBASIC;fb,the contributor (the language heading the solution is filed under on rosettacode.org),RosettaCodeData@1d47586,,,,in-linguist;invented-ext;tiny,Task/Hello-world-Graphical/FreeBASIC/hello-world-graphical-1.basic,1818
rosetta:8914ef2cd83f,gold,.frege,883f57ae5732bd883fd29f25eef107c924659424,greatest-common-divisor.frege,swh:1:cnt:883f57ae5732bd883fd29f25eef107c924659424;origin=https://github.com/acmeism/RosettaCodeData;path=/Task/Greatest-common-divisor/Frege/greatest-common-divisor.frege,Frege,Frege,Frege,the contributor (the language heading the solution is filed under on rosettacode.org),RosettaCodeData@1d47586,,,,in-linguist;invented-ext,Task/Greatest-common-divisor/Frege/greatest-common-divisor.frege,11
rosetta:8d44ce000897,gold,.frege,4fefe2ecbb955dfa8afc14c362459e491ed5adeb,happy-numbers.frege,swh:1:cnt:4fefe2ecbb955dfa8afc14c362459e491ed5adeb;origin=https://github.com/acmeism/RosettaCodeData;path=/Task/Happy-numbers/Frege/happy-numbers.frege,Frege,Frege,Frege,the contributor (the language heading the solution is filed under on rosettacode.org),RosettaCodeData@1d47586,,,,in-linguist;invented-ext,Task/Happy-numbers/Frege/happy-numbers.frege,11
rosetta:da9374ea489e,gold,.fish,d90baa8e29e55173fb9dbb95b45c4acec657c7dd,100-doors-1.fish,swh:1:cnt:d90baa8e29e55173fb9dbb95b45c4acec657c7dd;origin=https://github.com/acmeism/RosettaCodeData;path=/Task/100-doors/Friendly-interactive-shell/100-doors-1.fish,fish,Friendly interactive shell,fish;Friendly interactive shell,the contributor (the language heading the solution is filed under on rosettacode.org),RosettaCodeData@1d47586,,,,in-linguist,Task/100-doors/Friendly-interactive-shell/100-doors-1.fish,24
rosetta:e20f493a8901,gold,.fish,51e6bfa53876b4ec8cf5b1e0ae73fa337528c802,factorial-2.fish,swh:1:cnt:51e6bfa53876b4ec8cf5b1e0ae73fa337528c802;origin=https://github.com/acmeism/RosettaCodeData;path=/Task/Factorial/Friendly-interactive-shell/factorial-2.fish,fish,Friendly interactive shell,fish;Friendly interactive shell,the contributor (the language heading the solution is filed under on rosettacode.org),RosettaCodeData@1d47586,,,,in-linguist,Task/Factorial/Friendly-interactive-shell/factorial-2.fish,24
rosetta:1c34c27c2034,gold,.frink,cba139b55a12ab4c0c1059d0900292293bd2e3f1,empty-string.frink,swh:1:cnt:cba139b55a12ab4c0c1059d0900292293bd2e3f1;origin=https://github.com/acmeism/RosettaCodeData;path=/Task/Empty-string/Frink/empty-string.frink,Frink,Frink,Frink,the contributor (the language heading the solution is filed under on rosettacode.org),RosettaCodeData@1d47586,,,,not-in-linguist;invented-ext,Task/Empty-string/Frink/empty-string.frink,312
rosetta:fd5c2c9f555a,gold,.frink,44923cb4eca4c5380d039a09610cdbe9e62e4dd7,read-a-specific-line-from-a-file.frink,swh:1:cnt:44923cb4eca4c5380d039a09610cdbe9e62e4dd7;origin=https://github.com/acmeism/RosettaCodeData;path=/Task/Read-a-specific-line-from-a-file/Frink/read-a-specific-line-from-a-file.frink,Frink,Frink,Frink,the contributor (the language heading the solution is filed under on rosettacode.org),RosettaCodeData@1d47586,,,,not-in-linguist;invented-ext,Task/Read-a-specific-line-from-a-file/Frink/read-a-specific-line-from-a-file.frink,312
rosetta:f44496becd7f,gold,.frisc,01bcb8cf77d859257142e263fee4d8876bae3dcf,fibonacci-sequence.frisc,swh:1:cnt:01bcb8cf77d859257142e263fee4d8876bae3dcf;origin=https://github.com/acmeism/RosettaCodeData;path=/Task/Fibonacci-sequence/FRISC-Assembly/fibonacci-sequence.frisc,FRISC Assembly,FRISC Assembly,FRISC Assembly,the contributor (the language heading the solution is filed under on rosettacode.org),RosettaCodeData@1d47586,,,,not-in-linguist;invented-ext,Task/Fibonacci-sequence/FRISC-Assembly/fibonacci-sequence.frisc,1
rosetta:c4184b401443,gold,.basic,eeabdd93d7992c80c7b56a9f673003024f1d39bb,100-doors.basic,swh:1:cnt:eeabdd93d7992c80c7b56a9f673003024f1d39bb;origin=https://github.com/acmeism/RosettaCodeData;path=/Task/100-doors/FTCBASIC/100-doors.basic,FTCBASIC,FTCBASIC,FTCBASIC,the contributor (the language heading the solution is filed under on rosettacode.org),RosettaCodeData@1d47586,,,,not-in-linguist;invented-ext,Task/100-doors/FTCBASIC/100-doors.basic,10
rosetta:56406a19d565,gold,.basic,b97462b0402c09316fefee46eb15412cf9ed3841,nim-game.basic,swh:1:cnt:b97462b0402c09316fefee46eb15412cf9ed3841;origin=https://github.com/acmeism/RosettaCodeData;path=/Task/Nim-game/FTCBASIC/nim-game.basic,FTCBASIC,FTCBASIC,FTCBASIC,the contributor (the language heading the solution is filed under on rosettacode.org),RosettaCodeData@1d47586,,,,not-in-linguist;invented-ext,Task/Nim-game/FTCBASIC/nim-game.basic,10
rosetta:f7176c8165c1,gold,.funcsug,469971e91b36f0dad2fdc5dc9811985e7941b8ed,gui-enabling-disabling-of-controls.funcsug,swh:1:cnt:469971e91b36f0dad2fdc5dc9811985e7941b8ed;origin=https://github.com/acmeism/RosettaCodeData;path=/Task/GUI-enabling-disabling-of-controls/FuncSug/gui-enabling-disabling-of-controls.funcsug,FuncSug,FuncSug,FuncSug,the contributor (the language heading the solution is filed under on rosettacode.org),RosettaCodeData@1d47586,,,,not-in-linguist;invented-ext,Task/GUI-enabling-disabling-of-controls/FuncSug/gui-enabling-disabling-of-controls.funcsug,11
rosetta:128588faf82a,gold,.funcsug,b6c51287b07a460792c5f5be54d91d798f6f517f,simple-windowed-application.funcsug,swh:1:cnt:b6c51287b07a460792c5f5be54d91d798f6f517f;origin=https://github.com/acmeism/RosettaCodeData;path=/Task/Simple-windowed-application/FuncSug/simple-windowed-application.funcsug,FuncSug,FuncSug,FuncSug,the contributor (the language heading the solution is filed under on rosettacode.org),RosettaCodeData@1d47586,,,,not-in-linguist;invented-ext,Task/Simple-windowed-application/FuncSug/simple-windowed-application.funcsug,11
rosetta:6f4852a09eea,gold,.funl,8c6d45179487a99d6bdd628d36d7ee16b3ce0990,lucas-lehmer-test.funl,swh:1:cnt:8c6d45179487a99d6bdd628d36d7ee16b3ce0990;origin=https://github.com/acmeism/RosettaCodeData;path=/Task/Lucas-Lehmer-test/FunL/lucas-lehmer-test.funl,FunL,FunL,FunL,the contributor (the language heading the solution is filed under on rosettacode.org),RosettaCodeData@1d47586,,,,not-in-linguist;invented-ext,Task/Lucas-Lehmer-test/FunL/lucas-lehmer-test.funl,114
rosetta:82411b44f049,gold,.funl,c4c020b8bb0f0f40835f3e669ebbfd72e3d738b5,table-creation-postal-addresses.funl,swh:1:cnt:c4c020b8bb0f0f40835f3e669ebbfd72e3d738b5;origin=https://github.com/acmeism/RosettaCodeData;path=/Task/Table-creation-Postal-addresses/FunL/table-creation-postal-addresses.funl,FunL,FunL,FunL,the contributor (the language heading the solution is filed under on rosettacode.org),RosettaCodeData@1d47586,,,,not-in-linguist;invented-ext,Task/Table-creation-Postal-addresses/FunL/table-creation-postal-addresses.funl,114
rosetta:ce3a78aeb75d,gold,.furor,8ad3b1376e7436ef6b2ad4bbe00d7abd7711aa7b,delete-a-file-1.furor,swh:1:cnt:8ad3b1376e7436ef6b2ad4bbe00d7abd7711aa7b;origin=https://github.com/acmeism/RosettaCodeData;path=/Task/Delete-a-file/Furor/delete-a-file-1.furor,Furor,Furor,Furor,the contributor (the language heading the solution is filed under on rosettacode.org),RosettaCodeData@1d47586,,,,not-in-linguist;invented-ext,Task/Delete-a-file/Furor/delete-a-file-1.furor,25
rosetta:2dfeb395a245,gold,.furor,c46e6d0210bcc00edc6a64c2a8cc19af18501ee8,langtons-ant.furor,swh:1:cnt:c46e6d0210bcc00edc6a64c2a8cc19af18501ee8;origin=https://github.com/acmeism/RosettaCodeData;path=/Task/Langtons-ant/Furor/langtons-ant.furor,Furor,Furor,Furor,the contributor (the language heading the solution is filed under on rosettacode.org),RosettaCodeData@1d47586,,,,not-in-linguist;invented-ext,Task/Langtons-ant/Furor/langtons-ant.furor,25
rosetta:637974828640,gold,.furryscript,662016b4ecbd1fee319159261c3839138682b45a,array-length.furryscript,swh:1:cnt:662016b4ecbd1fee319159261c3839138682b45a;origin=https://github.com/acmeism/RosettaCodeData;path=/Task/Array-length/FurryScript/array-length.furryscript,FurryScript,FurryScript,FurryScript,the contributor (the language heading the solution is filed under on rosettacode.org),RosettaCodeData@1d47586,,,,not-in-linguist;invented-ext;tiny,Task/Array-length/FurryScript/array-length.furryscript,1
rosetta:4d3643462c88,gold,.futhark,6de31e2cf6d2d8e3f182256ac9d3ae5d45a0887c,ackermann-function.futhark,swh:1:cnt:6de31e2cf6d2d8e3f182256ac9d3ae5d45a0887c;origin=https://github.com/acmeism/RosettaCodeData;path=/Task/Ackermann-function/Futhark/ackermann-function.futhark,Futhark,Futhark,Futhark,the contributor (the language heading the solution is filed under on rosettacode.org),RosettaCodeData@1d47586,,,,in-linguist;invented-ext;tiny,Task/Ackermann-function/Futhark/ackermann-function.futhark,41
rosetta:878601222a97,gold,.futhark,8ed73feb9d2a30707fd226c736c4507c1df28276,hailstone-sequence.futhark,swh:1:cnt:8ed73feb9d2a30707fd226c736c4507c1df28276;origin=https://github.com/acmeism/RosettaCodeData;path=/Task/Hailstone-sequence/Futhark/hailstone-sequence.futhark,Futhark,Futhark,Futhark,the contributor (the language heading the solution is filed under on rosettacode.org),RosettaCodeData@1d47586,,,,in-linguist;invented-ext,Task/Hailstone-sequence/Futhark/hailstone-sequence.futhark,41
rosetta:9a459cd29b8e,gold,.basic,cbf6dc00593a65214eedbdc02b0be81f91aa4926,bitmap-midpoint-circle-algorithm.basic,swh:1:cnt:cbf6dc00593a65214eedbdc02b0be81f91aa4926;origin=https://github.com/acmeism/RosettaCodeData;path=/Task/Bitmap-Midpoint-circle-algorithm/FutureBasic/bitmap-midpoint-circle-algorithm.basic,FutureBasic,FutureBasic,FutureBasic,the contributor (the language heading the solution is filed under on rosettacode.org),RosettaCodeData@1d47586,,,,not-in-linguist;invented-ext,Task/Bitmap-Midpoint-circle-algorithm/FutureBasic/bitmap-midpoint-circle-algorithm.basic,811
rosetta:c0904eaea2ea,gold,.basic,d967f8e28c56b07e70239415921235090383e6ed,empty-directory.basic,swh:1:cnt:d967f8e28c56b07e70239415921235090383e6ed;origin=https://github.com/acmeism/RosettaCodeData;path=/Task/Empty-directory/FutureBasic/empty-directory.basic,FutureBasic,FutureBasic,FutureBasic,the contributor (the language heading the solution is filed under on rosettacode.org),RosettaCodeData@1d47586,,,,not-in-linguist;invented-ext,Task/Empty-directory/FutureBasic/empty-directory.basic,811
rosetta:a378602a8f0a,gold,.basic,b6e9dc67efa520a246ad0aba771a9bdd5c6b9690,100-doors.basic,swh:1:cnt:b6e9dc67efa520a246ad0aba771a9bdd5c6b9690;origin=https://github.com/acmeism/RosettaCodeData;path=/Task/100-doors/FUZE-BASIC/100-doors.basic,FUZE BASIC,FUZE BASIC,FUZE BASIC,the contributor (the language heading the solution is filed under on rosettacode.org),RosettaCodeData@1d47586,,,,not-in-linguist;invented-ext,Task/100-doors/FUZE-BASIC/100-doors.basic,5
rosetta:803efac3f2b6,gold,.basic,140c1f6d5113e62153cbb065cdd733e290bdaa5d,loops-for.basic,swh:1:cnt:140c1f6d5113e62153cbb065cdd733e290bdaa5d;origin=https://github.com/acmeism/RosettaCodeData;path=/Task/Loops-For/FUZE-BASIC/loops-for.basic,FUZE BASIC,FUZE BASIC,FUZE BASIC,the contributor (the language heading the solution is filed under on rosettacode.org),RosettaCodeData@1d47586,,,,not-in-linguist;invented-ext,Task/Loops-For/FUZE-BASIC/loops-for.basic,5
rosetta:025d317ca998,gold,.gfu,47dc5a28acb5a76a328b5eef358bb127d56c7bb1,sorting-algorithms-bubble-sort.gfu,swh:1:cnt:47dc5a28acb5a76a328b5eef358bb127d56c7bb1;origin=https://github.com/acmeism/RosettaCodeData;path=/Task/Sorting-algorithms-Bubble-sort/G-fu/sorting-algorithms-bubble-sort.gfu,G-fu,G-fu,G-fu,the contributor (the language heading the solution is filed under on rosettacode.org),RosettaCodeData@1d47586,,,,not-in-linguist;invented-ext,Task/Sorting-algorithms-Bubble-sort/G-fu/sorting-algorithms-bubble-sort.gfu,1
rosetta:5211a6274402,gold,.gambas,52ac11505fe4dad62ebb9572a7975a77c2937baa,double-twin-primes.gambas,swh:1:cnt:52ac11505fe4dad62ebb9572a7975a77c2937baa;origin=https://github.com/acmeism/RosettaCodeData;path=/Task/Double-twin-primes/Gambas/double-twin-primes.gambas,Gambas,Gambas,Gambas,the contributor (the language heading the solution is filed under on rosettacode.org),RosettaCodeData@1d47586,,,,not-in-linguist;invented-ext,Task/Double-twin-primes/Gambas/double-twin-primes.gambas,288
rosetta:205f36a49120,gold,.gambas,40dc3b720792799932190462ad65f16a3c0f796e,evaluate-binomial-coefficients.gambas,swh:1:cnt:40dc3b720792799932190462ad65f16a3c0f796e;origin=https://github.com/acmeism/RosettaCodeData;path=/Task/Evaluate-binomial-coefficients/Gambas/evaluate-binomial-coefficients.gambas,Gambas,Gambas,Gambas,the contributor (the language heading the solution is filed under on rosettacode.org),RosettaCodeData@1d47586,,,,not-in-linguist;invented-ext,Task/Evaluate-binomial-coefficients/Gambas/evaluate-binomial-coefficients.gambas,288
rosetta:e8e065b2e0f8,gold,.gap,165525440d7c39d727fdfe5267399378e908924f,arithmetic-complex.gap,swh:1:cnt:165525440d7c39d727fdfe5267399378e908924f;origin=https://github.com/acmeism/RosettaCodeData;path=/Task/Arithmetic-Complex/GAP/arithmetic-complex.gap,GAP,GAP,GAP,the contributor (the language heading the solution is filed under on rosettacode.org),RosettaCodeData@1d47586,,,,in-linguist,Task/Arithmetic-Complex/GAP/arithmetic-complex.gap,166
rosetta:5682a30cdfc8,gold,.gap,f81cce4e719bab2c88a575b7b62a6214b1b7baf3,loops-nested.gap,swh:1:cnt:f81cce4e719bab2c88a575b7b62a6214b1b7baf3;origin=https://github.com/acmeism/RosettaCodeData;path=/Task/Loops-Nested/GAP/loops-nested.gap,GAP,GAP,GAP,the contributor (the language heading the solution is filed under on rosettacode.org),RosettaCodeData@1d47586,,,,in-linguist,Task/Loops-Nested/GAP/loops-nested.gap,166
rosetta:566cb14c0fac,gold,.gastona,13272566a313d32a310f03a1a272e7f97e7bc711,a+b-1.gastona,swh:1:cnt:13272566a313d32a310f03a1a272e7f97e7bc711;origin=https://github.com/acmeism/RosettaCodeData;path=/Task/A+B/Gastona/a+b-1.gastona,Gastona,Gastona,Gastona,the contributor (the language heading the solution is filed under on rosettacode.org),RosettaCodeData@1d47586,,,,not-in-linguist;invented-ext;tiny,Task/A+B/Gastona/a+b-1.gastona,7
rosetta:732109fd661e,gold,.gastona,d77794e63a7a1fbae78887ecef605fd8727e4006,hello-world-web-server.gastona,swh:1:cnt:d77794e63a7a1fbae78887ecef605fd8727e4006;origin=https://github.com/acmeism/RosettaCodeData;path=/Task/Hello-world-Web-server/Gastona/hello-world-web-server.gastona,Gastona,Gastona,Gastona,the contributor (the language heading the solution is filed under on rosettacode.org),RosettaCodeData@1d47586,,,,not-in-linguist;invented-ext,Task/Hello-world-Web-server/Gastona/hello-world-web-server.gastona,7
rosetta:c11c54977b4b,gold,.gd,dfe30c69414348729f1ba04e075b93c95e2c2514,balanced-brackets.gd,swh:1:cnt:dfe30c69414348729f1ba04e075b93c95e2c2514;origin=https://github.com/acmeism/RosettaCodeData;path=/Task/Balanced-brackets/GDScript/balanced-brackets.gd,GDScript,GDScript,GDScript,the contributor (the language heading the solution is filed under on rosettacode.org),RosettaCodeData@1d47586,,,,in-linguist;ambiguous-ext,Task/Balanced-brackets/GDScript/balanced-brackets.gd,30
rosetta:1d065090dd98,gold,.gd,6cbba389f26e92916c180d452855f451de9ce477,map-range.gd,swh:1:cnt:6cbba389f26e92916c180d452855f451de9ce477;origin=https://github.com/acmeism/RosettaCodeData;path=/Task/Map-range/GDScript/map-range.gd,GDScript,GDScript,GDScript,the contributor (the language heading the solution is filed under on rosettacode.org),RosettaCodeData@1d47586,,,,in-linguist;ambiguous-ext;tiny,Task/Map-range/GDScript/map-range.gd,30
rosetta:7ecf1841f6e6,gold,.gecho,fc487c363eaf06b1edd1f158d3ad12b42de80c99,literals-floating-point.gecho,swh:1:cnt:fc487c363eaf06b1edd1f158d3ad12b42de80c99;origin=https://github.com/acmeism/RosettaCodeData;path=/Task/Literals-Floating-point/Gecho/literals-floating-point.gecho,Gecho,Gecho,Gecho,the contributor (the language heading the solution is filed under on rosettacode.org),RosettaCodeData@1d47586,,,,not-in-linguist;invented-ext,Task/Literals-Floating-point/Gecho/literals-floating-point.gecho,12
rosetta:77986e16b988,gold,.gema,e6b6ac951d84f4af1093b2caeeb212cbfa1360e7,non-decimal-radices-output.gema,swh:1:cnt:e6b6ac951d84f4af1093b2caeeb212cbfa1360e7;origin=https://github.com/acmeism/RosettaCodeData;path=/Task/Non-decimal-radices-Output/Gema/non-decimal-radices-output.gema,Gema,Gema,Gema,the contributor (the language heading the solution is filed under on rosettacode.org),RosettaCodeData@1d47586,,,,not-in-linguist;invented-ext;tiny,Task/Non-decimal-radices-Output/Gema/non-decimal-radices-output.gema,13
rosetta:ab5501b813e1,gold,.gema,e6d9b5d6cc2b84ddd46492c0749a128a3f65d957,text-processing-max-licenses-in-use.gema,swh:1:cnt:e6d9b5d6cc2b84ddd46492c0749a128a3f65d957;origin=https://github.com/acmeism/RosettaCodeData;path=/Task/Text-processing-Max-licenses-in-use/Gema/text-processing-max-licenses-in-use.gema,Gema,Gema,Gema,the contributor (the language heading the solution is filed under on rosettacode.org),RosettaCodeData@1d47586,,,,not-in-linguist;invented-ext,Task/Text-processing-Max-licenses-in-use/Gema/text-processing-max-licenses-in-use.gema,13
rosetta:498a81478a86,gold,.genie,fba15e1fb8666669a3cda02037bbff742f30d331,100-doors.genie,swh:1:cnt:fba15e1fb8666669a3cda02037bbff742f30d331;origin=https://github.com/acmeism/RosettaCodeData;path=/Task/100-doors/Genie/100-doors.genie,Genie,Genie,Genie,the contributor (the language heading the solution is filed under on rosettacode.org),RosettaCodeData@1d47586,,,,in-linguist;invented-ext,Task/100-doors/Genie/100-doors.genie,34
rosetta:77546c4400f4,gold,.genie,8cd0d37d13f332e907380f609d5cd18d226a6fd8,sha-256.genie,swh:1:cnt:8cd0d37d13f332e907380f609d5cd18d226a6fd8;origin=https://github.com/acmeism/RosettaCodeData;path=/Task/SHA-256/Genie/sha-256.genie,Genie,Genie,Genie,the contributor (the language heading the solution is filed under on rosettacode.org),RosettaCodeData@1d47586,,,,in-linguist;invented-ext,Task/SHA-256/Genie/sha-256.genie,34
rosetta:17ade01e8283,gold,.gentee,54aaa9d6eb750f2c538c112f604ea944c918aaf6,hello-world-text.gentee,swh:1:cnt:54aaa9d6eb750f2c538c112f604ea944c918aaf6;origin=https://github.com/acmeism/RosettaCodeData;path=/Task/Hello-world-Text/Gentee/hello-world-text.gentee,Gentee,Gentee,Gentee,the contributor (the language heading the solution is filed under on rosettacode.org),RosettaCodeData@1d47586,,,,not-in-linguist;invented-ext;tiny,Task/Hello-world-Text/Gentee/hello-world-text.gentee,1
rosetta:313a2eca8f6f,gold,.genyris,3909f6e52cc5fc85150b1fed6df7c6c2c8adbde1,factorial.genyris,swh:1:cnt:3909f6e52cc5fc85150b1fed6df7c6c2c8adbde1;origin=https://github.com/acmeism/RosettaCodeData;path=/Task/Factorial/Genyris/factorial.genyris,Genyris,Genyris,Genyris,the contributor (the language heading the solution is filed under on rosettacode.org),RosettaCodeData@1d47586,,,,not-in-linguist;invented-ext;tiny,Task/Factorial/Genyris/factorial.genyris,14
rosetta:f5c03f79df52,gold,.genyris,63c6193cb77e07a75cd8708bec97d72d2a69427a,fizzbuzz.genyris,swh:1:cnt:63c6193cb77e07a75cd8708bec97d72d2a69427a;origin=https://github.com/acmeism/RosettaCodeData;path=/Task/FizzBuzz/Genyris/fizzbuzz.genyris,Genyris,Genyris,Genyris,the contributor (the language heading the solution is filed under on rosettacode.org),RosettaCodeData@1d47586,,,,not-in-linguist;invented-ext,Task/FizzBuzz/Genyris/fizzbuzz.genyris,14
rosetta:2f71e103d0ff,gold,.george,aeb0240cb5d7241568c632037c3bf201389ca82e,arithmetic-integer.george,swh:1:cnt:aeb0240cb5d7241568c632037c3bf201389ca82e;origin=https://github.com/acmeism/RosettaCodeData;path=/Task/Arithmetic-Integer/GEORGE/arithmetic-integer.george,GEORGE,GEORGE,GEORGE,the contributor (the language heading the solution is filed under on rosettacode.org),RosettaCodeData@1d47586,,,,not-in-linguist;invented-ext,Task/Arithmetic-Integer/GEORGE/arithmetic-integer.george,5
rosetta:3692e7bfe267,gold,.george,314a9b431e2cb654d182b1ca3302fbb924619475,sum-of-a-series.george,swh:1:cnt:314a9b431e2cb654d182b1ca3302fbb924619475;origin=https://github.com/acmeism/RosettaCodeData;path=/Task/Sum-of-a-series/GEORGE/sum-of-a-series.george,GEORGE,GEORGE,GEORGE,the contributor (the language heading the solution is filed under on rosettacode.org),RosettaCodeData@1d47586,,,,not-in-linguist;invented-ext,Task/Sum-of-a-series/GEORGE/sum-of-a-series.george,5
rosetta:5b4e84ab8134,gold,.basic,a6fa0ea8d8fe98235f2bfc8f44e20845574850f3,conways-game-of-life.basic,swh:1:cnt:a6fa0ea8d8fe98235f2bfc8f44e20845574850f3;origin=https://github.com/acmeism/RosettaCodeData;path=/Task/Conways-Game-of-Life/GFA-Basic/conways-game-of-life.basic,GFA Basic,GFA Basic,GFA Basic,the contributor (the language heading the solution is filed under on rosettacode.org),RosettaCodeData@1d47586,,,,not-in-linguist;invented-ext,Task/Conways-Game-of-Life/GFA-Basic/conways-game-of-life.basic,17
rosetta:479fe8e4fe3d,gold,.basic,f6de1cbffe03a2cfeb591ca136d33eab20961bb3,one-dimensional-cellular-automata.basic,swh:1:cnt:f6de1cbffe03a2cfeb591ca136d33eab20961bb3;origin=https://github.com/acmeism/RosettaCodeData;path=/Task/One-dimensional-cellular-automata/GFA-Basic/one-dimensional-cellular-automata.basic,GFA Basic,GFA Basic,GFA Basic,the contributor (the language heading the solution is filed under on rosettacode.org),RosettaCodeData@1d47586,,,,not-in-linguist;invented-ext,Task/One-dimensional-cellular-automata/GFA-Basic/one-dimensional-cellular-automata.basic,17
rosetta:e7384d4616cc,gold,.glagol,9824d54ccdae8b19312954470972c40dd1161211,balanced-ternary.glagol,swh:1:cnt:9824d54ccdae8b19312954470972c40dd1161211;origin=https://github.com/acmeism/RosettaCodeData;path=/Task/Balanced-ternary/Glagol/balanced-ternary.glagol,Glagol,Glagol,Glagol,the contributor (the language heading the solution is filed under on rosettacode.org),RosettaCodeData@1d47586,,,,not-in-linguist;invented-ext,Task/Balanced-ternary/Glagol/balanced-ternary.glagol,2
rosetta:077d4e881d63,gold,.glagol,7e2c869f7fb46472d28df22a1e3b0a146d2d9360,transportation-problem.glagol,swh:1:cnt:7e2c869f7fb46472d28df22a1e3b0a146d2d9360;origin=https://github.com/acmeism/RosettaCodeData;path=/Task/Transportation-problem/Glagol/transportation-problem.glagol,Glagol,Glagol,Glagol,the contributor (the language heading the solution is filed under on rosettacode.org),RosettaCodeData@1d47586,,,,not-in-linguist;invented-ext,Task/Transportation-problem/Glagol/transportation-problem.glagol,2
rosetta:d0b867c032dc,gold,.basic,84f708ba7ea49cf85b60a732717adb90545c809e,sieve-of-eratosthenes.basic,swh:1:cnt:84f708ba7ea49cf85b60a732717adb90545c809e;origin=https://github.com/acmeism/RosettaCodeData;path=/Task/Sieve-of-Eratosthenes/GLBasic/sieve-of-eratosthenes.basic,GLBasic,GLBasic,GLBasic,the contributor (the language heading the solution is filed under on rosettacode.org),RosettaCodeData@1d47586,,,,not-in-linguist;invented-ext,Task/Sieve-of-Eratosthenes/GLBasic/sieve-of-eratosthenes.basic,2
rosetta:7e1c05b0f7c2,gold,.gleam,b9c685d36811d5a80203978730e398c85d7f848e,fibonacci-sequence-1.gleam,swh:1:cnt:b9c685d36811d5a80203978730e398c85d7f848e;origin=https://github.com/acmeism/RosettaCodeData;path=/Task/Fibonacci-sequence/Gleam/fibonacci-sequence-1.gleam,Gleam,Gleam,Gleam,the contributor (the language heading the solution is filed under on rosettacode.org),RosettaCodeData@1d47586,,,,in-linguist,Task/Fibonacci-sequence/Gleam/fibonacci-sequence-1.gleam,86
rosetta:b30bf42432c2,gold,.gleam,b7613cd6400214c8187ddaaaad65411bfaf00333,function-composition.gleam,swh:1:cnt:b7613cd6400214c8187ddaaaad65411bfaf00333;origin=https://github.com/acmeism/RosettaCodeData;path=/Task/Function-composition/Gleam/function-composition.gleam,Gleam,Gleam,Gleam,the contributor (the language heading the solution is filed under on rosettacode.org),RosettaCodeData@1d47586,,,,in-linguist,Task/Function-composition/Gleam/function-composition.gleam,86
rosetta:8ca269d6f362,gold,.glee,3d95b4241c68c7a3c630012565dfb01b98969045,100-doors-1.glee,swh:1:cnt:3d95b4241c68c7a3c630012565dfb01b98969045;origin=https://github.com/acmeism/RosettaCodeData;path=/Task/100-doors/Glee/100-doors-1.glee,Glee,Glee,Glee,the contributor (the language heading the solution is filed under on rosettacode.org),RosettaCodeData@1d47586,,,,not-in-linguist;invented-ext;tiny,Task/100-doors/Glee/100-doors-1.glee,13
rosetta:9041aba13c01,gold,.glee,cc9a8663c2ddf13b7779aebeb10f5ba971027ec6,combinations-2.glee,swh:1:cnt:cc9a8663c2ddf13b7779aebeb10f5ba971027ec6;origin=https://github.com/acmeism/RosettaCodeData;path=/Task/Combinations/Glee/combinations-2.glee,Glee,Glee,Glee,the contributor (the language heading the solution is filed under on rosettacode.org),RosettaCodeData@1d47586,,,,not-in-linguist;invented-ext,Task/Combinations/Glee/combinations-2.glee,13
rosetta:3d5400ed66b1,gold,.glovepie,1ce131e9be0270318d13f18da22fc0bd551e1a42,rock-paper-scissors.glovepie,swh:1:cnt:1ce131e9be0270318d13f18da22fc0bd551e1a42;origin=https://github.com/acmeism/RosettaCodeData;path=/Task/Rock-paper-scissors/GlovePIE/rock-paper-scissors.glovepie,GlovePIE,GlovePIE,GlovePIE,the contributor (the language heading the solution is filed under on rosettacode.org),RosettaCodeData@1d47586,,,,not-in-linguist;invented-ext,Task/Rock-paper-scissors/GlovePIE/rock-paper-scissors.glovepie,11
rosetta:21be806a867a,gold,.glovepie,717ab205733fb3452c30ca14c8f804fb6f4d17e1,speech-synthesis.glovepie,swh:1:cnt:717ab205733fb3452c30ca14c8f804fb6f4d17e1;origin=https://github.com/acmeism/RosettaCodeData;path=/Task/Speech-synthesis/GlovePIE/speech-synthesis.glovepie,GlovePIE,GlovePIE,GlovePIE,the contributor (the language heading the solution is filed under on rosettacode.org),RosettaCodeData@1d47586,,,,not-in-linguist;invented-ext;tiny,Task/Speech-synthesis/GlovePIE/speech-synthesis.glovepie,11
rosetta:2a16e835acea,gold,.glsl,992d40ee4c79cbd5948445a98fe4a84ca0b609ec,munching-squares.glsl,swh:1:cnt:992d40ee4c79cbd5948445a98fe4a84ca0b609ec;origin=https://github.com/acmeism/RosettaCodeData;path=/Task/Munching-squares/GLSL/munching-squares.glsl,GLSL,GLSL,GLSL,the contributor (the language heading the solution is filed under on rosettacode.org),RosettaCodeData@1d47586,,,,in-linguist,Task/Munching-squares/GLSL/munching-squares.glsl,9
rosetta:078201884255,gold,.glsl,d71c55ce5b23b034a289f4489789bc956df34a3f,perlin-noise.glsl,swh:1:cnt:d71c55ce5b23b034a289f4489789bc956df34a3f;origin=https://github.com/acmeism/RosettaCodeData;path=/Task/Perlin-noise/GLSL/perlin-noise.glsl,GLSL,GLSL,GLSL,the contributor (the language heading the solution is filed under on rosettacode.org),RosettaCodeData@1d47586,,,,in-linguist,Task/Perlin-noise/GLSL/perlin-noise.glsl,9
rosetta:da0754d488a5,gold,.gml,0c8c5cea60e642e12b088d31ff88275f3f2603fa,file-input-output.gml,swh:1:cnt:0c8c5cea60e642e12b088d31ff88275f3f2603fa;origin=https://github.com/acmeism/RosettaCodeData;path=/Task/File-input-output/GML/file-input-output.gml,Game Maker Language,GML,Game Maker Language;GML,the contributor (the language heading the solution is filed under on rosettacode.org),RosettaCodeData@1d47586,,,,in-linguist;ambiguous-ext,Task/File-input-output/GML/file-input-output.gml,46
rosetta:a8cba83d2413,gold,.gml,888a8e882d4062ac59be29f89c89c125c06733fc,palindrome-detection-2.gml,swh:1:cnt:888a8e882d4062ac59be29f89c89c125c06733fc;origin=https://github.com/acmeism/RosettaCodeData;path=/Task/Palindrome-detection/GML/palindrome-detection-2.gml,Game Maker Language,GML,Game Maker Language;GML,the contributor (the language heading the solution is filed under on rosettacode.org),RosettaCodeData@1d47586,,,,in-linguist;ambiguous-ext,Task/Palindrome-detection/GML/palindrome-detection-2.gml,46
rosetta:f1191e44156b,gold,.gnuplot,bc96be4aa7e85458f8bb6c331a452aa9e0d35813,comments-2.gnuplot,swh:1:cnt:bc96be4aa7e85458f8bb6c331a452aa9e0d35813;origin=https://github.com/acmeism/RosettaCodeData;path=/Task/Comments/Gnuplot/comments-2.gnuplot,Gnuplot,Gnuplot,Gnuplot,the contributor (the language heading the solution is filed under on rosettacode.org),RosettaCodeData@1d47586,,,,in-linguist,Task/Comments/Gnuplot/comments-2.gnuplot,49
rosetta:c6c431d82345,gold,.gnuplot,4778678276467550d414f5e7d6b8dd1ede7dbccf,constrained-random-points-on-a-circle.gnuplot,swh:1:cnt:4778678276467550d414f5e7d6b8dd1ede7dbccf;origin=https://github.com/acmeism/RosettaCodeData;path=/Task/Constrained-random-points-on-a-circle/Gnuplot/constrained-random-points-on-a-circle.gnuplot,Gnuplot,Gnuplot,Gnuplot,the contributor (the language heading the solution is filed under on rosettacode.org),RosettaCodeData@1d47586,,,,in-linguist,Task/Constrained-random-points-on-a-circle/Gnuplot/constrained-random-points-on-a-circle.gnuplot,49
rosetta:b65fa45b669d,gold,.go,210d4001929d2a52142d61a272429d433f88f780,merge-and-aggregate-datasets.go,swh:1:cnt:210d4001929d2a52142d61a272429d433f88f780;origin=https://github.com/acmeism/RosettaCodeData;path=/Task/Merge-and-aggregate-datasets/Go/merge-and-aggregate-datasets.go,Go,Go,Go;golang,the contributor (the language heading the solution is filed under on rosettacode.org),RosettaCodeData@1d47586,,,,in-linguist,Task/Merge-and-aggregate-datasets/Go/merge-and-aggregate-datasets.go,2090
rosetta:1a3efa06e359,gold,.go,4061ee3073558d2acd8ee16a6d194a419f9cb7c1,zumkeller-numbers.go,swh:1:cnt:4061ee3073558d2acd8ee16a6d194a419f9cb7c1;origin=https://github.com/acmeism/RosettaCodeData;path=/Task/Zumkeller-numbers/Go/zumkeller-numbers.go,Go,Go,Go;golang,the contributor (the language heading the solution is filed under on rosettacode.org),RosettaCodeData@1d47586,,,,in-linguist,Task/Zumkeller-numbers/Go/zumkeller-numbers.go,2090
rosetta:4a05b8aafc06,gold,.go,b8a4cf9470733ddedc406167b469e643aa9b6645,99-bottles-of-beer.go,swh:1:cnt:b8a4cf9470733ddedc406167b469e643aa9b6645;origin=https://github.com/acmeism/RosettaCodeData;path=/Task/99-bottles-of-beer/Go-/99-bottles-of-beer.go,Go! (Rosetta Code),Go!,Go! (Rosetta Code),the contributor (the language heading the solution is filed under on rosettacode.org),RosettaCodeData@1d47586,,,,not-in-linguist;misleading-ext,Task/99-bottles-of-beer/Go-/99-bottles-of-beer.go,1
rosetta:24132a2ad455,gold,.goaldi,71b01498fb448a0e79ffe85613e978b7ac6753a2,type-detection.goaldi,swh:1:cnt:71b01498fb448a0e79ffe85613e978b7ac6753a2;origin=https://github.com/acmeism/RosettaCodeData;path=/Task/Type-detection/Goaldi/type-detection.goaldi,Goaldi,Goaldi,Goaldi,the contributor (the language heading the solution is filed under on rosettacode.org),RosettaCodeData@1d47586,,,,not-in-linguist;invented-ext,Task/Type-detection/Goaldi/type-detection.goaldi,1
rosetta:ee2dbbbbe023,gold,.gobo,3d8b925c28bde477d47c7287d114efa53f0dd9c5,99-bottles-of-beer.gobo,swh:1:cnt:3d8b925c28bde477d47c7287d114efa53f0dd9c5;origin=https://github.com/acmeism/RosettaCodeData;path=/Task/99-bottles-of-beer/Goboscript/99-bottles-of-beer.gobo,Goboscript,Goboscript,Goboscript,the contributor (the language heading the solution is filed under on rosettacode.org),RosettaCodeData@1d47586,,,,not-in-linguist;invented-ext,Task/99-bottles-of-beer/Goboscript/99-bottles-of-beer.gobo,5
rosetta:c47cf00bbb91,gold,.gobo,e9d20ee754c1f0d0b1faf54e3aed7b52ec0aa65f,arithmetic-complex.gobo,swh:1:cnt:e9d20ee754c1f0d0b1faf54e3aed7b52ec0aa65f;origin=https://github.com/acmeism/RosettaCodeData;path=/Task/Arithmetic-Complex/Goboscript/arithmetic-complex.gobo,Goboscript,Goboscript,Goboscript,the contributor (the language heading the solution is filed under on rosettacode.org),RosettaCodeData@1d47586,,,,not-in-linguist;invented-ext,Task/Arithmetic-Complex/Goboscript/arithmetic-complex.gobo,5
rosetta:611a935769ab,gold,.golf,28bd325e50d0e8f5ee43d5703cd1d084590c9fac,arrays.golf,swh:1:cnt:28bd325e50d0e8f5ee43d5703cd1d084590c9fac;origin=https://github.com/acmeism/RosettaCodeData;path=/Task/Arrays/Golfscript/arrays.golf,Golfscript,Golfscript,Golfscript,the contributor (the language heading the solution is filed under on rosettacode.org),RosettaCodeData@1d47586,,,,not-in-linguist;invented-ext,Task/Arrays/Golfscript/arrays.golf,41
rosetta:fc2027fdc497,gold,.golf,07177a2629cdb24f689f1bdbf30ec58efac3d989,sudoku.golf,swh:1:cnt:07177a2629cdb24f689f1bdbf30ec58efac3d989;origin=https://github.com/acmeism/RosettaCodeData;path=/Task/Sudoku/Golfscript/sudoku.golf,Golfscript,Golfscript,Golfscript,the contributor (the language heading the solution is filed under on rosettacode.org),RosettaCodeData@1d47586,,,,not-in-linguist;invented-ext,Task/Sudoku/Golfscript/sudoku.golf,41
rosetta:cdb14fe58d65,gold,.golo,ea5a3c28d29dd377a230602358dfa11ef6d29813,roman-numerals-encode.golo,swh:1:cnt:ea5a3c28d29dd377a230602358dfa11ef6d29813;origin=https://github.com/acmeism/RosettaCodeData;path=/Task/Roman-numerals-Encode/Golo/roman-numerals-encode.golo,Golo,Golo,Golo,the contributor (the language heading the solution is filed under on rosettacode.org),RosettaCodeData@1d47586,,,,in-linguist,Task/Roman-numerals-Encode/Golo/roman-numerals-encode.golo,12
rosetta:e4194a46daf3,gold,.golo,5a9c756b4b496e63b3c37061b5951cd863ad68c6,variadic-function.golo,swh:1:cnt:5a9c756b4b496e63b3c37061b5951cd863ad68c6;origin=https://github.com/acmeism/RosettaCodeData;path=/Task/Variadic-function/Golo/variadic-function.golo,Golo,Golo,Golo,the contributor (the language heading the solution is filed under on rosettacode.org),RosettaCodeData@1d47586,,,,in-linguist,Task/Variadic-function/Golo/variadic-function.golo,12
rosetta:e9485ab7cf5f,gold,.gosu,f21afe2114b2f42063c42560bdd7c5079006c521,json-3.gosu,swh:1:cnt:f21afe2114b2f42063c42560bdd7c5079006c521;origin=https://github.com/acmeism/RosettaCodeData;path=/Task/JSON/Gosu/json-3.gosu,Gosu,Gosu,Gosu,the contributor (the language heading the solution is filed under on rosettacode.org),RosettaCodeData@1d47586,,,,in-linguist;invented-ext;tiny,Task/JSON/Gosu/json-3.gosu,27
rosetta:d6a32748f588,gold,.gosu,5bdada706222b8c801382b6ce0b5150878b96a04,loops-n-plus-one-half.gosu,swh:1:cnt:5bdada706222b8c801382b6ce0b5150878b96a04;origin=https://github.com/acmeism/RosettaCodeData;path=/Task/Loops-N-plus-one-half/Gosu/loops-n-plus-one-half.gosu,Gosu,Gosu,Gosu,the contributor (the language heading the solution is filed under on rosettacode.org),RosettaCodeData@1d47586,,,,in-linguist;invented-ext,Task/Loops-N-plus-one-half/Gosu/loops-n-plus-one-half.gosu,27
rosetta:cbeb4c2778a1,gold,.grain,31bf749ab0b8e8b73fae562b50795d4606a0d695,conditional-structures-1.grain,swh:1:cnt:31bf749ab0b8e8b73fae562b50795d4606a0d695;origin=https://github.com/acmeism/RosettaCodeData;path=/Task/Conditional-structures/Grain/conditional-structures-1.grain,Grain,Grain,Grain,the contributor (the language heading the solution is filed under on rosettacode.org),RosettaCodeData@1d47586,,,,not-in-linguist;invented-ext,Task/Conditional-structures/Grain/conditional-structures-1.grain,8
rosetta:3f220a293af2,gold,.grain,2cd3a9a8412f1af73bb46f8494a5331439da1334,fibonacci-sequence-1.grain,swh:1:cnt:2cd3a9a8412f1af73bb46f8494a5331439da1334;origin=https://github.com/acmeism/RosettaCodeData;path=/Task/Fibonacci-sequence/Grain/fibonacci-sequence-1.grain,Grain,Grain,Grain,the contributor (the language heading the solution is filed under on rosettacode.org),RosettaCodeData@1d47586,,,,not-in-linguist;invented-ext,Task/Fibonacci-sequence/Grain/fibonacci-sequence-1.grain,8
rosetta:a0ca210acfca,gold,.gri,6299be4b53a63944767358d93b5d3283cdc47d72,documentation-1.gri,swh:1:cnt:6299be4b53a63944767358d93b5d3283cdc47d72;origin=https://github.com/acmeism/RosettaCodeData;path=/Task/Documentation/Gri/documentation-1.gri,Gri,Gri,Gri,the contributor (the language heading the solution is filed under on rosettacode.org),RosettaCodeData@1d47586,,,,not-in-linguist;invented-ext,Task/Documentation/Gri/documentation-1.gri,10
rosetta:008aafb71fe0,gold,.gri,bd017da458814ee791874da579595ef8720938d2,generic-swap-2.gri,swh:1:cnt:bd017da458814ee791874da579595ef8720938d2;origin=https://github.com/acmeism/RosettaCodeData;path=/Task/Generic-swap/Gri/generic-swap-2.gri,Gri,Gri,Gri,the contributor (the language heading the solution is filed under on rosettacode.org),RosettaCodeData@1d47586,,,,not-in-linguist;invented-ext,Task/Generic-swap/Gri/generic-swap-2.gri,10
rosetta:b82a673ec4ff,gold,.groovy,2096eb6d3fe799147cc8c1b33f413378cd271724,cuban-primes.groovy,swh:1:cnt:2096eb6d3fe799147cc8c1b33f413378cd271724;origin=https://github.com/acmeism/RosettaCodeData;path=/Task/Cuban-primes/Groovy/cuban-primes.groovy,Groovy,Groovy,Groovy,the contributor (the language heading the solution is filed under on rosettacode.org),RosettaCodeData@1d47586,,,,in-linguist,Task/Cuban-primes/Groovy/cuban-primes.groovy,833
rosetta:35c929f149ae,gold,.groovy,81e3009df154f74df07fd314b17e7109bdbf6b93,text-processing-max-licenses-in-use.groovy,swh:1:cnt:81e3009df154f74df07fd314b17e7109bdbf6b93;origin=https://github.com/acmeism/RosettaCodeData;path=/Task/Text-processing-Max-licenses-in-use/Groovy/text-processing-max-licenses-in-use.groovy,Groovy,Groovy,Groovy,the contributor (the language heading the solution is filed under on rosettacode.org),RosettaCodeData@1d47586,,,,in-linguist,Task/Text-processing-Max-licenses-in-use/Groovy/text-processing-max-licenses-in-use.groovy,833
rosetta:45824c0da698,gold,.guile,2a3f7922cf5f5cb338fac6332b0635f314b0b62d,abc-correlation.guile,swh:1:cnt:2a3f7922cf5f5cb338fac6332b0635f314b0b62d;origin=https://github.com/acmeism/RosettaCodeData;path=/Task/ABC-correlation/Guile/abc-correlation.guile,Guile,Guile,Guile,the contributor (the language heading the solution is filed under on rosettacode.org),RosettaCodeData@1d47586,,,,not-in-linguist;invented-ext;tiny,Task/ABC-correlation/Guile/abc-correlation.guile,6
rosetta:2be9aee465fc,gold,.guile,fd52628d4fa472b69f4ddef42d90d0660fbfb43c,md5-implementation.guile,swh:1:cnt:fd52628d4fa472b69f4ddef42d90d0660fbfb43c;origin=https://github.com/acmeism/RosettaCodeData;path=/Task/MD5-Implementation/Guile/md5-implementation.guile,Guile,Guile,Guile,the contributor (the language heading the solution is filed under on rosettacode.org),RosettaCodeData@1d47586,,,,not-in-linguist;invented-ext,Task/MD5-Implementation/Guile/md5-implementation.guile,6
rosetta:d0a64f71064a,gold,.guish,e171eb08e18a423a5f2d507ed30897f847be85ef,apply-a-callback-to-an-array.guish,swh:1:cnt:e171eb08e18a423a5f2d507ed30897f847be85ef;origin=https://github.com/acmeism/RosettaCodeData;path=/Task/Apply-a-callback-to-an-array/Guish/apply-a-callback-to-an-array.guish,Guish,Guish,Guish,the contributor (the language heading the solution is filed under on rosettacode.org),RosettaCodeData@1d47586,,,,not-in-linguist;invented-ext,Task/Apply-a-callback-to-an-array/Guish/apply-a-callback-to-an-array.guish,4
rosetta:0d90cd40118b,gold,.guish,96c5dd933d6fa85845d46d532680104ed715b1cb,simple-windowed-application.guish,swh:1:cnt:96c5dd933d6fa85845d46d532680104ed715b1cb;origin=https://github.com/acmeism/RosettaCodeData;path=/Task/Simple-windowed-application/Guish/simple-windowed-application.guish,Guish,Guish,Guish,the contributor (the language heading the solution is filed under on rosettacode.org),RosettaCodeData@1d47586,,,,not-in-linguist;invented-ext,Task/Simple-windowed-application/Guish/simple-windowed-application.guish,4
rosetta:56482837f79f,gold,.guiss,8ec69b9992fb074b28df67d1a80366db955fa7fe,99-bottles-of-beer.guiss,swh:1:cnt:8ec69b9992fb074b28df67d1a80366db955fa7fe;origin=https://github.com/acmeism/RosettaCodeData;path=/Task/99-bottles-of-beer/GUISS/99-bottles-of-beer.guiss,GUISS,GUISS,GUISS,the contributor (the language heading the solution is filed under on rosettacode.org),RosettaCodeData@1d47586,,,,not-in-linguist;invented-ext,Task/99-bottles-of-beer/GUISS/99-bottles-of-beer.guiss,28
rosetta:ca7100b8c931,gold,.guiss,2c69c2e5ff44379ab5edeb2afe72d80f35cf2743,copy-a-string.guiss,swh:1:cnt:2c69c2e5ff44379ab5edeb2afe72d80f35cf2743;origin=https://github.com/acmeism/RosettaCodeData;path=/Task/Copy-a-string/GUISS/copy-a-string.guiss,GUISS,GUISS,GUISS,the contributor (the language heading the solution is filed under on rosettacode.org),RosettaCodeData@1d47586,,,,not-in-linguist;invented-ext;tiny,Task/Copy-a-string/GUISS/copy-a-string.guiss,28
rosetta:1f8ebe0ffae9,gold,.basic,972b9b5c2e09319c7b777bd1b9f774d8256101d7,levenshtein-distance.basic,swh:1:cnt:972b9b5c2e09319c7b777bd1b9f774d8256101d7;origin=https://github.com/acmeism/RosettaCodeData;path=/Task/Levenshtein-distance/GW-BASIC/levenshtein-distance.basic,GW-BASIC,GW-BASIC,GW-BASIC,the contributor (the language heading the solution is filed under on rosettacode.org),RosettaCodeData@1d47586,,,,not-in-linguist;invented-ext,Task/Levenshtein-distance/GW-BASIC/levenshtein-distance.basic,206
rosetta:20d01b388678,gold,.basic,45bfddc0b6da5c34c80a50b3362bd24d36fa2a5a,loops-infinite-1.basic,swh:1:cnt:45bfddc0b6da5c34c80a50b3362bd24d36fa2a5a;origin=https://github.com/acmeism/RosettaCodeData;path=/Task/Loops-Infinite/GW-BASIC/loops-infinite-1.basic,GW-BASIC,GW-BASIC,GW-BASIC,the contributor (the language heading the solution is filed under on rosettacode.org),RosettaCodeData@1d47586,,,,not-in-linguist;invented-ext;tiny,Task/Loops-Infinite/GW-BASIC/loops-infinite-1.basic,206
rosetta:9d6681c14cba,gold,.hack,ef16fd4debd86913123835b3b14adcf0071a0831,loops-for.hack,swh:1:cnt:ef16fd4debd86913123835b3b14adcf0071a0831;origin=https://github.com/acmeism/RosettaCodeData;path=/Task/Loops-For/Hack/loops-for.hack,Hack,Hack,Hack,the contributor (the language heading the solution is filed under on rosettacode.org),RosettaCodeData@1d47586,,,,in-linguist,Task/Loops-For/Hack/loops-for.hack,2
rosetta:d3d8105522c7,gold,.halon,a8caa7aa3578626c657bb7958b845fb2b161d851,99-bottles-of-beer.halon,swh:1:cnt:a8caa7aa3578626c657bb7958b845fb2b161d851;origin=https://github.com/acmeism/RosettaCodeData;path=/Task/99-bottles-of-beer/Halon/99-bottles-of-beer.halon,Halon,Halon,Halon,the contributor (the language heading the solution is filed under on rosettacode.org),RosettaCodeData@1d47586,,,,not-in-linguist;invented-ext,Task/99-bottles-of-beer/Halon/99-bottles-of-beer.halon,13
rosetta:81dabc54ee80,gold,.halon,28a24570eecdb811c6a3391d8402815ddfa338a2,arrays.halon,swh:1:cnt:28a24570eecdb811c6a3391d8402815ddfa338a2;origin=https://github.com/acmeism/RosettaCodeData;path=/Task/Arrays/Halon/arrays.halon,Halon,Halon,Halon,the contributor (the language heading the solution is filed under on rosettacode.org),RosettaCodeData@1d47586,,,,not-in-linguist;invented-ext,Task/Arrays/Halon/arrays.halon,13
rosetta:72df9170413c,gold,.harbour,1b04161ca67b28ae6a1f94ecbf6bf951c570141b,integer-comparison.harbour,swh:1:cnt:1b04161ca67b28ae6a1f94ecbf6bf951c570141b;origin=https://github.com/acmeism/RosettaCodeData;path=/Task/Integer-comparison/Harbour/integer-comparison.harbour,Harbour,Harbour,Harbour,the contributor (the language heading the solution is filed under on rosettacode.org),RosettaCodeData@1d47586,,,,in-linguist;invented-ext,Task/Integer-comparison/Harbour/integer-comparison.harbour,58
rosetta:bf8cdc9ec331,gold,.harbour,570b7ef852dc7c47860957b25a77c2d954c5ed83,return-multiple-values-2.harbour,swh:1:cnt:570b7ef852dc7c47860957b25a77c2d954c5ed83;origin=https://github.com/acmeism/RosettaCodeData;path=/Task/Return-multiple-values/Harbour/return-multiple-values-2.harbour,Harbour,Harbour,Harbour,the contributor (the language heading the solution is filed under on rosettacode.org),RosettaCodeData@1d47586,,,,in-linguist;invented-ext,Task/Return-multiple-values/Harbour/return-multiple-values-2.harbour,58
rosetta:9fa0b7578c54,gold,.hare,29cac0199095099446dc82f7f06bdb121b223774,runge-kutta-method.hare,swh:1:cnt:29cac0199095099446dc82f7f06bdb121b223774;origin=https://github.com/acmeism/RosettaCodeData;path=/Task/Runge-Kutta-method/Hare/runge-kutta-method.hare,Hare,Hare,Hare,the contributor (the language heading the solution is filed under on rosettacode.org),RosettaCodeData@1d47586,,,,in-linguist;invented-ext,Task/Runge-Kutta-method/Hare/runge-kutta-method.hare,17
rosetta:f0edf008aa24,gold,.hare,b0f118a5769d4c266d70d96d0047326ea2bee126,walk-a-directory-non-recursively.hare,swh:1:cnt:b0f118a5769d4c266d70d96d0047326ea2bee126;origin=https://github.com/acmeism/RosettaCodeData;path=/Task/Walk-a-directory-Non-recursively/Hare/walk-a-directory-non-recursively.hare,Hare,Hare,Hare,the contributor (the language heading the solution is filed under on rosettacode.org),RosettaCodeData@1d47586,,,,in-linguist;invented-ext,Task/Walk-a-directory-Non-recursively/Hare/walk-a-directory-non-recursively.hare,17
rosetta:3ec0033e1d2a,gold,.hs,5dafadf21e6e761f90b99c38aaac644654596612,determine-if-a-string-is-collapsible-2.hs,swh:1:cnt:5dafadf21e6e761f90b99c38aaac644654596612;origin=https://github.com/acmeism/RosettaCodeData;path=/Task/Determine-if-a-string-is-collapsible/Haskell/determine-if-a-string-is-collapsible-2.hs,Haskell,Haskell,Haskell,the contributor (the language heading the solution is filed under on rosettacode.org),RosettaCodeData@1d47586,,,,in-linguist,Task/Determine-if-a-string-is-collapsible/Haskell/determine-if-a-string-is-collapsible-2.hs,2304
rosetta:bb0a5fb028b0,gold,.hs,5576690d2a594b15cfb736da0376d6e599de85bf,knuth-shuffle-4.hs,swh:1:cnt:5576690d2a594b15cfb736da0376d6e599de85bf;origin=https://github.com/acmeism/RosettaCodeData;path=/Task/Knuth-shuffle/Haskell/knuth-shuffle-4.hs,Haskell,Haskell,Haskell,the contributor (the language heading the solution is filed under on rosettacode.org),RosettaCodeData@1d47586,,,,in-linguist,Task/Knuth-shuffle/Haskell/knuth-shuffle-4.hs,2304
rosetta:4b0415aaf2d0,gold,.hx,3c680e9c0acd537d0d56f2cf383ec2595e6efa75,associative-array-creation.hx,swh:1:cnt:3c680e9c0acd537d0d56f2cf383ec2595e6efa75;origin=https://github.com/acmeism/RosettaCodeData;path=/Task/Associative-array-Creation/Haxe/associative-array-creation.hx,Haxe,Haxe,Haxe,the contributor (the language heading the solution is filed under on rosettacode.org),RosettaCodeData@1d47586,,,,in-linguist,Task/Associative-array-Creation/Haxe/associative-array-creation.hx,80
rosetta:43145c7ed1aa,gold,.hx,c2f8a2ed4c975459b337148da1a38ada5e651e35,boolean-values.hx,swh:1:cnt:c2f8a2ed4c975459b337148da1a38ada5e651e35;origin=https://github.com/acmeism/RosettaCodeData;path=/Task/Boolean-values/Haxe/boolean-values.hx,Haxe,Haxe,Haxe,the contributor (the language heading the solution is filed under on rosettacode.org),RosettaCodeData@1d47586,,,,in-linguist,Task/Boolean-values/Haxe/boolean-values.hx,80
rosetta:6d446b281e36,gold,.heron,b510eecfe09bbeedb8ee3d54bea61fa8b493a69e,n-queens-problem.heron,swh:1:cnt:b510eecfe09bbeedb8ee3d54bea61fa8b493a69e;origin=https://github.com/acmeism/RosettaCodeData;path=/Task/N-queens-problem/Heron/n-queens-problem.heron,Heron,Heron,Heron,the contributor (the language heading the solution is filed under on rosettacode.org),RosettaCodeData@1d47586,,,,not-in-linguist;invented-ext,Task/N-queens-problem/Heron/n-queens-problem.heron,1
rosetta:6c95e6d1e1bd,gold,.hexi,78c0f75f64bf88ea4b7845486836690ca1f29c35,array-length.hexi,swh:1:cnt:78c0f75f64bf88ea4b7845486836690ca1f29c35;origin=https://github.com/acmeism/RosettaCodeData;path=/Task/Array-length/Hexiscript/array-length.hexi,Hexiscript,Hexiscript,Hexiscript,the contributor (the language heading the solution is filed under on rosettacode.org),RosettaCodeData@1d47586,,,,not-in-linguist;invented-ext;tiny,Task/Array-length/Hexiscript/array-length.hexi,29
rosetta:eb74f454c650,gold,.hexi,257741996488d5620127926a89d317f4b4bbe382,greatest-element-of-a-list.hexi,swh:1:cnt:257741996488d5620127926a89d317f4b4bbe382;origin=https://github.com/acmeism/RosettaCodeData;path=/Task/Greatest-element-of-a-list/Hexiscript/greatest-element-of-a-list.hexi,Hexiscript,Hexiscript,Hexiscript,the contributor (the language heading the solution is filed under on rosettacode.org),RosettaCodeData@1d47586,,,,not-in-linguist;invented-ext,Task/Greatest-element-of-a-list/Hexiscript/greatest-element-of-a-list.hexi,29
rosetta:771788aaba48,gold,.hicest,13bedae66c66e79fa0f3d5d141e1bd7604e09de4,number-names-2.hicest,swh:1:cnt:13bedae66c66e79fa0f3d5d141e1bd7604e09de4;origin=https://github.com/acmeism/RosettaCodeData;path=/Task/Number-names/HicEst/number-names-2.hicest,HicEst,HicEst,HicEst,the contributor (the language heading the solution is filed under on rosettacode.org),RosettaCodeData@1d47586,,,,not-in-linguist;invented-ext,Task/Number-names/HicEst/number-names-2.hicest,175
rosetta:a500288ac2dc,gold,.hicest,b17e7cac5152d537f121d9ab10eda4fb03edaddf,take-notes-on-the-command-line.hicest,swh:1:cnt:b17e7cac5152d537f121d9ab10eda4fb03edaddf;origin=https://github.com/acmeism/RosettaCodeData;path=/Task/Take-notes-on-the-command-line/HicEst/take-notes-on-the-command-line.hicest,HicEst,HicEst,HicEst,the contributor (the language heading the solution is filed under on rosettacode.org),RosettaCodeData@1d47586,,,,not-in-linguist;invented-ext,Task/Take-notes-on-the-command-line/HicEst/take-notes-on-the-command-line.hicest,175
rosetta:c5c60f7563b8,gold,.hla,ca220c57c52e10b5631ba8658f169d1059fe7740,hello-world-text.hla,swh:1:cnt:ca220c57c52e10b5631ba8658f169d1059fe7740;origin=https://github.com/acmeism/RosettaCodeData;path=/Task/Hello-world-Text/HLA/hello-world-text.hla,HLA,HLA,HLA,the contributor (the language heading the solution is filed under on rosettacode.org),RosettaCodeData@1d47586,,,,not-in-linguist;invented-ext,Task/Hello-world-Text/HLA/hello-world-text.hla,1
rosetta:8b36bf813e85,gold,.hobbes,8218101af5c1bd27575ac02205ef2adec45a892c,flatten-a-list.hobbes,swh:1:cnt:8218101af5c1bd27575ac02205ef2adec45a892c;origin=https://github.com/acmeism/RosettaCodeData;path=/Task/Flatten-a-list/Hobbes/flatten-a-list.hobbes,Hobbes,Hobbes,Hobbes,the contributor (the language heading the solution is filed under on rosettacode.org),RosettaCodeData@1d47586,,,,not-in-linguist;invented-ext;tiny,Task/Flatten-a-list/Hobbes/flatten-a-list.hobbes,131
rosetta:8ccfb2379e92,gold,.hobbes,61048bda4dbbed88f42ebd9d3a581331b45551e8,luhn-test-of-credit-card-numbers.hobbes,swh:1:cnt:61048bda4dbbed88f42ebd9d3a581331b45551e8;origin=https://github.com/acmeism/RosettaCodeData;path=/Task/Luhn-test-of-credit-card-numbers/Hobbes/luhn-test-of-credit-card-numbers.hobbes,Hobbes,Hobbes,Hobbes,the contributor (the language heading the solution is filed under on rosettacode.org),RosettaCodeData@1d47586,,,,not-in-linguist;invented-ext,Task/Luhn-test-of-credit-card-numbers/Hobbes/luhn-test-of-credit-card-numbers.hobbes,131
rosetta:c56d561c3175,gold,.holyc,f15c1be5bd28b00f3fea4136b20a69ab3cb37fe8,exceptions-1.holyc,swh:1:cnt:f15c1be5bd28b00f3fea4136b20a69ab3cb37fe8;origin=https://github.com/acmeism/RosettaCodeData;path=/Task/Exceptions/HolyC/exceptions-1.holyc,HolyC,HolyC,HolyC,the contributor (the language heading the solution is filed under on rosettacode.org),RosettaCodeData@1d47586,,,,in-linguist;invented-ext,Task/Exceptions/HolyC/exceptions-1.holyc,46
rosetta:87598049594a,gold,.holyc,6030c636589f7bbde55961ff6daf64be1a58944a,guess-the-number.holyc,swh:1:cnt:6030c636589f7bbde55961ff6daf64be1a58944a;origin=https://github.com/acmeism/RosettaCodeData;path=/Task/Guess-the-number/HolyC/guess-the-number.holyc,HolyC,HolyC,HolyC,the contributor (the language heading the solution is filed under on rosettacode.org),RosettaCodeData@1d47586,,,,in-linguist;invented-ext,Task/Guess-the-number/HolyC/guess-the-number.holyc,46
rosetta:b8791d593655,gold,.hoon,fc27ae3cdfcdc1d64cea4867195eae3ef1f8593a,99-bottles-of-beer.hoon,swh:1:cnt:fc27ae3cdfcdc1d64cea4867195eae3ef1f8593a;origin=https://github.com/acmeism/RosettaCodeData;path=/Task/99-bottles-of-beer/Hoon/99-bottles-of-beer.hoon,hoon,Hoon,hoon;Hoon,the contributor (the language heading the solution is filed under on rosettacode.org),RosettaCodeData@1d47586,,,,in-linguist,Task/99-bottles-of-beer/Hoon/99-bottles-of-beer.hoon,35
rosetta:7b23fbb1ab1d,gold,.hoon,fd641dc8ba2bf2520fb01a789e681a2c6005e092,calculating-the-value-of-e.hoon,swh:1:cnt:fd641dc8ba2bf2520fb01a789e681a2c6005e092;origin=https://github.com/acmeism/RosettaCodeData;path=/Task/Calculating-the-value-of-e/Hoon/calculating-the-value-of-e.hoon,hoon,Hoon,hoon;Hoon,the contributor (the language heading the solution is filed under on rosettacode.org),RosettaCodeData@1d47586,,,,in-linguist,Task/Calculating-the-value-of-e/Hoon/calculating-the-value-of-e.hoon,35
rosetta:413bc6ba5c57,gold,.hope,49514111c434901ddd138c42338a0ad2bf834653,fibonacci-sequence-1.hope,swh:1:cnt:49514111c434901ddd138c42338a0ad2bf834653;origin=https://github.com/acmeism/RosettaCodeData;path=/Task/Fibonacci-sequence/Hope/fibonacci-sequence-1.hope,Hope,Hope,Hope,the contributor (the language heading the solution is filed under on rosettacode.org),RosettaCodeData@1d47586,,,,not-in-linguist;invented-ext;tiny,Task/Fibonacci-sequence/Hope/fibonacci-sequence-1.hope,6
rosetta:eeeee281034e,gold,.hope,788792c976be7a352b5655a471738d4ebd7faa72,matrix-transposition.hope,swh:1:cnt:788792c976be7a352b5655a471738d4ebd7faa72;origin=https://github.com/acmeism/RosettaCodeData;path=/Task/Matrix-transposition/Hope/matrix-transposition.hope,Hope,Hope,Hope,the contributor (the language heading the solution is filed under on rosettacode.org),RosettaCodeData@1d47586,,,,not-in-linguist;invented-ext;tiny,Task/Matrix-transposition/Hope/matrix-transposition.hope,6
rosetta:1195646fcba9,gold,.hopper,77622a8e7cc0c15d59987f7a20867ff0662db4d2,hello-world-text.hopper,swh:1:cnt:77622a8e7cc0c15d59987f7a20867ff0662db4d2;origin=https://github.com/acmeism/RosettaCodeData;path=/Task/Hello-world-Text/Hopper/hello-world-text.hopper,Hopper,Hopper,Hopper,the contributor (the language heading the solution is filed under on rosettacode.org),RosettaCodeData@1d47586,,,,not-in-linguist;invented-ext,Task/Hello-world-Text/Hopper/hello-world-text.hopper,1
rosetta:04f0a9634e2e,gold,.hpppl,068fec62c3f78afb6440611b2241c950b91adbe0,a+b.hpppl,swh:1:cnt:068fec62c3f78afb6440611b2241c950b91adbe0;origin=https://github.com/acmeism/RosettaCodeData;path=/Task/A+B/HPPPL/a+b.hpppl,HPPPL,HPPPL,HPPPL,the contributor (the language heading the solution is filed under on rosettacode.org),RosettaCodeData@1d47586,,,,not-in-linguist;invented-ext,Task/A+B/HPPPL/a+b.hpppl,17
rosetta:3dcfc6d5df35,gold,.hpppl,58ff78bae1342469b8d7156c71bb26d0bba36ed0,ackermann-function.hpppl,swh:1:cnt:58ff78bae1342469b8d7156c71bb26d0bba36ed0;origin=https://github.com/acmeism/RosettaCodeData;path=/Task/Ackermann-function/HPPPL/ackermann-function.hpppl,HPPPL,HPPPL,HPPPL,the contributor (the language heading the solution is filed under on rosettacode.org),RosettaCodeData@1d47586,,,,not-in-linguist;invented-ext,Task/Ackermann-function/HPPPL/ackermann-function.hpppl,17
rosetta:8f15892ab6ab,gold,.huginn,c9e61c130e0bc64f1cf077df9fb6c3b30883a42d,hello-world-standard-error.huginn,swh:1:cnt:c9e61c130e0bc64f1cf077df9fb6c3b30883a42d;origin=https://github.com/acmeism/RosettaCodeData;path=/Task/Hello-world-Standard-error/Huginn/hello-world-standard-error.huginn,Huginn,Huginn,Huginn,the contributor (the language heading the solution is filed under on rosettacode.org),RosettaCodeData@1d47586,,,,not-in-linguist;invented-ext,Task/Hello-world-Standard-error/Huginn/hello-world-standard-error.huginn,30
rosetta:34ebdf26ed17,gold,.huginn,f4ac61d68197a8eadf75584b687744224cc4b527,ordered-words.huginn,swh:1:cnt:f4ac61d68197a8eadf75584b687744224cc4b527;origin=https://github.com/acmeism/RosettaCodeData;path=/Task/Ordered-words/Huginn/ordered-words.huginn,Huginn,Huginn,Huginn,the contributor (the language heading the solution is filed under on rosettacode.org),RosettaCodeData@1d47586,,,,not-in-linguist;invented-ext,Task/Ordered-words/Huginn/ordered-words.huginn,30
rosetta:c6d3c30c96f1,gold,.hy,5c16cc63b8e8dad23ab03d4e6f262aa5ed3a3eba,rot-13.hy,swh:1:cnt:5c16cc63b8e8dad23ab03d4e6f262aa5ed3a3eba;origin=https://github.com/acmeism/RosettaCodeData;path=/Task/Rot-13/Hy/rot-13.hy,Hy,Hy,Hy;hylang,the contributor (the language heading the solution is filed under on rosettacode.org),RosettaCodeData@1d47586,,,,in-linguist,Task/Rot-13/Hy/rot-13.hy,38
rosetta:5b6ecaf52b36,gold,.hy,cff6f65ee366698372877bd634012ca35ad73c56,verify-distribution-uniformity-naive-1.hy,swh:1:cnt:cff6f65ee366698372877bd634012ca35ad73c56;origin=https://github.com/acmeism/RosettaCodeData;path=/Task/Verify-distribution-uniformity-Naive/Hy/verify-distribution-uniformity-naive-1.hy,Hy,Hy,Hy;hylang,the contributor (the language heading the solution is filed under on rosettacode.org),RosettaCodeData@1d47586,,,,in-linguist,Task/Verify-distribution-uniformity-Naive/Hy/verify-distribution-uniformity-naive-1.hy,38
rosetta:a98c8f0f05a3,gold,.ht,7ee28948f3e7360782370706c71d03dd54f78e93,99-bottles-of-beer.ht,swh:1:cnt:7ee28948f3e7360782370706c71d03dd54f78e93;origin=https://github.com/acmeism/RosettaCodeData;path=/Task/99-bottles-of-beer/HyperTalk/99-bottles-of-beer.ht,HyperTalk,HyperTalk,HyperTalk,the contributor (the language heading the solution is filed under on rosettacode.org),RosettaCodeData@1d47586,,,,not-in-linguist;invented-ext,Task/99-bottles-of-beer/HyperTalk/99-bottles-of-beer.ht,2
rosetta:88b55127a046,gold,.ht,b05036ba399465d90884d5f9fe187fc4604fca65,increment-a-numerical-string.ht,swh:1:cnt:b05036ba399465d90884d5f9fe187fc4604fca65;origin=https://github.com/acmeism/RosettaCodeData;path=/Task/Increment-a-numerical-string/HyperTalk/increment-a-numerical-string.ht,HyperTalk,HyperTalk,HyperTalk,the contributor (the language heading the solution is filed under on rosettacode.org),RosettaCodeData@1d47586,,,,not-in-linguist;invented-ext,Task/Increment-a-numerical-string/HyperTalk/increment-a-numerical-string.ht,2
rosetta:afdc10b1b1aa,gold,.i,a9587f15db9b7ee01b5cfcfc483ea8f35d4511c4,copy-a-string.i,swh:1:cnt:a9587f15db9b7ee01b5cfcfc483ea8f35d4511c4;origin=https://github.com/acmeism/RosettaCodeData;path=/Task/Copy-a-string/I/copy-a-string.i,I,I,I,the contributor (the language heading the solution is filed under on rosettacode.org),RosettaCodeData@1d47586,,,,not-in-linguist;misleading-ext;ambiguous-ext,Task/Copy-a-string/I/copy-a-string.i,31
rosetta:84308fe52d4d,gold,.i,8b0e810f01b6b7eed9655c271fc097a9b20b52b1,integer-comparison.i,swh:1:cnt:8b0e810f01b6b7eed9655c271fc097a9b20b52b1;origin=https://github.com/acmeism/RosettaCodeData;path=/Task/Integer-comparison/I/integer-comparison.i,I,I,I,the contributor (the language heading the solution is filed under on rosettacode.org),RosettaCodeData@1d47586,,,,not-in-linguist;misleading-ext;ambiguous-ext,Task/Integer-comparison/I/integer-comparison.i,31
rosetta:72c21810aac4,gold,.icon,4e28d0c137c21a575272184ef76adbe2d989b928,loops-for-with-a-specified-step-1.icon,swh:1:cnt:4e28d0c137c21a575272184ef76adbe2d989b928;origin=https://github.com/acmeism/RosettaCodeData;path=/Task/Loops-For-with-a-specified-step/Icon/loops-for-with-a-specified-step-1.icon,Icon,Icon,Icon,the contributor (the language heading the solution is filed under on rosettacode.org),RosettaCodeData@1d47586,,,,not-in-linguist;invented-ext,Task/Loops-For-with-a-specified-step/Icon/loops-for-with-a-specified-step-1.icon,750
rosetta:dae5ca036f83,gold,.icon,50561c87b8ecef443747aa7794dc9652fd93d2fd,s-expressions.icon,swh:1:cnt:50561c87b8ecef443747aa7794dc9652fd93d2fd;origin=https://github.com/acmeism/RosettaCodeData;path=/Task/S-expressions/Icon/s-expressions.icon,Icon,Icon,Icon,the contributor (the language heading the solution is filed under on rosettacode.org),RosettaCodeData@1d47586,,,,not-in-linguist;invented-ext,Task/S-expressions/Icon/s-expressions.icon,750
rosetta:dc4ff323064d,gold,.idl,15e9939e1ed5a4f9233b1ccbdc6677c19d73b010,averages-mean-angle.idl,swh:1:cnt:15e9939e1ed5a4f9233b1ccbdc6677c19d73b010;origin=https://github.com/acmeism/RosettaCodeData;path=/Task/Averages-Mean-angle/IDL/averages-mean-angle.idl,IDL,IDL,IDL,the contributor (the language heading the solution is filed under on rosettacode.org),RosettaCodeData@1d47586,,,,in-linguist;invented-ext;tiny,Task/Averages-Mean-angle/IDL/averages-mean-angle.idl,98
rosetta:35c098e64505,gold,.idl,30699e4cf65395ff75f89dd02d53fa4086671d7c,sorting-algorithms-quicksort.idl,swh:1:cnt:30699e4cf65395ff75f89dd02d53fa4086671d7c;origin=https://github.com/acmeism/RosettaCodeData;path=/Task/Sorting-algorithms-Quicksort/IDL/sorting-algorithms-quicksort.idl,IDL,IDL,IDL,the contributor (the language heading the solution is filed under on rosettacode.org),RosettaCodeData@1d47586,,,,in-linguist;invented-ext,Task/Sorting-algorithms-Quicksort/IDL/sorting-algorithms-quicksort.idl,98
rosetta:396a0b8f5fdd,gold,.idris,b0a3f1bc33b78b7698e3b3471e4f25bc5f315d7b,proof.idris,swh:1:cnt:b0a3f1bc33b78b7698e3b3471e4f25bc5f315d7b;origin=https://github.com/acmeism/RosettaCodeData;path=/Task/Proof/Idris/proof.idris,Idris,Idris,Idris,the contributor (the language heading the solution is filed under on rosettacode.org),RosettaCodeData@1d47586,,,,in-linguist;invented-ext,Task/Proof/Idris/proof.idris,34
rosetta:ec00ce5c97c6,gold,.idris,7737be39f09057af8bf3f2f98d0a0f512e9a215e,repeat-a-string.idris,swh:1:cnt:7737be39f09057af8bf3f2f98d0a0f512e9a215e;origin=https://github.com/acmeism/RosettaCodeData;path=/Task/Repeat-a-string/Idris/repeat-a-string.idris,Idris,Idris,Idris,the contributor (the language heading the solution is filed under on rosettacode.org),RosettaCodeData@1d47586,,,,in-linguist;invented-ext,Task/Repeat-a-string/Idris/repeat-a-string.idris,34
rosetta:0bb5a35ff4b9,gold,.imp77,d4b77a2f11b1214451bd8a68d4a43e08bcd521f4,cordic.imp77,swh:1:cnt:d4b77a2f11b1214451bd8a68d4a43e08bcd521f4;origin=https://github.com/acmeism/RosettaCodeData;path=/Task/CORDIC/Imp77/cordic.imp77,Imp77,Imp77,Imp77,the contributor (the language heading the solution is filed under on rosettacode.org),RosettaCodeData@1d47586,,,,not-in-linguist;invented-ext,Task/CORDIC/Imp77/cordic.imp77,4
rosetta:9cb7051fd4cb,gold,.imp77,55a4dd9a94a228ccc4d7b3f043346ba741ad6766,towers-of-hanoi.imp77,swh:1:cnt:55a4dd9a94a228ccc4d7b3f043346ba741ad6766;origin=https://github.com/acmeism/RosettaCodeData;path=/Task/Towers-of-Hanoi/Imp77/towers-of-hanoi.imp77,Imp77,Imp77,Imp77,the contributor (the language heading the solution is filed under on rosettacode.org),RosettaCodeData@1d47586,,,,not-in-linguist;invented-ext,Task/Towers-of-Hanoi/Imp77/towers-of-hanoi.imp77,4
rosetta:5f7b05574341,gold,.inf,b263032bedae2b700dfe77629c34f588eda65306,bitwise-operations.inf,swh:1:cnt:b263032bedae2b700dfe77629c34f588eda65306;origin=https://github.com/acmeism/RosettaCodeData;path=/Task/Bitwise-operations/Inform-6/bitwise-operations.inf,Inform 6,Inform 6,Inform 6,the contributor (the language heading the solution is filed under on rosettacode.org),RosettaCodeData@1d47586,,,,not-in-linguist;invented-ext,Task/Bitwise-operations/Inform-6/bitwise-operations.inf,10
rosetta:412c2890be6b,gold,.inf,05a5ea91846ab9f43b37526a20e9aabdec049851,knuth-shuffle.inf,swh:1:cnt:05a5ea91846ab9f43b37526a20e9aabdec049851;origin=https://github.com/acmeism/RosettaCodeData;path=/Task/Knuth-shuffle/Inform-6/knuth-shuffle.inf,Inform 6,Inform 6,Inform 6,the contributor (the language heading the solution is filed under on rosettacode.org),RosettaCodeData@1d47586,,,,not-in-linguist;invented-ext,Task/Knuth-shuffle/Inform-6/knuth-shuffle.inf,10
rosetta:48c7c3d41ebe,gold,.inf,5c4a29255185eea1e646d6c9a231a2b0509d4067,conditional-structures-2.inf,swh:1:cnt:5c4a29255185eea1e646d6c9a231a2b0509d4067;origin=https://github.com/acmeism/RosettaCodeData;path=/Task/Conditional-structures/Inform-7/conditional-structures-2.inf,Inform 7,Inform 7,Inform 7;i7;inform7,the contributor (the language heading the solution is filed under on rosettacode.org),RosettaCodeData@1d47586,,,,in-linguist;invented-ext;tiny,Task/Conditional-structures/Inform-7/conditional-structures-2.inf,65
rosetta:f4501ba60c9f,gold,.inf,985f3663907e47b690b899c3c7de3c5c56eb5a8d,higher-order-functions-2.inf,swh:1:cnt:985f3663907e47b690b899c3c7de3c5c56eb5a8d;origin=https://github.com/acmeism/RosettaCodeData;path=/Task/Higher-order-functions/Inform-7/higher-order-functions-2.inf,Inform 7,Inform 7,Inform 7;i7;inform7,the contributor (the language heading the solution is filed under on rosettacode.org),RosettaCodeData@1d47586,,,,in-linguist;invented-ext,Task/Higher-order-functions/Inform-7/higher-order-functions-2.inf,65
rosetta:1d8271e80807,gold,.4gl,dac085cb340b4214abf18e7d19186b3ec7eddb69,100-doors-1.4gl,swh:1:cnt:dac085cb340b4214abf18e7d19186b3ec7eddb69;origin=https://github.com/acmeism/RosettaCodeData;path=/Task/100-doors/Informix-4GL/100-doors-1.4gl,Informix 4GL,Informix 4GL,Informix 4GL,the contributor (the language heading the solution is filed under on rosettacode.org),RosettaCodeData@1d47586,,,,not-in-linguist;misleading-ext,Task/100-doors/Informix-4GL/100-doors-1.4gl,2
rosetta:4917b1df660a,gold,.insitux,cfea754c4a67ba9533e9d637bd3088d57573f74f,look-and-say-sequence.insitux,swh:1:cnt:cfea754c4a67ba9533e9d637bd3088d57573f74f;origin=https://github.com/acmeism/RosettaCodeData;path=/Task/Look-and-say-sequence/Insitux/look-and-say-sequence.insitux,Insitux,Insitux,Insitux,the contributor (the language heading the solution is filed under on rosettacode.org),RosettaCodeData@1d47586,,,,not-in-linguist;invented-ext,Task/Look-and-say-sequence/Insitux/look-and-say-sequence.insitux,47
rosetta:20daec2f336e,gold,.insitux,fec03064208eaf645afdc6ff5d7070591c7b7d7f,short-circuit-evaluation.insitux,swh:1:cnt:fec03064208eaf645afdc6ff5d7070591c7b7d7f;origin=https://github.com/acmeism/RosettaCodeData;path=/Task/Short-circuit-evaluation/Insitux/short-circuit-evaluation.insitux,Insitux,Insitux,Insitux,the contributor (the language heading the solution is filed under on rosettacode.org),RosettaCodeData@1d47586,,,,not-in-linguist;invented-ext,Task/Short-circuit-evaluation/Insitux/short-circuit-evaluation.insitux,47
rosetta:3e951a3a11d4,gold,.basic,ffba04a3d19727430b06ba9888168ecbb50c2714,fibonacci-sequence.basic,swh:1:cnt:ffba04a3d19727430b06ba9888168ecbb50c2714;origin=https://github.com/acmeism/RosettaCodeData;path=/Task/Fibonacci-sequence/Integer-BASIC/fibonacci-sequence.basic,Integer BASIC,Integer BASIC,Integer BASIC,the contributor (the language heading the solution is filed under on rosettacode.org),RosettaCodeData@1d47586,,,,not-in-linguist;invented-ext,Task/Fibonacci-sequence/Integer-BASIC/fibonacci-sequence.basic,6
rosetta:1291a457b336,gold,.basic,e29d5accae9601f2ef3638267750384f33f92ddc,pi.basic,swh:1:cnt:e29d5accae9601f2ef3638267750384f33f92ddc;origin=https://github.com/acmeism/RosettaCodeData;path=/Task/Pi/Integer-BASIC/pi.basic,Integer BASIC,Integer BASIC,Integer BASIC,the contributor (the language heading the solution is filed under on rosettacode.org),RosettaCodeData@1d47586,,,,not-in-linguist;invented-ext,Task/Pi/Integer-BASIC/pi.basic,6
rosetta:805a36f15d50,gold,.ical,d99ec41d3fcbdca5ea26d077f3b61f5cf044217a,hello-world-text.ical,swh:1:cnt:d99ec41d3fcbdca5ea26d077f3b61f5cf044217a;origin=https://github.com/acmeism/RosettaCodeData;path=/Task/Hello-world-Text/Intercal/hello-world-text.ical,Intercal,Intercal,Intercal,the contributor (the language heading the solution is filed under on rosettacode.org),RosettaCodeData@1d47586,,,,not-in-linguist;misleading-ext,Task/Hello-world-Text/Intercal/hello-world-text.ical,6
rosetta:c4fd0c1800f4,gold,.ical,7976794b5dedaba5972c447ef181a02fc1141690,loops-infinite.ical,swh:1:cnt:7976794b5dedaba5972c447ef181a02fc1141690;origin=https://github.com/acmeism/RosettaCodeData;path=/Task/Loops-Infinite/Intercal/loops-infinite.ical,Intercal,Intercal,Intercal,the contributor (the language heading the solution is filed under on rosettacode.org),RosettaCodeData@1d47586,,,,not-in-linguist;misleading-ext,Task/Loops-Infinite/Intercal/loops-infinite.ical,6
rosetta:bbb4fe3a0c00,gold,.io,094d180fbda6538c5475a9bdde2263de8a70c1cd,comments.io,swh:1:cnt:094d180fbda6538c5475a9bdde2263de8a70c1cd;origin=https://github.com/acmeism/RosettaCodeData;path=/Task/Comments/Io/comments.io,Io,Io,Io,the contributor (the language heading the solution is filed under on rosettacode.org),RosettaCodeData@1d47586,,,,in-linguist;tiny,Task/Comments/Io/comments.io,98
rosetta:81be5579c035,gold,.io,6b1f84104e144f2efd8b3b1c256f55ab74d3b179,file-input-output.io,swh:1:cnt:6b1f84104e144f2efd8b3b1c256f55ab74d3b179;origin=https://github.com/acmeism/RosettaCodeData;path=/Task/File-input-output/Io/file-input-output.io,Io,Io,Io,the contributor (the language heading the solution is filed under on rosettacode.org),RosettaCodeData@1d47586,,,,in-linguist,Task/File-input-output/Io/file-input-output.io,98
rosetta:6466f6aba15c,gold,.ioke,3ec7be2715e37febe8f64e8c7a9529f88fa5fcb4,99-bottles-of-beer.ioke,swh:1:cnt:3ec7be2715e37febe8f64e8c7a9529f88fa5fcb4;origin=https://github.com/acmeism/RosettaCodeData;path=/Task/99-bottles-of-beer/Ioke/99-bottles-of-beer.ioke,Ioke,Ioke,Ioke,the contributor (the language heading the solution is filed under on rosettacode.org),RosettaCodeData@1d47586,,,,in-linguist;invented-ext,Task/99-bottles-of-beer/Ioke/99-bottles-of-beer.ioke,21
rosetta:7e39e5865d05,gold,.ioke,4ebcbd5900c50c573418179953fa9680a543ce07,time-a-function.ioke,swh:1:cnt:4ebcbd5900c50c573418179953fa9680a543ce07;origin=https://github.com/acmeism/RosettaCodeData;path=/Task/Time-a-function/Ioke/time-a-function.ioke,Ioke,Ioke,Ioke,the contributor (the language heading the solution is filed under on rosettacode.org),RosettaCodeData@1d47586,,,,in-linguist;invented-ext;tiny,Task/Time-a-function/Ioke/time-a-function.ioke,21
rosetta:76e34bd28164,gold,.iptscrae,f72d7031f8b4b88ca6ce357f25a5c81d74551f0f,fizzbuzz.iptscrae,swh:1:cnt:f72d7031f8b4b88ca6ce357f25a5c81d74551f0f;origin=https://github.com/acmeism/RosettaCodeData;path=/Task/FizzBuzz/Iptscrae/fizzbuzz.iptscrae,Iptscrae,Iptscrae,Iptscrae,the contributor (the language heading the solution is filed under on rosettacode.org),RosettaCodeData@1d47586,,,,not-in-linguist;invented-ext,Task/FizzBuzz/Iptscrae/fizzbuzz.iptscrae,1
rosetta:04c0fc3bedca,gold,.basic,536a95fa472b4e08d7fc491d508f3952ee387889,greatest-common-divisor.basic,swh:1:cnt:536a95fa472b4e08d7fc491d508f3952ee387889;origin=https://github.com/acmeism/RosettaCodeData;path=/Task/Greatest-common-divisor/IS-BASIC/greatest-common-divisor.basic,IS-BASIC,IS-BASIC,IS-BASIC,the contributor (the language heading the solution is filed under on rosettacode.org),RosettaCodeData@1d47586,,,,not-in-linguist;invented-ext,Task/Greatest-common-divisor/IS-BASIC/greatest-common-divisor.basic,220
rosetta:65dfb84b2b6a,gold,.basic,f598ab4bc2bbd40ac2dfed4c9abe0365b59dca26,sorting-algorithms-quicksort.basic,swh:1:cnt:f598ab4bc2bbd40ac2dfed4c9abe0365b59dca26;origin=https://github.com/acmeism/RosettaCodeData;path=/Task/Sorting-algorithms-Quicksort/IS-BASIC/sorting-algorithms-quicksort.basic,IS-BASIC,IS-BASIC,IS-BASIC,the contributor (the language heading the solution is filed under on rosettacode.org),RosettaCodeData@1d47586,,,,not-in-linguist;invented-ext,Task/Sorting-algorithms-Quicksort/IS-BASIC/sorting-algorithms-quicksort.basic,220
rosetta:bf92fe8ee5f7,gold,.isabelle,11960a1eef146814ea7f70ff124fdc5c32d8c07a,flatten-a-list.isabelle,swh:1:cnt:11960a1eef146814ea7f70ff124fdc5c32d8c07a;origin=https://github.com/acmeism/RosettaCodeData;path=/Task/Flatten-a-list/Isabelle/flatten-a-list.isabelle,Isabelle,Isabelle,Isabelle,the contributor (the language heading the solution is filed under on rosettacode.org),RosettaCodeData@1d47586,,,,in-linguist;invented-ext,Task/Flatten-a-list/Isabelle/flatten-a-list.isabelle,18
rosetta:f07d060dd15c,gold,.isabelle,f06dafab42bc86e870777e713633a2f6f2209b7b,repeat.isabelle,swh:1:cnt:f06dafab42bc86e870777e713633a2f6f2209b7b;origin=https://github.com/acmeism/RosettaCodeData;path=/Task/Repeat/Isabelle/repeat.isabelle,Isabelle,Isabelle,Isabelle,the contributor (the language heading the solution is filed under on rosettacode.org),RosettaCodeData@1d47586,,,,in-linguist;invented-ext,Task/Repeat/Isabelle/repeat.isabelle,18
rosetta:8c29f8b4e8ef,gold,.basic,202d84276098ffce6ccb39882f57d05df5ffeb79,function-definition.basic,swh:1:cnt:202d84276098ffce6ccb39882f57d05df5ffeb79;origin=https://github.com/acmeism/RosettaCodeData;path=/Task/Function-definition/IWBASIC/function-definition.basic,IWBASIC,IWBASIC,IWBASIC,the contributor (the language heading the solution is filed under on rosettacode.org),RosettaCodeData@1d47586,,,,not-in-linguist;invented-ext,Task/Function-definition/IWBASIC/function-definition.basic,14
rosetta:99a9f03bbcbf,gold,.basic,624384ff00cfdb942c4301e5f2d873a3918f9901,hello-world-text.basic,swh:1:cnt:624384ff00cfdb942c4301e5f2d873a3918f9901;origin=https://github.com/acmeism/RosettaCodeData;path=/Task/Hello-world-Text/IWBASIC/hello-world-text.basic,IWBASIC,IWBASIC,IWBASIC,the contributor (the language heading the solution is filed under on rosettacode.org),RosettaCodeData@1d47586,,,,not-in-linguist;invented-ext,Task/Hello-world-Text/IWBASIC/hello-world-text.basic,14
rosetta:4ce831860b84,gold,.j,21c5f0de5c693dbad7ff7529b7496340b62b3112,md5-implementation-2.j,swh:1:cnt:21c5f0de5c693dbad7ff7529b7496340b62b3112;origin=https://github.com/acmeism/RosettaCodeData;path=/Task/MD5-Implementation/J/md5-implementation-2.j,J,J,J,the contributor (the language heading the solution is filed under on rosettacode.org),RosettaCodeData@1d47586,,,,in-linguist;misleading-ext;ambiguous-ext,Task/MD5-Implementation/J/md5-implementation-2.j,3397
rosetta:f1b22c07ffba,gold,.j,006255001d3b6b4c62e7e0b7e75a1d3e5dfe991f,spelling-of-ordinal-numbers-2.j,swh:1:cnt:006255001d3b6b4c62e7e0b7e75a1d3e5dfe991f;origin=https://github.com/acmeism/RosettaCodeData;path=/Task/Spelling-of-ordinal-numbers/J/spelling-of-ordinal-numbers-2.j,J,J,J,the contributor (the language heading the solution is filed under on rosettacode.org),RosettaCodeData@1d47586,,,,in-linguist;misleading-ext;ambiguous-ext,Task/Spelling-of-ordinal-numbers/J/spelling-of-ordinal-numbers-2.j,3397
rosetta:d336ecc79746,gold,.jack,11f175ca34c924746bb4d19265569c98df60cd6f,hello-world-newline-omission.jack,swh:1:cnt:11f175ca34c924746bb4d19265569c98df60cd6f;origin=https://github.com/acmeism/RosettaCodeData;path=/Task/Hello-world-Newline-omission/Jack/hello-world-newline-omission.jack,Jack,Jack,Jack,the contributor (the language heading the solution is filed under on rosettacode.org),RosettaCodeData@1d47586,,,,not-in-linguist;invented-ext,Task/Hello-world-Newline-omission/Jack/hello-world-newline-omission.jack,2
rosetta:42d840b691e4,gold,.jack,d7331f9695e12e69c81bfdd9a9f025a46c67d3ed,hello-world-text.jack,swh:1:cnt:d7331f9695e12e69c81bfdd9a9f025a46c67d3ed;origin=https://github.com/acmeism/RosettaCodeData;path=/Task/Hello-world-Text/Jack/hello-world-text.jack,Jack,Jack,Jack,the contributor (the language heading the solution is filed under on rosettacode.org),RosettaCodeData@1d47586,,,,not-in-linguist;invented-ext,Task/Hello-world-Text/Jack/hello-world-text.jack,2
rosetta:b0e150446bcc,gold,.jacquard,45b599bc497050d73bb3a84549e52b7849ba13f7,hello-world-text.jacquard,swh:1:cnt:45b599bc497050d73bb3a84549e52b7849ba13f7;origin=https://github.com/acmeism/RosettaCodeData;path=/Task/Hello-world-Text/Jacquard-Loom/hello-world-text.jacquard,Jacquard Loom,Jacquard Loom,Jacquard Loom,the contributor (the language heading the solution is filed under on rosettacode.org),RosettaCodeData@1d47586,,,,not-in-linguist;invented-ext,Task/Hello-world-Text/Jacquard-Loom/hello-world-text.jacquard,1
rosetta:d82613fd6b7c,gold,.jactl,cc9f500f58e996ab442dd4db9689326c971039bc,loops-do-while.jactl,swh:1:cnt:cc9f500f58e996ab442dd4db9689326c971039bc;origin=https://github.com/acmeism/RosettaCodeData;path=/Task/Loops-Do-while/Jactl/loops-do-while.jactl,Jactl,Jactl,Jactl,the contributor (the language heading the solution is filed under on rosettacode.org),RosettaCodeData@1d47586,,,,not-in-linguist;invented-ext,Task/Loops-Do-while/Jactl/loops-do-while.jactl,45
rosetta:1668bd976ef0,gold,.jactl,e302397e8b69efcfc253e6ab85dea80769cca0e8,selectively-replace-multiple-instances-of-a-character-within-a-string-1.jactl,swh:1:cnt:e302397e8b69efcfc253e6ab85dea80769cca0e8;origin=https://github.com/acmeism/RosettaCodeData;path=/Task/Selectively-replace-multiple-instances-of-a-character-within-a-string/Jactl/selectively-replace-multiple-instances-of-a-character-within-a-string-1.jactl,Jactl,Jactl,Jactl,the contributor (the language heading the solution is filed under on rosettacode.org),RosettaCodeData@1d47586,,,,not-in-linguist;invented-ext,Task/Selectively-replace-multiple-instances-of-a-character-within-a-string/Jactl/selectively-replace-multiple-instances-of-a-character-within-a-string-1.jactl,45
rosetta:4f4684c4a443,gold,.jakt,e51a2b58ce07d54915ec3ff561356110315964ef,apply-a-callback-to-an-array.jakt,swh:1:cnt:e51a2b58ce07d54915ec3ff561356110315964ef;origin=https://github.com/acmeism/RosettaCodeData;path=/Task/Apply-a-callback-to-an-array/Jakt/apply-a-callback-to-an-array.jakt,Jakt,Jakt,Jakt,the contributor (the language heading the solution is filed under on rosettacode.org),RosettaCodeData@1d47586,,,,not-in-linguist;invented-ext,Task/Apply-a-callback-to-an-array/Jakt/apply-a-callback-to-an-array.jakt,41
rosetta:ffa92ddc4cb9,gold,.jakt,a7cfa66ee626886156942839da77e461700b8c3e,associative-array-creation.jakt,swh:1:cnt:a7cfa66ee626886156942839da77e461700b8c3e;origin=https://github.com/acmeism/RosettaCodeData;path=/Task/Associative-array-Creation/Jakt/associative-array-creation.jakt,Jakt,Jakt,Jakt,the contributor (the language heading the solution is filed under on rosettacode.org),RosettaCodeData@1d47586,,,,not-in-linguist;invented-ext;tiny,Task/Associative-array-Creation/Jakt/associative-array-creation.jakt,41
rosetta:2e52c251270f,gold,.james,babc5b3ac238fd667f6952319d65fd4046c0418f,conways-game-of-life.james,swh:1:cnt:babc5b3ac238fd667f6952319d65fd4046c0418f;origin=https://github.com/acmeism/RosettaCodeData;path=/Task/Conways-Game-of-Life/JAMES-II-Rule-based-Cellular-Automata/conways-game-of-life.james,JAMES II/Rule-based Cellular Automata,JAMES II/Rule-based Cellular Automata,JAMES II/Rule-based Cellular Automata,the contributor (the language heading the solution is filed under on rosettacode.org),RosettaCodeData@1d47586,,,,not-in-linguist;invented-ext,Task/Conways-Game-of-Life/JAMES-II-Rule-based-Cellular-Automata/conways-game-of-life.james,2
rosetta:b630a3f35c79,gold,.james,6dae1bb8508b6d8b166e0422be3c3221dd7383cf,forest-fire.james,swh:1:cnt:6dae1bb8508b6d8b166e0422be3c3221dd7383cf;origin=https://github.com/acmeism/RosettaCodeData;path=/Task/Forest-fire/JAMES-II-Rule-based-Cellular-Automata/forest-fire.james,JAMES II/Rule-based Cellular Automata,JAMES II/Rule-based Cellular Automata,JAMES II/Rule-based Cellular Automata,the contributor (the language heading the solution is filed under on rosettacode.org),RosettaCodeData@1d47586,,,,not-in-linguist;invented-ext,Task/Forest-fire/JAMES-II-Rule-based-Cellular-Automata/forest-fire.james,2
rosetta:4b3d009513aa,gold,.janet,e1db1aa2c32506dab724cde6b3ef6bce5e080363,partial-function-application.janet,swh:1:cnt:e1db1aa2c32506dab724cde6b3ef6bce5e080363;origin=https://github.com/acmeism/RosettaCodeData;path=/Task/Partial-function-application/Janet/partial-function-application.janet,Janet,Janet,Janet,the contributor (the language heading the solution is filed under on rosettacode.org),RosettaCodeData@1d47586,,,,in-linguist,Task/Partial-function-application/Janet/partial-function-application.janet,34
rosetta:6a273999595e,gold,.janet,907dba061a2fc3eb85242e6c78d0e5608c412da6,sorting-algorithms-bubble-sort.janet,swh:1:cnt:907dba061a2fc3eb85242e6c78d0e5608c412da6;origin=https://github.com/acmeism/RosettaCodeData;path=/Task/Sorting-algorithms-Bubble-sort/Janet/sorting-algorithms-bubble-sort.janet,Janet,Janet,Janet,the contributor (the language heading the solution is filed under on rosettacode.org),RosettaCodeData@1d47586,,,,in-linguist,Task/Sorting-algorithms-Bubble-sort/Janet/sorting-algorithms-bubble-sort.janet,34
rosetta:8accb24da201,gold,.java,b13fbac68439510d597796f1e4c3ed4b16436db8,aliquot-sequence-classifications.java,swh:1:cnt:b13fbac68439510d597796f1e4c3ed4b16436db8;origin=https://github.com/acmeism/RosettaCodeData;path=/Task/Aliquot-sequence-classifications/Java/aliquot-sequence-classifications.java,Java,Java,Java,the contributor (the language heading the solution is filed under on rosettacode.org),RosettaCodeData@1d47586,,,,in-linguist,Task/Aliquot-sequence-classifications/Java/aliquot-sequence-classifications.java,2305
rosetta:cc30a2ec5f9c,gold,.java,04f3edab44eafb1d60b898b38d3f7ab5d2569474,almkvist-giullera-formula-for-pi.java,swh:1:cnt:04f3edab44eafb1d60b898b38d3f7ab5d2569474;origin=https://github.com/acmeism/RosettaCodeData;path=/Task/Almkvist-Giullera-formula-for-pi/Java/almkvist-giullera-formula-for-pi.java,Java,Java,Java,the contributor (the language heading the solution is filed under on rosettacode.org),RosettaCodeData@1d47586,,,,in-linguist,Task/Almkvist-Giullera-formula-for-pi/Java/almkvist-giullera-formula-for-pi.java,2305
rosetta:4dc1465a4454,gold,.javafx,4a218f8fd0b1e877f22cabe892384c58966ae3e4,sierpinski-triangle.javafx,swh:1:cnt:4a218f8fd0b1e877f22cabe892384c58966ae3e4;origin=https://github.com/acmeism/RosettaCodeData;path=/Task/Sierpinski-triangle/JavaFX-Script/sierpinski-triangle.javafx,JavaFX Script,JavaFX Script,JavaFX Script,the contributor (the language heading the solution is filed under on rosettacode.org),RosettaCodeData@1d47586,,,,not-in-linguist;invented-ext,Task/Sierpinski-triangle/JavaFX-Script/sierpinski-triangle.javafx,3
rosetta:4cf67ae2b875,gold,.javafx,9a700d740aa334f1107d0504fd8c7657db602ccb,simple-windowed-application.javafx,swh:1:cnt:9a700d740aa334f1107d0504fd8c7657db602ccb;origin=https://github.com/acmeism/RosettaCodeData;path=/Task/Simple-windowed-application/JavaFX-Script/simple-windowed-application.javafx,JavaFX Script,JavaFX Script,JavaFX Script,the contributor (the language heading the solution is filed under on rosettacode.org),RosettaCodeData@1d47586,,,,not-in-linguist;invented-ext,Task/Simple-windowed-application/JavaFX-Script/simple-windowed-application.javafx,3
rosetta:9027b59fb4ee,gold,.js,a528a2e7a6f606b6e438f3760da3f51aa76b19bb,return-multiple-values.js,swh:1:cnt:a528a2e7a6f606b6e438f3760da3f51aa76b19bb;origin=https://github.com/acmeism/RosettaCodeData;path=/Task/Return-multiple-values/JavaScript/return-multiple-values.js,JavaScript,JavaScript,JavaScript;js;node,the contributor (the language heading the solution is filed under on rosettacode.org),RosettaCodeData@1d47586,,,,in-linguist,Task/Return-multiple-values/JavaScript/return-multiple-values.js,1985
rosetta:51d4eb9f1d0c,gold,.js,de6ed91d95d4addd2dd8b88e808fdee5608e49f5,sierpinski-carpet-4.js,swh:1:cnt:de6ed91d95d4addd2dd8b88e808fdee5608e49f5;origin=https://github.com/acmeism/RosettaCodeData;path=/Task/Sierpinski-carpet/JavaScript/sierpinski-carpet-4.js,JavaScript,JavaScript,JavaScript;js;node,the contributor (the language heading the solution is filed under on rosettacode.org),RosettaCodeData@1d47586,,,,in-linguist,Task/Sierpinski-carpet/JavaScript/sierpinski-carpet-4.js,1985
rosetta:229480d0319c,gold,.jcl,b3e037876840e083b21cab97c7a7b944e0e0d75a,create-a-file-on-magnetic-tape.jcl,swh:1:cnt:b3e037876840e083b21cab97c7a7b944e0e0d75a;origin=https://github.com/acmeism/RosettaCodeData;path=/Task/Create-a-file-on-magnetic-tape/JCL/create-a-file-on-magnetic-tape.jcl,JCL,JCL,JCL,the contributor (the language heading the solution is filed under on rosettacode.org),RosettaCodeData@1d47586,,,,in-linguist,Task/Create-a-file-on-magnetic-tape/JCL/create-a-file-on-magnetic-tape.jcl,11
rosetta:7e80cb15afe9,gold,.jcl,3f75e7f5cefe241319a24d6059745fd9c6625507,create-a-file.jcl,swh:1:cnt:3f75e7f5cefe241319a24d6059745fd9c6625507;origin=https://github.com/acmeism/RosettaCodeData;path=/Task/Create-a-file/JCL/create-a-file.jcl,JCL,JCL,JCL,the contributor (the language heading the solution is filed under on rosettacode.org),RosettaCodeData@1d47586,,,,in-linguist,Task/Create-a-file/JCL/create-a-file.jcl,11
rosetta:2365ae017775,gold,.jinja,c36cce12c0aaa0af172a0310dc9b2c7d88f042c0,conditional-structures-1.jinja,swh:1:cnt:c36cce12c0aaa0af172a0310dc9b2c7d88f042c0;origin=https://github.com/acmeism/RosettaCodeData;path=/Task/Conditional-structures/Jinja/conditional-structures-1.jinja,Jinja,Jinja,Jinja;django;html+django;html+jinja;htmldjango,the contributor (the language heading the solution is filed under on rosettacode.org),RosettaCodeData@1d47586,,,,in-linguist;tiny,Task/Conditional-structures/Jinja/conditional-structures-1.jinja,9
rosetta:024b42f1422e,gold,.jinja,ab77d597e9a2a509902a33978ff6ff823587bd10,loops-for-2.jinja,swh:1:cnt:ab77d597e9a2a509902a33978ff6ff823587bd10;origin=https://github.com/acmeism/RosettaCodeData;path=/Task/Loops-For/Jinja/loops-for-2.jinja,Jinja,Jinja,Jinja;django;html+django;html+jinja;htmldjango,the contributor (the language heading the solution is filed under on rosettacode.org),RosettaCodeData@1d47586,,,,in-linguist;tiny,Task/Loops-For/Jinja/loops-for-2.jinja,9
rosetta:246585337f8c,gold,.jocaml,6463eaa117da93a8fbc8bb5b3928da928f3df99f,dining-philosophers-1.jocaml,swh:1:cnt:6463eaa117da93a8fbc8bb5b3928da928f3df99f;origin=https://github.com/acmeism/RosettaCodeData;path=/Task/Dining-philosophers/JoCaml/dining-philosophers-1.jocaml,JoCaml,JoCaml,JoCaml,the contributor (the language heading the solution is filed under on rosettacode.org),RosettaCodeData@1d47586,,,,not-in-linguist;invented-ext,Task/Dining-philosophers/JoCaml/dining-philosophers-1.jocaml,3
rosetta:ada88cf147b7,gold,.jovial,8d0cf1e016147fd4b0c012b29d7ae6a60164d3cd,factorial.jovial,swh:1:cnt:8d0cf1e016147fd4b0c012b29d7ae6a60164d3cd;origin=https://github.com/acmeism/RosettaCodeData;path=/Task/Factorial/JOVIAL/factorial.jovial,JOVIAL,JOVIAL,JOVIAL,the contributor (the language heading the solution is filed under on rosettacode.org),RosettaCodeData@1d47586,,,,not-in-linguist;invented-ext,Task/Factorial/JOVIAL/factorial.jovial,2
rosetta:051e8ee535c0,gold,.jovial,351115d6251e67e19a0d09994248df4021c695d1,sieve-of-eratosthenes.jovial,swh:1:cnt:351115d6251e67e19a0d09994248df4021c695d1;origin=https://github.com/acmeism/RosettaCodeData;path=/Task/Sieve-of-Eratosthenes/JOVIAL/sieve-of-eratosthenes.jovial,JOVIAL,JOVIAL,JOVIAL,the contributor (the language heading the solution is filed under on rosettacode.org),RosettaCodeData@1d47586,,,,not-in-linguist;invented-ext,Task/Sieve-of-Eratosthenes/JOVIAL/sieve-of-eratosthenes.jovial,2
rosetta:90386f0abca4,gold,.joy,bb4b783f1ba2f5a01dd9e5b6abcdf138e314f074,case-sensitivity-of-identifiers.joy,swh:1:cnt:bb4b783f1ba2f5a01dd9e5b6abcdf138e314f074;origin=https://github.com/acmeism/RosettaCodeData;path=/Task/Case-sensitivity-of-identifiers/Joy/case-sensitivity-of-identifiers.joy,Joy,Joy,Joy,the contributor (the language heading the solution is filed under on rosettacode.org),RosettaCodeData@1d47586,,,,not-in-linguist;invented-ext,Task/Case-sensitivity-of-identifiers/Joy/case-sensitivity-of-identifiers.joy,105
rosetta:c2f6d98c2132,gold,.joy,bef4168a6153dc78a7c1945755e58d89bc73b28c,write-float-arrays-to-a-text-file.joy,swh:1:cnt:bef4168a6153dc78a7c1945755e58d89bc73b28c;origin=https://github.com/acmeism/RosettaCodeData;path=/Task/Write-float-arrays-to-a-text-file/Joy/write-float-arrays-to-a-text-file.joy,Joy,Joy,Joy,the contributor (the language heading the solution is filed under on rosettacode.org),RosettaCodeData@1d47586,,,,not-in-linguist;invented-ext,Task/Write-float-arrays-to-a-text-file/Joy/write-float-arrays-to-a-text-file.joy,105
rosetta:52ff972a6d2d,gold,.jq,45aa3d3ca61f1cafdb22cfcb624d1faf3e116e72,gamma-function-1.jq,swh:1:cnt:45aa3d3ca61f1cafdb22cfcb624d1faf3e116e72;origin=https://github.com/acmeism/RosettaCodeData;path=/Task/Gamma-function/Jq/gamma-function-1.jq,jq,Jq,jq;Jq,the contributor (the language heading the solution is filed under on rosettacode.org),RosettaCodeData@1d47586,,,,in-linguist;ambiguous-ext,Task/Gamma-function/Jq/gamma-function-1.jq,2288
rosetta:1c05d13cdf1c,gold,.jq,5d44ad05ac3b961335186c4ed17ec1c0ff56206a,named-parameters-1.jq,swh:1:cnt:5d44ad05ac3b961335186c4ed17ec1c0ff56206a;origin=https://github.com/acmeism/RosettaCodeData;path=/Task/Named-parameters/Jq/named-parameters-1.jq,jq,Jq,jq;Jq,the contributor (the language heading the solution is filed under on rosettacode.org),RosettaCodeData@1d47586,,,,in-linguist;ambiguous-ext,Task/Named-parameters/Jq/named-parameters-1.jq,2288
rosetta:81a4bd26fe5b,gold,.jsish,36702b65d13adcf91191bb937658c44f18ff73e0,command-line-arguments.jsish,swh:1:cnt:36702b65d13adcf91191bb937658c44f18ff73e0;origin=https://github.com/acmeism/RosettaCodeData;path=/Task/Command-line-arguments/Jsish/command-line-arguments.jsish,Jsish,Jsish,Jsish,the contributor (the language heading the solution is filed under on rosettacode.org),RosettaCodeData@1d47586,,,,not-in-linguist;invented-ext;tiny,Task/Command-line-arguments/Jsish/command-line-arguments.jsish,144
rosetta:e3a38c7633cc,gold,.jsish,24a571700ef6c208a742c0085804ffa1294374d4,the-twelve-days-of-christmas.jsish,swh:1:cnt:24a571700ef6c208a742c0085804ffa1294374d4;origin=https://github.com/acmeism/RosettaCodeData;path=/Task/The-Twelve-Days-of-Christmas/Jsish/the-twelve-days-of-christmas.jsish,Jsish,Jsish,Jsish,the contributor (the language heading the solution is filed under on rosettacode.org),RosettaCodeData@1d47586,,,,not-in-linguist;invented-ext,Task/The-Twelve-Days-of-Christmas/Jsish/the-twelve-days-of-christmas.jsish,144
rosetta:762382b46b04,gold,.jl,bd3eb4da911e9aec36e048bb5510e2e2cc8bbabd,color-difference-cie-e2000.jl,swh:1:cnt:bd3eb4da911e9aec36e048bb5510e2e2cc8bbabd;origin=https://github.com/acmeism/RosettaCodeData;path=/Task/Color-Difference-CIE-E2000/Julia/color-difference-cie-e2000.jl,Julia,Julia,Julia,the contributor (the language heading the solution is filed under on rosettacode.org),RosettaCodeData@1d47586,,,,in-linguist,Task/Color-Difference-CIE-E2000/Julia/color-difference-cie-e2000.jl,2064
rosetta:0e918d3e3ac7,gold,.jl,a6d697a5582a9959b3fa8074c14213d0f65100aa,minesweeper-game-2.jl,swh:1:cnt:a6d697a5582a9959b3fa8074c14213d0f65100aa;origin=https://github.com/acmeism/RosettaCodeData;path=/Task/Minesweeper-game/Julia/minesweeper-game-2.jl,Julia,Julia,Julia,the contributor (the language heading the solution is filed under on rosettacode.org),RosettaCodeData@1d47586,,,,in-linguist,Task/Minesweeper-game/Julia/minesweeper-game-2.jl,2064
rosetta:65fe953f331d,gold,.k,2d419e983af45db0f41f6cb0550c09fdebe27700,playing-cards-6.k,swh:1:cnt:2d419e983af45db0f41f6cb0550c09fdebe27700;origin=https://github.com/acmeism/RosettaCodeData;path=/Task/Playing-cards/K/playing-cards-6.k,K,K,K,the contributor (the language heading the solution is filed under on rosettacode.org),RosettaCodeData@1d47586,,,,not-in-linguist;misleading-ext;ambiguous-ext;tiny,Task/Playing-cards/K/playing-cards-6.k,308
rosetta:fd011f4efa46,gold,.k,304c4b8cd4b30d02e5cea765a25b904d39de319d,range-expansion-1.k,swh:1:cnt:304c4b8cd4b30d02e5cea765a25b904d39de319d;origin=https://github.com/acmeism/RosettaCodeData;path=/Task/Range-expansion/K/range-expansion-1.k,K,K,K,the contributor (the language heading the solution is filed under on rosettacode.org),RosettaCodeData@1d47586,,,,not-in-linguist;misleading-ext;ambiguous-ext,Task/Range-expansion/K/range-expansion-1.k,308
rosetta:47be5a2bb2eb,gold,.kabap,154a6af1e0b26f3d0cecdb41182ce64ff518d34e,conditional-structures.kabap,swh:1:cnt:154a6af1e0b26f3d0cecdb41182ce64ff518d34e;origin=https://github.com/acmeism/RosettaCodeData;path=/Task/Conditional-structures/Kabap/conditional-structures.kabap,Kabap,Kabap,Kabap,the contributor (the language heading the solution is filed under on rosettacode.org),RosettaCodeData@1d47586,,,,not-in-linguist;invented-ext,Task/Conditional-structures/Kabap/conditional-structures.kabap,4
rosetta:0e2fa712b1d3,gold,.kabap,e2c4fa2237347465ab850ada3105b35968a938ef,fibonacci-sequence.kabap,swh:1:cnt:e2c4fa2237347465ab850ada3105b35968a938ef;origin=https://github.com/acmeism/RosettaCodeData;path=/Task/Fibonacci-sequence/Kabap/fibonacci-sequence.kabap,Kabap,Kabap,Kabap,the contributor (the language heading the solution is filed under on rosettacode.org),RosettaCodeData@1d47586,,,,not-in-linguist;invented-ext,Task/Fibonacci-sequence/Kabap/fibonacci-sequence.kabap,4
rosetta:eca5bc9b1bb0,gold,.kamailio,5e9c272026244322cce578718f7af8918535c519,fizzbuzz.kamailio,swh:1:cnt:5e9c272026244322cce578718f7af8918535c519;origin=https://github.com/acmeism/RosettaCodeData;path=/Task/FizzBuzz/Kamailio-Script/fizzbuzz.kamailio,Kamailio Script,Kamailio Script,Kamailio Script,the contributor (the language heading the solution is filed under on rosettacode.org),RosettaCodeData@1d47586,,,,not-in-linguist;invented-ext,Task/FizzBuzz/Kamailio-Script/fizzbuzz.kamailio,1
rosetta:6ace19ad340c,gold,.kap,8d795e3c637178571ae77efba8bcdc1dbb97f810,word-frequency.kap,swh:1:cnt:8d795e3c637178571ae77efba8bcdc1dbb97f810;origin=https://github.com/acmeism/RosettaCodeData;path=/Task/Word-frequency/KAP/word-frequency.kap,KAP,KAP,KAP,the contributor (the language heading the solution is filed under on rosettacode.org),RosettaCodeData@1d47586,,,,not-in-linguist;invented-ext,Task/Word-frequency/KAP/word-frequency.kap,3
rosetta:96342fbc1461,gold,.kat,787631f9be6eec5afa4daec467bfd2b366ed25e5,averages-median.kat,swh:1:cnt:787631f9be6eec5afa4daec467bfd2b366ed25e5;origin=https://github.com/acmeism/RosettaCodeData;path=/Task/Averages-Median/KatLang/averages-median.kat,KatLang,KatLang,KatLang,the contributor (the language heading the solution is filed under on rosettacode.org),RosettaCodeData@1d47586,,,,not-in-linguist;invented-ext,Task/Averages-Median/KatLang/averages-median.kat,35
rosetta:658d1ce96e51,gold,.kat,cc933ec23f37d51839db60a9356a0055d7c4545f,least-common-multiple.kat,swh:1:cnt:cc933ec23f37d51839db60a9356a0055d7c4545f;origin=https://github.com/acmeism/RosettaCodeData;path=/Task/Least-common-multiple/KatLang/least-common-multiple.kat,KatLang,KatLang,KatLang,the contributor (the language heading the solution is filed under on rosettacode.org),RosettaCodeData@1d47586,,,,not-in-linguist;invented-ext,Task/Least-common-multiple/KatLang/least-common-multiple.kat,35
rosetta:e84b30260b38,gold,.kaya,88d956359935daea455e657319d2230c6c8ac228,fizzbuzz.kaya,swh:1:cnt:88d956359935daea455e657319d2230c6c8ac228;origin=https://github.com/acmeism/RosettaCodeData;path=/Task/FizzBuzz/Kaya/fizzbuzz.kaya,Kaya,Kaya,Kaya,the contributor (the language heading the solution is filed under on rosettacode.org),RosettaCodeData@1d47586,,,,not-in-linguist;invented-ext,Task/FizzBuzz/Kaya/fizzbuzz.kaya,3
rosetta:1276f1507ffa,gold,.kaya,b9509a7e40b83d64d69ce76b0ef4689c0f61ce6a,hello-world-text.kaya,swh:1:cnt:b9509a7e40b83d64d69ce76b0ef4689c0f61ce6a;origin=https://github.com/acmeism/RosettaCodeData;path=/Task/Hello-world-Text/Kaya/hello-world-text.kaya,Kaya,Kaya,Kaya,the contributor (the language heading the solution is filed under on rosettacode.org),RosettaCodeData@1d47586,,,,not-in-linguist;invented-ext,Task/Hello-world-Text/Kaya/hello-world-text.kaya,3
rosetta:c57d93a76cde,gold,.kite,a3a3e3d14d538cd6eb5ed0bd0dc361686f16a10d,a+b.kite,swh:1:cnt:a3a3e3d14d538cd6eb5ed0bd0dc361686f16a10d;origin=https://github.com/acmeism/RosettaCodeData;path=/Task/A+B/Kite/a+b.kite,Kite,Kite,Kite,the contributor (the language heading the solution is filed under on rosettacode.org),RosettaCodeData@1d47586,,,,not-in-linguist;invented-ext,Task/A+B/Kite/a+b.kite,4
rosetta:669d2f30f4e4,gold,.kite,57f3947c109d5f159c47a82c1325cc0c22879683,inheritance-single.kite,swh:1:cnt:57f3947c109d5f159c47a82c1325cc0c22879683;origin=https://github.com/acmeism/RosettaCodeData;path=/Task/Inheritance-Single/Kite/inheritance-single.kite,Kite,Kite,Kite,the contributor (the language heading the solution is filed under on rosettacode.org),RosettaCodeData@1d47586,,,,not-in-linguist;invented-ext,Task/Inheritance-Single/Kite/inheritance-single.kite,4
rosetta:763ccb98b066,gold,.kitten,dd2d10e0c6ece62ee3afd241ad87159840cc0db1,99-bottles-of-beer.kitten,swh:1:cnt:dd2d10e0c6ece62ee3afd241ad87159840cc0db1;origin=https://github.com/acmeism/RosettaCodeData;path=/Task/99-bottles-of-beer/Kitten/99-bottles-of-beer.kitten,Kitten,Kitten,Kitten,the contributor (the language heading the solution is filed under on rosettacode.org),RosettaCodeData@1d47586,,,,not-in-linguist;invented-ext,Task/99-bottles-of-beer/Kitten/99-bottles-of-beer.kitten,3
rosetta:59f9a63eb5ba,gold,.kitten,c42b1c75d3ad31bd816e73eb1e80d387dcd6f83d,y-combinator.kitten,swh:1:cnt:c42b1c75d3ad31bd816e73eb1e80d387dcd6f83d;origin=https://github.com/acmeism/RosettaCodeData;path=/Task/Y-combinator/Kitten/y-combinator.kitten,Kitten,Kitten,Kitten,the contributor (the language heading the solution is filed under on rosettacode.org),RosettaCodeData@1d47586,,,,not-in-linguist;invented-ext,Task/Y-combinator/Kitten/y-combinator.kitten,3
rosetta:7d0e51012a4d,gold,.kl1,51f1c8f7eeec582775fb1941f30c7e9ed836cbe9,fizzbuzz.kl1,swh:1:cnt:51f1c8f7eeec582775fb1941f30c7e9ed836cbe9;origin=https://github.com/acmeism/RosettaCodeData;path=/Task/FizzBuzz/KL1/fizzbuzz.kl1,KL1,KL1,KL1,the contributor (the language heading the solution is filed under on rosettacode.org),RosettaCodeData@1d47586,,,,not-in-linguist;invented-ext,Task/FizzBuzz/KL1/fizzbuzz.kl1,2
rosetta:88fd6e0b52eb,gold,.kl1,a8ee770c095f61b63afd74829fe846f5dad5268f,hello-world-text.kl1,swh:1:cnt:a8ee770c095f61b63afd74829fe846f5dad5268f;origin=https://github.com/acmeism/RosettaCodeData;path=/Task/Hello-world-Text/KL1/hello-world-text.kl1,KL1,KL1,KL1,the contributor (the language heading the solution is filed under on rosettacode.org),RosettaCodeData@1d47586,,,,not-in-linguist;invented-ext;tiny,Task/Hello-world-Text/KL1/hello-world-text.kl1,2
rosetta:7dfa50002aa2,gold,.klingphix,9c1533f0ac2e305aec81252b6c67fa948051ba1f,factorial.klingphix,swh:1:cnt:9c1533f0ac2e305aec81252b6c67fa948051ba1f;origin=https://github.com/acmeism/RosettaCodeData;path=/Task/Factorial/Klingphix/factorial.klingphix,Klingphix,Klingphix,Klingphix,the contributor (the language heading the solution is filed under on rosettacode.org),RosettaCodeData@1d47586,,,,not-in-linguist;invented-ext,Task/Factorial/Klingphix/factorial.klingphix,48
rosetta:06d614c0575c,gold,.klingphix,6e81408de270c4db11266d2f76541be53e259ec8,pick-random-element.klingphix,swh:1:cnt:6e81408de270c4db11266d2f76541be53e259ec8;origin=https://github.com/acmeism/RosettaCodeData;path=/Task/Pick-random-element/Klingphix/pick-random-element.klingphix,Klingphix,Klingphix,Klingphix,the contributor (the language heading the solution is filed under on rosettacode.org),RosettaCodeData@1d47586,,,,not-in-linguist;invented-ext,Task/Pick-random-element/Klingphix/pick-random-element.klingphix,48
rosetta:07e1aa2caadf,gold,.klong,ccff8324186962b51043dc80623cd005aa3feda6,99-bottles-of-beer.klong,swh:1:cnt:ccff8324186962b51043dc80623cd005aa3feda6;origin=https://github.com/acmeism/RosettaCodeData;path=/Task/99-bottles-of-beer/Klong/99-bottles-of-beer.klong,Klong,Klong,Klong,the contributor (the language heading the solution is filed under on rosettacode.org),RosettaCodeData@1d47586,,,,not-in-linguist;invented-ext,Task/99-bottles-of-beer/Klong/99-bottles-of-beer.klong,24
rosetta:870b53da26e6,gold,.klong,64b8685fde0e5d10f4da0f5fc85b159e960b208a,loops-for.klong,swh:1:cnt:64b8685fde0e5d10f4da0f5fc85b159e960b208a;origin=https://github.com/acmeism/RosettaCodeData;path=/Task/Loops-For/Klong/loops-for.klong,Klong,Klong,Klong,the contributor (the language heading the solution is filed under on rosettacode.org),RosettaCodeData@1d47586,,,,not-in-linguist;invented-ext,Task/Loops-For/Klong/loops-for.klong,24
rosetta:ea704755c49f,gold,.koka,19564fdf7988a71848786270ab998091e50eddc7,2048.koka,swh:1:cnt:19564fdf7988a71848786270ab998091e50eddc7;origin=https://github.com/acmeism/RosettaCodeData;path=/Task/2048/Koka/2048.koka,Koka,Koka,Koka,the contributor (the language heading the solution is filed under on rosettacode.org),RosettaCodeData@1d47586,,,,in-linguist;invented-ext,Task/2048/Koka/2048.koka,34
rosetta:b69497d1cc99,gold,.koka,1c31fb406911c3decf2b355fa2ec7cc5aa8c9fe2,tic-tac-toe.koka,swh:1:cnt:1c31fb406911c3decf2b355fa2ec7cc5aa8c9fe2;origin=https://github.com/acmeism/RosettaCodeData;path=/Task/Tic-tac-toe/Koka/tic-tac-toe.koka,Koka,Koka,Koka,the contributor (the language heading the solution is filed under on rosettacode.org),RosettaCodeData@1d47586,,,,in-linguist;invented-ext,Task/Tic-tac-toe/Koka/tic-tac-toe.koka,34
rosetta:fb4fbc1d26e3,gold,.komodo,63404d357c85575e103b6b2796ad8c63d1476b34,function-definition.komodo,swh:1:cnt:63404d357c85575e103b6b2796ad8c63d1476b34;origin=https://github.com/acmeism/RosettaCodeData;path=/Task/Function-definition/Komodo/function-definition.komodo,Komodo,Komodo,Komodo,the contributor (the language heading the solution is filed under on rosettacode.org),RosettaCodeData@1d47586,,,,not-in-linguist;invented-ext;tiny,Task/Function-definition/Komodo/function-definition.komodo,12
rosetta:9d1dfafceb62,gold,.komodo,8ecd71f50023b7bdb85421a90beb6ac1202bb699,greatest-element-of-a-list.komodo,swh:1:cnt:8ecd71f50023b7bdb85421a90beb6ac1202bb699;origin=https://github.com/acmeism/RosettaCodeData;path=/Task/Greatest-element-of-a-list/Komodo/greatest-element-of-a-list.komodo,Komodo,Komodo,Komodo,the contributor (the language heading the solution is filed under on rosettacode.org),RosettaCodeData@1d47586,,,,not-in-linguist;invented-ext,Task/Greatest-element-of-a-list/Komodo/greatest-element-of-a-list.komodo,12
rosetta:312df76f8dc6,gold,.konsol,fe4fea1e5de243b5730bdf07a708d6f4613af0f7,arrays.konsol,swh:1:cnt:fe4fea1e5de243b5730bdf07a708d6f4613af0f7;origin=https://github.com/acmeism/RosettaCodeData;path=/Task/Arrays/KonsolScript/arrays.konsol,KonsolScript,KonsolScript,KonsolScript,the contributor (the language heading the solution is filed under on rosettacode.org),RosettaCodeData@1d47586,,,,not-in-linguist;invented-ext,Task/Arrays/KonsolScript/arrays.konsol,12
rosetta:db993e542c98,gold,.konsol,c4ea24d186e1a9edf1fad1c34eaee438f92075da,compound-data-type-2.konsol,swh:1:cnt:c4ea24d186e1a9edf1fad1c34eaee438f92075da;origin=https://github.com/acmeism/RosettaCodeData;path=/Task/Compound-data-type/KonsolScript/compound-data-type-2.konsol,KonsolScript,KonsolScript,KonsolScript,the contributor (the language heading the solution is filed under on rosettacode.org),RosettaCodeData@1d47586,,,,not-in-linguist;invented-ext;tiny,Task/Compound-data-type/KonsolScript/compound-data-type-2.konsol,12
rosetta:58e6395981b4,gold,.kts,ca4f679b016da4e652074cff2d890675dba6989a,magic-8-ball.kts,swh:1:cnt:ca4f679b016da4e652074cff2d890675dba6989a;origin=https://github.com/acmeism/RosettaCodeData;path=/Task/Magic-8-ball/Kotlin/magic-8-ball.kts,Kotlin,Kotlin,Kotlin,the contributor (the language heading the solution is filed under on rosettacode.org),RosettaCodeData@1d47586,,,,in-linguist,Task/Magic-8-ball/Kotlin/magic-8-ball.kts,1255
rosetta:d58979f6a633,gold,.kts,014b5d2a846f40d0f3db12d68031ffe9783e59f1,strip-comments-from-a-string.kts,swh:1:cnt:014b5d2a846f40d0f3db12d68031ffe9783e59f1;origin=https://github.com/acmeism/RosettaCodeData;path=/Task/Strip-comments-from-a-string/Kotlin/strip-comments-from-a-string.kts,Kotlin,Kotlin,Kotlin,the contributor (the language heading the solution is filed under on rosettacode.org),RosettaCodeData@1d47586,,,,in-linguist,Task/Strip-comments-from-a-string/Kotlin/strip-comments-from-a-string.kts,1255
rosetta:e25f75b2e711,gold,.kql,c2a48e3096946b46fb93a5d609b90f9e86d64525,100-doors.kql,swh:1:cnt:c2a48e3096946b46fb93a5d609b90f9e86d64525;origin=https://github.com/acmeism/RosettaCodeData;path=/Task/100-doors/KQL/100-doors.kql,KQL,KQL,KQL,the contributor (the language heading the solution is filed under on rosettacode.org),RosettaCodeData@1d47586,,,,not-in-linguist;misleading-ext,Task/100-doors/KQL/100-doors.kql,5
rosetta:107351cc7be2,gold,.kql,2348ecaf53f9e4c95f0b9f13101d083b81fbebb0,a+b.kql,swh:1:cnt:2348ecaf53f9e4c95f0b9f13101d083b81fbebb0;origin=https://github.com/acmeism/RosettaCodeData;path=/Task/A+B/KQL/a+b.kql,KQL,KQL,KQL,the contributor (the language heading the solution is filed under on rosettacode.org),RosettaCodeData@1d47586,,,,not-in-linguist;misleading-ext,Task/A+B/KQL/a+b.kql,5
rosetta:f0c49f330c87,gold,.ksh,ac91069382c6096d0a7ec5f4665a717791868026,terminal-control-positional-read.ksh,swh:1:cnt:ac91069382c6096d0a7ec5f4665a717791868026;origin=https://github.com/acmeism/RosettaCodeData;path=/Task/Terminal-control-Positional-read/Ksh/terminal-control-positional-read.ksh,Shell,Ksh,Shell;sh;shell-script;bash;zsh;envrc;Ksh,the contributor (the language heading the solution is filed under on rosettacode.org),RosettaCodeData@1d47586,,,,in-linguist,Task/Terminal-control-Positional-read/Ksh/terminal-control-positional-read.ksh,82
rosetta:fda014071090,gold,.ksh,9c3eaffb758d85dfa82be75f145b71bedd64c3aa,xml-xpath.ksh,swh:1:cnt:9c3eaffb758d85dfa82be75f145b71bedd64c3aa;origin=https://github.com/acmeism/RosettaCodeData;path=/Task/XML-XPath/Ksh/xml-xpath.ksh,Shell,Ksh,Shell;sh;shell-script;bash;zsh;envrc;Ksh,the contributor (the language heading the solution is filed under on rosettacode.org),RosettaCodeData@1d47586,,,,in-linguist,Task/XML-XPath/Ksh/xml-xpath.ksh,82
rosetta:2fbdf02613bb,gold,.l++,1c4e2b61eafca766e3c4bae7ff67619b299eeb4c,a+b.l++,swh:1:cnt:1c4e2b61eafca766e3c4bae7ff67619b299eeb4c;origin=https://github.com/acmeism/RosettaCodeData;path=/Task/A+B/L++/a+b.l++,L++,L++,L++,the contributor (the language heading the solution is filed under on rosettacode.org),RosettaCodeData@1d47586,,,,not-in-linguist;invented-ext,Task/A+B/L++/a+b.l++,5
rosetta:179ec91a9d3d,gold,.l++,d98faef37ea23e1a22942292a953613d073e7c2a,reverse-a-string.l++,swh:1:cnt:d98faef37ea23e1a22942292a953613d073e7c2a;origin=https://github.com/acmeism/RosettaCodeData;path=/Task/Reverse-a-string/L++/reverse-a-string.l++,L++,L++,L++,the contributor (the language heading the solution is filed under on rosettacode.org),RosettaCodeData@1d47586,,,,not-in-linguist;invented-ext,Task/Reverse-a-string/L++/reverse-a-string.l++,5
rosetta:4c0bcdc81a44,gold,.pro,31ece99213019c1f518a868301f8643c35afc1a2,99-bottles-of-beer-1.pro,swh:1:cnt:31ece99213019c1f518a868301f8643c35afc1a2;origin=https://github.com/acmeism/RosettaCodeData;path=/Task/99-bottles-of-beer/Lambda-Prolog/99-bottles-of-beer-1.pro,Lambda Prolog,Lambda Prolog,Lambda Prolog,the contributor (the language heading the solution is filed under on rosettacode.org),RosettaCodeData@1d47586,,,,not-in-linguist;misleading-ext;ambiguous-ext;tiny,Task/99-bottles-of-beer/Lambda-Prolog/99-bottles-of-beer-1.pro,3
rosetta:d4445583cd97,gold,.lambdatalk,c137c01ed710b9cdc7adb0e371ec35d7616cbb88,even-or-odd.lambdatalk,swh:1:cnt:c137c01ed710b9cdc7adb0e371ec35d7616cbb88;origin=https://github.com/acmeism/RosettaCodeData;path=/Task/Even-or-odd/Lambdatalk/even-or-odd.lambdatalk,Lambdatalk,Lambdatalk,Lambdatalk,the contributor (the language heading the solution is filed under on rosettacode.org),RosettaCodeData@1d47586,,,,not-in-linguist;invented-ext,Task/Even-or-odd/Lambdatalk/even-or-odd.lambdatalk,304
rosetta:5d0fccf506f3,gold,.lambdatalk,450e8334e2f71668608e241632e5f6f17163215f,loops-infinite.lambdatalk,swh:1:cnt:450e8334e2f71668608e241632e5f6f17163215f;origin=https://github.com/acmeism/RosettaCodeData;path=/Task/Loops-Infinite/Lambdatalk/loops-infinite.lambdatalk,Lambdatalk,Lambdatalk,Lambdatalk,the contributor (the language heading the solution is filed under on rosettacode.org),RosettaCodeData@1d47586,,,,not-in-linguist;invented-ext,Task/Loops-Infinite/Lambdatalk/loops-infinite.lambdatalk,304
rosetta:8a0ebe670c13,gold,.lang,fdf619ee3522cdfde7d0116746251ae1683cd361,fibonacci-sequence-1.lang,swh:1:cnt:fdf619ee3522cdfde7d0116746251ae1683cd361;origin=https://github.com/acmeism/RosettaCodeData;path=/Task/Fibonacci-sequence/Lang/fibonacci-sequence-1.lang,Lang,Lang,Lang,the contributor (the language heading the solution is filed under on rosettacode.org),RosettaCodeData@1d47586,,,,not-in-linguist;invented-ext,Task/Fibonacci-sequence/Lang/fibonacci-sequence-1.lang,97
rosetta:5962776ef319,gold,.lang,1b4ae882a03524dc5c3072cd4afd803ea198f153,generic-swap.lang,swh:1:cnt:1b4ae882a03524dc5c3072cd4afd803ea198f153;origin=https://github.com/acmeism/RosettaCodeData;path=/Task/Generic-swap/Lang/generic-swap.lang,Lang,Lang,Lang,the contributor (the language heading the solution is filed under on rosettacode.org),RosettaCodeData@1d47586,,,,not-in-linguist;invented-ext,Task/Generic-swap/Lang/generic-swap.lang,97
rosetta:7337c75627a2,gold,.lang5,1f7103dea3355f3eabb4f2968a23d043773ce690,99-bottles-of-beer.lang5,swh:1:cnt:1f7103dea3355f3eabb4f2968a23d043773ce690;origin=https://github.com/acmeism/RosettaCodeData;path=/Task/99-bottles-of-beer/Lang5/99-bottles-of-beer.lang5,Lang5,Lang5,Lang5,the contributor (the language heading the solution is filed under on rosettacode.org),RosettaCodeData@1d47586,,,,not-in-linguist;invented-ext,Task/99-bottles-of-beer/Lang5/99-bottles-of-beer.lang5,53
rosetta:ba45082652b5,gold,.lang5,3d18bc72a07c4f33fdd73355546061ff30f22071,sum-and-product-of-an-array.lang5,swh:1:cnt:3d18bc72a07c4f33fdd73355546061ff30f22071;origin=https://github.com/acmeism/RosettaCodeData;path=/Task/Sum-and-product-of-an-array/Lang5/sum-and-product-of-an-array.lang5,Lang5,Lang5,Lang5,the contributor (the language heading the solution is filed under on rosettacode.org),RosettaCodeData@1d47586,,,,not-in-linguist;invented-ext;tiny,Task/Sum-and-product-of-an-array/Lang5/sum-and-product-of-an-array.lang5,53
rosetta:d90837e1658a,gold,.langur,0ae1824628ac429afc4ed6425ea0a074d4878703,associative-array-creation.langur,swh:1:cnt:0ae1824628ac429afc4ed6425ea0a074d4878703;origin=https://github.com/acmeism/RosettaCodeData;path=/Task/Associative-array-Creation/Langur/associative-array-creation.langur,Langur,Langur,Langur,the contributor (the language heading the solution is filed under on rosettacode.org),RosettaCodeData@1d47586,,,,not-in-linguist;invented-ext,Task/Associative-array-Creation/Langur/associative-array-creation.langur,148
rosetta:a6911e7d1bd9,gold,.langur,2857c038e62d9b60c5f90b8b2f1f8576ea9d404c,catalan-numbers.langur,swh:1:cnt:2857c038e62d9b60c5f90b8b2f1f8576ea9d404c;origin=https://github.com/acmeism/RosettaCodeData;path=/Task/Catalan-numbers/Langur/catalan-numbers.langur,Langur,Langur,Langur,the contributor (the language heading the solution is filed under on rosettacode.org),RosettaCodeData@1d47586,,,,not-in-linguist;invented-ext,Task/Catalan-numbers/Langur/catalan-numbers.langur,148
rosetta:c580e50063f1,gold,.lapyst,ab80f74d31de16d009f787f93f276d316ce4dfde,conditional-structures-1.lapyst,swh:1:cnt:ab80f74d31de16d009f787f93f276d316ce4dfde;origin=https://github.com/acmeism/RosettaCodeData;path=/Task/Conditional-structures/Lapyst/conditional-structures-1.lapyst,Lapyst,Lapyst,Lapyst,the contributor (the language heading the solution is filed under on rosettacode.org),RosettaCodeData@1d47586,,,,not-in-linguist;invented-ext,Task/Conditional-structures/Lapyst/conditional-structures-1.lapyst,3
rosetta:1060f9bb8915,gold,.lasso,6e67d6127a025f6655ad90f12c4e41a7b248f2e0,detect-division-by-zero.lasso,swh:1:cnt:6e67d6127a025f6655ad90f12c4e41a7b248f2e0;origin=https://github.com/acmeism/RosettaCodeData;path=/Task/Detect-division-by-zero/Lasso/detect-division-by-zero.lasso,Lasso,Lasso,Lasso;lassoscript,the contributor (the language heading the solution is filed under on rosettacode.org),RosettaCodeData@1d47586,,,,in-linguist,Task/Detect-division-by-zero/Lasso/detect-division-by-zero.lasso,309
rosetta:f004d00ac311,gold,.lasso,96deeb1b740df255aff20f9b128637aaf97e352f,sockets.lasso,swh:1:cnt:96deeb1b740df255aff20f9b128637aaf97e352f;origin=https://github.com/acmeism/RosettaCodeData;path=/Task/Sockets/Lasso/sockets.lasso,Lasso,Lasso,Lasso;lassoscript,the contributor (the language heading the solution is filed under on rosettacode.org),RosettaCodeData@1d47586,,,,in-linguist,Task/Sockets/Lasso/sockets.lasso,309
rosetta:ff559c27f1a6,gold,.tex,492979c6ed6d6e3b888bf3d75ef12532d2ae4a90,draw-a-sphere.tex,swh:1:cnt:492979c6ed6d6e3b888bf3d75ef12532d2ae4a90;origin=https://github.com/acmeism/RosettaCodeData;path=/Task/Draw-a-sphere/LaTeX/draw-a-sphere.tex,TeX,LaTeX,TeX;latex;LaTeX,the contributor (the language heading the solution is filed under on rosettacode.org),RosettaCodeData@1d47586,,,,in-linguist,Task/Draw-a-sphere/LaTeX/draw-a-sphere.tex,14
rosetta:7147806c632e,gold,.tex,c7445349dc468cd8717c1745f632706cde45473a,special-characters.tex,swh:1:cnt:c7445349dc468cd8717c1745f632706cde45473a;origin=https://github.com/acmeism/RosettaCodeData;path=/Task/Special-characters/LaTeX/special-characters.tex,TeX,LaTeX,TeX;latex;LaTeX,the contributor (the language heading the solution is filed under on rosettacode.org),RosettaCodeData@1d47586,,,,in-linguist;tiny,Task/Special-characters/LaTeX/special-characters.tex,14
rosetta:3119aba39e4c,gold,.latitude,3bcd4e6d379396b4d5a9bd2e3ad408a348614780,currying-1.latitude,swh:1:cnt:3bcd4e6d379396b4d5a9bd2e3ad408a348614780;origin=https://github.com/acmeism/RosettaCodeData;path=/Task/Currying/Latitude/currying-1.latitude,Latitude,Latitude,Latitude,the contributor (the language heading the solution is filed under on rosettacode.org),RosettaCodeData@1d47586,,,,not-in-linguist;invented-ext,Task/Currying/Latitude/currying-1.latitude,44
rosetta:3a72b20b4d7c,gold,.latitude,acd39e36eb2b5f23db3867b102c9f6a91ebb6a1e,delegates.latitude,swh:1:cnt:acd39e36eb2b5f23db3867b102c9f6a91ebb6a1e;origin=https://github.com/acmeism/RosettaCodeData;path=/Task/Delegates/Latitude/delegates.latitude,Latitude,Latitude,Latitude,the contributor (the language heading the solution is filed under on rosettacode.org),RosettaCodeData@1d47586,,,,not-in-linguist;invented-ext,Task/Delegates/Latitude/delegates.latitude,44
rosetta:51f51120a32f,gold,.lc3,33043b5d49d73339165638739dfc383565fa004b,conditional-structures-2.lc3,swh:1:cnt:33043b5d49d73339165638739dfc383565fa004b;origin=https://github.com/acmeism/RosettaCodeData;path=/Task/Conditional-structures/LC3-Assembly/conditional-structures-2.lc3,LC3 Assembly,LC3 Assembly,LC3 Assembly,the contributor (the language heading the solution is filed under on rosettacode.org),RosettaCodeData@1d47586,,,,not-in-linguist;invented-ext,Task/Conditional-structures/LC3-Assembly/conditional-structures-2.lc3,10
rosetta:8585438feeb6,gold,.lc3,69c3b79e4108c59187f7d0f580a7c5e53b19a899,reverse-a-string.lc3,swh:1:cnt:69c3b79e4108c59187f7d0f580a7c5e53b19a899;origin=https://github.com/acmeism/RosettaCodeData;path=/Task/Reverse-a-string/LC3-Assembly/reverse-a-string.lc3,LC3 Assembly,LC3 Assembly,LC3 Assembly,the contributor (the language heading the solution is filed under on rosettacode.org),RosettaCodeData@1d47586,,,,not-in-linguist;invented-ext,Task/Reverse-a-string/LC3-Assembly/reverse-a-string.lc3,10
rosetta:400677f91d9c,gold,.ldpl,bddb10a458e9a4303b323bfbdde3ac48d1bf69a4,loops-for-with-a-specified-step.ldpl,swh:1:cnt:bddb10a458e9a4303b323bfbdde3ac48d1bf69a4;origin=https://github.com/acmeism/RosettaCodeData;path=/Task/Loops-For-with-a-specified-step/LDPL/loops-for-with-a-specified-step.ldpl,LDPL,LDPL,LDPL,the contributor (the language heading the solution is filed under on rosettacode.org),RosettaCodeData@1d47586,,,,not-in-linguist;invented-ext,Task/Loops-For-with-a-specified-step/LDPL/loops-for-with-a-specified-step.ldpl,27
rosetta:3d4f6bcab873,gold,.ldpl,9794a21ca226a833cd4657c60d47f8b139a5b625,tokenize-a-string.ldpl,swh:1:cnt:9794a21ca226a833cd4657c60d47f8b139a5b625;origin=https://github.com/acmeism/RosettaCodeData;path=/Task/Tokenize-a-string/LDPL/tokenize-a-string.ldpl,LDPL,LDPL,LDPL,the contributor (the language heading the solution is filed under on rosettacode.org),RosettaCodeData@1d47586,,,,not-in-linguist;invented-ext,Task/Tokenize-a-string/LDPL/tokenize-a-string.ldpl,27
rosetta:108cbd26702d,gold,.lean,45a78e15c7fc847d75389eb2bb4c90c1047e73b8,hello-world-standard-error.lean,swh:1:cnt:45a78e15c7fc847d75389eb2bb4c90c1047e73b8;origin=https://github.com/acmeism/RosettaCodeData;path=/Task/Hello-world-Standard-error/Lean/hello-world-standard-error.lean,Lean,Lean,Lean;Lean 4;lean4,the contributor (the language heading the solution is filed under on rosettacode.org),RosettaCodeData@1d47586,,,,in-linguist;ambiguous-ext;tiny,Task/Hello-world-Standard-error/Lean/hello-world-standard-error.lean,11
rosetta:c3a7f3e19dd3,gold,.lean,845205300921d286eff3b65127f8a7a4a2fc0904,repeat-2.lean,swh:1:cnt:845205300921d286eff3b65127f8a7a4a2fc0904;origin=https://github.com/acmeism/RosettaCodeData;path=/Task/Repeat/Lean/repeat-2.lean,Lean,Lean,Lean;Lean 4;lean4,the contributor (the language heading the solution is filed under on rosettacode.org),RosettaCodeData@1d47586,,,,in-linguist;ambiguous-ext,Task/Repeat/Lean/repeat-2.lean,11
rosetta:d4f5733b2dba,gold,.lfe,8ba037c767f10ed3ec1c27962808c7a20cb48c94,check-that-file-exists.lfe,swh:1:cnt:8ba037c767f10ed3ec1c27962808c7a20cb48c94;origin=https://github.com/acmeism/RosettaCodeData;path=/Task/Check-that-file-exists/LFE/check-that-file-exists.lfe,LFE,LFE,LFE,the contributor (the language heading the solution is filed under on rosettacode.org),RosettaCodeData@1d47586,,,,in-linguist,Task/Check-that-file-exists/LFE/check-that-file-exists.lfe,162
rosetta:88dc74c0cf26,gold,.lfe,b72f8c526dd03f504f7b38849e8c84242883813b,string-length-2.lfe,swh:1:cnt:b72f8c526dd03f504f7b38849e8c84242883813b;origin=https://github.com/acmeism/RosettaCodeData;path=/Task/String-length/LFE/string-length-2.lfe,LFE,LFE,LFE,the contributor (the language heading the solution is filed under on rosettacode.org),RosettaCodeData@1d47586,,,,in-linguist,Task/String-length/LFE/string-length-2.lfe,162
rosetta:633b33d1a58f,gold,.lhogho,079554b73a69b990348d457d1d3dd234feb10f37,generic-swap.lhogho,swh:1:cnt:079554b73a69b990348d457d1d3dd234feb10f37;origin=https://github.com/acmeism/RosettaCodeData;path=/Task/Generic-swap/Lhogho/generic-swap.lhogho,Lhogho,Lhogho,Lhogho,the contributor (the language heading the solution is filed under on rosettacode.org),RosettaCodeData@1d47586,,,,not-in-linguist;invented-ext,Task/Generic-swap/Lhogho/generic-swap.lhogho,10
rosetta:9f419d74f38b,gold,.lhogho,fdb51012d9a18329db8a9588e6f9d100ea5fded8,order-two-numerical-lists-2.lhogho,swh:1:cnt:fdb51012d9a18329db8a9588e6f9d100ea5fded8;origin=https://github.com/acmeism/RosettaCodeData;path=/Task/Order-two-numerical-lists/Lhogho/order-two-numerical-lists-2.lhogho,Lhogho,Lhogho,Lhogho,the contributor (the language heading the solution is filed under on rosettacode.org),RosettaCodeData@1d47586,,,,not-in-linguist;invented-ext,Task/Order-two-numerical-lists/Lhogho/order-two-numerical-lists-2.lhogho,10
rosetta:adf12502266a,gold,.basic,21351f6f7b8e5da3fddd165999087121e7fb17f9,range-expansion.basic,swh:1:cnt:21351f6f7b8e5da3fddd165999087121e7fb17f9;origin=https://github.com/acmeism/RosettaCodeData;path=/Task/Range-expansion/Liberty-BASIC/range-expansion.basic,Liberty BASIC,Liberty BASIC,Liberty BASIC,the contributor (the language heading the solution is filed under on rosettacode.org),RosettaCodeData@1d47586,,,,not-in-linguist;invented-ext,Task/Range-expansion/Liberty-BASIC/range-expansion.basic,389
rosetta:bb995419b41f,gold,.basic,9febf954e2202009d026f1c80ebbaaf478c399c3,strip-whitespace-from-a-string-top-and-tail.basic,swh:1:cnt:9febf954e2202009d026f1c80ebbaaf478c399c3;origin=https://github.com/acmeism/RosettaCodeData;path=/Task/Strip-whitespace-from-a-string-Top-and-tail/Liberty-BASIC/strip-whitespace-from-a-string-top-and-tail.basic,Liberty BASIC,Liberty BASIC,Liberty BASIC,the contributor (the language heading the solution is filed under on rosettacode.org),RosettaCodeData@1d47586,,,,not-in-linguist;invented-ext,Task/Strip-whitespace-from-a-string-Top-and-tail/Liberty-BASIC/strip-whitespace-from-a-string-top-and-tail.basic,389
rosetta:2c518d4a83e6,gold,.basic,a0448958cb61103759c12d95252b79f56f7f8505,mutual-recursion.basic,swh:1:cnt:a0448958cb61103759c12d95252b79f56f7f8505;origin=https://github.com/acmeism/RosettaCodeData;path=/Task/Mutual-recursion/LibreOffice-Basic/mutual-recursion.basic,LibreOffice Basic,LibreOffice Basic,LibreOffice Basic,the contributor (the language heading the solution is filed under on rosettacode.org),RosettaCodeData@1d47586,,,,not-in-linguist;invented-ext,Task/Mutual-recursion/LibreOffice-Basic/mutual-recursion.basic,1
rosetta:3ac69b475578,gold,.lil,e9cb5c99c17400cb6bbdb05d102035936208f0de,array-concatenation.lil,swh:1:cnt:e9cb5c99c17400cb6bbdb05d102035936208f0de;origin=https://github.com/acmeism/RosettaCodeData;path=/Task/Array-concatenation/LIL/array-concatenation.lil,LIL,LIL,LIL,the contributor (the language heading the solution is filed under on rosettacode.org),RosettaCodeData@1d47586,,,,not-in-linguist;invented-ext,Task/Array-concatenation/LIL/array-concatenation.lil,27
rosetta:35c491614de4,gold,.lil,98d8ddf77ae11b61b14d5498f15491c0c53f05d1,mandelbrot-set.lil,swh:1:cnt:98d8ddf77ae11b61b14d5498f15491c0c53f05d1;origin=https://github.com/acmeism/RosettaCodeData;path=/Task/Mandelbrot-set/LIL/mandelbrot-set.lil,LIL,LIL,LIL,the contributor (the language heading the solution is filed under on rosettacode.org),RosettaCodeData@1d47586,,,,not-in-linguist;invented-ext,Task/Mandelbrot-set/LIL/mandelbrot-set.lil,27
rosetta:709070c001ce,gold,.lily,4dc8fecdaced173384e461ddfbb38fdfccec3e24,comments-2.lily,swh:1:cnt:4dc8fecdaced173384e461ddfbb38fdfccec3e24;origin=https://github.com/acmeism/RosettaCodeData;path=/Task/Comments/Lily/comments-2.lily,Lily,Lily,Lily,the contributor (the language heading the solution is filed under on rosettacode.org),RosettaCodeData@1d47586,,,,not-in-linguist;invented-ext,Task/Comments/Lily/comments-2.lily,11
rosetta:e7b622d91803,gold,.lily,483a0360a255f3df34b88c8c118052f53669a340,higher-order-functions.lily,swh:1:cnt:483a0360a255f3df34b88c8c118052f53669a340;origin=https://github.com/acmeism/RosettaCodeData;path=/Task/Higher-order-functions/Lily/higher-order-functions.lily,Lily,Lily,Lily,the contributor (the language heading the solution is filed under on rosettacode.org),RosettaCodeData@1d47586,,,,not-in-linguist;invented-ext,Task/Higher-order-functions/Lily/higher-order-functions.lily,11
rosetta:174d3fe2803b,gold,.lily,88f6c11f888302036d259e2c9edc660ec41ba72c,empty-program-2.lily,swh:1:cnt:88f6c11f888302036d259e2c9edc660ec41ba72c;origin=https://github.com/acmeism/RosettaCodeData;path=/Task/Empty-program/Lilypond/empty-program-2.lily,LilyPond,Lilypond,LilyPond;Lilypond,the contributor (the language heading the solution is filed under on rosettacode.org),RosettaCodeData@1d47586,,,,in-linguist;invented-ext,Task/Empty-program/Lilypond/empty-program-2.lily,5
rosetta:2622f07c1c54,gold,.lily,84401eff6a8a786b2381b899711d0f0b1006b641,musical-scale.lily,swh:1:cnt:84401eff6a8a786b2381b899711d0f0b1006b641;origin=https://github.com/acmeism/RosettaCodeData;path=/Task/Musical-scale/Lilypond/musical-scale.lily,LilyPond,Lilypond,LilyPond;Lilypond,the contributor (the language heading the solution is filed under on rosettacode.org),RosettaCodeData@1d47586,,,,in-linguist;invented-ext,Task/Musical-scale/Lilypond/musical-scale.lily,5
rosetta:1b57d28b6d41,gold,.limbo,cda7ab5019f754ef6b7d1d3d0be7265b8c2a0d22,executable-library-1.limbo,swh:1:cnt:cda7ab5019f754ef6b7d1d3d0be7265b8c2a0d22;origin=https://github.com/acmeism/RosettaCodeData;path=/Task/Executable-library/Limbo/executable-library-1.limbo,Limbo,Limbo,Limbo,the contributor (the language heading the solution is filed under on rosettacode.org),RosettaCodeData@1d47586,,,,in-linguist;invented-ext,Task/Executable-library/Limbo/executable-library-1.limbo,26
rosetta:3eb0ae12dd35,gold,.limbo,84b5122b01864ef80c8f11fe85dd05ac7a6eae88,hailstone-sequence.limbo,swh:1:cnt:84b5122b01864ef80c8f11fe85dd05ac7a6eae88;origin=https://github.com/acmeism/RosettaCodeData;path=/Task/Hailstone-sequence/Limbo/hailstone-sequence.limbo,Limbo,Limbo,Limbo,the contributor (the language heading the solution is filed under on rosettacode.org),RosettaCodeData@1d47586,,,,in-linguist;invented-ext,Task/Hailstone-sequence/Limbo/hailstone-sequence.limbo,26
rosetta:377ace31589a,gold,.lingo,30fbf09bf07122ae76f86139a428e33b5a5a897a,color-of-a-screen-pixel.lingo,swh:1:cnt:30fbf09bf07122ae76f86139a428e33b5a5a897a;origin=https://github.com/acmeism/RosettaCodeData;path=/Task/Color-of-a-screen-pixel/Lingo/color-of-a-screen-pixel.lingo,Lingo,Lingo,Lingo,the contributor (the language heading the solution is filed under on rosettacode.org),RosettaCodeData@1d47586,,,,not-in-linguist;invented-ext,Task/Color-of-a-screen-pixel/Lingo/color-of-a-screen-pixel.lingo,329
rosetta:2dd7ead4fea5,gold,.lingo,5b353a4fb5ab8953041812bfb5e0869d25f563bc,inheritance-multiple-3.lingo,swh:1:cnt:5b353a4fb5ab8953041812bfb5e0869d25f563bc;origin=https://github.com/acmeism/RosettaCodeData;path=/Task/Inheritance-Multiple/Lingo/inheritance-multiple-3.lingo,Lingo,Lingo,Lingo,the contributor (the language heading the solution is filed under on rosettacode.org),RosettaCodeData@1d47586,,,,not-in-linguist;invented-ext,Task/Inheritance-Multiple/Lingo/inheritance-multiple-3.lingo,329
rosetta:9b49b735bcd7,gold,.lisaac,9ba8003c375e2bcb996ba9f5aeb0d0495e75d5ab,file-input-output.lisaac,swh:1:cnt:9ba8003c375e2bcb996ba9f5aeb0d0495e75d5ab;origin=https://github.com/acmeism/RosettaCodeData;path=/Task/File-input-output/Lisaac/file-input-output.lisaac,Lisaac,Lisaac,Lisaac,the contributor (the language heading the solution is filed under on rosettacode.org),RosettaCodeData@1d47586,,,,not-in-linguist;invented-ext,Task/File-input-output/Lisaac/file-input-output.lisaac,42
rosetta:225a514ad730,gold,.lisaac,b668a49b94f653d9e53917ec0e5f5f2761838122,loop-over-multiple-arrays-simultaneously.lisaac,swh:1:cnt:b668a49b94f653d9e53917ec0e5f5f2761838122;origin=https://github.com/acmeism/RosettaCodeData;path=/Task/Loop-over-multiple-arrays-simultaneously/Lisaac/loop-over-multiple-arrays-simultaneously.lisaac,Lisaac,Lisaac,Lisaac,the contributor (the language heading the solution is filed under on rosettacode.org),RosettaCodeData@1d47586,,,,not-in-linguist;invented-ext,Task/Loop-over-multiple-arrays-simultaneously/Lisaac/loop-over-multiple-arrays-simultaneously.lisaac,42
rosetta:e5e2b6c704ff,gold,.little,2ae5fd4801262e4bfafe4893f69399ecbcf0c78f,call-a-function.little,swh:1:cnt:2ae5fd4801262e4bfafe4893f69399ecbcf0c78f;origin=https://github.com/acmeism/RosettaCodeData;path=/Task/Call-a-function/Little/call-a-function.little,Little,Little,Little,the contributor (the language heading the solution is filed under on rosettacode.org),RosettaCodeData@1d47586,,,,not-in-linguist;invented-ext,Task/Call-a-function/Little/call-a-function.little,16
rosetta:4424b2a700e3,gold,.little,3b4ee0a499b3217d295c26333a447539f0ab1213,create-a-file.little,swh:1:cnt:3b4ee0a499b3217d295c26333a447539f0ab1213;origin=https://github.com/acmeism/RosettaCodeData;path=/Task/Create-a-file/Little/create-a-file.little,Little,Little,Little,the contributor (the language heading the solution is filed under on rosettacode.org),RosettaCodeData@1d47586,,,,not-in-linguist;invented-ext,Task/Create-a-file/Little/create-a-file.little,16
rosetta:27091306fe00,gold,.lmc,3a348521c053620fb9117a0a2c0dc976d31d4c38,bell-numbers.lmc,swh:1:cnt:3a348521c053620fb9117a0a2c0dc976d31d4c38;origin=https://github.com/acmeism/RosettaCodeData;path=/Task/Bell-numbers/Little-Man-Computer/bell-numbers.lmc,Little Man Computer,Little Man Computer,Little Man Computer,the contributor (the language heading the solution is filed under on rosettacode.org),RosettaCodeData@1d47586,,,,not-in-linguist;invented-ext,Task/Bell-numbers/Little-Man-Computer/bell-numbers.lmc,13
rosetta:99e9f3a40624,gold,.lmc,ff8b1c240c0c5e6d44a7b6e7cf89e5ea87bbda6c,factorial.lmc,swh:1:cnt:ff8b1c240c0c5e6d44a7b6e7cf89e5ea87bbda6c;origin=https://github.com/acmeism/RosettaCodeData;path=/Task/Factorial/Little-Man-Computer/factorial.lmc,Little Man Computer,Little Man Computer,Little Man Computer,the contributor (the language heading the solution is filed under on rosettacode.org),RosettaCodeData@1d47586,,,,not-in-linguist;invented-ext,Task/Factorial/Little-Man-Computer/factorial.lmc,13
rosetta:a02726896211,gold,.livecode,06328f4ff3464940e57247d62a22f8f3256590d5,decimal-floating-point-number-to-binary.livecode,swh:1:cnt:06328f4ff3464940e57247d62a22f8f3256590d5;origin=https://github.com/acmeism/RosettaCodeData;path=/Task/Decimal-floating-point-number-to-binary/LiveCode/decimal-floating-point-number-to-binary.livecode,LiveCode Script,LiveCode,LiveCode Script;LiveCode,the contributor (the language heading the solution is filed under on rosettacode.org),RosettaCodeData@1d47586,,,,in-linguist;invented-ext,Task/Decimal-floating-point-number-to-binary/LiveCode/decimal-floating-point-number-to-binary.livecode,180
rosetta:a085c837924f,gold,.livecode,eff24ade55ceb11de83cfe71644fa367048a7432,greatest-element-of-a-list-2.livecode,swh:1:cnt:eff24ade55ceb11de83cfe71644fa367048a7432;origin=https://github.com/acmeism/RosettaCodeData;path=/Task/Greatest-element-of-a-list/LiveCode/greatest-element-of-a-list-2.livecode,LiveCode Script,LiveCode,LiveCode Script;LiveCode,the contributor (the language heading the solution is filed under on rosettacode.org),RosettaCodeData@1d47586,,,,in-linguist;invented-ext,Task/Greatest-element-of-a-list/LiveCode/greatest-element-of-a-list-2.livecode,180
rosetta:c1c47a5c804f,gold,.live,789edcd1eec344e42e58fde6cdfb3541ac4ea057,reverse-words-in-a-string.live,swh:1:cnt:789edcd1eec344e42e58fde6cdfb3541ac4ea057;origin=https://github.com/acmeism/RosettaCodeData;path=/Task/Reverse-words-in-a-string/LiveScript/reverse-words-in-a-string.live,LiveScript,LiveScript,LiveScript;live-script;ls,the contributor (the language heading the solution is filed under on rosettacode.org),RosettaCodeData@1d47586,,,,in-linguist;invented-ext,Task/Reverse-words-in-a-string/LiveScript/reverse-words-in-a-string.live,3
rosetta:7bc2edc3236f,gold,.live,7e8485c49416578fda271a52a4d86178a0ff7d3b,roman-numerals-decode.live,swh:1:cnt:7e8485c49416578fda271a52a4d86178a0ff7d3b;origin=https://github.com/acmeism/RosettaCodeData;path=/Task/Roman-numerals-Decode/LiveScript/roman-numerals-decode.live,LiveScript,LiveScript,LiveScript;live-script;ls,the contributor (the language heading the solution is filed under on rosettacode.org),RosettaCodeData@1d47586,,,,in-linguist;invented-ext,Task/Roman-numerals-Decode/LiveScript/roman-numerals-decode.live,3
rosetta:f582a66dc1fb,gold,.llvm,5476593af921457b0edac32d874bfa4adde1a512,attractive-numbers.llvm,swh:1:cnt:5476593af921457b0edac32d874bfa4adde1a512;origin=https://github.com/acmeism/RosettaCodeData;path=/Task/Attractive-numbers/LLVM/attractive-numbers.llvm,LLVM,LLVM,LLVM,the contributor (the language heading the solution is filed under on rosettacode.org),RosettaCodeData@1d47586,,,,in-linguist;invented-ext,Task/Attractive-numbers/LLVM/attractive-numbers.llvm,25
rosetta:1187f5fb5d54,gold,.llvm,b6e86ec9375d160f3c44347583584a424735efde,integer-sequence.llvm,swh:1:cnt:b6e86ec9375d160f3c44347583584a424735efde;origin=https://github.com/acmeism/RosettaCodeData;path=/Task/Integer-sequence/LLVM/integer-sequence.llvm,LLVM,LLVM,LLVM,the contributor (the language heading the solution is filed under on rosettacode.org),RosettaCodeData@1d47586,,,,in-linguist;invented-ext,Task/Integer-sequence/LLVM/integer-sequence.llvm,25
rosetta:910bb29f3b59,gold,.lobster,8ce0a694e353c4a3920c23e2e7650c0f1be7798f,cholesky-decomposition.lobster,swh:1:cnt:8ce0a694e353c4a3920c23e2e7650c0f1be7798f;origin=https://github.com/acmeism/RosettaCodeData;path=/Task/Cholesky-decomposition/Lobster/cholesky-decomposition.lobster,Lobster,Lobster,Lobster,the contributor (the language heading the solution is filed under on rosettacode.org),RosettaCodeData@1d47586,,,,in-linguist,Task/Cholesky-decomposition/Lobster/cholesky-decomposition.lobster,25
rosetta:1e90befae552,gold,.lobster,d4e4db972f309ddbf868b0693b7f2167f7324b46,permutations.lobster,swh:1:cnt:d4e4db972f309ddbf868b0693b7f2167f7324b46;origin=https://github.com/acmeism/RosettaCodeData;path=/Task/Permutations/Lobster/permutations.lobster,Lobster,Lobster,Lobster,the contributor (the language heading the solution is filed under on rosettacode.org),RosettaCodeData@1d47586,,,,in-linguist,Task/Permutations/Lobster/permutations.lobster,25
rosetta:5a4a4f9a6ae6,gold,.basic,9fe709531daedfae2e914da0e62d7ea226a0462e,introspection-2.basic,swh:1:cnt:9fe709531daedfae2e914da0e62d7ea226a0462e;origin=https://github.com/acmeism/RosettaCodeData;path=/Task/Introspection/Locomotive-Basic/introspection-2.basic,Locomotive Basic,Locomotive Basic,Locomotive Basic,the contributor (the language heading the solution is filed under on rosettacode.org),RosettaCodeData@1d47586,,,,not-in-linguist;invented-ext,Task/Introspection/Locomotive-Basic/introspection-2.basic,96
rosetta:4ae34984bf33,gold,.basic,51150853c5224de9a3f322865bd03d2b4f79be0e,koch-curve.basic,swh:1:cnt:51150853c5224de9a3f322865bd03d2b4f79be0e;origin=https://github.com/acmeism/RosettaCodeData;path=/Task/Koch-curve/Locomotive-Basic/koch-curve.basic,Locomotive Basic,Locomotive Basic,Locomotive Basic,the contributor (the language heading the solution is filed under on rosettacode.org),RosettaCodeData@1d47586,,,,not-in-linguist;invented-ext,Task/Koch-curve/Locomotive-Basic/koch-curve.basic,96
rosetta:20762955b6ce,gold,.loglan82,076c7fc72c2a80a0bf72049d445f9e3a339687f4,diversity-prediction-theorem.loglan82,swh:1:cnt:076c7fc72c2a80a0bf72049d445f9e3a339687f4;origin=https://github.com/acmeism/RosettaCodeData;path=/Task/Diversity-prediction-theorem/Loglan82/diversity-prediction-theorem.loglan82,Loglan82,Loglan82,Loglan82,the contributor (the language heading the solution is filed under on rosettacode.org),RosettaCodeData@1d47586,,,,not-in-linguist;invented-ext,Task/Diversity-prediction-theorem/Loglan82/diversity-prediction-theorem.loglan82,33
rosetta:ac90d97bb37d,gold,.loglan82,1626594a6a90d33868ca674bf6442996d152060c,josephus-problem.loglan82,swh:1:cnt:1626594a6a90d33868ca674bf6442996d152060c;origin=https://github.com/acmeism/RosettaCodeData;path=/Task/Josephus-problem/Loglan82/josephus-problem.loglan82,Loglan82,Loglan82,Loglan82,the contributor (the language heading the solution is filed under on rosettacode.org),RosettaCodeData@1d47586,,,,not-in-linguist;invented-ext,Task/Josephus-problem/Loglan82/josephus-problem.loglan82,33
rosetta:a02be17ffe1c,gold,.logo,d0e32dc354ab503046e90cea45a847b89e0b2d49,evaluate-binomial-coefficients.logo,swh:1:cnt:d0e32dc354ab503046e90cea45a847b89e0b2d49;origin=https://github.com/acmeism/RosettaCodeData;path=/Task/Evaluate-binomial-coefficients/Logo/evaluate-binomial-coefficients.logo,Logo,Logo,Logo,the contributor (the language heading the solution is filed under on rosettacode.org),RosettaCodeData@1d47586,,,,not-in-linguist;invented-ext,Task/Evaluate-binomial-coefficients/Logo/evaluate-binomial-coefficients.logo,250
rosetta:0e2d27d5aad9,gold,.logo,057dab9403419e21325ae7a809cfd937f9ae7573,palindrome-detection.logo,swh:1:cnt:057dab9403419e21325ae7a809cfd937f9ae7573;origin=https://github.com/acmeism/RosettaCodeData;path=/Task/Palindrome-detection/Logo/palindrome-detection.logo,Logo,Logo,Logo,the contributor (the language heading the solution is filed under on rosettacode.org),RosettaCodeData@1d47586,,,,not-in-linguist;invented-ext;tiny,Task/Palindrome-detection/Logo/palindrome-detection.logo,250
rosetta:3bef7ba639c5,gold,.logtalk,95090c38021497ed6f1e434d4d3816d0ad76d6b8,iban-1.logtalk,swh:1:cnt:95090c38021497ed6f1e434d4d3816d0ad76d6b8;origin=https://github.com/acmeism/RosettaCodeData;path=/Task/IBAN/Logtalk/iban-1.logtalk,Logtalk,Logtalk,Logtalk,the contributor (the language heading the solution is filed under on rosettacode.org),RosettaCodeData@1d47586,,,,in-linguist,Task/IBAN/Logtalk/iban-1.logtalk,126
rosetta:49aa54366ea5,gold,.logtalk,e40eeff9485ddb31d9a07794002bc78e0657825f,metered-concurrency-1.logtalk,swh:1:cnt:e40eeff9485ddb31d9a07794002bc78e0657825f;origin=https://github.com/acmeism/RosettaCodeData;path=/Task/Metered-concurrency/Logtalk/metered-concurrency-1.logtalk,Logtalk,Logtalk,Logtalk,the contributor (the language heading the solution is filed under on rosettacode.org),RosettaCodeData@1d47586,,,,in-linguist,Task/Metered-concurrency/Logtalk/metered-concurrency-1.logtalk,126
rosetta:e9cfc6cb979c,gold,.lol,06934dda2050e3669217b764ddef15f1f9ebedbf,repeat.lol,swh:1:cnt:06934dda2050e3669217b764ddef15f1f9ebedbf;origin=https://github.com/acmeism/RosettaCodeData;path=/Task/Repeat/LOLCODE/repeat.lol,LOLCODE,LOLCODE,LOLCODE,the contributor (the language heading the solution is filed under on rosettacode.org),RosettaCodeData@1d47586,,,,in-linguist,Task/Repeat/LOLCODE/repeat.lol,102
rosetta:aae1aeb71002,gold,.lol,9b5939add972bed1a21753ae835e2ea74535aa62,square-but-not-cube.lol,swh:1:cnt:9b5939add972bed1a21753ae835e2ea74535aa62;origin=https://github.com/acmeism/RosettaCodeData;path=/Task/Square-but-not-cube/LOLCODE/square-but-not-cube.lol,LOLCODE,LOLCODE,LOLCODE,the contributor (the language heading the solution is filed under on rosettacode.org),RosettaCodeData@1d47586,,,,in-linguist,Task/Square-but-not-cube/LOLCODE/square-but-not-cube.lol,102
rosetta:d6dbceb61b3d,gold,.lotus,91a2ac3b8b60d95a348cd9e94e6e6a42fda60bf5,show-the-epoch.lotus,swh:1:cnt:91a2ac3b8b60d95a348cd9e94e6e6a42fda60bf5;origin=https://github.com/acmeism/RosettaCodeData;path=/Task/Show-the-epoch/LotusScript/show-the-epoch.lotus,LotusScript,LotusScript,LotusScript,the contributor (the language heading the solution is filed under on rosettacode.org),RosettaCodeData@1d47586,,,,not-in-linguist;invented-ext,Task/Show-the-epoch/LotusScript/show-the-epoch.lotus,8
rosetta:08d509332b5c,gold,.lotus,b9b7957bd90e2ebb21821f8d96d0da6783906e0d,sorting-algorithms-heapsort.lotus,swh:1:cnt:b9b7957bd90e2ebb21821f8d96d0da6783906e0d;origin=https://github.com/acmeism/RosettaCodeData;path=/Task/Sorting-algorithms-Heapsort/LotusScript/sorting-algorithms-heapsort.lotus,LotusScript,LotusScript,LotusScript,the contributor (the language heading the solution is filed under on rosettacode.org),RosettaCodeData@1d47586,,,,not-in-linguist;invented-ext,Task/Sorting-algorithms-Heapsort/LotusScript/sorting-algorithms-heapsort.lotus,8
rosetta:f709307a3650,gold,.lse,fea56d7358c936018c7b0db5e42da27d910f1b3a,greatest-common-divisor.lse,swh:1:cnt:fea56d7358c936018c7b0db5e42da27d910f1b3a;origin=https://github.com/acmeism/RosettaCodeData;path=/Task/Greatest-common-divisor/LSE/greatest-common-divisor.lse,LSE,LSE,LSE,the contributor (the language heading the solution is filed under on rosettacode.org),RosettaCodeData@1d47586,,,,not-in-linguist;invented-ext,Task/Greatest-common-divisor/LSE/greatest-common-divisor.lse,5
rosetta:5c8a79b7f8c9,gold,.lse,522b34c15982aaa5ad54512bf618cf2619b8b7f2,sorting-algorithms-selection-sort.lse,swh:1:cnt:522b34c15982aaa5ad54512bf618cf2619b8b7f2;origin=https://github.com/acmeism/RosettaCodeData;path=/Task/Sorting-algorithms-Selection-sort/LSE/sorting-algorithms-selection-sort.lse,LSE,LSE,LSE,the contributor (the language heading the solution is filed under on rosettacode.org),RosettaCodeData@1d47586,,,,not-in-linguist;invented-ext,Task/Sorting-algorithms-Selection-sort/LSE/sorting-algorithms-selection-sort.lse,5
rosetta:2dc957a0bd58,gold,.lse64,12f0b98d5250a7fb142a4b7446d3c6b3e2bcc00a,bitwise-operations.lse64,swh:1:cnt:12f0b98d5250a7fb142a4b7446d3c6b3e2bcc00a;origin=https://github.com/acmeism/RosettaCodeData;path=/Task/Bitwise-operations/LSE64/bitwise-operations.lse64,LSE64,LSE64,LSE64,the contributor (the language heading the solution is filed under on rosettacode.org),RosettaCodeData@1d47586,,,,not-in-linguist;invented-ext,Task/Bitwise-operations/LSE64/bitwise-operations.lse64,15
rosetta:3a86cb0aa347,gold,.lse64,6c2f2ac3e741aca1e02afd63eae493ea7543b553,primality-by-trial-division.lse64,swh:1:cnt:6c2f2ac3e741aca1e02afd63eae493ea7543b553;origin=https://github.com/acmeism/RosettaCodeData;path=/Task/Primality-by-trial-division/LSE64/primality-by-trial-division.lse64,LSE64,LSE64,LSE64,the contributor (the language heading the solution is filed under on rosettacode.org),RosettaCodeData@1d47586,,,,not-in-linguist;invented-ext,Task/Primality-by-trial-division/LSE64/primality-by-trial-division.lse64,15
rosetta:68b612bf6ca5,gold,.lsl,32c8084e3e529e8e51d2f35e5fb26e1418394544,death-star.lsl,swh:1:cnt:32c8084e3e529e8e51d2f35e5fb26e1418394544;origin=https://github.com/acmeism/RosettaCodeData;path=/Task/Death-Star/LSL/death-star.lsl,LSL,LSL,LSL,the contributor (the language heading the solution is filed under on rosettacode.org),RosettaCodeData@1d47586,,,,in-linguist,Task/Death-Star/LSL/death-star.lsl,18
rosetta:aea10ecba5a1,gold,.lsl,5e45cc8c6ecd8f59cd2c97d7f92303c0fa04bd24,knapsack-problem-0-1-1.lsl,swh:1:cnt:5e45cc8c6ecd8f59cd2c97d7f92303c0fa04bd24;origin=https://github.com/acmeism/RosettaCodeData;path=/Task/Knapsack-problem-0-1/LSL/knapsack-problem-0-1-1.lsl,LSL,LSL,LSL,the contributor (the language heading the solution is filed under on rosettacode.org),RosettaCodeData@1d47586,,,,in-linguist,Task/Knapsack-problem-0-1/LSL/knapsack-problem-0-1-1.lsl,18
rosetta:2088e1725f3f,gold,.lua,6f887e5c5ab7f208f68a8dfd6c5c41a26ddf072e,bitmap-flood-fill-3.lua,swh:1:cnt:6f887e5c5ab7f208f68a8dfd6c5c41a26ddf072e;origin=https://github.com/acmeism/RosettaCodeData;path=/Task/Bitmap-Flood-fill/Lua/bitmap-flood-fill-3.lua,Lua,Lua,Lua,the contributor (the language heading the solution is filed under on rosettacode.org),RosettaCodeData@1d47586,,,,in-linguist,Task/Bitmap-Flood-fill/Lua/bitmap-flood-fill-3.lua,1257
rosetta:5db48ea8368b,gold,.lua,e3685cfa83a6fd4dba88c774ca0887f43ce9f5c6,longest-string-challenge-2.lua,swh:1:cnt:e3685cfa83a6fd4dba88c774ca0887f43ce9f5c6;origin=https://github.com/acmeism/RosettaCodeData;path=/Task/Longest-string-challenge/Lua/longest-string-challenge-2.lua,Lua,Lua,Lua,the contributor (the language heading the solution is filed under on rosettacode.org),RosettaCodeData@1d47586,,,,in-linguist,Task/Longest-string-challenge/Lua/longest-string-challenge-2.lua,1257
rosetta:4000eda5a2bd,gold,.lucid,2009dba57af035cd489fb9aefd2bb4765c7bafdc,greatest-common-divisor.lucid,swh:1:cnt:2009dba57af035cd489fb9aefd2bb4765c7bafdc;origin=https://github.com/acmeism/RosettaCodeData;path=/Task/Greatest-common-divisor/Lucid/greatest-common-divisor.lucid,Lucid,Lucid,Lucid,the contributor (the language heading the solution is filed under on rosettacode.org),RosettaCodeData@1d47586,,,,not-in-linguist;invented-ext,Task/Greatest-common-divisor/Lucid/greatest-common-divisor.lucid,11
rosetta:53b735fe931e,gold,.lucid,e71cf7fd676157cc70b454fedb4cdce783353924,sum-and-product-of-an-array.lucid,swh:1:cnt:e71cf7fd676157cc70b454fedb4cdce783353924;origin=https://github.com/acmeism/RosettaCodeData;path=/Task/Sum-and-product-of-an-array/Lucid/sum-and-product-of-an-array.lucid,Lucid,Lucid,Lucid,the contributor (the language heading the solution is filed under on rosettacode.org),RosettaCodeData@1d47586,,,,not-in-linguist;invented-ext,Task/Sum-and-product-of-an-array/Lucid/sum-and-product-of-an-array.lucid,11
rosetta:37579312c6d3,gold,.luck,7d2f78f28a6d4af78a365f43f87f7240cb6fd21a,fizzbuzz.luck,swh:1:cnt:7d2f78f28a6d4af78a365f43f87f7240cb6fd21a;origin=https://github.com/acmeism/RosettaCodeData;path=/Task/FizzBuzz/Luck/fizzbuzz.luck,Luck,Luck,Luck,the contributor (the language heading the solution is filed under on rosettacode.org),RosettaCodeData@1d47586,,,,not-in-linguist;invented-ext,Task/FizzBuzz/Luck/fizzbuzz.luck,8
rosetta:0293b8cf9c43,gold,.luck,d3568ee0b87f7a47a6728451ffe7c5057effe23f,function-prototype.luck,swh:1:cnt:d3568ee0b87f7a47a6728451ffe7c5057effe23f;origin=https://github.com/acmeism/RosettaCodeData;path=/Task/Function-prototype/Luck/function-prototype.luck,Luck,Luck,Luck,the contributor (the language heading the solution is filed under on rosettacode.org),RosettaCodeData@1d47586,,,,not-in-linguist;invented-ext,Task/Function-prototype/Luck/function-prototype.luck,8
rosetta:8e11d7bdade8,gold,.luna,49fa6eae071943ededdb8d4fbff1960e9e42fe1f,conditional-structures-2.luna,swh:1:cnt:49fa6eae071943ededdb8d4fbff1960e9e42fe1f;origin=https://github.com/acmeism/RosettaCodeData;path=/Task/Conditional-structures/Luna/conditional-structures-2.luna,Luna,Luna,Luna,the contributor (the language heading the solution is filed under on rosettacode.org),RosettaCodeData@1d47586,,,,not-in-linguist;invented-ext,Task/Conditional-structures/Luna/conditional-structures-2.luna,3
rosetta:fa59e7a00a8b,gold,.luna,5baedb6308d352fe40e84f66c15f907a3a6271fd,hello-world-text.luna,swh:1:cnt:5baedb6308d352fe40e84f66c15f907a3a6271fd;origin=https://github.com/acmeism/RosettaCodeData;path=/Task/Hello-world-Text/Luna/hello-world-text.luna,Luna,Luna,Luna,the contributor (the language heading the solution is filed under on rosettacode.org),RosettaCodeData@1d47586,,,,not-in-linguist;invented-ext;tiny,Task/Hello-world-Text/Luna/hello-world-text.luna,3
rosetta:1eb33cc4b746,gold,.lush,9653a1545a5f604a4b07eb9f9c3298f791d4e4ed,fibonacci-sequence.lush,swh:1:cnt:9653a1545a5f604a4b07eb9f9c3298f791d4e4ed;origin=https://github.com/acmeism/RosettaCodeData;path=/Task/Fibonacci-sequence/Lush/fibonacci-sequence.lush,Lush,Lush,Lush,the contributor (the language heading the solution is filed under on rosettacode.org),RosettaCodeData@1d47586,,,,not-in-linguist;invented-ext;tiny,Task/Fibonacci-sequence/Lush/fibonacci-sequence.lush,1
rosetta:a8e08a2a7415,gold,.lychen,aecd5a736436eb90f48c951d1554f132dfe387ea,teacup-rim-text.lychen,swh:1:cnt:aecd5a736436eb90f48c951d1554f132dfe387ea;origin=https://github.com/acmeism/RosettaCodeData;path=/Task/Teacup-rim-text/Lychen/teacup-rim-text.lychen,Lychen,Lychen,Lychen,the contributor (the language heading the solution is filed under on rosettacode.org),RosettaCodeData@1d47586,,,,not-in-linguist;invented-ext,Task/Teacup-rim-text/Lychen/teacup-rim-text.lychen,1
rosetta:0246ad4f2f08,gold,.m2000,0157fab5847921d0aa58c8f7ed83bcf4bc4eded7,finite-state-machine.m2000,swh:1:cnt:0157fab5847921d0aa58c8f7ed83bcf4bc4eded7;origin=https://github.com/acmeism/RosettaCodeData;path=/Task/Finite-state-machine/M2000-Interpreter/finite-state-machine.m2000,M2000 Interpreter,M2000 Interpreter,M2000 Interpreter,the contributor (the language heading the solution is filed under on rosettacode.org),RosettaCodeData@1d47586,,,,not-in-linguist;invented-ext,Task/Finite-state-machine/M2000-Interpreter/finite-state-machine.m2000,751
rosetta:8917bbfa3dfd,gold,.m2000,0da87d1f6dfc9a2362fa90a7da0569a370387dcb,machine-code-1.m2000,swh:1:cnt:0da87d1f6dfc9a2362fa90a7da0569a370387dcb;origin=https://github.com/acmeism/RosettaCodeData;path=/Task/Machine-code/M2000-Interpreter/machine-code-1.m2000,M2000 Interpreter,M2000 Interpreter,M2000 Interpreter,the contributor (the language heading the solution is filed under on rosettacode.org),RosettaCodeData@1d47586,,,,not-in-linguist;invented-ext,Task/Machine-code/M2000-Interpreter/machine-code-1.m2000,751
rosetta:39880e8b62a0,gold,.m4,73110f5af49019f69780aa81da26997a46d4b159,100-doors.m4,swh:1:cnt:73110f5af49019f69780aa81da26997a46d4b159;origin=https://github.com/acmeism/RosettaCodeData;path=/Task/100-doors/M4/100-doors.m4,M4,M4,M4,the contributor (the language heading the solution is filed under on rosettacode.org),RosettaCodeData@1d47586,,,,in-linguist;ambiguous-ext,Task/100-doors/M4/100-doors.m4,102
rosetta:247506c5bf9f,gold,.m4,5a5530e9dfe0f6425a26aa631a39d0cf989fa6ad,extend-your-language.m4,swh:1:cnt:5a5530e9dfe0f6425a26aa631a39d0cf989fa6ad;origin=https://github.com/acmeism/RosettaCodeData;path=/Task/Extend-your-language/M4/extend-your-language.m4,M4,M4,M4,the contributor (the language heading the solution is filed under on rosettacode.org),RosettaCodeData@1d47586,,,,in-linguist;ambiguous-ext,Task/Extend-your-language/M4/extend-your-language.m4,102
rosetta:cb51e2de16d7,gold,.macro11,b173e49c8c484f794a52394ba2478413e8bf2729,abc-problem.macro11,swh:1:cnt:b173e49c8c484f794a52394ba2478413e8bf2729;origin=https://github.com/acmeism/RosettaCodeData;path=/Task/ABC-problem/MACRO-11/abc-problem.macro11,MACRO-11,MACRO-11,MACRO-11,the contributor (the language heading the solution is filed under on rosettacode.org),RosettaCodeData@1d47586,,,,not-in-linguist;invented-ext,Task/ABC-problem/MACRO-11/abc-problem.macro11,27
rosetta:2a31878bd876,gold,.macro11,00de00f9c75eb80e165969493b33c61c128f1d38,hello-world-text.macro11,swh:1:cnt:00de00f9c75eb80e165969493b33c61c128f1d38;origin=https://github.com/acmeism/RosettaCodeData;path=/Task/Hello-world-Text/MACRO-11/hello-world-text.macro11,MACRO-11,MACRO-11,MACRO-11,the contributor (the language heading the solution is filed under on rosettacode.org),RosettaCodeData@1d47586,,,,not-in-linguist;invented-ext,Task/Hello-world-Text/MACRO-11/hello-world-text.macro11,27
rosetta:55989cb173cf,gold,.mad,1e95403fea2c055eff4bfc495edd4fea23ab03bf,ackermann-function.mad,swh:1:cnt:1e95403fea2c055eff4bfc495edd4fea23ab03bf;origin=https://github.com/acmeism/RosettaCodeData;path=/Task/Ackermann-function/MAD/ackermann-function.mad,MAD,MAD,MAD,the contributor (the language heading the solution is filed under on rosettacode.org),RosettaCodeData@1d47586,,,,not-in-linguist;invented-ext,Task/Ackermann-function/MAD/ackermann-function.mad,90
rosetta:79304e00c959,gold,.mad,6503932bc71ab0611c59252e2383d9218caa20c3,old-lady-swallowed-a-fly.mad,swh:1:cnt:6503932bc71ab0611c59252e2383d9218caa20c3;origin=https://github.com/acmeism/RosettaCodeData;path=/Task/Old-lady-swallowed-a-fly/MAD/old-lady-swallowed-a-fly.mad,MAD,MAD,MAD,the contributor (the language heading the solution is filed under on rosettacode.org),RosettaCodeData@1d47586,,,,not-in-linguist;invented-ext,Task/Old-lady-swallowed-a-fly/MAD/old-lady-swallowed-a-fly.mad,90
rosetta:b5e09b62d3db,gold,.make,02e44d6de078758caee5315b2093411e90385b2d,langtons-ant.make,swh:1:cnt:02e44d6de078758caee5315b2093411e90385b2d;origin=https://github.com/acmeism/RosettaCodeData;path=/Task/Langtons-ant/Make/langtons-ant.make,Makefile,Make,Makefile;bsdmake;make;mf;Make,the contributor (the language heading the solution is filed under on rosettacode.org),RosettaCodeData@1d47586,,,,in-linguist,Task/Langtons-ant/Make/langtons-ant.make,37
rosetta:29ed8e83542c,gold,.make,070726daf619ab7014169bfe0ec2f894467113f8,loops-n-plus-one-half.make,swh:1:cnt:070726daf619ab7014169bfe0ec2f894467113f8;origin=https://github.com/acmeism/RosettaCodeData;path=/Task/Loops-N-plus-one-half/Make/loops-n-plus-one-half.make,Makefile,Make,Makefile;bsdmake;make;mf;Make,the contributor (the language heading the solution is filed under on rosettacode.org),RosettaCodeData@1d47586,,,,in-linguist,Task/Loops-N-plus-one-half/Make/loops-n-plus-one-half.make,37
rosetta:58fc3c614ede,gold,.malbolge,f71ec269f23976506fcf6b225bd4d6df9129450e,99-bottles-of-beer-2.malbolge,swh:1:cnt:f71ec269f23976506fcf6b225bd4d6df9129450e;origin=https://github.com/acmeism/RosettaCodeData;path=/Task/99-bottles-of-beer/Malbolge/99-bottles-of-beer-2.malbolge,Malbolge,Malbolge,Malbolge,the contributor (the language heading the solution is filed under on rosettacode.org),RosettaCodeData@1d47586,,,,not-in-linguist;invented-ext,Task/99-bottles-of-beer/Malbolge/99-bottles-of-beer-2.malbolge,6
rosetta:17affaefaddd,gold,.malbolge,274c724582047889dc08e30e72d031e1d37dc16f,rot-13.malbolge,swh:1:cnt:274c724582047889dc08e30e72d031e1d37dc16f;origin=https://github.com/acmeism/RosettaCodeData;path=/Task/Rot-13/Malbolge/rot-13.malbolge,Malbolge,Malbolge,Malbolge,the contributor (the language heading the solution is filed under on rosettacode.org),RosettaCodeData@1d47586,,,,not-in-linguist;invented-ext,Task/Rot-13/Malbolge/rot-13.malbolge,6
rosetta:51cdd71cfe42,gold,.manool,2209031114c722a1aae03463dfd7c710329debef,conways-game-of-life-1.manool,swh:1:cnt:2209031114c722a1aae03463dfd7c710329debef;origin=https://github.com/acmeism/RosettaCodeData;path=/Task/Conways-Game-of-Life/MANOOL/conways-game-of-life-1.manool,MANOOL,MANOOL,MANOOL,the contributor (the language heading the solution is filed under on rosettacode.org),RosettaCodeData@1d47586,,,,not-in-linguist;invented-ext,Task/Conways-Game-of-Life/MANOOL/conways-game-of-life-1.manool,14
rosetta:7a83ee346ee3,gold,.manool,517f4f94b72ec49e79f08c029bda87a18e4374d8,factorial-1.manool,swh:1:cnt:517f4f94b72ec49e79f08c029bda87a18e4374d8;origin=https://github.com/acmeism/RosettaCodeData;path=/Task/Factorial/MANOOL/factorial-1.manool,MANOOL,MANOOL,MANOOL,the contributor (the language heading the solution is filed under on rosettacode.org),RosettaCodeData@1d47586,,,,not-in-linguist;invented-ext,Task/Factorial/MANOOL/factorial-1.manool,14
rosetta:403150bc127b,gold,.maple,93d9aeac40e4d2686f59b8c9eff7bb4f733debbe,closest-pair-problem-1.maple,swh:1:cnt:93d9aeac40e4d2686f59b8c9eff7bb4f733debbe;origin=https://github.com/acmeism/RosettaCodeData;path=/Task/Closest-pair-problem/Maple/closest-pair-problem-1.maple,Maple,Maple,Maple,the contributor (the language heading the solution is filed under on rosettacode.org),RosettaCodeData@1d47586,,,,not-in-linguist;invented-ext,Task/Closest-pair-problem/Maple/closest-pair-problem-1.maple,595
rosetta:e500a31c3fff,gold,.maple,f320d02f99a4f14463361d812770ed5a79ed7ccf,look-and-say-sequence.maple,swh:1:cnt:f320d02f99a4f14463361d812770ed5a79ed7ccf;origin=https://github.com/acmeism/RosettaCodeData;path=/Task/Look-and-say-sequence/Maple/look-and-say-sequence.maple,Maple,Maple,Maple,the contributor (the language heading the solution is filed under on rosettacode.org),RosettaCodeData@1d47586,,,,not-in-linguist;invented-ext,Task/Look-and-say-sequence/Maple/look-and-say-sequence.maple,595
rosetta:b9167f729352,gold,.sql,aaee6c7fedd97d15e682679407d017a32256fdd9,color-difference-cie-e2000.sql,swh:1:cnt:aaee6c7fedd97d15e682679407d017a32256fdd9;origin=https://github.com/acmeism/RosettaCodeData;path=/Task/Color-Difference-CIE-E2000/MariaDB/color-difference-cie-e2000.sql,MariaDB,MariaDB,MariaDB,the contributor (the language heading the solution is filed under on rosettacode.org),RosettaCodeData@1d47586,,,,not-in-linguist;misleading-ext;ambiguous-ext,Task/Color-Difference-CIE-E2000/MariaDB/color-difference-cie-e2000.sql,8
rosetta:5e140178a9ef,gold,.sql,3cd68d0c38afeedf363225dccb50d2c0b4901fa2,parameterized-sql-statement-2.sql,swh:1:cnt:3cd68d0c38afeedf363225dccb50d2c0b4901fa2;origin=https://github.com/acmeism/RosettaCodeData;path=/Task/Parameterized-SQL-statement/MariaDB/parameterized-sql-statement-2.sql,MariaDB,MariaDB,MariaDB,the contributor (the language heading the solution is filed under on rosettacode.org),RosettaCodeData@1d47586,,,,not-in-linguist;misleading-ext;ambiguous-ext,Task/Parameterized-SQL-statement/MariaDB/parameterized-sql-statement-2.sql,8
rosetta:5602663ddfde,gold,.mastermind,6ee80fb1bfa5969d51ee7db2b69a6ce2f73597be,repeat.mastermind,swh:1:cnt:6ee80fb1bfa5969d51ee7db2b69a6ce2f73597be;origin=https://github.com/acmeism/RosettaCodeData;path=/Task/Repeat/Mastermind/repeat.mastermind,Mastermind,Mastermind,Mastermind,the contributor (the language heading the solution is filed under on rosettacode.org),RosettaCodeData@1d47586,,,,not-in-linguist;invented-ext,Task/Repeat/Mastermind/repeat.mastermind,2
rosetta:5b293bdea8a2,gold,.mathcad,f7c9b802e9d4f503407838114f791d06dc09880d,compare-a-list-of-strings.mathcad,swh:1:cnt:f7c9b802e9d4f503407838114f791d06dc09880d;origin=https://github.com/acmeism/RosettaCodeData;path=/Task/Compare-a-list-of-strings/Mathcad/compare-a-list-of-strings.mathcad,Mathcad,Mathcad,Mathcad,the contributor (the language heading the solution is filed under on rosettacode.org),RosettaCodeData@1d47586,,,,not-in-linguist;invented-ext,Task/Compare-a-list-of-strings/Mathcad/compare-a-list-of-strings.mathcad,6
rosetta:770213c6b183,gold,.mathcad,e1824fe515865f086f5076e96edfe0365597b16e,generate-lower-case-ascii-alphabet-2.mathcad,swh:1:cnt:e1824fe515865f086f5076e96edfe0365597b16e;origin=https://github.com/acmeism/RosettaCodeData;path=/Task/Generate-lower-case-ASCII-alphabet/Mathcad/generate-lower-case-ascii-alphabet-2.mathcad,Mathcad,Mathcad,Mathcad,the contributor (the language heading the solution is filed under on rosettacode.org),RosettaCodeData@1d47586,,,,not-in-linguist;invented-ext,Task/Generate-lower-case-ASCII-alphabet/Mathcad/generate-lower-case-ascii-alphabet-2.mathcad,6
rosetta:8928fad661d7,gold,.mathcortex,46f4fc93910ea88f6e42234042f463c18a637eb6,matrix-multiplication.mathcortex,swh:1:cnt:46f4fc93910ea88f6e42234042f463c18a637eb6;origin=https://github.com/acmeism/RosettaCodeData;path=/Task/Matrix-multiplication/MathCortex/matrix-multiplication.mathcortex,MathCortex,MathCortex,MathCortex,the contributor (the language heading the solution is filed under on rosettacode.org),RosettaCodeData@1d47586,,,,not-in-linguist;invented-ext,Task/Matrix-multiplication/MathCortex/matrix-multiplication.mathcortex,2
rosetta:c1ba1b5d84a6,gold,.math,bdd3d8840ea2cf54e02402bf59fe15ae68412062,mertens-function.math,swh:1:cnt:bdd3d8840ea2cf54e02402bf59fe15ae68412062;origin=https://github.com/acmeism/RosettaCodeData;path=/Task/Mertens-function/Mathematica/mertens-function.math,Wolfram Language,Mathematica,Wolfram Language;mathematica;mma;wolfram;wolfram lang;wl;Mathematica,the contributor (the language heading the solution is filed under on rosettacode.org),RosettaCodeData@1d47586,,,,in-linguist;invented-ext,Task/Mertens-function/Mathematica/mertens-function.math,1686
rosetta:27ebdfd9a200,gold,.math,593fe516418f39fef74c945eafdf1ba2b2f478bc,sorting-algorithms-comb-sort.math,swh:1:cnt:593fe516418f39fef74c945eafdf1ba2b2f478bc;origin=https://github.com/acmeism/RosettaCodeData;path=/Task/Sorting-algorithms-Comb-sort/Mathematica/sorting-algorithms-comb-sort.math,Wolfram Language,Mathematica,Wolfram Language;mathematica;mma;wolfram;wolfram lang;wl;Mathematica,the contributor (the language heading the solution is filed under on rosettacode.org),RosettaCodeData@1d47586,,,,in-linguist;invented-ext,Task/Sorting-algorithms-Comb-sort/Mathematica/sorting-algorithms-comb-sort.math,1686
rosetta:454c9c916dec,gold,.math,290f280013598ceae151d982f67e15c00b7bdcbb,averages-arithmetic-mean-2.math,swh:1:cnt:290f280013598ceae151d982f67e15c00b7bdcbb;origin=https://github.com/acmeism/RosettaCodeData;path=/Task/Averages-Arithmetic-mean/Mathprog/averages-arithmetic-mean-2.math,Mathprog,Mathprog,Mathprog,the contributor (the language heading the solution is filed under on rosettacode.org),RosettaCodeData@1d47586,,,,not-in-linguist;invented-ext,Task/Averages-Arithmetic-mean/Mathprog/averages-arithmetic-mean-2.math,15
rosetta:2cc8b1dfa247,gold,.math,96402eb58636891b411d4f27dae48b8e2f4da220,knapsack-problem-continuous.math,swh:1:cnt:96402eb58636891b411d4f27dae48b8e2f4da220;origin=https://github.com/acmeism/RosettaCodeData;path=/Task/Knapsack-problem-Continuous/Mathprog/knapsack-problem-continuous.math,Mathprog,Mathprog,Mathprog,the contributor (the language heading the solution is filed under on rosettacode.org),RosettaCodeData@1d47586,,,,not-in-linguist;invented-ext,Task/Knapsack-problem-Continuous/Mathprog/knapsack-problem-continuous.math,15
rosetta:190f799cdc6e,gold,.m,a277eecb44b23937b1767e193494d7e0714dbb78,associative-array-creation-7.m,swh:1:cnt:a277eecb44b23937b1767e193494d7e0714dbb78;origin=https://github.com/acmeism/RosettaCodeData;path=/Task/Associative-array-Creation/MATLAB/associative-array-creation-7.m,MATLAB,MATLAB,MATLAB;octave,the contributor (the language heading the solution is filed under on rosettacode.org),RosettaCodeData@1d47586,,,,in-linguist;ambiguous-ext;tiny,Task/Associative-array-Creation/MATLAB/associative-array-creation-7.m,649
rosetta:2b4b7398c7e5,gold,.m,f186f2df175c3a30d39cfab2f615847fca8f5ddf,csv-data-manipulation-2.m,swh:1:cnt:f186f2df175c3a30d39cfab2f615847fca8f5ddf;origin=https://github.com/acmeism/RosettaCodeData;path=/Task/CSV-data-manipulation/MATLAB/csv-data-manipulation-2.m,MATLAB,MATLAB,MATLAB;octave,the contributor (the language heading the solution is filed under on rosettacode.org),RosettaCodeData@1d47586,,,,in-linguist;ambiguous-ext;tiny,Task/CSV-data-manipulation/MATLAB/csv-data-manipulation-2.m,649
rosetta:78e8ba71ab9b,gold,.maude,48e69a06fa0973e9041843c11254f5682942185b,a+b-2.maude,swh:1:cnt:48e69a06fa0973e9041843c11254f5682942185b;origin=https://github.com/acmeism/RosettaCodeData;path=/Task/A+B/Maude/a+b-2.maude,Maude,Maude,Maude,the contributor (the language heading the solution is filed under on rosettacode.org),RosettaCodeData@1d47586,,,,not-in-linguist;invented-ext,Task/A+B/Maude/a+b-2.maude,4
rosetta:81b2b79e5b4b,gold,.maude,50f0c8b9b622867e76086c25e76296597f5b7486,factorial.maude,swh:1:cnt:50f0c8b9b622867e76086c25e76296597f5b7486;origin=https://github.com/acmeism/RosettaCodeData;path=/Task/Factorial/Maude/factorial.maude,Maude,Maude,Maude,the contributor (the language heading the solution is filed under on rosettacode.org),RosettaCodeData@1d47586,,,,not-in-linguist;invented-ext,Task/Factorial/Maude/factorial.maude,4
rosetta:05eef07f0815,gold,.maxima,843767481a0d488ab57274c69c441bf4f9f1b808,element-wise-operations.maxima,swh:1:cnt:843767481a0d488ab57274c69c441bf4f9f1b808;origin=https://github.com/acmeism/RosettaCodeData;path=/Task/Element-wise-operations/Maxima/element-wise-operations.maxima,Maxima,Maxima,Maxima,the contributor (the language heading the solution is filed under on rosettacode.org),RosettaCodeData@1d47586,,,,not-in-linguist;invented-ext,Task/Element-wise-operations/Maxima/element-wise-operations.maxima,460
rosetta:4ebd659cf722,gold,.maxima,2dbf7b085409df238ac336f4da1b503f9f1b01e2,numerical-integration-gauss-legendre-quadrature.maxima,swh:1:cnt:2dbf7b085409df238ac336f4da1b503f9f1b01e2;origin=https://github.com/acmeism/RosettaCodeData;path=/Task/Numerical-integration-Gauss-Legendre-Quadrature/Maxima/numerical-integration-gauss-legendre-quadrature.maxima,Maxima,Maxima,Maxima,the contributor (the language heading the solution is filed under on rosettacode.org),RosettaCodeData@1d47586,,,,not-in-linguist;invented-ext,Task/Numerical-integration-Gauss-Legendre-Quadrature/Maxima/numerical-integration-gauss-legendre-quadrature.maxima,460
rosetta:abe95f9c642e,gold,.max,f5e89312a2c6c9071379d357c926c09535e5e14d,greatest-element-of-a-list.max,swh:1:cnt:f5e89312a2c6c9071379d357c926c09535e5e14d;origin=https://github.com/acmeism/RosettaCodeData;path=/Task/Greatest-element-of-a-list/MAXScript/greatest-element-of-a-list.max,MAXScript,MAXScript,MAXScript,the contributor (the language heading the solution is filed under on rosettacode.org),RosettaCodeData@1d47586,,,,in-linguist;invented-ext,Task/Greatest-element-of-a-list/MAXScript/greatest-element-of-a-list.max,155
rosetta:9589f3965537,gold,.max,13d2201291640777de25fc1434e64c6c425a7b29,sorting-algorithms-counting-sort-2.max,swh:1:cnt:13d2201291640777de25fc1434e64c6c425a7b29;origin=https://github.com/acmeism/RosettaCodeData;path=/Task/Sorting-algorithms-Counting-sort/MAXScript/sorting-algorithms-counting-sort-2.max,MAXScript,MAXScript,MAXScript,the contributor (the language heading the solution is filed under on rosettacode.org),RosettaCodeData@1d47586,,,,in-linguist;invented-ext;tiny,Task/Sorting-algorithms-Counting-sort/MAXScript/sorting-algorithms-counting-sort-2.max,155
rosetta:aceb96a9f541,gold,.mbs,878da6fca9b1a2db48bda464807d56df4dae0437,comments.mbs,swh:1:cnt:878da6fca9b1a2db48bda464807d56df4dae0437;origin=https://github.com/acmeism/RosettaCodeData;path=/Task/Comments/MBS/comments.mbs,MBS,MBS,MBS,the contributor (the language heading the solution is filed under on rosettacode.org),RosettaCodeData@1d47586,,,,not-in-linguist;invented-ext;tiny,Task/Comments/MBS/comments.mbs,4
rosetta:92906477016c,gold,.mbs,e25ebe33ca14798f086a19c851ddf1ba425a2c5d,conditional-structures.mbs,swh:1:cnt:e25ebe33ca14798f086a19c851ddf1ba425a2c5d;origin=https://github.com/acmeism/RosettaCodeData;path=/Task/Conditional-structures/MBS/conditional-structures.mbs,MBS,MBS,MBS,the contributor (the language heading the solution is filed under on rosettacode.org),RosettaCodeData@1d47586,,,,not-in-linguist;invented-ext,Task/Conditional-structures/MBS/conditional-structures.mbs,4
rosetta:0430aac75828,gold,.mdl,cef431f28e15742f92f9d11e19f219cd687fe130,conditional-structures-1.mdl,swh:1:cnt:cef431f28e15742f92f9d11e19f219cd687fe130;origin=https://github.com/acmeism/RosettaCodeData;path=/Task/Conditional-structures/MDL/conditional-structures-1.mdl,MDL,MDL,MDL,the contributor (the language heading the solution is filed under on rosettacode.org),RosettaCodeData@1d47586,,,,not-in-linguist;invented-ext;tiny,Task/Conditional-structures/MDL/conditional-structures-1.mdl,3
rosetta:b939316fb6a9,gold,.mel,398f5157dca494a081ff4b5fd85c6524d03b0bc4,fizzbuzz.mel,swh:1:cnt:398f5157dca494a081ff4b5fd85c6524d03b0bc4;origin=https://github.com/acmeism/RosettaCodeData;path=/Task/FizzBuzz/MEL/fizzbuzz.mel,MEL,MEL,MEL,the contributor (the language heading the solution is filed under on rosettacode.org),RosettaCodeData@1d47586,,,,not-in-linguist;invented-ext,Task/FizzBuzz/MEL/fizzbuzz.mel,4
rosetta:1c11a21cac01,gold,.mel,1efe95fde426fd9b180ee4e9ce0c77f0c6770116,hello-world-text.mel,swh:1:cnt:1efe95fde426fd9b180ee4e9ce0c77f0c6770116;origin=https://github.com/acmeism/RosettaCodeData;path=/Task/Hello-world-Text/MEL/hello-world-text.mel,MEL,MEL,MEL,the contributor (the language heading the solution is filed under on rosettacode.org),RosettaCodeData@1d47586,,,,not-in-linguist;invented-ext;tiny,Task/Hello-world-Text/MEL/hello-world-text.mel,4
rosetta:98e0b76483e1,gold,.basic,6a32b3e1a646a746e4b9edb283bdb6d7c535a76b,spinning-rod-animation-text.basic,swh:1:cnt:6a32b3e1a646a746e4b9edb283bdb6d7c535a76b;origin=https://github.com/acmeism/RosettaCodeData;path=/Task/Spinning-rod-animation-Text/MelonBasic/spinning-rod-animation-text.basic,MelonBasic,MelonBasic,MelonBasic,the contributor (the language heading the solution is filed under on rosettacode.org),RosettaCodeData@1d47586,,,,not-in-linguist;invented-ext,Task/Spinning-rod-animation-Text/MelonBasic/spinning-rod-animation-text.basic,4
rosetta:c230afe199ce,gold,.mercury,611ee0d1ba72dc2b4b62ea41482c63dfce94427a,compiler-lexical-analyzer.mercury,swh:1:cnt:611ee0d1ba72dc2b4b62ea41482c63dfce94427a;origin=https://github.com/acmeism/RosettaCodeData;path=/Task/Compiler-lexical-analyzer/Mercury/compiler-lexical-analyzer.mercury,Mercury,Mercury,Mercury,the contributor (the language heading the solution is filed under on rosettacode.org),RosettaCodeData@1d47586,,,,in-linguist;invented-ext,Task/Compiler-lexical-analyzer/Mercury/compiler-lexical-analyzer.mercury,175
rosetta:fda0d3d8e41a,gold,.mercury,0dab7bec2c6c59b41f657d44e975963cb00c6620,priority-queue.mercury,swh:1:cnt:0dab7bec2c6c59b41f657d44e975963cb00c6620;origin=https://github.com/acmeism/RosettaCodeData;path=/Task/Priority-queue/Mercury/priority-queue.mercury,Mercury,Mercury,Mercury,the contributor (the language heading the solution is filed under on rosettacode.org),RosettaCodeData@1d47586,,,,in-linguist;invented-ext,Task/Priority-queue/Mercury/priority-queue.mercury,175
rosetta:5c9da273dad0,gold,.metafont,8daa7d995addca8bcefb0838726e4576fe1809dd,loops-while.metafont,swh:1:cnt:8daa7d995addca8bcefb0838726e4576fe1809dd;origin=https://github.com/acmeism/RosettaCodeData;path=/Task/Loops-While/Metafont/loops-while.metafont,Metafont,Metafont,Metafont,the contributor (the language heading the solution is filed under on rosettacode.org),RosettaCodeData@1d47586,,,,not-in-linguist;invented-ext,Task/Loops-While/Metafont/loops-while.metafont,59
rosetta:fd82a938395f,gold,.metafont,62397a1a97ca210154c291c1472babdded1b446f,variadic-function.metafont,swh:1:cnt:62397a1a97ca210154c291c1472babdded1b446f;origin=https://github.com/acmeism/RosettaCodeData;path=/Task/Variadic-function/Metafont/variadic-function.metafont,Metafont,Metafont,Metafont,the contributor (the language heading the solution is filed under on rosettacode.org),RosettaCodeData@1d47586,,,,not-in-linguist;invented-ext,Task/Variadic-function/Metafont/variadic-function.metafont,59
rosetta:5933c60b680b,gold,.metapost,9681397160d48e212f2151b000878d556dde139d,mandelbrot-set-1.metapost,swh:1:cnt:9681397160d48e212f2151b000878d556dde139d;origin=https://github.com/acmeism/RosettaCodeData;path=/Task/Mandelbrot-set/Metapost/mandelbrot-set-1.metapost,Metapost,Metapost,Metapost,the contributor (the language heading the solution is filed under on rosettacode.org),RosettaCodeData@1d47586,,,,not-in-linguist;invented-ext,Task/Mandelbrot-set/Metapost/mandelbrot-set-1.metapost,3
rosetta:3b45b9b07d3a,gold,.metapost,f3625f8bf021dff8900219610fc5a64da1863a24,yin-and-yang.metapost,swh:1:cnt:f3625f8bf021dff8900219610fc5a64da1863a24;origin=https://github.com/acmeism/RosettaCodeData;path=/Task/Yin-and-yang/Metapost/yin-and-yang.metapost,Metapost,Metapost,Metapost,the contributor (the language heading the solution is filed under on rosettacode.org),RosettaCodeData@1d47586,,,,not-in-linguist;invented-ext,Task/Yin-and-yang/Metapost/yin-and-yang.metapost,3
rosetta:ff06373cf7a9,gold,.mia,61cd5b0957d9c3840b50a4c8172be28f96c35761,loops-while.mia,swh:1:cnt:61cd5b0957d9c3840b50a4c8172be28f96c35761;origin=https://github.com/acmeism/RosettaCodeData;path=/Task/Loops-While/Mia/loops-while.mia,Mia,Mia,Mia,the contributor (the language heading the solution is filed under on rosettacode.org),RosettaCodeData@1d47586,,,,not-in-linguist;invented-ext,Task/Loops-While/Mia/loops-while.mia,1
rosetta:538329315114,gold,.basic,f353f9fbd88073fa90581689facb9dea35402fbd,boolean-values.basic,swh:1:cnt:f353f9fbd88073fa90581689facb9dea35402fbd;origin=https://github.com/acmeism/RosettaCodeData;path=/Task/Boolean-values/Microsoft-Small-Basic/boolean-values.basic,Microsoft Small Basic,Microsoft Small Basic,Microsoft Small Basic,the contributor (the language heading the solution is filed under on rosettacode.org),RosettaCodeData@1d47586,,,,not-in-linguist;invented-ext,Task/Boolean-values/Microsoft-Small-Basic/boolean-values.basic,72
rosetta:e458b58f9c3a,gold,.basic,b1c36457bce593a38949c18584cf38584bc2f87a,loops-increment-loop-index-within-loop-body.basic,swh:1:cnt:b1c36457bce593a38949c18584cf38584bc2f87a;origin=https://github.com/acmeism/RosettaCodeData;path=/Task/Loops-Increment-loop-index-within-loop-body/Microsoft-Small-Basic/loops-increment-loop-index-within-loop-body.basic,Microsoft Small Basic,Microsoft Small Basic,Microsoft Small Basic,the contributor (the language heading the solution is filed under on rosettacode.org),RosettaCodeData@1d47586,,,,not-in-linguist;invented-ext,Task/Loops-Increment-loop-index-within-loop-body/Microsoft-Small-Basic/loops-increment-loop-index-within-loop-body.basic,72
rosetta:7a53aa7f896c,gold,.min,3e01159728ffdf5e9caf8bdde24147e2869b848e,case-sensitivity-of-identifiers.min,swh:1:cnt:3e01159728ffdf5e9caf8bdde24147e2869b848e;origin=https://github.com/acmeism/RosettaCodeData;path=/Task/Case-sensitivity-of-identifiers/Min/case-sensitivity-of-identifiers.min,Min,Min,Min,the contributor (the language heading the solution is filed under on rosettacode.org),RosettaCodeData@1d47586,,,,not-in-linguist;invented-ext;tiny,Task/Case-sensitivity-of-identifiers/Min/case-sensitivity-of-identifiers.min,122
rosetta:92acf8fb66e1,gold,.min,b14bf6d774fbba7847828a18fb2327de40b09b1e,first-class-functions.min,swh:1:cnt:b14bf6d774fbba7847828a18fb2327de40b09b1e;origin=https://github.com/acmeism/RosettaCodeData;path=/Task/First-class-functions/Min/first-class-functions.min,Min,Min,Min,the contributor (the language heading the solution is filed under on rosettacode.org),RosettaCodeData@1d47586,,,,not-in-linguist;invented-ext,Task/First-class-functions/Min/first-class-functions.min,122
rosetta:f702b8d216bd,gold,.minil,f30f2b96f01a850b39ec5ae2ae4a8e3aa749e0c8,evaluate-binomial-coefficients.minil,swh:1:cnt:f30f2b96f01a850b39ec5ae2ae4a8e3aa749e0c8;origin=https://github.com/acmeism/RosettaCodeData;path=/Task/Evaluate-binomial-coefficients/MINIL/evaluate-binomial-coefficients.minil,MINIL,MINIL,MINIL,the contributor (the language heading the solution is filed under on rosettacode.org),RosettaCodeData@1d47586,,,,not-in-linguist;invented-ext,Task/Evaluate-binomial-coefficients/MINIL/evaluate-binomial-coefficients.minil,2
rosetta:cadcf3bca426,gold,.minil,de234faef377bc6c2c773530097c8f6ae0a760e5,greatest-common-divisor.minil,swh:1:cnt:de234faef377bc6c2c773530097c8f6ae0a760e5;origin=https://github.com/acmeism/RosettaCodeData;path=/Task/Greatest-common-divisor/MINIL/greatest-common-divisor.minil,MINIL,MINIL,MINIL,the contributor (the language heading the solution is filed under on rosettacode.org),RosettaCodeData@1d47586,,,,not-in-linguist;invented-ext,Task/Greatest-common-divisor/MINIL/greatest-common-divisor.minil,2
rosetta:831105ab250a,gold,.basic,1ec6ac1c575e07c1ed8ee32c33ca6d2f448b06c0,sorting-algorithms-gnome-sort.basic,swh:1:cnt:1ec6ac1c575e07c1ed8ee32c33ca6d2f448b06c0;origin=https://github.com/acmeism/RosettaCodeData;path=/Task/Sorting-algorithms-Gnome-sort/Minimal-BASIC/sorting-algorithms-gnome-sort.basic,Minimal BASIC,Minimal BASIC,Minimal BASIC,the contributor (the language heading the solution is filed under on rosettacode.org),RosettaCodeData@1d47586,,,,not-in-linguist;invented-ext,Task/Sorting-algorithms-Gnome-sort/Minimal-BASIC/sorting-algorithms-gnome-sort.basic,71
rosetta:c69c26f15d75,gold,.basic,348475a23d15993e2fe2b73bad4f75a89a12551b,tau-number.basic,swh:1:cnt:348475a23d15993e2fe2b73bad4f75a89a12551b;origin=https://github.com/acmeism/RosettaCodeData;path=/Task/Tau-number/Minimal-BASIC/tau-number.basic,Minimal BASIC,Minimal BASIC,Minimal BASIC,the contributor (the language heading the solution is filed under on rosettacode.org),RosettaCodeData@1d47586,,,,not-in-linguist;invented-ext,Task/Tau-number/Minimal-BASIC/tau-number.basic,71
rosetta:d89fd2007008,gold,.mini,1dc17a79dc7c6fd70ee8b7130daabdb06b12dd36,averages-median.mini,swh:1:cnt:1dc17a79dc7c6fd70ee8b7130daabdb06b12dd36;origin=https://github.com/acmeism/RosettaCodeData;path=/Task/Averages-Median/MiniScript/averages-median.mini,MiniScript,MiniScript,MiniScript,the contributor (the language heading the solution is filed under on rosettacode.org),RosettaCodeData@1d47586,,,,in-linguist;invented-ext,Task/Averages-Median/MiniScript/averages-median.mini,325
rosetta:43574d32096d,gold,.mini,332bcb24f860af7db1d6004ef73762f4d99293a7,cusip.mini,swh:1:cnt:332bcb24f860af7db1d6004ef73762f4d99293a7;origin=https://github.com/acmeism/RosettaCodeData;path=/Task/CUSIP/MiniScript/cusip.mini,MiniScript,MiniScript,MiniScript,the contributor (the language heading the solution is filed under on rosettacode.org),RosettaCodeData@1d47586,,,,in-linguist;invented-ext,Task/CUSIP/MiniScript/cusip.mini,325
rosetta:35ffab299b2d,gold,.minizinc,065058695081cf460b6a1451bb958324bd6a5752,count-the-coins-0-1-3.minizinc,swh:1:cnt:065058695081cf460b6a1451bb958324bd6a5752;origin=https://github.com/acmeism/RosettaCodeData;path=/Task/Count-the-coins-0-1/MiniZinc/count-the-coins-0-1-3.minizinc,MiniZinc,MiniZinc,MiniZinc,the contributor (the language heading the solution is filed under on rosettacode.org),RosettaCodeData@1d47586,,,,in-linguist;invented-ext,Task/Count-the-coins-0-1/MiniZinc/count-the-coins-0-1-3.minizinc,33
rosetta:1ac1a5a7fce2,gold,.minizinc,74b6ba19a140ebdf9405c32a6226666ea54c4497,n-queens-problem.minizinc,swh:1:cnt:74b6ba19a140ebdf9405c32a6226666ea54c4497;origin=https://github.com/acmeism/RosettaCodeData;path=/Task/N-queens-problem/MiniZinc/n-queens-problem.minizinc,MiniZinc,MiniZinc,MiniZinc,the contributor (the language heading the solution is filed under on rosettacode.org),RosettaCodeData@1d47586,,,,in-linguist;invented-ext,Task/N-queens-problem/MiniZinc/n-queens-problem.minizinc,33
rosetta:0d250fc08725,gold,.mips,e114ab8aa49bd04e42c423c7fee8db700b212519,factorial-1.mips,swh:1:cnt:e114ab8aa49bd04e42c423c7fee8db700b212519;origin=https://github.com/acmeism/RosettaCodeData;path=/Task/Factorial/MIPS-Assembly/factorial-1.mips,MIPS Assembly,MIPS Assembly,MIPS Assembly,the contributor (the language heading the solution is filed under on rosettacode.org),RosettaCodeData@1d47586,,,,not-in-linguist;invented-ext,Task/Factorial/MIPS-Assembly/factorial-1.mips,62
rosetta:75e128fe036d,gold,.mips,a37c9148c0778dfe12769221fcdd6121c7ddac53,loops-do-while.mips,swh:1:cnt:a37c9148c0778dfe12769221fcdd6121c7ddac53;origin=https://github.com/acmeism/RosettaCodeData;path=/Task/Loops-Do-while/MIPS-Assembly/loops-do-while.mips,MIPS Assembly,MIPS Assembly,MIPS Assembly,the contributor (the language heading the solution is filed under on rosettacode.org),RosettaCodeData@1d47586,,,,not-in-linguist;invented-ext,Task/Loops-Do-while/MIPS-Assembly/loops-do-while.mips,62
rosetta:b158300094e9,gold,.mirah,9b969d468609e013c948976d78c117207ad32d8f,empty-string.mirah,swh:1:cnt:9b969d468609e013c948976d78c117207ad32d8f;origin=https://github.com/acmeism/RosettaCodeData;path=/Task/Empty-string/Mirah/empty-string.mirah,Mirah,Mirah,Mirah,the contributor (the language heading the solution is filed under on rosettacode.org),RosettaCodeData@1d47586,,,,in-linguist,Task/Empty-string/Mirah/empty-string.mirah,22
rosetta:427122246569,gold,.mirah,4baaa14a7b6063aa2261806c317e578c34193dab,file-size.mirah,swh:1:cnt:4baaa14a7b6063aa2261806c317e578c34193dab;origin=https://github.com/acmeism/RosettaCodeData;path=/Task/File-size/Mirah/file-size.mirah,Mirah,Mirah,Mirah,the contributor (the language heading the solution is filed under on rosettacode.org),RosettaCodeData@1d47586,,,,in-linguist;tiny,Task/File-size/Mirah/file-size.mirah,22
rosetta:eb9ee510bc5f,gold,.miranda,2884491fdae3bfde1d9becc77680bef08a602c9b,alternade-words.miranda,swh:1:cnt:2884491fdae3bfde1d9becc77680bef08a602c9b;origin=https://github.com/acmeism/RosettaCodeData;path=/Task/Alternade-words/Miranda/alternade-words.miranda,Miranda,Miranda,Miranda,the contributor (the language heading the solution is filed under on rosettacode.org),RosettaCodeData@1d47586,,,,not-in-linguist;invented-ext,Task/Alternade-words/Miranda/alternade-words.miranda,90
rosetta:e1129867e440,gold,.miranda,40d450d37eccbc734ab8989ff24814ec729d95c2,thue-morse.miranda,swh:1:cnt:40d450d37eccbc734ab8989ff24814ec729d95c2;origin=https://github.com/acmeism/RosettaCodeData;path=/Task/Thue-Morse/Miranda/thue-morse.miranda,Miranda,Miranda,Miranda,the contributor (the language heading the solution is filed under on rosettacode.org),RosettaCodeData@1d47586,,,,not-in-linguist;invented-ext;tiny,Task/Thue-Morse/Miranda/thue-morse.miranda,90
rosetta:2f55c31f5d44,gold,.mirc,49f07663d5ca985eec93a8b5d521c990781ef408,24-game.mirc,swh:1:cnt:49f07663d5ca985eec93a8b5d521c990781ef408;origin=https://github.com/acmeism/RosettaCodeData;path=/Task/24-game/MIRC-Scripting-Language/24-game.mirc,mIRC Script,MIRC Scripting Language,mIRC Script;MIRC Scripting Language,the contributor (the language heading the solution is filed under on rosettacode.org),RosettaCodeData@1d47586,,,,in-linguist;invented-ext,Task/24-game/MIRC-Scripting-Language/24-game.mirc,25
rosetta:8c8799245fc3,gold,.mirc,350d542b61acee98ce414934319e183581fa0d60,hello-world-graphical.mirc,swh:1:cnt:350d542b61acee98ce414934319e183581fa0d60;origin=https://github.com/acmeism/RosettaCodeData;path=/Task/Hello-world-Graphical/MIRC-Scripting-Language/hello-world-graphical.mirc,mIRC Script,MIRC Scripting Language,mIRC Script;MIRC Scripting Language,the contributor (the language heading the solution is filed under on rosettacode.org),RosettaCodeData@1d47586,,,,in-linguist;invented-ext,Task/Hello-world-Graphical/MIRC-Scripting-Language/hello-world-graphical.mirc,25
rosetta:a715e2e98be5,gold,.ml,a769ef341d1ed1f1afe4fd143b73a832a96d0355,sum-digits-of-an-integer-1.ml,swh:1:cnt:a769ef341d1ed1f1afe4fd143b73a832a96d0355;origin=https://github.com/acmeism/RosettaCodeData;path=/Task/Sum-digits-of-an-integer/ML/sum-digits-of-an-integer-1.ml,ML,ML,ML,the contributor (the language heading the solution is filed under on rosettacode.org),RosettaCodeData@1d47586,,,,not-in-linguist;misleading-ext;ambiguous-ext,Task/Sum-digits-of-an-integer/ML/sum-digits-of-an-integer-1.ml,4
rosetta:bda5f9b10957,gold,.mli,81415b30c7aaeab52cf26df596ae76d703605177,fibonacci-sequence.mli,swh:1:cnt:81415b30c7aaeab52cf26df596ae76d703605177;origin=https://github.com/acmeism/RosettaCodeData;path=/Task/Fibonacci-sequence/ML-I/fibonacci-sequence.mli,ML/I,ML/I,ML/I,the contributor (the language heading the solution is filed under on rosettacode.org),RosettaCodeData@1d47586,,,,not-in-linguist;misleading-ext,Task/Fibonacci-sequence/ML-I/fibonacci-sequence.mli,27
rosetta:e3b043605131,gold,.mli,6a49217e1a20cecd31e1c8b2c464f3e7f506dd8c,integer-sequence.mli,swh:1:cnt:6a49217e1a20cecd31e1c8b2c464f3e7f506dd8c;origin=https://github.com/acmeism/RosettaCodeData;path=/Task/Integer-sequence/ML-I/integer-sequence.mli,ML/I,ML/I,ML/I,the contributor (the language heading the solution is filed under on rosettacode.org),RosettaCodeData@1d47586,,,,not-in-linguist;misleading-ext,Task/Integer-sequence/ML-I/integer-sequence.mli,27
rosetta:cd5fdf8d3894,gold,.mlite,cb0da1fd1b8513bc84e791574f9258337276979c,ackermann-function-2.mlite,swh:1:cnt:cb0da1fd1b8513bc84e791574f9258337276979c;origin=https://github.com/acmeism/RosettaCodeData;path=/Task/Ackermann-function/MLite/ackermann-function-2.mlite,MLite,MLite,MLite,the contributor (the language heading the solution is filed under on rosettacode.org),RosettaCodeData@1d47586,,,,not-in-linguist;invented-ext;tiny,Task/Ackermann-function/MLite/ackermann-function-2.mlite,29
rosetta:f2ae95df08fe,gold,.mlite,0a6084eb7e6f303ca370abced3fcec9df34d3b5c,greatest-common-divisor.mlite,swh:1:cnt:0a6084eb7e6f303ca370abced3fcec9df34d3b5c;origin=https://github.com/acmeism/RosettaCodeData;path=/Task/Greatest-common-divisor/MLite/greatest-common-divisor.mlite,MLite,MLite,MLite,the contributor (the language heading the solution is filed under on rosettacode.org),RosettaCodeData@1d47586,,,,not-in-linguist;invented-ext,Task/Greatest-common-divisor/MLite/greatest-common-divisor.mlite,29
rosetta:689e2266d52c,gold,.mmix,b012e9aad05f91798f0d3c76128256ed1ee2bf52,ethiopian-multiplication.mmix,swh:1:cnt:b012e9aad05f91798f0d3c76128256ed1ee2bf52;origin=https://github.com/acmeism/RosettaCodeData;path=/Task/Ethiopian-multiplication/MMIX/ethiopian-multiplication.mmix,MMIX,MMIX,MMIX,the contributor (the language heading the solution is filed under on rosettacode.org),RosettaCodeData@1d47586,,,,not-in-linguist;invented-ext,Task/Ethiopian-multiplication/MMIX/ethiopian-multiplication.mmix,13
rosetta:78bd26a0354c,gold,.mmix,fa49b28e88e323f1c0116cd1bcfee4848e02c340,mutual-recursion.mmix,swh:1:cnt:fa49b28e88e323f1c0116cd1bcfee4848e02c340;origin=https://github.com/acmeism/RosettaCodeData;path=/Task/Mutual-recursion/MMIX/mutual-recursion.mmix,MMIX,MMIX,MMIX,the contributor (the language heading the solution is filed under on rosettacode.org),RosettaCodeData@1d47586,,,,not-in-linguist;invented-ext,Task/Mutual-recursion/MMIX/mutual-recursion.mmix,13
rosetta:98341abbf505,gold,.mn,834200986aa4550bee36ea72dabfdfe348919afd,factorial.mn,swh:1:cnt:834200986aa4550bee36ea72dabfdfe348919afd;origin=https://github.com/acmeism/RosettaCodeData;path=/Task/Factorial/Mn/factorial.mn,Mn,Mn,Mn,the contributor (the language heading the solution is filed under on rosettacode.org),RosettaCodeData@1d47586,,,,not-in-linguist;invented-ext,Task/Factorial/Mn/factorial.mn,2
rosetta:2c1c1110a4f3,gold,.mn,9080cea70bd59ae265de4a82ae33e20a3379dcb0,loops-while.mn,swh:1:cnt:9080cea70bd59ae265de4a82ae33e20a3379dcb0;origin=https://github.com/acmeism/RosettaCodeData;path=/Task/Loops-While/Mn/loops-while.mn,Mn,Mn,Mn,the contributor (the language heading the solution is filed under on rosettacode.org),RosettaCodeData@1d47586,,,,not-in-linguist;invented-ext,Task/Loops-While/Mn/loops-while.mn,2
rosetta:67ad50493a41,gold,.mod2,34e6014e63aaf303efbe03fa0dcd7317a2e2ff3f,command-line-arguments-2.mod2,swh:1:cnt:34e6014e63aaf303efbe03fa0dcd7317a2e2ff3f;origin=https://github.com/acmeism/RosettaCodeData;path=/Task/Command-line-arguments/Modula-2/command-line-arguments-2.mod2,Modula-2,Modula-2,Modula-2,the contributor (the language heading the solution is filed under on rosettacode.org),RosettaCodeData@1d47586,,,,in-linguist;invented-ext,Task/Command-line-arguments/Modula-2/command-line-arguments-2.mod2,295
rosetta:788b36177cd1,gold,.mod2,4cbc1fc0a1bcc0757f9f30ed0c1e0d3a702d5e82,magnanimous-numbers.mod2,swh:1:cnt:4cbc1fc0a1bcc0757f9f30ed0c1e0d3a702d5e82;origin=https://github.com/acmeism/RosettaCodeData;path=/Task/Magnanimous-numbers/Modula-2/magnanimous-numbers.mod2,Modula-2,Modula-2,Modula-2,the contributor (the language heading the solution is filed under on rosettacode.org),RosettaCodeData@1d47586,,,,in-linguist;invented-ext,Task/Magnanimous-numbers/Modula-2/magnanimous-numbers.mod2,295
rosetta:6e39ca7c5b90,gold,.mod3,78a515e41b4583f5eeed1e56c63855925c2e242a,singly-linked-list-element-insertion.mod3,swh:1:cnt:78a515e41b4583f5eeed1e56c63855925c2e242a;origin=https://github.com/acmeism/RosettaCodeData;path=/Task/Singly-linked-list-Element-insertion/Modula-3/singly-linked-list-element-insertion.mod3,Modula-3,Modula-3,Modula-3,the contributor (the language heading the solution is filed under on rosettacode.org),RosettaCodeData@1d47586,,,,in-linguist;invented-ext,Task/Singly-linked-list-Element-insertion/Modula-3/singly-linked-list-element-insertion.mod3,180
rosetta:f6d77f255fe5,gold,.mod3,c037c8f8a4d629bd9d949ff5fc7f913ca86ce180,sorting-algorithms-bubble-sort.mod3,swh:1:cnt:c037c8f8a4d629bd9d949ff5fc7f913ca86ce180;origin=https://github.com/acmeism/RosettaCodeData;path=/Task/Sorting-algorithms-Bubble-sort/Modula-3/sorting-algorithms-bubble-sort.mod3,Modula-3,Modula-3,Modula-3,the contributor (the language heading the solution is filed under on rosettacode.org),RosettaCodeData@1d47586,,,,in-linguist;invented-ext,Task/Sorting-algorithms-Bubble-sort/Modula-3/sorting-algorithms-bubble-sort.mod3,180
rosetta:5aa027c4b118,gold,.mojo,6b85c237f614527be84508f5848204c83ea2dda5,legendre-prime-counting-function.mojo,swh:1:cnt:6b85c237f614527be84508f5848204c83ea2dda5;origin=https://github.com/acmeism/RosettaCodeData;path=/Task/Legendre-prime-counting-function/Mojo/legendre-prime-counting-function.mojo,Mojo,Mojo,Mojo,the contributor (the language heading the solution is filed under on rosettacode.org),RosettaCodeData@1d47586,,,,in-linguist;ambiguous-ext,Task/Legendre-prime-counting-function/Mojo/legendre-prime-counting-function.mojo,6
rosetta:86a4af1491eb,gold,.mojo,efcadd2ce621d8908aea99d72c769dfd1431104c,sieve-of-eratosthenes-2.mojo,swh:1:cnt:efcadd2ce621d8908aea99d72c769dfd1431104c;origin=https://github.com/acmeism/RosettaCodeData;path=/Task/Sieve-of-Eratosthenes/Mojo/sieve-of-eratosthenes-2.mojo,Mojo,Mojo,Mojo,the contributor (the language heading the solution is filed under on rosettacode.org),RosettaCodeData@1d47586,,,,in-linguist;ambiguous-ext,Task/Sieve-of-Eratosthenes/Mojo/sieve-of-eratosthenes-2.mojo,6
rosetta:387748ecdae9,gold,.mond,2a16f9b3db9916ab9248b129f15c0f567b81adb1,sorting-algorithms-quicksort-2.mond,swh:1:cnt:2a16f9b3db9916ab9248b129f15c0f567b81adb1;origin=https://github.com/acmeism/RosettaCodeData;path=/Task/Sorting-algorithms-Quicksort/Mond/sorting-algorithms-quicksort-2.mond,Mond,Mond,Mond,the contributor (the language heading the solution is filed under on rosettacode.org),RosettaCodeData@1d47586,,,,not-in-linguist;invented-ext;tiny,Task/Sorting-algorithms-Quicksort/Mond/sorting-algorithms-quicksort-2.mond,2
rosetta:890d84325921,gold,.monicelli,ae2d9ee103d302177596d4b369d4eaf41377debe,fibonacci-sequence.monicelli,swh:1:cnt:ae2d9ee103d302177596d4b369d4eaf41377debe;origin=https://github.com/acmeism/RosettaCodeData;path=/Task/Fibonacci-sequence/Monicelli/fibonacci-sequence.monicelli,Monicelli,Monicelli,Monicelli,the contributor (the language heading the solution is filed under on rosettacode.org),RosettaCodeData@1d47586,,,,not-in-linguist;invented-ext,Task/Fibonacci-sequence/Monicelli/fibonacci-sequence.monicelli,4
rosetta:b45cc215c14a,gold,.monicelli,1ba3a2b84db45206e7260fedfbdb3415c41446e4,greatest-common-divisor.monicelli,swh:1:cnt:1ba3a2b84db45206e7260fedfbdb3415c41446e4;origin=https://github.com/acmeism/RosettaCodeData;path=/Task/Greatest-common-divisor/Monicelli/greatest-common-divisor.monicelli,Monicelli,Monicelli,Monicelli,the contributor (the language heading the solution is filed under on rosettacode.org),RosettaCodeData@1d47586,,,,not-in-linguist;invented-ext,Task/Greatest-common-divisor/Monicelli/greatest-common-divisor.monicelli,4
rosetta:df7ef3f584c7,gold,.monkey,3cac705191775bf8ebcf08ee4b93723a3350edb0,99-bottles-of-beer.monkey,swh:1:cnt:3cac705191775bf8ebcf08ee4b93723a3350edb0;origin=https://github.com/acmeism/RosettaCodeData;path=/Task/99-bottles-of-beer/Monkey/99-bottles-of-beer.monkey,Monkey,Monkey,Monkey,the contributor (the language heading the solution is filed under on rosettacode.org),RosettaCodeData@1d47586,,,,in-linguist,Task/99-bottles-of-beer/Monkey/99-bottles-of-beer.monkey,1
rosetta:328f08f4b534,gold,.monte,4ab9e9d08b585b831899b6d1a00f9b77562df265,boolean-values.monte,swh:1:cnt:4ab9e9d08b585b831899b6d1a00f9b77562df265;origin=https://github.com/acmeism/RosettaCodeData;path=/Task/Boolean-values/Monte/boolean-values.monte,Monte,Monte,Monte,the contributor (the language heading the solution is filed under on rosettacode.org),RosettaCodeData@1d47586,,,,not-in-linguist;invented-ext;tiny,Task/Boolean-values/Monte/boolean-values.monte,11
rosetta:80c273a23038,gold,.monte,59a25e8ac0578e6dfbc49e221924392d6b49e6ab,comments.monte,swh:1:cnt:59a25e8ac0578e6dfbc49e221924392d6b49e6ab;origin=https://github.com/acmeism/RosettaCodeData;path=/Task/Comments/Monte/comments.monte,Monte,Monte,Monte,the contributor (the language heading the solution is filed under on rosettacode.org),RosettaCodeData@1d47586,,,,not-in-linguist;invented-ext,Task/Comments/Monte/comments.monte,11
rosetta:7b5b9e61c328,gold,.monti,9ce97b1c62f37d0d2743669ed4fac0ed2155be8e,99-bottles-of-beer-2.monti,swh:1:cnt:9ce97b1c62f37d0d2743669ed4fac0ed2155be8e;origin=https://github.com/acmeism/RosettaCodeData;path=/Task/99-bottles-of-beer/MontiLang/99-bottles-of-beer-2.monti,MontiLang,MontiLang,MontiLang,the contributor (the language heading the solution is filed under on rosettacode.org),RosettaCodeData@1d47586,,,,not-in-linguist;invented-ext,Task/99-bottles-of-beer/MontiLang/99-bottles-of-beer-2.monti,22
rosetta:c998bf7df3d7,gold,.monti,a35e51c2fcebf4ee803c3e8c42dc1374b94e4077,string-append-2.monti,swh:1:cnt:a35e51c2fcebf4ee803c3e8c42dc1374b94e4077;origin=https://github.com/acmeism/RosettaCodeData;path=/Task/String-append/MontiLang/string-append-2.monti,MontiLang,MontiLang,MontiLang,the contributor (the language heading the solution is filed under on rosettacode.org),RosettaCodeData@1d47586,,,,not-in-linguist;invented-ext;tiny,Task/String-append/MontiLang/string-append-2.monti,22
rosetta:bb00fce3c1df,gold,.moo,6aba3471bb4abfe04aa04ad367baa3967df6d8a7,loops-nested.moo,swh:1:cnt:6aba3471bb4abfe04aa04ad367baa3967df6d8a7;origin=https://github.com/acmeism/RosettaCodeData;path=/Task/Loops-Nested/MOO/loops-nested.moo,Moocode,MOO,Moocode;MOO,the contributor (the language heading the solution is filed under on rosettacode.org),RosettaCodeData@1d47586,,,,in-linguist;ambiguous-ext,Task/Loops-Nested/MOO/loops-nested.moo,18
rosetta:969a70a57fa4,gold,.moo,fee9b9f0ef5841f3ba0b2463b934e8724a00261c,multiplication-tables-1.moo,swh:1:cnt:fee9b9f0ef5841f3ba0b2463b934e8724a00261c;origin=https://github.com/acmeism/RosettaCodeData;path=/Task/Multiplication-tables/MOO/multiplication-tables-1.moo,Moocode,MOO,Moocode;MOO,the contributor (the language heading the solution is filed under on rosettacode.org),RosettaCodeData@1d47586,,,,in-linguist;ambiguous-ext,Task/Multiplication-tables/MOO/multiplication-tables-1.moo,18
rosetta:b9b78ca5d13c,gold,.moonbit,b1e79cd9fa6b3e459bc9fe290bfe25ab6bc1aa09,array-length.moonbit,swh:1:cnt:b1e79cd9fa6b3e459bc9fe290bfe25ab6bc1aa09;origin=https://github.com/acmeism/RosettaCodeData;path=/Task/Array-length/MoonBit/array-length.moonbit,MoonBit,MoonBit,MoonBit,the contributor (the language heading the solution is filed under on rosettacode.org),RosettaCodeData@1d47586,,,,in-linguist;invented-ext,Task/Array-length/MoonBit/array-length.moonbit,2
rosetta:d806e37532e1,gold,.moonbit,ba6b29183f811e3baff69d8431f15d2eddde3330,hello-world-text.moonbit,swh:1:cnt:ba6b29183f811e3baff69d8431f15d2eddde3330;origin=https://github.com/acmeism/RosettaCodeData;path=/Task/Hello-world-Text/MoonBit/hello-world-text.moonbit,MoonBit,MoonBit,MoonBit,the contributor (the language heading the solution is filed under on rosettacode.org),RosettaCodeData@1d47586,,,,in-linguist;invented-ext;tiny,Task/Hello-world-Text/MoonBit/hello-world-text.moonbit,2
rosetta:8795a54847eb,gold,.moonli,8656a9df4b50c7235ca2994980997bf8aea5de0f,a+b-2.moonli,swh:1:cnt:8656a9df4b50c7235ca2994980997bf8aea5de0f;origin=https://github.com/acmeism/RosettaCodeData;path=/Task/A+B/Moonli/a+b-2.moonli,Moonli,Moonli,Moonli,the contributor (the language heading the solution is filed under on rosettacode.org),RosettaCodeData@1d47586,,,,not-in-linguist;invented-ext,Task/A+B/Moonli/a+b-2.moonli,12
rosetta:6fdecf1b6de3,gold,.moonli,b6e10948ae597d71c890ffa3d135b1d4db751b42,fizzbuzz.moonli,swh:1:cnt:b6e10948ae597d71c890ffa3d135b1d4db751b42;origin=https://github.com/acmeism/RosettaCodeData;path=/Task/FizzBuzz/Moonli/fizzbuzz.moonli,Moonli,Moonli,Moonli,the contributor (the language heading the solution is filed under on rosettacode.org),RosettaCodeData@1d47586,,,,not-in-linguist;invented-ext,Task/FizzBuzz/Moonli/fizzbuzz.moonli,12
rosetta:5aab85d27b33,gold,.moonrock,c39fcfe4d2872a328d2906960749dc1754ab1680,day-of-the-week.moonrock,swh:1:cnt:c39fcfe4d2872a328d2906960749dc1754ab1680;origin=https://github.com/acmeism/RosettaCodeData;path=/Task/Day-of-the-week/MoonRock/day-of-the-week.moonrock,MoonRock,MoonRock,MoonRock,the contributor (the language heading the solution is filed under on rosettacode.org),RosettaCodeData@1d47586,,,,not-in-linguist;invented-ext,Task/Day-of-the-week/MoonRock/day-of-the-week.moonrock,12
rosetta:ce44f4f4376c,gold,.moonrock,bd4f263893ca952623de1aa7cc467fac073221de,factors-of-an-integer.moonrock,swh:1:cnt:bd4f263893ca952623de1aa7cc467fac073221de;origin=https://github.com/acmeism/RosettaCodeData;path=/Task/Factors-of-an-integer/MoonRock/factors-of-an-integer.moonrock,MoonRock,MoonRock,MoonRock,the contributor (the language heading the solution is filed under on rosettacode.org),RosettaCodeData@1d47586,,,,not-in-linguist;invented-ext,Task/Factors-of-an-integer/MoonRock/factors-of-an-integer.moonrock,12
rosetta:b9ca0a14afce,gold,.moon,a2af06ba688d1c5bdc1f3ec134881b8085c4ff4e,99-bottles-of-beer.moon,swh:1:cnt:a2af06ba688d1c5bdc1f3ec134881b8085c4ff4e;origin=https://github.com/acmeism/RosettaCodeData;path=/Task/99-bottles-of-beer/MoonScript/99-bottles-of-beer.moon,MoonScript,MoonScript,MoonScript,the contributor (the language heading the solution is filed under on rosettacode.org),RosettaCodeData@1d47586,,,,in-linguist,Task/99-bottles-of-beer/MoonScript/99-bottles-of-beer.moon,8
rosetta:6bd3b50fec7f,gold,.moon,9a9035e881563f53fb863d709d01e9260fe3c007,towers-of-hanoi.moon,swh:1:cnt:9a9035e881563f53fb863d709d01e9260fe3c007;origin=https://github.com/acmeism/RosettaCodeData;path=/Task/Towers-of-Hanoi/MoonScript/towers-of-hanoi.moon,MoonScript,MoonScript,MoonScript,the contributor (the language heading the solution is filed under on rosettacode.org),RosettaCodeData@1d47586,,,,in-linguist,Task/Towers-of-Hanoi/MoonScript/towers-of-hanoi.moon,8
rosetta:85dcab87633c,gold,.morfa,ec31736a9cdec7339d25f5efa7bedfaa21d95d3a,add-a-variable-to-a-class-instance-at-runtime.morfa,swh:1:cnt:ec31736a9cdec7339d25f5efa7bedfaa21d95d3a;origin=https://github.com/acmeism/RosettaCodeData;path=/Task/Add-a-variable-to-a-class-instance-at-runtime/Morfa/add-a-variable-to-a-class-instance-at-runtime.morfa,Morfa,Morfa,Morfa,the contributor (the language heading the solution is filed under on rosettacode.org),RosettaCodeData@1d47586,,,,not-in-linguist;invented-ext,Task/Add-a-variable-to-a-class-instance-at-runtime/Morfa/add-a-variable-to-a-class-instance-at-runtime.morfa,13
rosetta:d3e9a05685fb,gold,.morfa,21f45775717abb96dc13adc8fdfc3d20264b7327,higher-order-functions.morfa,swh:1:cnt:21f45775717abb96dc13adc8fdfc3d20264b7327;origin=https://github.com/acmeism/RosettaCodeData;path=/Task/Higher-order-functions/Morfa/higher-order-functions.morfa,Morfa,Morfa,Morfa,the contributor (the language heading the solution is filed under on rosettacode.org),RosettaCodeData@1d47586,,,,not-in-linguist;invented-ext,Task/Higher-order-functions/Morfa/higher-order-functions.morfa,13
rosetta:da21c784e1d8,gold,.mosaic,8cd54f7805ee1c13f9836948337c95c82963ad0b,a+b.mosaic,swh:1:cnt:8cd54f7805ee1c13f9836948337c95c82963ad0b;origin=https://github.com/acmeism/RosettaCodeData;path=/Task/A+B/Mosaic/a+b.mosaic,Mosaic,Mosaic,Mosaic,the contributor (the language heading the solution is filed under on rosettacode.org),RosettaCodeData@1d47586,,,,not-in-linguist;invented-ext,Task/A+B/Mosaic/a+b.mosaic,4
rosetta:d36584eee881,gold,.mosaic,5965b9c0de021f654891acf57b87c665d5d8a103,hello-world-text-1.mosaic,swh:1:cnt:5965b9c0de021f654891acf57b87c665d5d8a103;origin=https://github.com/acmeism/RosettaCodeData;path=/Task/Hello-world-Text/Mosaic/hello-world-text-1.mosaic,Mosaic,Mosaic,Mosaic,the contributor (the language heading the solution is filed under on rosettacode.org),RosettaCodeData@1d47586,,,,not-in-linguist;invented-ext;tiny,Task/Hello-world-Text/Mosaic/hello-world-text-1.mosaic,4
rosetta:ebe3c9060aa2,gold,.basic,4fc9007e72a39cd56271d0474a77fbb0eac9c56e,dragon-curve.basic,swh:1:cnt:4fc9007e72a39cd56271d0474a77fbb0eac9c56e;origin=https://github.com/acmeism/RosettaCodeData;path=/Task/Dragon-curve/MSX-Basic/dragon-curve.basic,MSX Basic,MSX Basic,MSX Basic,the contributor (the language heading the solution is filed under on rosettacode.org),RosettaCodeData@1d47586,,,,not-in-linguist;invented-ext,Task/Dragon-curve/MSX-Basic/dragon-curve.basic,74
rosetta:35c90e5ee1da,gold,.basic,127a23ef8a3286e37d4b736bdd53978893236138,exponentiation-order.basic,swh:1:cnt:127a23ef8a3286e37d4b736bdd53978893236138;origin=https://github.com/acmeism/RosettaCodeData;path=/Task/Exponentiation-order/MSX-Basic/exponentiation-order.basic,MSX Basic,MSX Basic,MSX Basic,the contributor (the language heading the solution is filed under on rosettacode.org),RosettaCodeData@1d47586,,,,not-in-linguist;invented-ext;tiny,Task/Exponentiation-order/MSX-Basic/exponentiation-order.basic,74
rosetta:be148f455ecd,gold,.muf,8ff63de4a15e6f3b270ed7b09fa7165b55f43e02,hello-world-text.muf,swh:1:cnt:8ff63de4a15e6f3b270ed7b09fa7165b55f43e02;origin=https://github.com/acmeism/RosettaCodeData;path=/Task/Hello-world-Text/MUF/hello-world-text.muf,MUF,MUF,MUF,the contributor (the language heading the solution is filed under on rosettacode.org),RosettaCodeData@1d47586,,,,in-linguist;tiny,Task/Hello-world-Text/MUF/hello-world-text.muf,1
rosetta:395b177ac12e,gold,.mumps,7e6bde9d8dbe722c99a4a558767f2d927ed1ba8b,24-game.mumps,swh:1:cnt:7e6bde9d8dbe722c99a4a558767f2d927ed1ba8b;origin=https://github.com/acmeism/RosettaCodeData;path=/Task/24-game/MUMPS/24-game.mumps,M,MUMPS,M;mumps;MUMPS,the contributor (the language heading the solution is filed under on rosettacode.org),RosettaCodeData@1d47586,,,,in-linguist,Task/24-game/MUMPS/24-game.mumps,130
rosetta:9faf6765cccf,gold,.mumps,45fb59da4ac629eb983ec43bd7822a81e7460ed4,generate-lower-case-ascii-alphabet-1.mumps,swh:1:cnt:45fb59da4ac629eb983ec43bd7822a81e7460ed4;origin=https://github.com/acmeism/RosettaCodeData;path=/Task/Generate-lower-case-ASCII-alphabet/MUMPS/generate-lower-case-ascii-alphabet-1.mumps,M,MUMPS,M;mumps;MUMPS,the contributor (the language heading the solution is filed under on rosettacode.org),RosettaCodeData@1d47586,,,,in-linguist,Task/Generate-lower-case-ASCII-alphabet/MUMPS/generate-lower-case-ascii-alphabet-1.mumps,130
rosetta:03de282f66f7,gold,.mydef,ac41a2667fc6a19b4ac9503e3f869229004fc2f3,99-bottles-of-beer.mydef,swh:1:cnt:ac41a2667fc6a19b4ac9503e3f869229004fc2f3;origin=https://github.com/acmeism/RosettaCodeData;path=/Task/99-bottles-of-beer/MyDef/99-bottles-of-beer.mydef,MyDef,MyDef,MyDef,the contributor (the language heading the solution is filed under on rosettacode.org),RosettaCodeData@1d47586,,,,not-in-linguist;invented-ext,Task/99-bottles-of-beer/MyDef/99-bottles-of-beer.mydef,6
rosetta:fa82b39dc3e4,gold,.myrddin,4de14511d62f67e828fb203e1403d96e0f57f176,100-doors.myrddin,swh:1:cnt:4de14511d62f67e828fb203e1403d96e0f57f176;origin=https://github.com/acmeism/RosettaCodeData;path=/Task/100-doors/Myrddin/100-doors.myrddin,Myrddin,Myrddin,Myrddin,the contributor (the language heading the solution is filed under on rosettacode.org),RosettaCodeData@1d47586,,,,not-in-linguist;invented-ext,Task/100-doors/Myrddin/100-doors.myrddin,3
rosetta:f585a24392c2,gold,.myrddin,a90fb4645436fe6ad886f5b34512c14b87955baa,calculating-the-value-of-e.myrddin,swh:1:cnt:a90fb4645436fe6ad886f5b34512c14b87955baa;origin=https://github.com/acmeism/RosettaCodeData;path=/Task/Calculating-the-value-of-e/Myrddin/calculating-the-value-of-e.myrddin,Myrddin,Myrddin,Myrddin,the contributor (the language heading the solution is filed under on rosettacode.org),RosettaCodeData@1d47586,,,,not-in-linguist;invented-ext,Task/Calculating-the-value-of-e/Myrddin/calculating-the-value-of-e.myrddin,3
rosetta:5bab4f0fd866,gold,.myrtle,1a0ec6ef9d9f75bcd488550933156cd02d494c75,factorial.myrtle,swh:1:cnt:1a0ec6ef9d9f75bcd488550933156cd02d494c75;origin=https://github.com/acmeism/RosettaCodeData;path=/Task/Factorial/MyrtleScript/factorial.myrtle,MyrtleScript,MyrtleScript,MyrtleScript,the contributor (the language heading the solution is filed under on rosettacode.org),RosettaCodeData@1d47586,,,,not-in-linguist;invented-ext,Task/Factorial/MyrtleScript/factorial.myrtle,2
rosetta:bc2dce8654db,gold,.myrtle,4560535edfe9c6164eaab3f7b705129698b77d6e,hello-world-text.myrtle,swh:1:cnt:4560535edfe9c6164eaab3f7b705129698b77d6e;origin=https://github.com/acmeism/RosettaCodeData;path=/Task/Hello-world-Text/MyrtleScript/hello-world-text.myrtle,MyrtleScript,MyrtleScript,MyrtleScript,the contributor (the language heading the solution is filed under on rosettacode.org),RosettaCodeData@1d47586,,,,not-in-linguist;invented-ext,Task/Hello-world-Text/MyrtleScript/hello-world-text.myrtle,2
rosetta:dbbfdd1a8959,gold,.sql,bf8bdec0e177f5840116c8cdcff208c661aa0c95,greatest-common-divisor.sql,swh:1:cnt:bf8bdec0e177f5840116c8cdcff208c661aa0c95;origin=https://github.com/acmeism/RosettaCodeData;path=/Task/Greatest-common-divisor/MySQL/greatest-common-divisor.sql,MySQL,MySQL,MySQL,the contributor (the language heading the solution is filed under on rosettacode.org),RosettaCodeData@1d47586,,,,not-in-linguist;misleading-ext;ambiguous-ext,Task/Greatest-common-divisor/MySQL/greatest-common-divisor.sql,6
rosetta:59253a63f873,gold,.sql,6fa5126ed53275d8f581c847e2b61c1df9657ed7,haversine-formula.sql,swh:1:cnt:6fa5126ed53275d8f581c847e2b61c1df9657ed7;origin=https://github.com/acmeism/RosettaCodeData;path=/Task/Haversine-formula/MySQL/haversine-formula.sql,MySQL,MySQL,MySQL,the contributor (the language heading the solution is filed under on rosettacode.org),RosettaCodeData@1d47586,,,,not-in-linguist;misleading-ext;ambiguous-ext,Task/Haversine-formula/MySQL/haversine-formula.sql,6
rosetta:a305d21e1986,gold,.ntroff,2f207dc430c4f2c384318d67572016c5bee4331d,parsing-rpn-calculator-algorithm-3.ntroff,swh:1:cnt:2f207dc430c4f2c384318d67572016c5bee4331d;origin=https://github.com/acmeism/RosettaCodeData;path=/Task/Parsing-RPN-calculator-algorithm/N-t-roff/parsing-rpn-calculator-algorithm-3.ntroff,Roff,N/t/roff,Roff;groff;man;manpage;man page;man-page;mdoc;nroff;troff;N/t/roff,the contributor (the language heading the solution is filed under on rosettacode.org),RosettaCodeData@1d47586,,,,in-linguist;invented-ext,Task/Parsing-RPN-calculator-algorithm/N-t-roff/parsing-rpn-calculator-algorithm-3.ntroff,23
rosetta:478172661df1,gold,.ntroff,ea2b39a2f03d13d8c9ff0185a89930f0581ffe49,sorting-algorithms-bubble-sort.ntroff,swh:1:cnt:ea2b39a2f03d13d8c9ff0185a89930f0581ffe49;origin=https://github.com/acmeism/RosettaCodeData;path=/Task/Sorting-algorithms-Bubble-sort/N-t-roff/sorting-algorithms-bubble-sort.ntroff,Roff,N/t/roff,Roff;groff;man;manpage;man page;man-page;mdoc;nroff;troff;N/t/roff,the contributor (the language heading the solution is filed under on rosettacode.org),RosettaCodeData@1d47586,,,,in-linguist;invented-ext,Task/Sorting-algorithms-Bubble-sort/N-t-roff/sorting-algorithms-bubble-sort.ntroff,23
rosetta:1681b2071ae7,gold,.nanoquery,188f91517d779a6bc82f321f7dd1877aa72846b9,day-of-the-week.nanoquery,swh:1:cnt:188f91517d779a6bc82f321f7dd1877aa72846b9;origin=https://github.com/acmeism/RosettaCodeData;path=/Task/Day-of-the-week/Nanoquery/day-of-the-week.nanoquery,Nanoquery,Nanoquery,Nanoquery,the contributor (the language heading the solution is filed under on rosettacode.org),RosettaCodeData@1d47586,,,,not-in-linguist;invented-ext,Task/Day-of-the-week/Nanoquery/day-of-the-week.nanoquery,204
rosetta:cc81560dedb1,gold,.nanoquery,d022b35839dc66ba87d42c38871e42dfea9efe54,evolutionary-algorithm.nanoquery,swh:1:cnt:d022b35839dc66ba87d42c38871e42dfea9efe54;origin=https://github.com/acmeism/RosettaCodeData;path=/Task/Evolutionary-algorithm/Nanoquery/evolutionary-algorithm.nanoquery,Nanoquery,Nanoquery,Nanoquery,the contributor (the language heading the solution is filed under on rosettacode.org),RosettaCodeData@1d47586,,,,not-in-linguist;invented-ext,Task/Evolutionary-algorithm/Nanoquery/evolutionary-algorithm.nanoquery,204
rosetta:d3ca8f688e82,gold,.basic,e24f49df6b3bd55de7588e40bb0887938a6b40af,almost-prime.basic,swh:1:cnt:e24f49df6b3bd55de7588e40bb0887938a6b40af;origin=https://github.com/acmeism/RosettaCodeData;path=/Task/Almost-prime/Nascom-BASIC/almost-prime.basic,Nascom BASIC,Nascom BASIC,Nascom BASIC,the contributor (the language heading the solution is filed under on rosettacode.org),RosettaCodeData@1d47586,,,,not-in-linguist;invented-ext,Task/Almost-prime/Nascom-BASIC/almost-prime.basic,25
rosetta:c613d1f991a3,gold,.basic,7ec572f959dc1f6f8d4ca1c49cd28540d2278b68,mayan-numerals.basic,swh:1:cnt:7ec572f959dc1f6f8d4ca1c49cd28540d2278b68;origin=https://github.com/acmeism/RosettaCodeData;path=/Task/Mayan-numerals/Nascom-BASIC/mayan-numerals.basic,Nascom BASIC,Nascom BASIC,Nascom BASIC,the contributor (the language heading the solution is filed under on rosettacode.org),RosettaCodeData@1d47586,,,,not-in-linguist;invented-ext,Task/Mayan-numerals/Nascom-BASIC/mayan-numerals.basic,25
rosetta:7cd9a9b53efe,gold,.nasl,ce9942d2fff9f0101f0a91795d148f05434b0155,99-bottles-of-beer.nasl,swh:1:cnt:ce9942d2fff9f0101f0a91795d148f05434b0155;origin=https://github.com/acmeism/RosettaCodeData;path=/Task/99-bottles-of-beer/NASL/99-bottles-of-beer.nasl,NASL,NASL,NASL,the contributor (the language heading the solution is filed under on rosettacode.org),RosettaCodeData@1d47586,,,,in-linguist,Task/99-bottles-of-beer/NASL/99-bottles-of-beer.nasl,1
rosetta:a6cf36ff72c9,gold,.natural,0c18dbbb4778dcf645b751303308c0be9eedeb34,99-bottles-of-beer.natural,swh:1:cnt:0c18dbbb4778dcf645b751303308c0be9eedeb34;origin=https://github.com/acmeism/RosettaCodeData;path=/Task/99-bottles-of-beer/NATURAL/99-bottles-of-beer.natural,NATURAL,NATURAL,NATURAL,the contributor (the language heading the solution is filed under on rosettacode.org),RosettaCodeData@1d47586,,,,not-in-linguist;invented-ext,Task/99-bottles-of-beer/NATURAL/99-bottles-of-beer.natural,3
rosetta:415e5a63b24e,gold,.natural,4e0213d7d3c439828cdc577d3bd4d21c38441d6a,fizzbuzz.natural,swh:1:cnt:4e0213d7d3c439828cdc577d3bd4d21c38441d6a;origin=https://github.com/acmeism/RosettaCodeData;path=/Task/FizzBuzz/NATURAL/fizzbuzz.natural,NATURAL,NATURAL,NATURAL,the contributor (the language heading the solution is filed under on rosettacode.org),RosettaCodeData@1d47586,,,,not-in-linguist;invented-ext,Task/FizzBuzz/NATURAL/fizzbuzz.natural,3
rosetta:bc14121ecc4f,gold,.neko,132c205481e5acf3b031a1651f960e66863823c4,loops-nested.neko,swh:1:cnt:132c205481e5acf3b031a1651f960e66863823c4;origin=https://github.com/acmeism/RosettaCodeData;path=/Task/Loops-Nested/Neko/loops-nested.neko,Neko,Neko,Neko,the contributor (the language heading the solution is filed under on rosettacode.org),RosettaCodeData@1d47586,,,,not-in-linguist;invented-ext,Task/Loops-Nested/Neko/loops-nested.neko,76
rosetta:adaed742de61,gold,.neko,7f11824e1ff0919e5af6c0d87222b8d1198ad36c,real-constants-and-functions.neko,swh:1:cnt:7f11824e1ff0919e5af6c0d87222b8d1198ad36c;origin=https://github.com/acmeism/RosettaCodeData;path=/Task/Real-constants-and-functions/Neko/real-constants-and-functions.neko,Neko,Neko,Neko,the contributor (the language heading the solution is filed under on rosettacode.org),RosettaCodeData@1d47586,,,,not-in-linguist;invented-ext,Task/Real-constants-and-functions/Neko/real-constants-and-functions.neko,76
rosetta:578d68e461b1,gold,.nemerle,20d267a13c2bd33b862028b4a8acb02a2b9b7192,dot-product.nemerle,swh:1:cnt:20d267a13c2bd33b862028b4a8acb02a2b9b7192;origin=https://github.com/acmeism/RosettaCodeData;path=/Task/Dot-product/Nemerle/dot-product.nemerle,Nemerle,Nemerle,Nemerle,the contributor (the language heading the solution is filed under on rosettacode.org),RosettaCodeData@1d47586,,,,in-linguist;invented-ext,Task/Dot-product/Nemerle/dot-product.nemerle,165
rosetta:5677cb2d8f8f,gold,.nemerle,6881cf4edeeb915009245bf036ac171392070eac,terminal-control-ringing-the-terminal-bell.nemerle,swh:1:cnt:6881cf4edeeb915009245bf036ac171392070eac;origin=https://github.com/acmeism/RosettaCodeData;path=/Task/Terminal-control-Ringing-the-terminal-bell/Nemerle/terminal-control-ringing-the-terminal-bell.nemerle,Nemerle,Nemerle,Nemerle,the contributor (the language heading the solution is filed under on rosettacode.org),RosettaCodeData@1d47586,,,,in-linguist;invented-ext,Task/Terminal-control-Ringing-the-terminal-bell/Nemerle/terminal-control-ringing-the-terminal-bell.nemerle,165
rosetta:fda6189928c7,gold,.nesl,09d8ce6f1fbcb7a579bca4b5e8476418ea782037,case-sensitivity-of-identifiers.nesl,swh:1:cnt:09d8ce6f1fbcb7a579bca4b5e8476418ea782037;origin=https://github.com/acmeism/RosettaCodeData;path=/Task/Case-sensitivity-of-identifiers/NESL/case-sensitivity-of-identifiers.nesl,NESL,NESL,NESL,the contributor (the language heading the solution is filed under on rosettacode.org),RosettaCodeData@1d47586,,,,not-in-linguist;invented-ext;tiny,Task/Case-sensitivity-of-identifiers/NESL/case-sensitivity-of-identifiers.nesl,9
rosetta:d5736cebdda2,gold,.nesl,77e1e3bc60d9ee3b494c018d7d4eedd16e709d62,empty-string.nesl,swh:1:cnt:77e1e3bc60d9ee3b494c018d7d4eedd16e709d62;origin=https://github.com/acmeism/RosettaCodeData;path=/Task/Empty-string/NESL/empty-string.nesl,NESL,NESL,NESL,the contributor (the language heading the solution is filed under on rosettacode.org),RosettaCodeData@1d47586,,,,not-in-linguist;invented-ext;tiny,Task/Empty-string/NESL/empty-string.nesl,9
rosetta:b0e0f31f0027,gold,.netlogo,d60169bdb9b79cc665bc0ba827de23066fe6c43c,apply-a-callback-to-an-array.netlogo,swh:1:cnt:d60169bdb9b79cc665bc0ba827de23066fe6c43c;origin=https://github.com/acmeism/RosettaCodeData;path=/Task/Apply-a-callback-to-an-array/NetLogo/apply-a-callback-to-an-array.netlogo,NetLogo,NetLogo,NetLogo,the contributor (the language heading the solution is filed under on rosettacode.org),RosettaCodeData@1d47586,,,,in-linguist;invented-ext;tiny,Task/Apply-a-callback-to-an-array/NetLogo/apply-a-callback-to-an-array.netlogo,9
rosetta:134186ef81d4,gold,.netlogo,c3ac6d977c61e2d8958fbb3d23e9092547ca1f6c,detect-division-by-zero.netlogo,swh:1:cnt:c3ac6d977c61e2d8958fbb3d23e9092547ca1f6c;origin=https://github.com/acmeism/RosettaCodeData;path=/Task/Detect-division-by-zero/NetLogo/detect-division-by-zero.netlogo,NetLogo,NetLogo,NetLogo,the contributor (the language heading the solution is filed under on rosettacode.org),RosettaCodeData@1d47586,,,,in-linguist;invented-ext,Task/Detect-division-by-zero/NetLogo/detect-division-by-zero.netlogo,9
rosetta:666deb39a5b6,gold,.netrexx,d9d6d9982f693fd29e7d8f01ef8b58cce8eecd84,flow-control-structures-3.netrexx,swh:1:cnt:d9d6d9982f693fd29e7d8f01ef8b58cce8eecd84;origin=https://github.com/acmeism/RosettaCodeData;path=/Task/Flow-control-structures/NetRexx/flow-control-structures-3.netrexx,NetRexx,NetRexx,NetRexx,the contributor (the language heading the solution is filed under on rosettacode.org),RosettaCodeData@1d47586,,,,not-in-linguist;invented-ext,Task/Flow-control-structures/NetRexx/flow-control-structures-3.netrexx,350
rosetta:05c1deada1f9,gold,.netrexx,342a940e2dafc74db757a5a1ac35f6cca8bd7fe3,middle-three-digits.netrexx,swh:1:cnt:342a940e2dafc74db757a5a1ac35f6cca8bd7fe3;origin=https://github.com/acmeism/RosettaCodeData;path=/Task/Middle-three-digits/NetRexx/middle-three-digits.netrexx,NetRexx,NetRexx,NetRexx,the contributor (the language heading the solution is filed under on rosettacode.org),RosettaCodeData@1d47586,,,,not-in-linguist;invented-ext,Task/Middle-three-digits/NetRexx/middle-three-digits.netrexx,350
rosetta:1439dfbd1f7e,gold,.never,35e755b289019034c1ab244ac3502130ea5d87be,execute-brain-.never,swh:1:cnt:35e755b289019034c1ab244ac3502130ea5d87be;origin=https://github.com/acmeism/RosettaCodeData;path=/Task/Execute-Brain-/Never/execute-brain-.never,Never,Never,Never,the contributor (the language heading the solution is filed under on rosettacode.org),RosettaCodeData@1d47586,,,,not-in-linguist;invented-ext,Task/Execute-Brain-/Never/execute-brain-.never,11
rosetta:f0ef063d0acd,gold,.never,bb8e0a7a9b17c9ea6c14ca4b0dd301db581e277e,first-class-functions-use-numbers-analogously.never,swh:1:cnt:bb8e0a7a9b17c9ea6c14ca4b0dd301db581e277e;origin=https://github.com/acmeism/RosettaCodeData;path=/Task/First-class-functions-Use-numbers-analogously/Never/first-class-functions-use-numbers-analogously.never,Never,Never,Never,the contributor (the language heading the solution is filed under on rosettacode.org),RosettaCodeData@1d47586,,,,not-in-linguist;invented-ext,Task/First-class-functions-Use-numbers-analogously/Never/first-class-functions-use-numbers-analogously.never,11
rosetta:c9af27ea6c6d,gold,.l,5b100375c217f71008dc44e6a48bda0314790a2b,extend-your-language.l,swh:1:cnt:5b100375c217f71008dc44e6a48bda0314790a2b;origin=https://github.com/acmeism/RosettaCodeData;path=/Task/Extend-your-language/NewLISP/extend-your-language.l,NewLisp,NewLISP,NewLisp;NewLISP,the contributor (the language heading the solution is filed under on rosettacode.org),RosettaCodeData@1d47586,,,,in-linguist;misleading-ext;ambiguous-ext,Task/Extend-your-language/NewLISP/extend-your-language.l,230
rosetta:b3f915c482a9,gold,.l,1c398facd86ee4060d0cf5a68b3d5e6e48c0a1b5,semiprime.l,swh:1:cnt:1c398facd86ee4060d0cf5a68b3d5e6e48c0a1b5;origin=https://github.com/acmeism/RosettaCodeData;path=/Task/Semiprime/NewLISP/semiprime.l,NewLisp,NewLISP,NewLisp;NewLISP,the contributor (the language heading the solution is filed under on rosettacode.org),RosettaCodeData@1d47586,,,,in-linguist;misleading-ext;ambiguous-ext,Task/Semiprime/NewLISP/semiprime.l,230
rosetta:d637dd3c6de9,gold,.newton,3d93d58ace6235a57358809bde8e5f6a5c8bd7db,fizzbuzz.newton,swh:1:cnt:3d93d58ace6235a57358809bde8e5f6a5c8bd7db;origin=https://github.com/acmeism/RosettaCodeData;path=/Task/FizzBuzz/NewtonScript/fizzbuzz.newton,NewtonScript,NewtonScript,NewtonScript,the contributor (the language heading the solution is filed under on rosettacode.org),RosettaCodeData@1d47586,,,,not-in-linguist;invented-ext,Task/FizzBuzz/NewtonScript/fizzbuzz.newton,1
rosetta:fb04ca0c338c,gold,.ngs,e5c1342968c2c58c690136fa9581c89b1c5f7342,apply-a-callback-to-an-array.ngs,swh:1:cnt:e5c1342968c2c58c690136fa9581c89b1c5f7342;origin=https://github.com/acmeism/RosettaCodeData;path=/Task/Apply-a-callback-to-an-array/NGS/apply-a-callback-to-an-array.ngs,NGS,NGS,NGS,the contributor (the language heading the solution is filed under on rosettacode.org),RosettaCodeData@1d47586,,,,not-in-linguist;invented-ext;tiny,Task/Apply-a-callback-to-an-array/NGS/apply-a-callback-to-an-array.ngs,11
rosetta:0d14ba85f2ff,gold,.ngs,286a847b8a4308ef4bfcf5e938a956f9ada534e7,flatten-a-list.ngs,swh:1:cnt:286a847b8a4308ef4bfcf5e938a956f9ada534e7;origin=https://github.com/acmeism/RosettaCodeData;path=/Task/Flatten-a-list/NGS/flatten-a-list.ngs,NGS,NGS,NGS,the contributor (the language heading the solution is filed under on rosettacode.org),RosettaCodeData@1d47586,,,,not-in-linguist;invented-ext,Task/Flatten-a-list/NGS/flatten-a-list.ngs,11
rosetta:236816718e83,gold,.nial,9e34fdcc87ecf5cd2f9b19fb3a0f359b23e11d04,99-bottles-of-beer.nial,swh:1:cnt:9e34fdcc87ecf5cd2f9b19fb3a0f359b23e11d04;origin=https://github.com/acmeism/RosettaCodeData;path=/Task/99-bottles-of-beer/Nial/99-bottles-of-beer.nial,Nial,Nial,Nial,the contributor (the language heading the solution is filed under on rosettacode.org),RosettaCodeData@1d47586,,,,not-in-linguist;invented-ext,Task/99-bottles-of-beer/Nial/99-bottles-of-beer.nial,68
rosetta:9f38a8f68b10,gold,.nial,90e3eee5828ccb3392b88838ab9035ea62e52977,tokenize-a-string-4.nial,swh:1:cnt:90e3eee5828ccb3392b88838ab9035ea62e52977;origin=https://github.com/acmeism/RosettaCodeData;path=/Task/Tokenize-a-string/Nial/tokenize-a-string-4.nial,Nial,Nial,Nial,the contributor (the language heading the solution is filed under on rosettacode.org),RosettaCodeData@1d47586,,,,not-in-linguist;invented-ext,Task/Tokenize-a-string/Nial/tokenize-a-string-4.nial,68
rosetta:89c180fb9507,gold,.nickle,49f160cd90329c2f977f817f5987f5ed3215bb1c,fizzbuzz.nickle,swh:1:cnt:49f160cd90329c2f977f817f5987f5ed3215bb1c;origin=https://github.com/acmeism/RosettaCodeData;path=/Task/FizzBuzz/Nickle/fizzbuzz.nickle,Nickle,Nickle,Nickle,the contributor (the language heading the solution is filed under on rosettacode.org),RosettaCodeData@1d47586,,,,not-in-linguist;invented-ext,Task/FizzBuzz/Nickle/fizzbuzz.nickle,4
rosetta:e22c9d299497,gold,.nickle,2baa38f8b33a7c9fedc2df6c1f99fd2ec71b7718,primorial-numbers.nickle,swh:1:cnt:2baa38f8b33a7c9fedc2df6c1f99fd2ec71b7718;origin=https://github.com/acmeism/RosettaCodeData;path=/Task/Primorial-numbers/Nickle/primorial-numbers.nickle,Nickle,Nickle,Nickle,the contributor (the language heading the solution is filed under on rosettacode.org),RosettaCodeData@1d47586,,,,not-in-linguist;invented-ext,Task/Primorial-numbers/Nickle/primorial-numbers.nickle,4
rosetta:0d5c028f8090,gold,.night,39409ef5096904e4df0f26fd22105314cbea29e1,99-bottles-of-beer.night,swh:1:cnt:39409ef5096904e4df0f26fd22105314cbea29e1;origin=https://github.com/acmeism/RosettaCodeData;path=/Task/99-bottles-of-beer/Night/99-bottles-of-beer.night,Night,Night,Night,the contributor (the language heading the solution is filed under on rosettacode.org),RosettaCodeData@1d47586,,,,not-in-linguist;invented-ext,Task/99-bottles-of-beer/Night/99-bottles-of-beer.night,1
rosetta:4abfcf102753,gold,.nim,08bc065ca273068a1bf5990ac314be640ab23f0c,composite-numbers-k-with-no-single-digit-factors-whose-factors-are-all-substrings-of-k.nim,swh:1:cnt:08bc065ca273068a1bf5990ac314be640ab23f0c;origin=https://github.com/acmeism/RosettaCodeData;path=/Task/Composite-numbers-k-with-no-single-digit-factors-whose-factors-are-all-substrings-of-k/Nim/composite-numbers-k-with-no-single-digit-factors-whose-factors-are-all-substrings-of-k.nim,Nim,Nim,Nim,the contributor (the language heading the solution is filed under on rosettacode.org),RosettaCodeData@1d47586,,,,in-linguist,Task/Composite-numbers-k-with-no-single-digit-factors-whose-factors-are-all-substrings-of-k/Nim/composite-numbers-k-with-no-single-digit-factors-whose-factors-are-all-substrings-of-k.nim,1871
rosetta:b3b62ea40e5d,gold,.nim,ddfcd06f15753e0beece5827cc9cd9c19281eda8,tuppers-self-referential-formula.nim,swh:1:cnt:ddfcd06f15753e0beece5827cc9cd9c19281eda8;origin=https://github.com/acmeism/RosettaCodeData;path=/Task/Tuppers-self-referential-formula/Nim/tuppers-self-referential-formula.nim,Nim,Nim,Nim,the contributor (the language heading the solution is filed under on rosettacode.org),RosettaCodeData@1d47586,,,,in-linguist,Task/Tuppers-self-referential-formula/Nim/tuppers-self-referential-formula.nim,1871
rosetta:2ba7482d2b06,gold,.nit,25da3549f76b62d8c932cda9e16b4584a6f331d8,24-game.nit,swh:1:cnt:25da3549f76b62d8c932cda9e16b4584a6f331d8;origin=https://github.com/acmeism/RosettaCodeData;path=/Task/24-game/Nit/24-game.nit,Nit,Nit,Nit,the contributor (the language heading the solution is filed under on rosettacode.org),RosettaCodeData@1d47586,,,,in-linguist,Task/24-game/Nit/24-game.nit,7
rosetta:5e11a4a806ad,gold,.nit,f9b97090f7f19ba6b6f78b65cfb21b2affe36f0e,accumulator-factory.nit,swh:1:cnt:f9b97090f7f19ba6b6f78b65cfb21b2affe36f0e;origin=https://github.com/acmeism/RosettaCodeData;path=/Task/Accumulator-factory/Nit/accumulator-factory.nit,Nit,Nit,Nit,the contributor (the language heading the solution is filed under on rosettacode.org),RosettaCodeData@1d47586,,,,in-linguist,Task/Accumulator-factory/Nit/accumulator-factory.nit,7
rosetta:c9c66fa1590a,gold,.niue,5432c6eb74174f869a33e436c5337768f9697770,factorial.niue,swh:1:cnt:5432c6eb74174f869a33e436c5337768f9697770;origin=https://github.com/acmeism/RosettaCodeData;path=/Task/Factorial/Niue/factorial.niue,Niue,Niue,Niue,the contributor (the language heading the solution is filed under on rosettacode.org),RosettaCodeData@1d47586,,,,not-in-linguist;invented-ext;tiny,Task/Factorial/Niue/factorial.niue,7
rosetta:74252a856abe,gold,.niue,092132fbd9bc114145a4bbd9e7e979b1c71ec018,sieve-of-eratosthenes.niue,swh:1:cnt:092132fbd9bc114145a4bbd9e7e979b1c71ec018;origin=https://github.com/acmeism/RosettaCodeData;path=/Task/Sieve-of-Eratosthenes/Niue/sieve-of-eratosthenes.niue,Niue,Niue,Niue,the contributor (the language heading the solution is filed under on rosettacode.org),RosettaCodeData@1d47586,,,,not-in-linguist;invented-ext,Task/Sieve-of-Eratosthenes/Niue/sieve-of-eratosthenes.niue,7
rosetta:9b120ee53405,gold,.nix,242fc13f49c5ffbb5d07ada71bf504ba5e5d5b93,fizzbuzz.nix,swh:1:cnt:242fc13f49c5ffbb5d07ada71bf504ba5e5d5b93;origin=https://github.com/acmeism/RosettaCodeData;path=/Task/FizzBuzz/Nix/fizzbuzz.nix,Nix,Nix,Nix;nixos,the contributor (the language heading the solution is filed under on rosettacode.org),RosettaCodeData@1d47586,,,,in-linguist,Task/FizzBuzz/Nix/fizzbuzz.nix,9
rosetta:869cc3711bcb,gold,.nix,104ffe77d361da436947184eb866362224b8369a,mandelbrot-set.nix,swh:1:cnt:104ffe77d361da436947184eb866362224b8369a;origin=https://github.com/acmeism/RosettaCodeData;path=/Task/Mandelbrot-set/Nix/mandelbrot-set.nix,Nix,Nix,Nix;nixos,the contributor (the language heading the solution is filed under on rosettacode.org),RosettaCodeData@1d47586,,,,in-linguist,Task/Mandelbrot-set/Nix/mandelbrot-set.nix,9
rosetta:0b87350f9ea1,gold,.nlp++,a1c449f00d45ccbe051fbfe7c6591e428a64838f,hello-world-text.nlp++,swh:1:cnt:a1c449f00d45ccbe051fbfe7c6591e428a64838f;origin=https://github.com/acmeism/RosettaCodeData;path=/Task/Hello-world-Text/NLP++/hello-world-text.nlp++,NLP++,NLP++,NLP++,the contributor (the language heading the solution is filed under on rosettacode.org),RosettaCodeData@1d47586,,,,not-in-linguist;invented-ext;tiny,Task/Hello-world-Text/NLP++/hello-world-text.nlp++,1
rosetta:37fd31beae57,gold,.num,c9015973c5604a8b4229c1cec5760cc8f193658e,empty-string.num,swh:1:cnt:c9015973c5604a8b4229c1cec5760cc8f193658e;origin=https://github.com/acmeism/RosettaCodeData;path=/Task/Empty-string/Nom/empty-string.num,Nom,Nom,Nom,the contributor (the language heading the solution is filed under on rosettacode.org),RosettaCodeData@1d47586,,,,not-in-linguist;invented-ext,Task/Empty-string/Nom/empty-string.num,10
rosetta:8ec2079a0a8c,gold,.num,e65a1925eddf5f2d0026ace41a8a7d9af3be821a,odd-word-problem.num,swh:1:cnt:e65a1925eddf5f2d0026ace41a8a7d9af3be821a;origin=https://github.com/acmeism/RosettaCodeData;path=/Task/Odd-word-problem/Nom/odd-word-problem.num,Nom,Nom,Nom,the contributor (the language heading the solution is filed under on rosettacode.org),RosettaCodeData@1d47586,,,,not-in-linguist;invented-ext,Task/Odd-word-problem/Nom/odd-word-problem.num,10
rosetta:13172de6ddbc,gold,.nowut,4e516d8bfc7a1d190c11844330011a890d4517c5,crc-32.nowut,swh:1:cnt:4e516d8bfc7a1d190c11844330011a890d4517c5;origin=https://github.com/acmeism/RosettaCodeData;path=/Task/CRC-32/NOWUT/crc-32.nowut,NOWUT,NOWUT,NOWUT,the contributor (the language heading the solution is filed under on rosettacode.org),RosettaCodeData@1d47586,,,,not-in-linguist;invented-ext,Task/CRC-32/NOWUT/crc-32.nowut,2
rosetta:acabb8904333,gold,.nowut,673f3cbb879bdb59ed0f0a3262f8b853b26f81fa,gray-code.nowut,swh:1:cnt:673f3cbb879bdb59ed0f0a3262f8b853b26f81fa;origin=https://github.com/acmeism/RosettaCodeData;path=/Task/Gray-code/NOWUT/gray-code.nowut,NOWUT,NOWUT,NOWUT,the contributor (the language heading the solution is filed under on rosettacode.org),RosettaCodeData@1d47586,,,,not-in-linguist;invented-ext,Task/Gray-code/NOWUT/gray-code.nowut,2
rosetta:41ff3b49da73,gold,.basic,12cac67cfd29334583f159c648c0fd57ab35db01,loops-foreach.basic,swh:1:cnt:12cac67cfd29334583f159c648c0fd57ab35db01;origin=https://github.com/acmeism/RosettaCodeData;path=/Task/Loops-Foreach/NS-HUBASIC/loops-foreach.basic,NS-HUBASIC,NS-HUBASIC,NS-HUBASIC,the contributor (the language heading the solution is filed under on rosettacode.org),RosettaCodeData@1d47586,,,,not-in-linguist;invented-ext,Task/Loops-Foreach/NS-HUBASIC/loops-foreach.basic,45
rosetta:c5e908d87255,gold,.basic,d56e66f9cfd92be29beee4561875a87f16d97330,loops-n-plus-one-half.basic,swh:1:cnt:d56e66f9cfd92be29beee4561875a87f16d97330;origin=https://github.com/acmeism/RosettaCodeData;path=/Task/Loops-N-plus-one-half/NS-HUBASIC/loops-n-plus-one-half.basic,NS-HUBASIC,NS-HUBASIC,NS-HUBASIC,the contributor (the language heading the solution is filed under on rosettacode.org),RosettaCodeData@1d47586,,,,not-in-linguist;invented-ext,Task/Loops-N-plus-one-half/NS-HUBASIC/loops-n-plus-one-half.basic,45
rosetta:ee7804299c71,gold,.nsis,a8dc3fb58fa84a355f015f8351bb09ce27226f8e,arrays.nsis,swh:1:cnt:a8dc3fb58fa84a355f015f8351bb09ce27226f8e;origin=https://github.com/acmeism/RosettaCodeData;path=/Task/Arrays/NSIS/arrays.nsis,NSIS,NSIS,NSIS,the contributor (the language heading the solution is filed under on rosettacode.org),RosettaCodeData@1d47586,,,,in-linguist;invented-ext,Task/Arrays/NSIS/arrays.nsis,7
rosetta:79ea9dd4169c,gold,.nsis,75363c13e2330620d91ea912bcfe2187c30bd99d,comments.nsis,swh:1:cnt:75363c13e2330620d91ea912bcfe2187c30bd99d;origin=https://github.com/acmeism/RosettaCodeData;path=/Task/Comments/NSIS/comments.nsis,NSIS,NSIS,NSIS,the contributor (the language heading the solution is filed under on rosettacode.org),RosettaCodeData@1d47586,,,,in-linguist;invented-ext,Task/Comments/NSIS/comments.nsis,7
rosetta:b79c0a794613,gold,.nu,8027759c4e1cb75cb09d3716babe6aba2b726d5e,last-friday-of-each-month.nu,swh:1:cnt:8027759c4e1cb75cb09d3716babe6aba2b726d5e;origin=https://github.com/acmeism/RosettaCodeData;path=/Task/Last-Friday-of-each-month/Nu/last-friday-of-each-month.nu,Nushell,Nu,Nushell;nu-script;nushell-script,the contributor (the language heading the solution is filed under on rosettacode.org),RosettaCodeData@1d47586,,,,in-linguist;ambiguous-ext,Task/Last-Friday-of-each-month/Nu/last-friday-of-each-month.nu,161
rosetta:ea82ab437ca4,gold,.nu,33419a3a794e4eee20e4a929501badabfd1961cb,odd-and-square-numbers.nu,swh:1:cnt:33419a3a794e4eee20e4a929501badabfd1961cb;origin=https://github.com/acmeism/RosettaCodeData;path=/Task/Odd-and-square-numbers/Nu/odd-and-square-numbers.nu,Nushell,Nu,Nushell;nu-script;nushell-script,the contributor (the language heading the solution is filed under on rosettacode.org),RosettaCodeData@1d47586,,,,in-linguist;ambiguous-ext;tiny,Task/Odd-and-square-numbers/Nu/odd-and-square-numbers.nu,161
rosetta:18f0fdcbfe90,gold,.nutt,5b0625667eb43143e42bbdbd3337fd168f0cb812,a+b.nutt,swh:1:cnt:5b0625667eb43143e42bbdbd3337fd168f0cb812;origin=https://github.com/acmeism/RosettaCodeData;path=/Task/A+B/Nutt/a+b.nutt,Nutt,Nutt,Nutt,the contributor (the language heading the solution is filed under on rosettacode.org),RosettaCodeData@1d47586,,,,not-in-linguist;invented-ext,Task/A+B/Nutt/a+b.nutt,8
rosetta:4b61d7d2951f,gold,.nutt,62ae4008500e04d2c8c340603f9589d002605aff,hello-world-text.nutt,swh:1:cnt:62ae4008500e04d2c8c340603f9589d002605aff;origin=https://github.com/acmeism/RosettaCodeData;path=/Task/Hello-world-Text/Nutt/hello-world-text.nutt,Nutt,Nutt,Nutt,the contributor (the language heading the solution is filed under on rosettacode.org),RosettaCodeData@1d47586,,,,not-in-linguist;invented-ext;tiny,Task/Hello-world-Text/Nutt/hello-world-text.nutt,8
rosetta:73a4fb96def1,gold,.nyquist,7974e9a55fbd32a0aa75dab7a8c2b20b255cdd8c,factorial-2.nyquist,swh:1:cnt:7974e9a55fbd32a0aa75dab7a8c2b20b255cdd8c;origin=https://github.com/acmeism/RosettaCodeData;path=/Task/Factorial/Nyquist/factorial-2.nyquist,Nyquist,Nyquist,Nyquist,the contributor (the language heading the solution is filed under on rosettacode.org),RosettaCodeData@1d47586,,,,not-in-linguist;invented-ext;tiny,Task/Factorial/Nyquist/factorial-2.nyquist,14
rosetta:e8263faf3e1e,gold,.nyquist,7d79ed1755fe5507a48acd55220bd7cf5b9bb4c0,hello-world-graphical-2.nyquist,swh:1:cnt:7d79ed1755fe5507a48acd55220bd7cf5b9bb4c0;origin=https://github.com/acmeism/RosettaCodeData;path=/Task/Hello-world-Graphical/Nyquist/hello-world-graphical-2.nyquist,Nyquist,Nyquist,Nyquist,the contributor (the language heading the solution is filed under on rosettacode.org),RosettaCodeData@1d47586,,,,not-in-linguist;invented-ext,Task/Hello-world-Graphical/Nyquist/hello-world-graphical-2.nyquist,14
rosetta:74bf5dfc2e8c,gold,.oasys,1963b379da9fef311c1c7295bee33b0d37404fb5,99-bottles-of-beer.oasys,swh:1:cnt:1963b379da9fef311c1c7295bee33b0d37404fb5;origin=https://github.com/acmeism/RosettaCodeData;path=/Task/99-bottles-of-beer/OASYS/99-bottles-of-beer.oasys,OASYS,OASYS,OASYS,the contributor (the language heading the solution is filed under on rosettacode.org),RosettaCodeData@1d47586,,,,not-in-linguist;invented-ext,Task/99-bottles-of-beer/OASYS/99-bottles-of-beer.oasys,2
rosetta:c1db5bacb9a5,gold,.oasys,531012fdec40da4f39fa3ef999e0698983ba4ef6,function-definition.oasys,swh:1:cnt:531012fdec40da4f39fa3ef999e0698983ba4ef6;origin=https://github.com/acmeism/RosettaCodeData;path=/Task/Function-definition/OASYS/function-definition.oasys,OASYS,OASYS,OASYS,the contributor (the language heading the solution is filed under on rosettacode.org),RosettaCodeData@1d47586,,,,not-in-linguist;invented-ext;tiny,Task/Function-definition/OASYS/function-definition.oasys,2
rosetta:42e6189f16a6,gold,.oasys,58b293c16e29fe942670a11cb3f68593b75a9a11,thue-morse.oasys,swh:1:cnt:58b293c16e29fe942670a11cb3f68593b75a9a11;origin=https://github.com/acmeism/RosettaCodeData;path=/Task/Thue-Morse/OASYS-Assembler/thue-morse.oasys,OASYS Assembler,OASYS Assembler,OASYS Assembler,the contributor (the language heading the solution is filed under on rosettacode.org),RosettaCodeData@1d47586,,,,not-in-linguist;invented-ext,Task/Thue-Morse/OASYS-Assembler/thue-morse.oasys,7
rosetta:19b40d9bb6d1,gold,.oasys,b3aebaaa85b5b70866dd0d98138aea26f9e20371,type-detection.oasys,swh:1:cnt:b3aebaaa85b5b70866dd0d98138aea26f9e20371;origin=https://github.com/acmeism/RosettaCodeData;path=/Task/Type-detection/OASYS-Assembler/type-detection.oasys,OASYS Assembler,OASYS Assembler,OASYS Assembler,the contributor (the language heading the solution is filed under on rosettacode.org),RosettaCodeData@1d47586,,,,not-in-linguist;invented-ext,Task/Type-detection/OASYS-Assembler/type-detection.oasys,7
rosetta:49a0799a76c3,gold,.oberon,8f747c0e5a8a60662c793b0b48b21414cd61aa18,empty-string.oberon,swh:1:cnt:8f747c0e5a8a60662c793b0b48b21414cd61aa18;origin=https://github.com/acmeism/RosettaCodeData;path=/Task/Empty-string/Oberon/empty-string.oberon,Oberon,Oberon,Oberon,the contributor (the language heading the solution is filed under on rosettacode.org),RosettaCodeData@1d47586,,,,in-linguist;invented-ext,Task/Empty-string/Oberon/empty-string.oberon,147
rosetta:a5646bfe6c5b,gold,.oberon,802fd290de09f06a688e00756ef1dfb75a2e7b7a,string-length-2.oberon,swh:1:cnt:802fd290de09f06a688e00756ef1dfb75a2e7b7a;origin=https://github.com/acmeism/RosettaCodeData;path=/Task/String-length/Oberon/string-length-2.oberon,Oberon,Oberon,Oberon,the contributor (the language heading the solution is filed under on rosettacode.org),RosettaCodeData@1d47586,,,,in-linguist;invented-ext,Task/String-length/Oberon/string-length-2.oberon,147
rosetta:ff77a69f73cc,gold,.oberon,77a8def6ecf617c02a0a87f1ea58b6a6742c8ece,extra-primes.oberon,swh:1:cnt:77a8def6ecf617c02a0a87f1ea58b6a6742c8ece;origin=https://github.com/acmeism/RosettaCodeData;path=/Task/Extra-primes/Oberon-07/extra-primes.oberon,Oberon-07,Oberon-07,Oberon-07,the contributor (the language heading the solution is filed under on rosettacode.org),RosettaCodeData@1d47586,,,,not-in-linguist;invented-ext,Task/Extra-primes/Oberon-07/extra-primes.oberon,112
rosetta:6b65e5159906,gold,.oberon,ca17ea9146471498c2118aa0798a7aeea221f2fd,shoelace-formula-for-polygonal-area.oberon,swh:1:cnt:ca17ea9146471498c2118aa0798a7aeea221f2fd;origin=https://github.com/acmeism/RosettaCodeData;path=/Task/Shoelace-formula-for-polygonal-area/Oberon-07/shoelace-formula-for-polygonal-area.oberon,Oberon-07,Oberon-07,Oberon-07,the contributor (the language heading the solution is filed under on rosettacode.org),RosettaCodeData@1d47586,,,,not-in-linguist;invented-ext,Task/Shoelace-formula-for-polygonal-area/Oberon-07/shoelace-formula-for-polygonal-area.oberon,112
rosetta:f813cf4e2a3e,gold,.objeck,909f6a0fc6797c79ef8c18f58fdaae81afec7f72,associative-array-iteration.objeck,swh:1:cnt:909f6a0fc6797c79ef8c18f58fdaae81afec7f72;origin=https://github.com/acmeism/RosettaCodeData;path=/Task/Associative-array-Iteration/Objeck/associative-array-iteration.objeck,Objeck,Objeck,Objeck,the contributor (the language heading the solution is filed under on rosettacode.org),RosettaCodeData@1d47586,,,,not-in-linguist;invented-ext,Task/Associative-array-Iteration/Objeck/associative-array-iteration.objeck,360
rosetta:14688bc16175,gold,.objeck,6ae606f63561cbfcfad7281171bf5e2df8d9c4b6,chaocipher.objeck,swh:1:cnt:6ae606f63561cbfcfad7281171bf5e2df8d9c4b6;origin=https://github.com/acmeism/RosettaCodeData;path=/Task/Chaocipher/Objeck/chaocipher.objeck,Objeck,Objeck,Objeck,the contributor (the language heading the solution is filed under on rosettacode.org),RosettaCodeData@1d47586,,,,not-in-linguist;invented-ext,Task/Chaocipher/Objeck/chaocipher.objeck,360
rosetta:0a978eeea4fb,gold,.pas,0b34935ea3cf283af92832422a9028d598315956,file-input-output.pas,swh:1:cnt:0b34935ea3cf283af92832422a9028d598315956;origin=https://github.com/acmeism/RosettaCodeData;path=/Task/File-input-output/Object-Pascal/file-input-output.pas,Pascal,Object Pascal,Pascal;delphi;objectpascal;Object Pascal,the contributor (the language heading the solution is filed under on rosettacode.org),RosettaCodeData@1d47586,,,,in-linguist,Task/File-input-output/Object-Pascal/file-input-output.pas,10
rosetta:00eabc2f5138,gold,.pas,5e2f0f4d0de5ad604477062de29778a38b46116d,pseudo-random-numbers-splitmix64.pas,swh:1:cnt:5e2f0f4d0de5ad604477062de29778a38b46116d;origin=https://github.com/acmeism/RosettaCodeData;path=/Task/Pseudo-random-numbers-Splitmix64/Object-Pascal/pseudo-random-numbers-splitmix64.pas,Pascal,Object Pascal,Pascal;delphi;objectpascal;Object Pascal,the contributor (the language heading the solution is filed under on rosettacode.org),RosettaCodeData@1d47586,,,,in-linguist,Task/Pseudo-random-numbers-Splitmix64/Object-Pascal/pseudo-random-numbers-splitmix64.pas,10
rosetta:5b98f2da2e36,gold,.oi,4af3f714fc3c0b2da4d5dca603883a585bcc4e35,continued-fraction-arithmetic-g-matrix-ng-continued-fraction-n1-continued-fraction-n2-.oi,swh:1:cnt:4af3f714fc3c0b2da4d5dca603883a585bcc4e35;origin=https://github.com/acmeism/RosettaCodeData;path=/Task/Continued-fraction-Arithmetic-G-matrix-ng-continued-fraction-n1-continued-fraction-n2-/ObjectIcon/continued-fraction-arithmetic-g-matrix-ng-continued-fraction-n1-continued-fraction-n2-.oi,ObjectIcon,ObjectIcon,ObjectIcon,the contributor (the language heading the solution is filed under on rosettacode.org),RosettaCodeData@1d47586,,,,not-in-linguist;invented-ext,Task/Continued-fraction-Arithmetic-G-matrix-ng-continued-fraction-n1-continued-fraction-n2-/ObjectIcon/continued-fraction-arithmetic-g-matrix-ng-continued-fraction-n1-continued-fraction-n2-.oi,27
rosetta:5d4c783ee01e,gold,.oi,54ff4d9a9e2a91578ccd32f8bbe9469e0f250205,isqrt-integer-square-root-of-x.oi,swh:1:cnt:54ff4d9a9e2a91578ccd32f8bbe9469e0f250205;origin=https://github.com/acmeism/RosettaCodeData;path=/Task/Isqrt-integer-square-root-of-X/ObjectIcon/isqrt-integer-square-root-of-x.oi,ObjectIcon,ObjectIcon,ObjectIcon,the contributor (the language heading the solution is filed under on rosettacode.org),RosettaCodeData@1d47586,,,,not-in-linguist;invented-ext,Task/Isqrt-integer-square-root-of-X/ObjectIcon/isqrt-integer-square-root-of-x.oi,27
rosetta:6851eb6b1201,gold,.m,fecd4e1e08d5c52468899c42974deb7b6a248008,determine-if-a-string-is-numeric-1.m,swh:1:cnt:fecd4e1e08d5c52468899c42974deb7b6a248008;origin=https://github.com/acmeism/RosettaCodeData;path=/Task/Determine-if-a-string-is-numeric/Objective-C/determine-if-a-string-is-numeric-1.m,Objective-C,Objective-C,Objective-C;obj-c;objc;objectivec,the contributor (the language heading the solution is filed under on rosettacode.org),RosettaCodeData@1d47586,,,,in-linguist;ambiguous-ext,Task/Determine-if-a-string-is-numeric/Objective-C/determine-if-a-string-is-numeric-1.m,243
rosetta:535fd2912f30,gold,.m,62c44777cef3312bce449020799444c48be5a4b7,fibonacci-sequence-2.m,swh:1:cnt:62c44777cef3312bce449020799444c48be5a4b7;origin=https://github.com/acmeism/RosettaCodeData;path=/Task/Fibonacci-sequence/Objective-C/fibonacci-sequence-2.m,Objective-C,Objective-C,Objective-C;obj-c;objc;objectivec,the contributor (the language heading the solution is filed under on rosettacode.org),RosettaCodeData@1d47586,,,,in-linguist;ambiguous-ext,Task/Fibonacci-sequence/Objective-C/fibonacci-sequence-2.m,243
rosetta:84f7732d2f27,gold,.ml,db6b7b94ace937d87761807574df579f6c50ac8c,pangram-checker-2.ml,swh:1:cnt:db6b7b94ace937d87761807574df579f6c50ac8c;origin=https://github.com/acmeism/RosettaCodeData;path=/Task/Pangram-checker/OCaml/pangram-checker-2.ml,OCaml,OCaml,OCaml,the contributor (the language heading the solution is filed under on rosettacode.org),RosettaCodeData@1d47586,,,,in-linguist;ambiguous-ext,Task/Pangram-checker/OCaml/pangram-checker-2.ml,1079
rosetta:796e7c6679e0,gold,.ml,66559c66dff994c7bdd25013e69306c5ca1bd911,terminal-control-cursor-positioning.ml,swh:1:cnt:66559c66dff994c7bdd25013e69306c5ca1bd911;origin=https://github.com/acmeism/RosettaCodeData;path=/Task/Terminal-control-Cursor-positioning/OCaml/terminal-control-cursor-positioning.ml,OCaml,OCaml,OCaml,the contributor (the language heading the solution is filed under on rosettacode.org),RosettaCodeData@1d47586,,,,in-linguist;ambiguous-ext,Task/Terminal-control-Cursor-positioning/OCaml/terminal-control-cursor-positioning.ml,1079
rosetta:fe737d54704f,gold,.occam,ce075074762e9e004fd0ff11d59ccb4daca76f89,hello-world-text.occam,swh:1:cnt:ce075074762e9e004fd0ff11d59ccb4daca76f89;origin=https://github.com/acmeism/RosettaCodeData;path=/Task/Hello-world-Text/Occam/hello-world-text.occam,Occam,Occam,Occam,the contributor (the language heading the solution is filed under on rosettacode.org),RosettaCodeData@1d47586,,,,not-in-linguist;invented-ext;tiny,Task/Hello-world-Text/Occam/hello-world-text.occam,2
rosetta:d73cc42a7d46,gold,.occam,235adf3c06c4096933621d4db0e296a8ccd34d40,loops-infinite.occam,swh:1:cnt:235adf3c06c4096933621d4db0e296a8ccd34d40;origin=https://github.com/acmeism/RosettaCodeData;path=/Task/Loops-Infinite/Occam/loops-infinite.occam,Occam,Occam,Occam,the contributor (the language heading the solution is filed under on rosettacode.org),RosettaCodeData@1d47586,,,,not-in-linguist;invented-ext,Task/Loops-Infinite/Occam/loops-infinite.occam,2
rosetta:de6c3432ce77,gold,.octave,e51483f355e84083125ddd762a1f864e84aa33fe,arithmetic-complex.octave,swh:1:cnt:e51483f355e84083125ddd762a1f864e84aa33fe;origin=https://github.com/acmeism/RosettaCodeData;path=/Task/Arithmetic-Complex/Octave/arithmetic-complex.octave,MATLAB,Octave,MATLAB;octave;Octave,the contributor (the language heading the solution is filed under on rosettacode.org),RosettaCodeData@1d47586,,,,in-linguist;invented-ext,Task/Arithmetic-Complex/Octave/arithmetic-complex.octave,165
rosetta:1cf5f80f12d4,gold,.octave,4cc72c42b5427661d32014f3cd7df250265facdf,comments.octave,swh:1:cnt:4cc72c42b5427661d32014f3cd7df250265facdf;origin=https://github.com/acmeism/RosettaCodeData;path=/Task/Comments/Octave/comments.octave,MATLAB,Octave,MATLAB;octave;Octave,the contributor (the language heading the solution is filed under on rosettacode.org),RosettaCodeData@1d47586,,,,in-linguist;invented-ext,Task/Comments/Octave/comments.octave,165
rosetta:bd67dfa4f0a3,gold,.odin,76ca6e0ae8b75f748dc2dc74bc304b897060e153,inheritance-single.odin,swh:1:cnt:76ca6e0ae8b75f748dc2dc74bc304b897060e153;origin=https://github.com/acmeism/RosettaCodeData;path=/Task/Inheritance-Single/Odin/inheritance-single.odin,Odin,Odin,Odin;odinlang;odin-lang,the contributor (the language heading the solution is filed under on rosettacode.org),RosettaCodeData@1d47586,,,,in-linguist;ambiguous-ext,Task/Inheritance-Single/Odin/inheritance-single.odin,85
rosetta:ec91a8b56371,gold,.odin,ce06c4e0acdf0da9a2cabc317fd880bfa24b4c3a,strip-a-set-of-characters-from-a-string-2.odin,swh:1:cnt:ce06c4e0acdf0da9a2cabc317fd880bfa24b4c3a;origin=https://github.com/acmeism/RosettaCodeData;path=/Task/Strip-a-set-of-characters-from-a-string/Odin/strip-a-set-of-characters-from-a-string-2.odin,Odin,Odin,Odin;odinlang;odin-lang,the contributor (the language heading the solution is filed under on rosettacode.org),RosettaCodeData@1d47586,,,,in-linguist;ambiguous-ext,Task/Strip-a-set-of-characters-from-a-string/Odin/strip-a-set-of-characters-from-a-string-2.odin,85
rosetta:b1a6272b6c22,gold,.fth,645007a9792e7308be0be8fbffb6a7eaa9021fd5,string-matching.fth,swh:1:cnt:645007a9792e7308be0be8fbffb6a7eaa9021fd5;origin=https://github.com/acmeism/RosettaCodeData;path=/Task/String-matching/Oforth/string-matching.fth,Oforth,Oforth,Oforth,the contributor (the language heading the solution is filed under on rosettacode.org),RosettaCodeData@1d47586,,,,not-in-linguist;misleading-ext,Task/String-matching/Oforth/string-matching.fth,345
rosetta:83c98ef49458,gold,.fth,c2cbb4fc9f16cce1f01318391428a75d1b01e555,towers-of-hanoi.fth,swh:1:cnt:c2cbb4fc9f16cce1f01318391428a75d1b01e555;origin=https://github.com/acmeism/RosettaCodeData;path=/Task/Towers-of-Hanoi/Oforth/towers-of-hanoi.fth,Oforth,Oforth,Oforth,the contributor (the language heading the solution is filed under on rosettacode.org),RosettaCodeData@1d47586,,,,not-in-linguist;misleading-ext,Task/Towers-of-Hanoi/Oforth/towers-of-hanoi.fth,345
rosetta:fe247afdf196,gold,.ol,6fb1dcdba7cbadaab67aec3d06318015b95814ba,maze-generation-2.ol,swh:1:cnt:6fb1dcdba7cbadaab67aec3d06318015b95814ba;origin=https://github.com/acmeism/RosettaCodeData;path=/Task/Maze-generation/Ol/maze-generation-2.ol,Ol,Ol,Ol,the contributor (the language heading the solution is filed under on rosettacode.org),RosettaCodeData@1d47586,,,,not-in-linguist;misleading-ext,Task/Maze-generation/Ol/maze-generation-2.ol,200
rosetta:fd51b2fc0cf0,gold,.ol,39b9b79105356cf994e6d6b2ab4a00227ff44de3,multifactorial-1.ol,swh:1:cnt:39b9b79105356cf994e6d6b2ab4a00227ff44de3;origin=https://github.com/acmeism/RosettaCodeData;path=/Task/Multifactorial/Ol/multifactorial-1.ol,Ol,Ol,Ol,the contributor (the language heading the solution is filed under on rosettacode.org),RosettaCodeData@1d47586,,,,not-in-linguist;misleading-ext,Task/Multifactorial/Ol/multifactorial-1.ol,200
rosetta:21c6dc48f9ae,gold,.omega,537c941a5d5e23bb0616f891e913970277478602,proof.omega,swh:1:cnt:537c941a5d5e23bb0616f891e913970277478602;origin=https://github.com/acmeism/RosettaCodeData;path=/Task/Proof/Omega/proof.omega,Omega,Omega,Omega,the contributor (the language heading the solution is filed under on rosettacode.org),RosettaCodeData@1d47586,,,,not-in-linguist;invented-ext,Task/Proof/Omega/proof.omega,1
rosetta:5882ca00a3a8,gold,.xom,69c54a13fc81d17be24204e693930c5c17cc6f50,camel-case-and-snake-case.xom,swh:1:cnt:69c54a13fc81d17be24204e693930c5c17cc6f50;origin=https://github.com/acmeism/RosettaCodeData;path=/Task/Camel-case-and-snake-case/OmniMark/camel-case-and-snake-case.xom,OmniMark,OmniMark,OmniMark,the contributor (the language heading the solution is filed under on rosettacode.org),RosettaCodeData@1d47586,,,,not-in-linguist;invented-ext,Task/Camel-case-and-snake-case/OmniMark/camel-case-and-snake-case.xom,27
rosetta:15c575c257c4,gold,.xom,2228377659f151020b1b10dcc6706a30bcb7ce8a,remove-vowels-from-a-string-1.xom,swh:1:cnt:2228377659f151020b1b10dcc6706a30bcb7ce8a;origin=https://github.com/acmeism/RosettaCodeData;path=/Task/Remove-vowels-from-a-string/OmniMark/remove-vowels-from-a-string-1.xom,OmniMark,OmniMark,OmniMark,the contributor (the language heading the solution is filed under on rosettacode.org),RosettaCodeData@1d47586,,,,not-in-linguist;invented-ext;tiny,Task/Remove-vowels-from-a-string/OmniMark/remove-vowels-from-a-string-1.xom,27
rosetta:e1b9045dca83,gold,.onyx,38ba9fcc41f7fd0431fbcd78e3457806a1f1efef,99-bottles-of-beer.onyx,swh:1:cnt:38ba9fcc41f7fd0431fbcd78e3457806a1f1efef;origin=https://github.com/acmeism/RosettaCodeData;path=/Task/99-bottles-of-beer/Onyx/99-bottles-of-beer.onyx,Onyx,Onyx,Onyx,the contributor (the language heading the solution is filed under on rosettacode.org),RosettaCodeData@1d47586,,,,not-in-linguist;invented-ext,Task/99-bottles-of-beer/Onyx/99-bottles-of-beer.onyx,8
rosetta:ede7b9fb4d8b,gold,.onyx,6fa3b926f96015bf4663d102884744fbd9c51deb,arithmetic-integer.onyx,swh:1:cnt:6fa3b926f96015bf4663d102884744fbd9c51deb;origin=https://github.com/acmeism/RosettaCodeData;path=/Task/Arithmetic-Integer/Onyx/arithmetic-integer.onyx,Onyx,Onyx,Onyx,the contributor (the language heading the solution is filed under on rosettacode.org),RosettaCodeData@1d47586,,,,not-in-linguist;invented-ext,Task/Arithmetic-Integer/Onyx/arithmetic-integer.onyx,8
rosetta:ef02b45bd78e,gold,.onyx,0ce967aae26c30952d06c1f9378d75e766c898db,almost-prime-2.onyx,swh:1:cnt:0ce967aae26c30952d06c1f9378d75e766c898db;origin=https://github.com/acmeism/RosettaCodeData;path=/Task/Almost-prime/Onyx-(wasm)/almost-prime-2.onyx,Onyx (wasm),Onyx (wasm),Onyx (wasm),the contributor (the language heading the solution is filed under on rosettacode.org),RosettaCodeData@1d47586,,,,not-in-linguist;invented-ext,Task/Almost-prime/Onyx-(wasm)/almost-prime-2.onyx,7
rosetta:19be7afb7b18,gold,.onyx,64534f6e3627411cea600f9ffb14bf93cbc476f9,fibonacci-sequence.onyx,swh:1:cnt:64534f6e3627411cea600f9ffb14bf93cbc476f9;origin=https://github.com/acmeism/RosettaCodeData;path=/Task/Fibonacci-sequence/Onyx-(wasm)/fibonacci-sequence.onyx,Onyx (wasm),Onyx (wasm),Onyx (wasm),the contributor (the language heading the solution is filed under on rosettacode.org),RosettaCodeData@1d47586,,,,not-in-linguist;invented-ext,Task/Fibonacci-sequence/Onyx-(wasm)/fibonacci-sequence.onyx,7
rosetta:f6d0c1cd670e,gold,.ooc,d6f56929297a49c603ae62f6a7a1bca937ad6dc3,fizzbuzz.ooc,swh:1:cnt:d6f56929297a49c603ae62f6a7a1bca937ad6dc3;origin=https://github.com/acmeism/RosettaCodeData;path=/Task/FizzBuzz/OOC/fizzbuzz.ooc,ooc,OOC,ooc;OOC,the contributor (the language heading the solution is filed under on rosettacode.org),RosettaCodeData@1d47586,,,,in-linguist,Task/FizzBuzz/OOC/fizzbuzz.ooc,15
rosetta:42257eaebdea,gold,.ooc,7d73a2d306eddaff1ff87173106407cef23c7b3e,logical-operations.ooc,swh:1:cnt:7d73a2d306eddaff1ff87173106407cef23c7b3e;origin=https://github.com/acmeism/RosettaCodeData;path=/Task/Logical-operations/OOC/logical-operations.ooc,ooc,OOC,ooc;OOC,the contributor (the language heading the solution is filed under on rosettacode.org),RosettaCodeData@1d47586,,,,in-linguist,Task/Logical-operations/OOC/logical-operations.ooc,15
rosetta:36d38727e0dd,gold,.rexx,041cc28646c8614c662fe9276968873374402c51,magic-8-ball.rexx,swh:1:cnt:041cc28646c8614c662fe9276968873374402c51;origin=https://github.com/acmeism/RosettaCodeData;path=/Task/Magic-8-ball/OoRexx/magic-8-ball.rexx,OoRexx,OoRexx,OoRexx,the contributor (the language heading the solution is filed under on rosettacode.org),RosettaCodeData@1d47586,,,,not-in-linguist;misleading-ext,Task/Magic-8-ball/OoRexx/magic-8-ball.rexx,306
rosetta:4504d6cb41ab,gold,.rexx,69ee55dccd49ac6f70bf1c23482c6e8c5a1bd5b9,walk-a-directory-recursively-2.rexx,swh:1:cnt:69ee55dccd49ac6f70bf1c23482c6e8c5a1bd5b9;origin=https://github.com/acmeism/RosettaCodeData;path=/Task/Walk-a-directory-Recursively/OoRexx/walk-a-directory-recursively-2.rexx,OoRexx,OoRexx,OoRexx,the contributor (the language heading the solution is filed under on rosettacode.org),RosettaCodeData@1d47586,,,,not-in-linguist;misleading-ext,Task/Walk-a-directory-Recursively/OoRexx/walk-a-directory-recursively-2.rexx,306
rosetta:08544efa85e6,gold,.openedge,df231367b2341eb61a51069eda8e7d4afcd5e9c6,csv-to-html-translation-1.openedge,swh:1:cnt:df231367b2341eb61a51069eda8e7d4afcd5e9c6;origin=https://github.com/acmeism/RosettaCodeData;path=/Task/CSV-to-HTML-translation/OpenEdge-Progress/csv-to-html-translation-1.openedge,OpenEdge ABL,OpenEdge/Progress,OpenEdge ABL;progress;openedge;abl;OpenEdge/Progress,the contributor (the language heading the solution is filed under on rosettacode.org),RosettaCodeData@1d47586,,,,in-linguist;invented-ext,Task/CSV-to-HTML-translation/OpenEdge-Progress/csv-to-html-translation-1.openedge,57
rosetta:eb7bc45f549b,gold,.openedge,eac39340b3645e0a714dc6d393923ef344d60083,string-length-1.openedge,swh:1:cnt:eac39340b3645e0a714dc6d393923ef344d60083;origin=https://github.com/acmeism/RosettaCodeData;path=/Task/String-length/OpenEdge-Progress/string-length-1.openedge,OpenEdge ABL,OpenEdge/Progress,OpenEdge ABL;progress;openedge;abl;OpenEdge/Progress,the contributor (the language heading the solution is filed under on rosettacode.org),RosettaCodeData@1d47586,,,,in-linguist;invented-ext;tiny,Task/String-length/OpenEdge-Progress/string-length-1.openedge,57
rosetta:d2f748983999,gold,.l,675edcf9987ba8d7fcfd088290e41cc45e6dac2d,hello-world-text.l,swh:1:cnt:675edcf9987ba8d7fcfd088290e41cc45e6dac2d;origin=https://github.com/acmeism/RosettaCodeData;path=/Task/Hello-world-Text/OpenLisp/hello-world-text.l,OpenLisp,OpenLisp,OpenLisp,the contributor (the language heading the solution is filed under on rosettacode.org),RosettaCodeData@1d47586,,,,not-in-linguist;misleading-ext;ambiguous-ext;tiny,Task/Hello-world-Text/OpenLisp/hello-world-text.l,2
rosetta:6d243cca22ce,gold,.scad,89f62356c25d4e6c12aa5a043cbed95ba4640f89,circles-of-given-radius-through-two-points.scad,swh:1:cnt:89f62356c25d4e6c12aa5a043cbed95ba4640f89;origin=https://github.com/acmeism/RosettaCodeData;path=/Task/Circles-of-given-radius-through-two-points/Openscad/circles-of-given-radius-through-two-points.scad,OpenSCAD,Openscad,OpenSCAD;Openscad,the contributor (the language heading the solution is filed under on rosettacode.org),RosettaCodeData@1d47586,,,,in-linguist,Task/Circles-of-given-radius-through-two-points/Openscad/circles-of-given-radius-through-two-points.scad,18
rosetta:4f6620404959,gold,.scad,c42e9b5f509ec0275c50ea51c1c4edcc6dc1da46,ramer-douglas-peucker-line-simplification.scad,swh:1:cnt:c42e9b5f509ec0275c50ea51c1c4edcc6dc1da46;origin=https://github.com/acmeism/RosettaCodeData;path=/Task/Ramer-Douglas-Peucker-line-simplification/Openscad/ramer-douglas-peucker-line-simplification.scad,OpenSCAD,Openscad,OpenSCAD;Openscad,the contributor (the language heading the solution is filed under on rosettacode.org),RosettaCodeData@1d47586,,,,in-linguist,Task/Ramer-Douglas-Peucker-line-simplification/Openscad/ramer-douglas-peucker-line-simplification.scad,18
rosetta:4c6c5605212d,gold,.opl,57ff051b5531236b08df8b94f05551a7f9f99cd7,arrays.opl,swh:1:cnt:57ff051b5531236b08df8b94f05551a7f9f99cd7;origin=https://github.com/acmeism/RosettaCodeData;path=/Task/Arrays/OPL/arrays.opl,OPL,OPL,OPL,the contributor (the language heading the solution is filed under on rosettacode.org),RosettaCodeData@1d47586,,,,not-in-linguist;invented-ext,Task/Arrays/OPL/arrays.opl,28
rosetta:dc6c1b363173,gold,.opl,9a8062d239e1c5a0efa1a5f6915beb1769b45c73,compare-length-of-two-strings-1.opl,swh:1:cnt:9a8062d239e1c5a0efa1a5f6915beb1769b45c73;origin=https://github.com/acmeism/RosettaCodeData;path=/Task/Compare-length-of-two-strings/OPL/compare-length-of-two-strings-1.opl,OPL,OPL,OPL,the contributor (the language heading the solution is filed under on rosettacode.org),RosettaCodeData@1d47586,,,,not-in-linguist;invented-ext,Task/Compare-length-of-two-strings/OPL/compare-length-of-two-strings-1.opl,28
rosetta:ee503dd0328a,gold,.order,fcf45ea16872b2ea830e97946cacfd48c474d069,factorial-1.order,swh:1:cnt:fcf45ea16872b2ea830e97946cacfd48c474d069;origin=https://github.com/acmeism/RosettaCodeData;path=/Task/Factorial/Order/factorial-1.order,Order,Order,Order,the contributor (the language heading the solution is filed under on rosettacode.org),RosettaCodeData@1d47586,,,,not-in-linguist;invented-ext,Task/Factorial/Order/factorial-1.order,36
rosetta:75d4231f2f99,gold,.order,d0a77b2d9f398b7704e2850f71395cef916c2157,mutual-recursion.order,swh:1:cnt:d0a77b2d9f398b7704e2850f71395cef916c2157;origin=https://github.com/acmeism/RosettaCodeData;path=/Task/Mutual-recursion/Order/mutual-recursion.order,Order,Order,Order,the contributor (the language heading the solution is filed under on rosettacode.org),RosettaCodeData@1d47586,,,,not-in-linguist;invented-ext,Task/Mutual-recursion/Order/mutual-recursion.order,36
rosetta:9cd8f7fe8411,gold,.l,e69c2bfec6bd33c564c0738c680aebbfe603285c,continued-fraction-arithmetic-g-matrix-ng-continued-fraction-n1-continued-fraction-n2-.l,swh:1:cnt:e69c2bfec6bd33c564c0738c680aebbfe603285c;origin=https://github.com/acmeism/RosettaCodeData;path=/Task/Continued-fraction-Arithmetic-G-matrix-ng-continued-fraction-n1-continued-fraction-n2-/Owl-Lisp/continued-fraction-arithmetic-g-matrix-ng-continued-fraction-n1-continued-fraction-n2-.l,Owl Lisp,Owl Lisp,Owl Lisp,the contributor (the language heading the solution is filed under on rosettacode.org),RosettaCodeData@1d47586,,,,not-in-linguist;misleading-ext;ambiguous-ext,Task/Continued-fraction-Arithmetic-G-matrix-ng-continued-fraction-n1-continued-fraction-n2-/Owl-Lisp/continued-fraction-arithmetic-g-matrix-ng-continued-fraction-n1-continued-fraction-n2-.l,4
rosetta:d1cf3e69dddb,gold,.l,ee5c85dcf357b44851382e2feef11896fa5cf5c1,modular-arithmetic.l,swh:1:cnt:ee5c85dcf357b44851382e2feef11896fa5cf5c1;origin=https://github.com/acmeism/RosettaCodeData;path=/Task/Modular-arithmetic/Owl-Lisp/modular-arithmetic.l,Owl Lisp,Owl Lisp,Owl Lisp,the contributor (the language heading the solution is filed under on rosettacode.org),RosettaCodeData@1d47586,,,,not-in-linguist;misleading-ext;ambiguous-ext,Task/Modular-arithmetic/Owl-Lisp/modular-arithmetic.l,4
rosetta:f5404fe471c5,gold,.basic,e586d22a9cd3dbd09ea1891caf4b96a78185c048,cullen-and-woodall-numbers.basic,swh:1:cnt:e586d22a9cd3dbd09ea1891caf4b96a78185c048;origin=https://github.com/acmeism/RosettaCodeData;path=/Task/Cullen-and-Woodall-numbers/OxygenBasic/cullen-and-woodall-numbers.basic,OxygenBasic,OxygenBasic,OxygenBasic,the contributor (the language heading the solution is filed under on rosettacode.org),RosettaCodeData@1d47586,,,,not-in-linguist;invented-ext,Task/Cullen-and-Woodall-numbers/OxygenBasic/cullen-and-woodall-numbers.basic,113
rosetta:0ffef42e8f0c,gold,.basic,b32391224f57778dcc3d3738a46d94feff615fae,priority-queue.basic,swh:1:cnt:b32391224f57778dcc3d3738a46d94feff615fae;origin=https://github.com/acmeism/RosettaCodeData;path=/Task/Priority-queue/OxygenBasic/priority-queue.basic,OxygenBasic,OxygenBasic,OxygenBasic,the contributor (the language heading the solution is filed under on rosettacode.org),RosettaCodeData@1d47586,,,,not-in-linguist;invented-ext,Task/Priority-queue/OxygenBasic/priority-queue.basic,113
rosetta:fd4e16948b3b,gold,.oxy,5fc3a8fccbd375152421d5b846e81cd32db0f3fe,99-bottles-of-beer-2.oxy,swh:1:cnt:5fc3a8fccbd375152421d5b846e81cd32db0f3fe;origin=https://github.com/acmeism/RosettaCodeData;path=/Task/99-bottles-of-beer/Oxygene/99-bottles-of-beer-2.oxy,Oxygene,Oxygene,Oxygene,the contributor (the language heading the solution is filed under on rosettacode.org),RosettaCodeData@1d47586,,,,in-linguist;invented-ext,Task/99-bottles-of-beer/Oxygene/99-bottles-of-beer-2.oxy,9
rosetta:f14fd3ffe7b3,gold,.oxy,9ecee53973e727134c58c59a28880f6b5bf40ec0,a+b.oxy,swh:1:cnt:9ecee53973e727134c58c59a28880f6b5bf40ec0;origin=https://github.com/acmeism/RosettaCodeData;path=/Task/A+B/Oxygene/a+b.oxy,Oxygene,Oxygene,Oxygene,the contributor (the language heading the solution is filed under on rosettacode.org),RosettaCodeData@1d47586,,,,in-linguist;invented-ext,Task/A+B/Oxygene/a+b.oxy,9
rosetta:773ee1eb4821,gold,.oz,9584b9e80f4e9251135148b0954eaf690bf83950,lucas-lehmer-test.oz,swh:1:cnt:9584b9e80f4e9251135148b0954eaf690bf83950;origin=https://github.com/acmeism/RosettaCodeData;path=/Task/Lucas-Lehmer-test/Oz/lucas-lehmer-test.oz,Oz,Oz,Oz,the contributor (the language heading the solution is filed under on rosettacode.org),RosettaCodeData@1d47586,,,,in-linguist,Task/Lucas-Lehmer-test/Oz/lucas-lehmer-test.oz,345
rosetta:02780a2b6d93,gold,.oz,4e7499db4f6a156e96a580b5c2495a0e581c5323,sum-and-product-of-an-array-2.oz,swh:1:cnt:4e7499db4f6a156e96a580b5c2495a0e581c5323;origin=https://github.com/acmeism/RosettaCodeData;path=/Task/Sum-and-product-of-an-array/Oz/sum-and-product-of-an-array-2.oz,Oz,Oz,Oz,the contributor (the language heading the solution is filed under on rosettacode.org),RosettaCodeData@1d47586,,,,in-linguist,Task/Sum-and-product-of-an-array/Oz/sum-and-product-of-an-array-2.oz,345
rosetta:e2e0054f61b5,gold,.basic,1b9416aca7383dcbb6f8a4c39564eb0506146ad3,factors-of-an-integer.basic,swh:1:cnt:1b9416aca7383dcbb6f8a4c39564eb0506146ad3;origin=https://github.com/acmeism/RosettaCodeData;path=/Task/Factors-of-an-integer/Palo-Alto-Tiny-BASIC/factors-of-an-integer.basic,Palo Alto Tiny BASIC,Palo Alto Tiny BASIC,Palo Alto Tiny BASIC,the contributor (the language heading the solution is filed under on rosettacode.org),RosettaCodeData@1d47586,,,,not-in-linguist;invented-ext,Task/Factors-of-an-integer/Palo-Alto-Tiny-BASIC/factors-of-an-integer.basic,14
rosetta:da289fd41d4d,gold,.basic,da804f979d7f6544ea8cc0875f716b976227d474,sum-digits-of-an-integer.basic,swh:1:cnt:da804f979d7f6544ea8cc0875f716b976227d474;origin=https://github.com/acmeism/RosettaCodeData;path=/Task/Sum-digits-of-an-integer/Palo-Alto-Tiny-BASIC/sum-digits-of-an-integer.basic,Palo Alto Tiny BASIC,Palo Alto Tiny BASIC,Palo Alto Tiny BASIC,the contributor (the language heading the solution is filed under on rosettacode.org),RosettaCodeData@1d47586,,,,not-in-linguist;invented-ext,Task/Sum-digits-of-an-integer/Palo-Alto-Tiny-BASIC/sum-digits-of-an-integer.basic,14
rosetta:dddc340c735d,gold,.panda,f191cc5031dd2b7e4fed10a91bb6b4c70a9ba016,loops-for-with-a-specified-step.panda,swh:1:cnt:f191cc5031dd2b7e4fed10a91bb6b4c70a9ba016;origin=https://github.com/acmeism/RosettaCodeData;path=/Task/Loops-For-with-a-specified-step/Panda/loops-for-with-a-specified-step.panda,Panda,Panda,Panda,the contributor (the language heading the solution is filed under on rosettacode.org),RosettaCodeData@1d47586,,,,not-in-linguist;invented-ext,Task/Loops-For-with-a-specified-step/Panda/loops-for-with-a-specified-step.panda,12
rosetta:04dadc731ef0,gold,.panda,fcb0fb55fa48e805946fd01e878f0185f048084c,primality-by-trial-division.panda,swh:1:cnt:fcb0fb55fa48e805946fd01e878f0185f048084c;origin=https://github.com/acmeism/RosettaCodeData;path=/Task/Primality-by-trial-division/Panda/primality-by-trial-division.panda,Panda,Panda,Panda,the contributor (the language heading the solution is filed under on rosettacode.org),RosettaCodeData@1d47586,,,,not-in-linguist;invented-ext;tiny,Task/Primality-by-trial-division/Panda/primality-by-trial-division.panda,12
rosetta:a80e161a7fc9,gold,.panoramic,f9e3ae1ff8ac75c5fe0cbcbe2e09359d5dce59d2,address-of-a-variable.panoramic,swh:1:cnt:f9e3ae1ff8ac75c5fe0cbcbe2e09359d5dce59d2;origin=https://github.com/acmeism/RosettaCodeData;path=/Task/Address-of-a-variable/Panoramic/address-of-a-variable.panoramic,Panoramic,Panoramic,Panoramic,the contributor (the language heading the solution is filed under on rosettacode.org),RosettaCodeData@1d47586,,,,not-in-linguist;invented-ext,Task/Address-of-a-variable/Panoramic/address-of-a-variable.panoramic,5
rosetta:5e531435b4d8,gold,.panoramic,964e14ea23a55729bf4ad78887d601a230718948,hello-world-newline-omission.panoramic,swh:1:cnt:964e14ea23a55729bf4ad78887d601a230718948;origin=https://github.com/acmeism/RosettaCodeData;path=/Task/Hello-world-Newline-omission/Panoramic/hello-world-newline-omission.panoramic,Panoramic,Panoramic,Panoramic,the contributor (the language heading the solution is filed under on rosettacode.org),RosettaCodeData@1d47586,,,,not-in-linguist;invented-ext;tiny,Task/Hello-world-Newline-omission/Panoramic/hello-world-newline-omission.panoramic,5
rosetta:4765d1ff773a,gold,.paracl,dcf7637ea5e22d5084445599100310a3a784d541,fibonacci-sequence.paracl,swh:1:cnt:dcf7637ea5e22d5084445599100310a3a784d541;origin=https://github.com/acmeism/RosettaCodeData;path=/Task/Fibonacci-sequence/ParaCL/fibonacci-sequence.paracl,ParaCL,ParaCL,ParaCL,the contributor (the language heading the solution is filed under on rosettacode.org),RosettaCodeData@1d47586,,,,not-in-linguist;invented-ext,Task/Fibonacci-sequence/ParaCL/fibonacci-sequence.paracl,1
rosetta:aae8ac36a74c,gold,.parigp,fb6639b8fb9bda5a24880923de1b2e4802ce6eb4,m-bius-function.parigp,swh:1:cnt:fb6639b8fb9bda5a24880923de1b2e4802ce6eb4;origin=https://github.com/acmeism/RosettaCodeData;path=/Task/M-bius-function/PARI-GP/m-bius-function.parigp,PARI/GP,PARI/GP,PARI/GP,the contributor (the language heading the solution is filed under on rosettacode.org),RosettaCodeData@1d47586,,,,not-in-linguist;invented-ext,Task/M-bius-function/PARI-GP/m-bius-function.parigp,816
rosetta:fe4e1df131a8,gold,.parigp,30fffcbfe1ace680238e8898f2a79c7dc272b721,numbers-whose-count-of-divisors-is-prime.parigp,swh:1:cnt:30fffcbfe1ace680238e8898f2a79c7dc272b721;origin=https://github.com/acmeism/RosettaCodeData;path=/Task/Numbers-whose-count-of-divisors-is-prime/PARI-GP/numbers-whose-count-of-divisors-is-prime.parigp,PARI/GP,PARI/GP,PARI/GP,the contributor (the language heading the solution is filed under on rosettacode.org),RosettaCodeData@1d47586,,,,not-in-linguist;invented-ext,Task/Numbers-whose-count-of-divisors-is-prime/PARI-GP/numbers-whose-count-of-divisors-is-prime.parigp,816
rosetta:9559cd0f4216,gold,.pas,b8afb261afea6772bfdda443646b94fac9d1e6b9,magic-squares-of-odd-order-1.pas,swh:1:cnt:b8afb261afea6772bfdda443646b94fac9d1e6b9;origin=https://github.com/acmeism/RosettaCodeData;path=/Task/Magic-squares-of-odd-order/Pascal/magic-squares-of-odd-order-1.pas,Pascal,Pascal,Pascal;delphi;objectpascal,the contributor (the language heading the solution is filed under on rosettacode.org),RosettaCodeData@1d47586,,,,in-linguist,Task/Magic-squares-of-odd-order/Pascal/magic-squares-of-odd-order-1.pas,664
rosetta:08348a82f926,gold,.pas,5c2483a0ab3dcb10f469157c612bc8ef0ce2b373,window-creation-x11.pas,swh:1:cnt:5c2483a0ab3dcb10f469157c612bc8ef0ce2b373;origin=https://github.com/acmeism/RosettaCodeData;path=/Task/Window-creation-X11/Pascal/window-creation-x11.pas,Pascal,Pascal,Pascal;delphi;objectpascal,the contributor (the language heading the solution is filed under on rosettacode.org),RosettaCodeData@1d47586,,,,in-linguist,Task/Window-creation-X11/Pascal/window-creation-x11.pas,664
rosetta:b7ae1a068cc0,gold,.pas,1046cc6565fdb31c7b89398ba181e5f645856360,ethiopian-multiplication.pas,swh:1:cnt:1046cc6565fdb31c7b89398ba181e5f645856360;origin=https://github.com/acmeism/RosettaCodeData;path=/Task/Ethiopian-multiplication/Pascal-P/ethiopian-multiplication.pas,Pascal-P,Pascal-P,Pascal-P,the contributor (the language heading the solution is filed under on rosettacode.org),RosettaCodeData@1d47586,,,,not-in-linguist;misleading-ext,Task/Ethiopian-multiplication/Pascal-P/ethiopian-multiplication.pas,38
rosetta:8930f149298b,gold,.pas,0e81ec83dd357c5c5158e78434072c4e7805a552,magic-constant.pas,swh:1:cnt:0e81ec83dd357c5c5158e78434072c4e7805a552;origin=https://github.com/acmeism/RosettaCodeData;path=/Task/Magic-constant/Pascal-P/magic-constant.pas,Pascal-P,Pascal-P,Pascal-P,the contributor (the language heading the solution is filed under on rosettacode.org),RosettaCodeData@1d47586,,,,not-in-linguist;misleading-ext,Task/Magic-constant/Pascal-P/magic-constant.pas,38
rosetta:8d7744f061a1,gold,.pas,d5440374df6c8f2d54813458df273ffa7a17e9af,find-palindromic-numbers-in-both-binary-and-ternary-bases.pas,swh:1:cnt:d5440374df6c8f2d54813458df273ffa7a17e9af;origin=https://github.com/acmeism/RosettaCodeData;path=/Task/Find-palindromic-numbers-in-both-binary-and-ternary-bases/PascalABC.NET/find-palindromic-numbers-in-both-binary-and-ternary-bases.pas,PascalABC.NET,PascalABC.NET,PascalABC.NET,the contributor (the language heading the solution is filed under on rosettacode.org),RosettaCodeData@1d47586,,,,not-in-linguist;misleading-ext,Task/Find-palindromic-numbers-in-both-binary-and-ternary-bases/PascalABC.NET/find-palindromic-numbers-in-both-binary-and-ternary-bases.pas,645
rosetta:e6c38010f437,gold,.pas,0fd6e9634b992294592f559e5dadf05cc61b8e77,mouse-position.pas,swh:1:cnt:0fd6e9634b992294592f559e5dadf05cc61b8e77;origin=https://github.com/acmeism/RosettaCodeData;path=/Task/Mouse-position/PascalABC.NET/mouse-position.pas,PascalABC.NET,PascalABC.NET,PascalABC.NET,the contributor (the language heading the solution is filed under on rosettacode.org),RosettaCodeData@1d47586,,,,not-in-linguist;misleading-ext,Task/Mouse-position/PascalABC.NET/mouse-position.pas,645
rosetta:3e7f5a4ab864,gold,.pasm,82ca9bcc8d321e254dde378b9e7ed97bb85ab842,comments.pasm,swh:1:cnt:82ca9bcc8d321e254dde378b9e7ed97bb85ab842;origin=https://github.com/acmeism/RosettaCodeData;path=/Task/Comments/PASM/comments.pasm,Parrot Assembly,PASM,Parrot Assembly;pasm;PASM,the contributor (the language heading the solution is filed under on rosettacode.org),RosettaCodeData@1d47586,,,,in-linguist;tiny,Task/Comments/PASM/comments.pasm,3
rosetta:ce4b864b842e,gold,.pdp11,7bb7e386423b5b9e3b59e3b25823dd343022645b,execute-a-system-command-1.pdp11,swh:1:cnt:7bb7e386423b5b9e3b59e3b25823dd343022645b;origin=https://github.com/acmeism/RosettaCodeData;path=/Task/Execute-a-system-command/PDP-11-Assembly/execute-a-system-command-1.pdp11,PDP-11 Assembly,PDP-11 Assembly,PDP-11 Assembly,the contributor (the language heading the solution is filed under on rosettacode.org),RosettaCodeData@1d47586,,,,not-in-linguist;invented-ext,Task/Execute-a-system-command/PDP-11-Assembly/execute-a-system-command-1.pdp11,4
rosetta:5878bb72c4ee,gold,.pdp11,5f322da837d4b00f55dacf427ba58fd2cbdda98a,n-queens-problem.pdp11,swh:1:cnt:5f322da837d4b00f55dacf427ba58fd2cbdda98a;origin=https://github.com/acmeism/RosettaCodeData;path=/Task/N-queens-problem/PDP-11-Assembly/n-queens-problem.pdp11,PDP-11 Assembly,PDP-11 Assembly,PDP-11 Assembly,the contributor (the language heading the solution is filed under on rosettacode.org),RosettaCodeData@1d47586,,,,not-in-linguist;invented-ext,Task/N-queens-problem/PDP-11-Assembly/n-queens-problem.pdp11,4
rosetta:01d58475c2ff,gold,.pebble,448683bd3ec6a98cac26942f2c0e3a092f2773b2,100-doors.pebble,swh:1:cnt:448683bd3ec6a98cac26942f2c0e3a092f2773b2;origin=https://github.com/acmeism/RosettaCodeData;path=/Task/100-doors/Pebble/100-doors.pebble,Pebble,Pebble,Pebble,the contributor (the language heading the solution is filed under on rosettacode.org),RosettaCodeData@1d47586,,,,not-in-linguist;invented-ext,Task/100-doors/Pebble/100-doors.pebble,7
rosetta:a469e0016464,gold,.pebble,982b40738d68ba70ae07c4f7b4ebdcecb0dd8e43,mouse-position.pebble,swh:1:cnt:982b40738d68ba70ae07c4f7b4ebdcecb0dd8e43;origin=https://github.com/acmeism/RosettaCodeData;path=/Task/Mouse-position/Pebble/mouse-position.pebble,Pebble,Pebble,Pebble,the contributor (the language heading the solution is filed under on rosettacode.org),RosettaCodeData@1d47586,,,,not-in-linguist;invented-ext,Task/Mouse-position/Pebble/mouse-position.pebble,7
rosetta:d2afd258a99a,gold,.peloton,c2495094100108acae60dafb70bbb9a10f0191b2,read-a-configuration-file.peloton,swh:1:cnt:c2495094100108acae60dafb70bbb9a10f0191b2;origin=https://github.com/acmeism/RosettaCodeData;path=/Task/Read-a-configuration-file/Peloton/read-a-configuration-file.peloton,Peloton,Peloton,Peloton,the contributor (the language heading the solution is filed under on rosettacode.org),RosettaCodeData@1d47586,,,,not-in-linguist;invented-ext,Task/Read-a-configuration-file/Peloton/read-a-configuration-file.peloton,39
rosetta:a21ade27cb71,gold,.peloton,504503f553808ed805bf9d2d464a749b0a07804d,unicode-variable-names-2.peloton,swh:1:cnt:504503f553808ed805bf9d2d464a749b0a07804d;origin=https://github.com/acmeism/RosettaCodeData;path=/Task/Unicode-variable-names/Peloton/unicode-variable-names-2.peloton,Peloton,Peloton,Peloton,the contributor (the language heading the solution is filed under on rosettacode.org),RosettaCodeData@1d47586,,,,not-in-linguist;invented-ext;tiny,Task/Unicode-variable-names/Peloton/unicode-variable-names-2.peloton,39
rosetta:c0bdcf9f5f66,gold,.peoplecode,5d4acc08092a90f66e7129c362374c021a9a9da0,determine-if-a-string-is-numeric.peoplecode,swh:1:cnt:5d4acc08092a90f66e7129c362374c021a9a9da0;origin=https://github.com/acmeism/RosettaCodeData;path=/Task/Determine-if-a-string-is-numeric/PeopleCode/determine-if-a-string-is-numeric.peoplecode,PeopleCode,PeopleCode,PeopleCode,the contributor (the language heading the solution is filed under on rosettacode.org),RosettaCodeData@1d47586,,,,not-in-linguist;invented-ext,Task/Determine-if-a-string-is-numeric/PeopleCode/determine-if-a-string-is-numeric.peoplecode,2
rosetta:3f59b6b48604,gold,.peoplecode,2fe46df6b9ebe240f789a092d8518a3d6ef9c866,loops-while.peoplecode,swh:1:cnt:2fe46df6b9ebe240f789a092d8518a3d6ef9c866;origin=https://github.com/acmeism/RosettaCodeData;path=/Task/Loops-While/PeopleCode/loops-while.peoplecode,PeopleCode,PeopleCode,PeopleCode,the contributor (the language heading the solution is filed under on rosettacode.org),RosettaCodeData@1d47586,,,,not-in-linguist;invented-ext,Task/Loops-While/PeopleCode/loops-while.peoplecode,2
rosetta:e33c0d639c62,gold,.pepsi,26906e563e75af368b9327bbc9a59f2f66d3f55c,empty-program.pepsi,swh:1:cnt:26906e563e75af368b9327bbc9a59f2f66d3f55c;origin=https://github.com/acmeism/RosettaCodeData;path=/Task/Empty-program/PepsiScript/empty-program.pepsi,PepsiScript,PepsiScript,PepsiScript,the contributor (the language heading the solution is filed under on rosettacode.org),RosettaCodeData@1d47586,,,,not-in-linguist;invented-ext;tiny,Task/Empty-program/PepsiScript/empty-program.pepsi,2
rosetta:52045605ec24,gold,.pepsi,51a60417f913dc023aa4b4f69f6b850a05ba25df,hello-world-text.pepsi,swh:1:cnt:51a60417f913dc023aa4b4f69f6b850a05ba25df;origin=https://github.com/acmeism/RosettaCodeData;path=/Task/Hello-world-Text/PepsiScript/hello-world-text.pepsi,PepsiScript,PepsiScript,PepsiScript,the contributor (the language heading the solution is filed under on rosettacode.org),RosettaCodeData@1d47586,,,,not-in-linguist;invented-ext,Task/Hello-world-Text/PepsiScript/hello-world-text.pepsi,2
rosetta:1149c4ba0a98,gold,.peri,935c79b5655e9429b5dbfbec625bd7bc5f377766,sieve-of-eratosthenes.peri,swh:1:cnt:935c79b5655e9429b5dbfbec625bd7bc5f377766;origin=https://github.com/acmeism/RosettaCodeData;path=/Task/Sieve-of-Eratosthenes/Peri/sieve-of-eratosthenes.peri,Peri,Peri,Peri,the contributor (the language heading the solution is filed under on rosettacode.org),RosettaCodeData@1d47586,,,,not-in-linguist;invented-ext,Task/Sieve-of-Eratosthenes/Peri/sieve-of-eratosthenes.peri,22
rosetta:72a98c281129,gold,.peri,944752e602e7e8f336da51df42ff2e6bb36d253d,vidir.peri,swh:1:cnt:944752e602e7e8f336da51df42ff2e6bb36d253d;origin=https://github.com/acmeism/RosettaCodeData;path=/Task/Vidir/Peri/vidir.peri,Peri,Peri,Peri,the contributor (the language heading the solution is filed under on rosettacode.org),RosettaCodeData@1d47586,,,,not-in-linguist;invented-ext,Task/Vidir/Peri/vidir.peri,22
rosetta:bea2ca568761,gold,.pl,334405c008d6b3a2184bd25925119050643f7df4,conjugate-a-latin-verb.pl,swh:1:cnt:334405c008d6b3a2184bd25925119050643f7df4;origin=https://github.com/acmeism/RosettaCodeData;path=/Task/Conjugate-a-Latin-verb/Perl/conjugate-a-latin-verb.pl,Perl,Perl,Perl;cperl,the contributor (the language heading the solution is filed under on rosettacode.org),RosettaCodeData@1d47586,,,,in-linguist;ambiguous-ext,Task/Conjugate-a-Latin-verb/Perl/conjugate-a-latin-verb.pl,2239
rosetta:bf4204629591,gold,.pl,f924a8e28a3d7ae9b7243fbb0b21bee5779bf170,nimber-arithmetic.pl,swh:1:cnt:f924a8e28a3d7ae9b7243fbb0b21bee5779bf170;origin=https://github.com/acmeism/RosettaCodeData;path=/Task/Nimber-arithmetic/Perl/nimber-arithmetic.pl,Perl,Perl,Perl;cperl,the contributor (the language heading the solution is filed under on rosettacode.org),RosettaCodeData@1d47586,,,,in-linguist;ambiguous-ext,Task/Nimber-arithmetic/Perl/nimber-arithmetic.pl,2239
rosetta:1a6c5b2a4a90,gold,.p5i,506f6af6a97e1a5ce8dab39c9cd5ad745fa86c35,100-doors.p5i,swh:1:cnt:506f6af6a97e1a5ce8dab39c9cd5ad745fa86c35;origin=https://github.com/acmeism/RosettaCodeData;path=/Task/100-doors/Perl5i/100-doors.p5i,Perl5i,Perl5i,Perl5i,the contributor (the language heading the solution is filed under on rosettacode.org),RosettaCodeData@1d47586,,,,not-in-linguist;invented-ext,Task/100-doors/Perl5i/100-doors.p5i,2
rosetta:eb79f1c8adf9,gold,.p5i,f9f6d1cfefcba87fa48b0999abde6617fe3d729e,combinations.p5i,swh:1:cnt:f9f6d1cfefcba87fa48b0999abde6617fe3d729e;origin=https://github.com/acmeism/RosettaCodeData;path=/Task/Combinations/Perl5i/combinations.p5i,Perl5i,Perl5i,Perl5i,the contributor (the language heading the solution is filed under on rosettacode.org),RosettaCodeData@1d47586,,,,not-in-linguist;invented-ext,Task/Combinations/Perl5i/combinations.p5i,2
rosetta:dd924e96b22b,gold,.peylang,0af8b0abbeb6f28c5731903e316dbd2923f0bbe0,factorial.peylang,swh:1:cnt:0af8b0abbeb6f28c5731903e316dbd2923f0bbe0;origin=https://github.com/acmeism/RosettaCodeData;path=/Task/Factorial/Peylang/factorial.peylang,Peylang,Peylang,Peylang,the contributor (the language heading the solution is filed under on rosettacode.org),RosettaCodeData@1d47586,,,,not-in-linguist;invented-ext,Task/Factorial/Peylang/factorial.peylang,2
rosetta:2be0dc21b266,gold,.phix,78b2d9e670ee653215f04e412efaf8cbcc051b46,median-filter.phix,swh:1:cnt:78b2d9e670ee653215f04e412efaf8cbcc051b46;origin=https://github.com/acmeism/RosettaCodeData;path=/Task/Median-filter/Phix/median-filter.phix,Phix,Phix,Phix,the contributor (the language heading the solution is filed under on rosettacode.org),RosettaCodeData@1d47586,,,,not-in-linguist;invented-ext,Task/Median-filter/Phix/median-filter.phix,2161
rosetta:124d020d61ca,gold,.phix,1370ed4a54d19569b6899a69b8acf4740e1ab99c,van-der-corput-sequence.phix,swh:1:cnt:1370ed4a54d19569b6899a69b8acf4740e1ab99c;origin=https://github.com/acmeism/RosettaCodeData;path=/Task/Van-der-Corput-sequence/Phix/van-der-corput-sequence.phix,Phix,Phix,Phix,the contributor (the language heading the solution is filed under on rosettacode.org),RosettaCodeData@1d47586,,,,not-in-linguist;invented-ext,Task/Van-der-Corput-sequence/Phix/van-der-corput-sequence.phix,2161
rosetta:40e23b8d5dac,gold,.phixmonti,23be1a0939d2181983f6d3f7a1d4a6e73397e1d7,create-a-two-dimensional-array-at-runtime-1.phixmonti,swh:1:cnt:23be1a0939d2181983f6d3f7a1d4a6e73397e1d7;origin=https://github.com/acmeism/RosettaCodeData;path=/Task/Create-a-two-dimensional-array-at-runtime/Phixmonti/create-a-two-dimensional-array-at-runtime-1.phixmonti,Phixmonti,Phixmonti,Phixmonti,the contributor (the language heading the solution is filed under on rosettacode.org),RosettaCodeData@1d47586,,,,not-in-linguist;invented-ext,Task/Create-a-two-dimensional-array-at-runtime/Phixmonti/create-a-two-dimensional-array-at-runtime-1.phixmonti,199
rosetta:56046741687b,gold,.phixmonti,4e83a1bf8404484934debb3e5b4b8546d359e094,set.phixmonti,swh:1:cnt:4e83a1bf8404484934debb3e5b4b8546d359e094;origin=https://github.com/acmeism/RosettaCodeData;path=/Task/Set/Phixmonti/set.phixmonti,Phixmonti,Phixmonti,Phixmonti,the contributor (the language heading the solution is filed under on rosettacode.org),RosettaCodeData@1d47586,,,,not-in-linguist;invented-ext,Task/Set/Phixmonti/set.phixmonti,199
rosetta:16c6f681f2cc,gold,.phl,cb4bd6f1f638a76956d28878666141c3296fd188,100-doors-1.phl,swh:1:cnt:cb4bd6f1f638a76956d28878666141c3296fd188;origin=https://github.com/acmeism/RosettaCodeData;path=/Task/100-doors/PHL/100-doors-1.phl,PHL,PHL,PHL,the contributor (the language heading the solution is filed under on rosettacode.org),RosettaCodeData@1d47586,,,,not-in-linguist;invented-ext,Task/100-doors/PHL/100-doors-1.phl,22
rosetta:409e06187804,gold,.phl,3f6989d12d25ad793dfa53c5d757b0223e7aad6a,loops-do-while.phl,swh:1:cnt:3f6989d12d25ad793dfa53c5d757b0223e7aad6a;origin=https://github.com/acmeism/RosettaCodeData;path=/Task/Loops-Do-while/PHL/loops-do-while.phl,PHL,PHL,PHL,the contributor (the language heading the solution is filed under on rosettacode.org),RosettaCodeData@1d47586,,,,not-in-linguist;invented-ext,Task/Loops-Do-while/PHL/loops-do-while.phl,22
rosetta:3c85e41bb7d8,gold,.php,63a4036fca25057891b7f88671724a209d68b99c,hash-from-two-arrays-2.php,swh:1:cnt:63a4036fca25057891b7f88671724a209d68b99c;origin=https://github.com/acmeism/RosettaCodeData;path=/Task/Hash-from-two-arrays/PHP/hash-from-two-arrays-2.php,PHP,PHP,PHP;inc,the contributor (the language heading the solution is filed under on rosettacode.org),RosettaCodeData@1d47586,,,,in-linguist;ambiguous-ext,Task/Hash-from-two-arrays/PHP/hash-from-two-arrays-2.php,645
rosetta:eec84ff75825,gold,.php,2f479b551c63c07f74f1f18c41a7f12a2079abaa,sorting-algorithms-bogosort.php,swh:1:cnt:2f479b551c63c07f74f1f18c41a7f12a2079abaa;origin=https://github.com/acmeism/RosettaCodeData;path=/Task/Sorting-algorithms-Bogosort/PHP/sorting-algorithms-bogosort.php,PHP,PHP,PHP;inc,the contributor (the language heading the solution is filed under on rosettacode.org),RosettaCodeData@1d47586,,,,in-linguist;ambiguous-ext,Task/Sorting-algorithms-Bogosort/PHP/sorting-algorithms-bogosort.php,645
rosetta:10c4e430d343,gold,.picat,834415aabd7bfd7a2c57ea0ca9cf7847e5a98549,4-rings-or-4-squares-puzzle.picat,swh:1:cnt:834415aabd7bfd7a2c57ea0ca9cf7847e5a98549;origin=https://github.com/acmeism/RosettaCodeData;path=/Task/4-rings-or-4-squares-puzzle/Picat/4-rings-or-4-squares-puzzle.picat,Picat,Picat,Picat,the contributor (the language heading the solution is filed under on rosettacode.org),RosettaCodeData@1d47586,,,,not-in-linguist;invented-ext,Task/4-rings-or-4-squares-puzzle/Picat/4-rings-or-4-squares-puzzle.picat,569
rosetta:c80666d2592b,gold,.picat,713b688b8c59fc507f50433e4e26f560a1be0296,run-length-encoding-2.picat,swh:1:cnt:713b688b8c59fc507f50433e4e26f560a1be0296;origin=https://github.com/acmeism/RosettaCodeData;path=/Task/Run-length-encoding/Picat/run-length-encoding-2.picat,Picat,Picat,Picat,the contributor (the language heading the solution is filed under on rosettacode.org),RosettaCodeData@1d47586,,,,not-in-linguist;invented-ext;tiny,Task/Run-length-encoding/Picat/run-length-encoding-2.picat,569
rosetta:fd49b4f35645,gold,.l,65849e1b8f6bf7a6388c0f0ddb080485a00f3c59,md5-implementation.l,swh:1:cnt:65849e1b8f6bf7a6388c0f0ddb080485a00f3c59;origin=https://github.com/acmeism/RosettaCodeData;path=/Task/MD5-Implementation/PicoLisp/md5-implementation.l,PicoLisp,PicoLisp,PicoLisp,the contributor (the language heading the solution is filed under on rosettacode.org),RosettaCodeData@1d47586,,,,in-linguist;ambiguous-ext,Task/MD5-Implementation/PicoLisp/md5-implementation.l,1036
rosetta:3c563bc6de4d,gold,.l,da29196600ff722e3893b89169697e3532d60c73,user-input-text.l,swh:1:cnt:da29196600ff722e3893b89169697e3532d60c73;origin=https://github.com/acmeism/RosettaCodeData;path=/Task/User-input-Text/PicoLisp/user-input-text.l,PicoLisp,PicoLisp,PicoLisp,the contributor (the language heading the solution is filed under on rosettacode.org),RosettaCodeData@1d47586,,,,in-linguist;ambiguous-ext;tiny,Task/User-input-Text/PicoLisp/user-input-text.l,1036
rosetta:74965d9cff91,gold,.pict,dd859241c5c5dcbc8be6d3bd845173e97af67983,hello-world-text-2.pict,swh:1:cnt:dd859241c5c5dcbc8be6d3bd845173e97af67983;origin=https://github.com/acmeism/RosettaCodeData;path=/Task/Hello-world-Text/Pict/hello-world-text-2.pict,Pict,Pict,Pict,the contributor (the language heading the solution is filed under on rosettacode.org),RosettaCodeData@1d47586,,,,not-in-linguist;invented-ext;tiny,Task/Hello-world-Text/Pict/hello-world-text-2.pict,3
rosetta:7e2b1182f467,gold,.piet,ed13ea7bdfb148648469bed049b3380732221f07,a+b.piet,swh:1:cnt:ed13ea7bdfb148648469bed049b3380732221f07;origin=https://github.com/acmeism/RosettaCodeData;path=/Task/A+B/Piet/a+b.piet,Piet,Piet,Piet,the contributor (the language heading the solution is filed under on rosettacode.org),RosettaCodeData@1d47586,,,,not-in-linguist;invented-ext;tiny,Task/A+B/Piet/a+b.piet,2
rosetta:96c7345fbc87,gold,.piet,572f52f396f277fe917dbf70f1d7918db861859d,factorial.piet,swh:1:cnt:572f52f396f277fe917dbf70f1d7918db861859d;origin=https://github.com/acmeism/RosettaCodeData;path=/Task/Factorial/Piet/factorial.piet,Piet,Piet,Piet,the contributor (the language heading the solution is filed under on rosettacode.org),RosettaCodeData@1d47586,,,,not-in-linguist;invented-ext,Task/Factorial/Piet/factorial.piet,2
rosetta:18aa826fcab7,gold,.pike,f3ec7b5f755651f8f63d2d8aed3dad873bc0f087,execute-a-system-command.pike,swh:1:cnt:f3ec7b5f755651f8f63d2d8aed3dad873bc0f087;origin=https://github.com/acmeism/RosettaCodeData;path=/Task/Execute-a-system-command/Pike/execute-a-system-command.pike,Pike,Pike,Pike,the contributor (the language heading the solution is filed under on rosettacode.org),RosettaCodeData@1d47586,,,,in-linguist,Task/Execute-a-system-command/Pike/execute-a-system-command.pike,185
rosetta:6b0ae0375d8a,gold,.pike,3cdd77dde74d062f0855b4f1f76d7dfc6bc8209d,kronecker-product.pike,swh:1:cnt:3cdd77dde74d062f0855b4f1f76d7dfc6bc8209d;origin=https://github.com/acmeism/RosettaCodeData;path=/Task/Kronecker-product/Pike/kronecker-product.pike,Pike,Pike,Pike,the contributor (the language heading the solution is filed under on rosettacode.org),RosettaCodeData@1d47586,,,,in-linguist,Task/Kronecker-product/Pike/kronecker-product.pike,185
rosetta:7c4950a17525,gold,.pilot,4bd1978f451eaf3ba1b37689cf6248eba0b6394f,anti-primes.pilot,swh:1:cnt:4bd1978f451eaf3ba1b37689cf6248eba0b6394f;origin=https://github.com/acmeism/RosettaCodeData;path=/Task/Anti-primes/PILOT/anti-primes.pilot,PILOT,PILOT,PILOT,the contributor (the language heading the solution is filed under on rosettacode.org),RosettaCodeData@1d47586,,,,not-in-linguist;invented-ext,Task/Anti-primes/PILOT/anti-primes.pilot,22
rosetta:4e7c2da404df,gold,.pilot,84ec6692355736fe6326902361091ca6fab81028,sum-of-first-n-cubes.pilot,swh:1:cnt:84ec6692355736fe6326902361091ca6fab81028;origin=https://github.com/acmeism/RosettaCodeData;path=/Task/Sum-of-first-n-cubes/PILOT/sum-of-first-n-cubes.pilot,PILOT,PILOT,PILOT,the contributor (the language heading the solution is filed under on rosettacode.org),RosettaCodeData@1d47586,,,,not-in-linguist;invented-ext,Task/Sum-of-first-n-cubes/PILOT/sum-of-first-n-cubes.pilot,22
rosetta:6b1a6a7638a3,gold,.pir,6d53050492834ebba9ad16e405651ed602aecccc,99-bottles-of-beer.pir,swh:1:cnt:6d53050492834ebba9ad16e405651ed602aecccc;origin=https://github.com/acmeism/RosettaCodeData;path=/Task/99-bottles-of-beer/PIR/99-bottles-of-beer.pir,Parrot Internal Representation,PIR,Parrot Internal Representation;pir;PIR,the contributor (the language heading the solution is filed under on rosettacode.org),RosettaCodeData@1d47586,,,,in-linguist,Task/99-bottles-of-beer/PIR/99-bottles-of-beer.pir,6
rosetta:06bfc9b5a42a,gold,.pir,933fe607938cdb8292ed1f79597e9dae504d2ec8,fizzbuzz.pir,swh:1:cnt:933fe607938cdb8292ed1f79597e9dae504d2ec8;origin=https://github.com/acmeism/RosettaCodeData;path=/Task/FizzBuzz/PIR/fizzbuzz.pir,Parrot Internal Representation,PIR,Parrot Internal Representation;pir;PIR,the contributor (the language heading the solution is filed under on rosettacode.org),RosettaCodeData@1d47586,,,,in-linguist,Task/FizzBuzz/PIR/fizzbuzz.pir,6
rosetta:91d4744686b7,gold,.pixilang,4221543067bcf65a93a84872d6890419d40865ee,loops-infinite.pixilang,swh:1:cnt:4221543067bcf65a93a84872d6890419d40865ee;origin=https://github.com/acmeism/RosettaCodeData;path=/Task/Loops-Infinite/Pixilang/loops-infinite.pixilang,Pixilang,Pixilang,Pixilang,the contributor (the language heading the solution is filed under on rosettacode.org),RosettaCodeData@1d47586,,,,not-in-linguist;invented-ext;tiny,Task/Loops-Infinite/Pixilang/loops-infinite.pixilang,5
rosetta:3a133db39adf,gold,.pixilang,4a45ec6a8da96cf0a236696570fca0067c1d95bf,sleep.pixilang,swh:1:cnt:4a45ec6a8da96cf0a236696570fca0067c1d95bf;origin=https://github.com/acmeism/RosettaCodeData;path=/Task/Sleep/Pixilang/sleep.pixilang,Pixilang,Pixilang,Pixilang,the contributor (the language heading the solution is filed under on rosettacode.org),RosettaCodeData@1d47586,,,,not-in-linguist;invented-ext;tiny,Task/Sleep/Pixilang/sleep.pixilang,5
rosetta:c869d638f030,gold,.pl0,c65591c33a02cad86d09c9457af57e6e628c1d71,fibonacci-sequence.pl0,swh:1:cnt:c65591c33a02cad86d09c9457af57e6e628c1d71;origin=https://github.com/acmeism/RosettaCodeData;path=/Task/Fibonacci-sequence/PL-0/fibonacci-sequence.pl0,PL/0,PL/0,PL/0,the contributor (the language heading the solution is filed under on rosettacode.org),RosettaCodeData@1d47586,,,,not-in-linguist;invented-ext,Task/Fibonacci-sequence/PL-0/fibonacci-sequence.pl0,25
rosetta:f126ba06a1ba,gold,.pl0,1f8ceba1c334caa080d89ccf8df674c134120b44,sum-of-square-and-cube-digits-of-an-integer-are-primes.pl0,swh:1:cnt:1f8ceba1c334caa080d89ccf8df674c134120b44;origin=https://github.com/acmeism/RosettaCodeData;path=/Task/Sum-of-square-and-cube-digits-of-an-integer-are-primes/PL-0/sum-of-square-and-cube-digits-of-an-integer-are-primes.pl0,PL/0,PL/0,PL/0,the contributor (the language heading the solution is filed under on rosettacode.org),RosettaCodeData@1d47586,,,,not-in-linguist;invented-ext,Task/Sum-of-square-and-cube-digits-of-an-integer-are-primes/PL-0/sum-of-square-and-cube-digits-of-an-integer-are-primes.pl0,25
rosetta:b4699f0018fb,gold,.pli,ff871248f788eb5ee6959d8dc3303c5b42308fe9,determine-if-a-string-is-numeric.pli,swh:1:cnt:ff871248f788eb5ee6959d8dc3303c5b42308fe9;origin=https://github.com/acmeism/RosettaCodeData;path=/Task/Determine-if-a-string-is-numeric/PL-I/determine-if-a-string-is-numeric.pli,PL/I,PL/I,PL/I,the contributor (the language heading the solution is filed under on rosettacode.org),RosettaCodeData@1d47586,,,,not-in-linguist;invented-ext,Task/Determine-if-a-string-is-numeric/PL-I/determine-if-a-string-is-numeric.pli,523
rosetta:529646ed9f8f,gold,.pli,25542ff4d297d82eb77a8e1dabe3687bed29dc64,loops-for-with-a-specified-step.pli,swh:1:cnt:25542ff4d297d82eb77a8e1dabe3687bed29dc64;origin=https://github.com/acmeism/RosettaCodeData;path=/Task/Loops-For-with-a-specified-step/PL-I/loops-for-with-a-specified-step.pli,PL/I,PL/I,PL/I,the contributor (the language heading the solution is filed under on rosettacode.org),RosettaCodeData@1d47586,,,,not-in-linguist;invented-ext,Task/Loops-For-with-a-specified-step/PL-I/loops-for-with-a-specified-step.pli,523
rosetta:8acb57857a7a,gold,.pli,e41644b76259614f88c782a88af6ffd39ca706f9,character-codes.pli,swh:1:cnt:e41644b76259614f88c782a88af6ffd39ca706f9;origin=https://github.com/acmeism/RosettaCodeData;path=/Task/Character-codes/PL-I-80/character-codes.pli,PL/I-80,PL/I-80,PL/I-80,the contributor (the language heading the solution is filed under on rosettacode.org),RosettaCodeData@1d47586,,,,not-in-linguist;invented-ext,Task/Character-codes/PL-I-80/character-codes.pli,18
rosetta:b57a7615b056,gold,.pli,ed2654d3fe7768101f1e163cd0d4fac7aaa4cb7f,day-of-the-week.pli,swh:1:cnt:ed2654d3fe7768101f1e163cd0d4fac7aaa4cb7f;origin=https://github.com/acmeism/RosettaCodeData;path=/Task/Day-of-the-week/PL-I-80/day-of-the-week.pli,PL/I-80,PL/I-80,PL/I-80,the contributor (the language heading the solution is filed under on rosettacode.org),RosettaCodeData@1d47586,,,,not-in-linguist;invented-ext,Task/Day-of-the-week/PL-I-80/day-of-the-week.pli,18
rosetta:568c414182d2,gold,.plm,f2d1942f5258a7095d13cd132eb2e397ebe5fc33,inconsummate-numbers-in-base-10.plm,swh:1:cnt:f2d1942f5258a7095d13cd132eb2e397ebe5fc33;origin=https://github.com/acmeism/RosettaCodeData;path=/Task/Inconsummate-numbers-in-base-10/PL-M/inconsummate-numbers-in-base-10.plm,PL/M,PL/M,PL/M,the contributor (the language heading the solution is filed under on rosettacode.org),RosettaCodeData@1d47586,,,,not-in-linguist;invented-ext,Task/Inconsummate-numbers-in-base-10/PL-M/inconsummate-numbers-in-base-10.plm,184
rosetta:4b9e6fe93ed3,gold,.plm,d7fdd9af54639e7a74ddf00dee0f9507b824db4a,sierpinski-triangle.plm,swh:1:cnt:d7fdd9af54639e7a74ddf00dee0f9507b824db4a;origin=https://github.com/acmeism/RosettaCodeData;path=/Task/Sierpinski-triangle/PL-M/sierpinski-triangle.plm,PL/M,PL/M,PL/M,the contributor (the language heading the solution is filed under on rosettacode.org),RosettaCodeData@1d47586,,,,not-in-linguist;invented-ext,Task/Sierpinski-triangle/PL-M/sierpinski-triangle.plm,184
rosetta:aff3f9e7143b,gold,.sql,32fbeb50bc1a54f5292354d778c693e182f787ce,benfords-law.sql,swh:1:cnt:32fbeb50bc1a54f5292354d778c693e182f787ce;origin=https://github.com/acmeism/RosettaCodeData;path=/Task/Benfords-law/PL-pgSQL/benfords-law.sql,PLpgSQL,PL/pgSQL,PLpgSQL;PL/pgSQL,the contributor (the language heading the solution is filed under on rosettacode.org),RosettaCodeData@1d47586,,,,in-linguist;ambiguous-ext,Task/Benfords-law/PL-pgSQL/benfords-law.sql,9
rosetta:fb5adef7784c,gold,.sql,6eaf6451f871748748cdc66f6e70d4bbef388556,fibonacci-sequence-1.sql,swh:1:cnt:6eaf6451f871748748cdc66f6e70d4bbef388556;origin=https://github.com/acmeism/RosettaCodeData;path=/Task/Fibonacci-sequence/PL-pgSQL/fibonacci-sequence-1.sql,PLpgSQL,PL/pgSQL,PLpgSQL;PL/pgSQL,the contributor (the language heading the solution is filed under on rosettacode.org),RosettaCodeData@1d47586,,,,in-linguist;ambiguous-ext,Task/Fibonacci-sequence/PL-pgSQL/fibonacci-sequence-1.sql,9
rosetta:00f99d7b69a3,gold,.sql,a3c7f348d31cd79eb2805c542464236248897b0d,function-definition.sql,swh:1:cnt:a3c7f348d31cd79eb2805c542464236248897b0d;origin=https://github.com/acmeism/RosettaCodeData;path=/Task/Function-definition/PL-SQL/function-definition.sql,PLSQL,PL/SQL,PLSQL;PL/SQL,the contributor (the language heading the solution is filed under on rosettacode.org),RosettaCodeData@1d47586,,,,in-linguist;ambiguous-ext,Task/Function-definition/PL-SQL/function-definition.sql,42
rosetta:13ac0e288462,gold,.sql,d4fca888719f5a6405d58b168bb029ad4631e05b,parsing-rpn-calculator-algorithm-1.sql,swh:1:cnt:d4fca888719f5a6405d58b168bb029ad4631e05b;origin=https://github.com/acmeism/RosettaCodeData;path=/Task/Parsing-RPN-calculator-algorithm/PL-SQL/parsing-rpn-calculator-algorithm-1.sql,PLSQL,PL/SQL,PLSQL;PL/SQL,the contributor (the language heading the solution is filed under on rosettacode.org),RosettaCodeData@1d47586,,,,in-linguist;ambiguous-ext,Task/Parsing-RPN-calculator-algorithm/PL-SQL/parsing-rpn-calculator-algorithm-1.sql,42
rosetta:57619aaaa551,gold,.plain,f392f7b9c4092e59189b9a543730a0d68dce3111,empty-string.plain,swh:1:cnt:f392f7b9c4092e59189b9a543730a0d68dce3111;origin=https://github.com/acmeism/RosettaCodeData;path=/Task/Empty-string/Plain-English/empty-string.plain,Plain English,Plain English,Plain English,the contributor (the language heading the solution is filed under on rosettacode.org),RosettaCodeData@1d47586,,,,not-in-linguist;invented-ext,Task/Empty-string/Plain-English/empty-string.plain,124
rosetta:982e7a4bc206,gold,.plain,cd2baa9be100761e5591e7ce29443d5090c737bb,generate-lower-case-ascii-alphabet.plain,swh:1:cnt:cd2baa9be100761e5591e7ce29443d5090c737bb;origin=https://github.com/acmeism/RosettaCodeData;path=/Task/Generate-lower-case-ASCII-alphabet/Plain-English/generate-lower-case-ascii-alphabet.plain,Plain English,Plain English,Plain English,the contributor (the language heading the solution is filed under on rosettacode.org),RosettaCodeData@1d47586,,,,not-in-linguist;invented-ext,Task/Generate-lower-case-ASCII-alphabet/Plain-English/generate-lower-case-ascii-alphabet.plain,124
rosetta:3aacc59c5b1d,gold,.tex,70f4a6d17e7c3d8e3ea3bf281ad0a37e6d1ae263,hailstone-sequence.tex,swh:1:cnt:70f4a6d17e7c3d8e3ea3bf281ad0a37e6d1ae263;origin=https://github.com/acmeism/RosettaCodeData;path=/Task/Hailstone-sequence/PlainTeX/hailstone-sequence.tex,TeX,PlainTeX,TeX;latex;PlainTeX,the contributor (the language heading the solution is filed under on rosettacode.org),RosettaCodeData@1d47586,,,,in-linguist,Task/Hailstone-sequence/PlainTeX/hailstone-sequence.tex,24
rosetta:18aacdfa3185,gold,.tex,72ecc6681569373c50ca50179918e7bd4fbc5a4e,multifactorial.tex,swh:1:cnt:72ecc6681569373c50ca50179918e7bd4fbc5a4e;origin=https://github.com/acmeism/RosettaCodeData;path=/Task/Multifactorial/PlainTeX/multifactorial.tex,TeX,PlainTeX,TeX;latex;PlainTeX,the contributor (the language heading the solution is filed under on rosettacode.org),RosettaCodeData@1d47586,,,,in-linguist,Task/Multifactorial/PlainTeX/multifactorial.tex,24
rosetta:bebe536e9ab8,gold,.plan,80827a8fcfda93b3d8fe89b0f514de6f5966d462,hello-world-text.plan,swh:1:cnt:80827a8fcfda93b3d8fe89b0f514de6f5966d462;origin=https://github.com/acmeism/RosettaCodeData;path=/Task/Hello-world-Text/Plan/hello-world-text.plan,Plan,Plan,Plan,the contributor (the language heading the solution is filed under on rosettacode.org),RosettaCodeData@1d47586,,,,not-in-linguist;invented-ext,Task/Hello-world-Text/Plan/hello-world-text.plan,1
rosetta:e7543eab2032,gold,.pluto,222c469752b0a3b02b359e03435f4aeba0686e95,nimber-arithmetic.pluto,swh:1:cnt:222c469752b0a3b02b359e03435f4aeba0686e95;origin=https://github.com/acmeism/RosettaCodeData;path=/Task/Nimber-arithmetic/Pluto/nimber-arithmetic.pluto,Pluto,Pluto,Pluto,the contributor (the language heading the solution is filed under on rosettacode.org),RosettaCodeData@1d47586,,,,not-in-linguist;invented-ext,Task/Nimber-arithmetic/Pluto/nimber-arithmetic.pluto,971
rosetta:335e05d8f40e,gold,.pluto,f2591094638ca3e0d8eb0440334897b267900ed4,sorting-algorithms-tree-sort-on-a-linked-list.pluto,swh:1:cnt:f2591094638ca3e0d8eb0440334897b267900ed4;origin=https://github.com/acmeism/RosettaCodeData;path=/Task/Sorting-algorithms-Tree-sort-on-a-linked-list/Pluto/sorting-algorithms-tree-sort-on-a-linked-list.pluto,Pluto,Pluto,Pluto,the contributor (the language heading the solution is filed under on rosettacode.org),RosettaCodeData@1d47586,,,,not-in-linguist;invented-ext,Task/Sorting-algorithms-Tree-sort-on-a-linked-list/Pluto/sorting-algorithms-tree-sort-on-a-linked-list.pluto,971
rosetta:274b69a5caa7,gold,.pointless,f7206e50346ef01df0cfd98fd05f7b5df114c1bd,palindrome-detection-2.pointless,swh:1:cnt:f7206e50346ef01df0cfd98fd05f7b5df114c1bd;origin=https://github.com/acmeism/RosettaCodeData;path=/Task/Palindrome-detection/Pointless/palindrome-detection-2.pointless,Pointless,Pointless,Pointless,the contributor (the language heading the solution is filed under on rosettacode.org),RosettaCodeData@1d47586,,,,not-in-linguist;invented-ext,Task/Palindrome-detection/Pointless/palindrome-detection-2.pointless,12
rosetta:d5a721c070de,gold,.pointless,361c3444178488813b40312c427150cdd8e5f5a7,the-twelve-days-of-christmas.pointless,swh:1:cnt:361c3444178488813b40312c427150cdd8e5f5a7;origin=https://github.com/acmeism/RosettaCodeData;path=/Task/The-Twelve-Days-of-Christmas/Pointless/the-twelve-days-of-christmas.pointless,Pointless,Pointless,Pointless,the contributor (the language heading the solution is filed under on rosettacode.org),RosettaCodeData@1d47586,,,,not-in-linguist;invented-ext,Task/The-Twelve-Days-of-Christmas/Pointless/the-twelve-days-of-christmas.pointless,12
rosetta:eea45ae35d32,gold,.pony,c4ad8993bda786c70a9dad4dc31b668da72467b4,array-concatenation.pony,swh:1:cnt:c4ad8993bda786c70a9dad4dc31b668da72467b4;origin=https://github.com/acmeism/RosettaCodeData;path=/Task/Array-concatenation/Pony/array-concatenation.pony,Pony,Pony,Pony,the contributor (the language heading the solution is filed under on rosettacode.org),RosettaCodeData@1d47586,,,,in-linguist,Task/Array-concatenation/Pony/array-concatenation.pony,22
rosetta:55dd2f06dbf6,gold,.pony,3480531ea61db0a34552bf3653f50344dfc29aad,fizzbuzz.pony,swh:1:cnt:3480531ea61db0a34552bf3653f50344dfc29aad;origin=https://github.com/acmeism/RosettaCodeData;path=/Task/FizzBuzz/Pony/fizzbuzz.pony,Pony,Pony,Pony,the contributor (the language heading the solution is filed under on rosettacode.org),RosettaCodeData@1d47586,,,,in-linguist,Task/FizzBuzz/Pony/fizzbuzz.pony,22
rosetta:ece1ec035279,gold,.pop11,db25ff80c35dbbaa96f6ab37030835c77efe28ec,averages-arithmetic-mean.pop11,swh:1:cnt:db25ff80c35dbbaa96f6ab37030835c77efe28ec;origin=https://github.com/acmeism/RosettaCodeData;path=/Task/Averages-Arithmetic-mean/Pop11/averages-arithmetic-mean.pop11,Pop11,Pop11,Pop11,the contributor (the language heading the solution is filed under on rosettacode.org),RosettaCodeData@1d47586,,,,not-in-linguist;invented-ext,Task/Averages-Arithmetic-mean/Pop11/averages-arithmetic-mean.pop11,140
rosetta:968b6ae0618a,gold,.pop11,a915e6acde288c2bdaf1b3f640d544dd7d21b023,sorting-algorithms-bubble-sort.pop11,swh:1:cnt:a915e6acde288c2bdaf1b3f640d544dd7d21b023;origin=https://github.com/acmeism/RosettaCodeData;path=/Task/Sorting-algorithms-Bubble-sort/Pop11/sorting-algorithms-bubble-sort.pop11,Pop11,Pop11,Pop11,the contributor (the language heading the solution is filed under on rosettacode.org),RosettaCodeData@1d47586,,,,not-in-linguist;invented-ext,Task/Sorting-algorithms-Bubble-sort/Pop11/sorting-algorithms-bubble-sort.pop11,140
rosetta:c5322d0433eb,gold,.portugol,617ee7c7abc3419a929159ee905edabdd93e2616,animate-a-pendulum.portugol,swh:1:cnt:617ee7c7abc3419a929159ee905edabdd93e2616;origin=https://github.com/acmeism/RosettaCodeData;path=/Task/Animate-a-pendulum/Portugol/animate-a-pendulum.portugol,Portugol,Portugol,Portugol,the contributor (the language heading the solution is filed under on rosettacode.org),RosettaCodeData@1d47586,,,,in-linguist;invented-ext,Task/Animate-a-pendulum/Portugol/animate-a-pendulum.portugol,4
rosetta:fb62626cc944,gold,.portugol,d9f2300cbe77ac7ba98cb26fa20ca633a0d79764,classes.portugol,swh:1:cnt:d9f2300cbe77ac7ba98cb26fa20ca633a0d79764;origin=https://github.com/acmeism/RosettaCodeData;path=/Task/Classes/Portugol/classes.portugol,Portugol,Portugol,Portugol,the contributor (the language heading the solution is filed under on rosettacode.org),RosettaCodeData@1d47586,,,,in-linguist;invented-ext,Task/Classes/Portugol/classes.portugol,4
rosetta:4ccb18f94579,gold,.ps,40144ab9b28ed137eb2c8b7d4eabf7c70771e656,trigonometric-functions.ps,swh:1:cnt:40144ab9b28ed137eb2c8b7d4eabf7c70771e656;origin=https://github.com/acmeism/RosettaCodeData;path=/Task/Trigonometric-functions/PostScript/trigonometric-functions.ps,PostScript,PostScript,PostScript;postscr,the contributor (the language heading the solution is filed under on rosettacode.org),RosettaCodeData@1d47586,,,,in-linguist,Task/Trigonometric-functions/PostScript/trigonometric-functions.ps,132
rosetta:41367f132b18,gold,.ps,39ac61c63f9e79657f159d95ce4147341c138317,yin-and-yang.ps,swh:1:cnt:39ac61c63f9e79657f159d95ce4147341c138317;origin=https://github.com/acmeism/RosettaCodeData;path=/Task/Yin-and-yang/PostScript/yin-and-yang.ps,PostScript,PostScript,PostScript;postscr,the contributor (the language heading the solution is filed under on rosettacode.org),RosettaCodeData@1d47586,,,,in-linguist,Task/Yin-and-yang/PostScript/yin-and-yang.ps,132
rosetta:1ce9cb936d87,gold,.potion,c2c0f4bc8cff6d64eca5f25861e65b93b03609bf,100-doors.potion,swh:1:cnt:c2c0f4bc8cff6d64eca5f25861e65b93b03609bf;origin=https://github.com/acmeism/RosettaCodeData;path=/Task/100-doors/Potion/100-doors.potion,Potion,Potion,Potion,the contributor (the language heading the solution is filed under on rosettacode.org),RosettaCodeData@1d47586,,,,not-in-linguist;invented-ext,Task/100-doors/Potion/100-doors.potion,32
rosetta:7b4d7c045d1f,gold,.potion,64a418bd9c5358c86614306864acf11f616801be,palindrome-detection.potion,swh:1:cnt:64a418bd9c5358c86614306864acf11f616801be;origin=https://github.com/acmeism/RosettaCodeData;path=/Task/Palindrome-detection/Potion/palindrome-detection.potion,Potion,Potion,Potion,the contributor (the language heading the solution is filed under on rosettacode.org),RosettaCodeData@1d47586,,,,not-in-linguist;invented-ext,Task/Palindrome-detection/Potion/palindrome-detection.potion,32
rosetta:6cad0e344be1,gold,.povray,7060b46550153f873ce639e88f4ce9449f0cf88e,death-star.povray,swh:1:cnt:7060b46550153f873ce639e88f4ce9449f0cf88e;origin=https://github.com/acmeism/RosettaCodeData;path=/Task/Death-Star/POV-Ray/death-star.povray,POV-Ray SDL,POV-Ray,POV-Ray SDL;pov-ray;povray;POV-Ray,the contributor (the language heading the solution is filed under on rosettacode.org),RosettaCodeData@1d47586,,,,in-linguist;invented-ext,Task/Death-Star/POV-Ray/death-star.povray,9
rosetta:d25092c36880,gold,.povray,f38a1372567b29856f49078aa25e9fa1a9371d9e,draw-a-cuboid.povray,swh:1:cnt:f38a1372567b29856f49078aa25e9fa1a9371d9e;origin=https://github.com/acmeism/RosettaCodeData;path=/Task/Draw-a-cuboid/POV-Ray/draw-a-cuboid.povray,POV-Ray SDL,POV-Ray,POV-Ray SDL;pov-ray;povray;POV-Ray,the contributor (the language heading the solution is filed under on rosettacode.org),RosettaCodeData@1d47586,,,,in-linguist;invented-ext,Task/Draw-a-cuboid/POV-Ray/draw-a-cuboid.povray,9
rosetta:ad4609424352,gold,.basic,d2d245771725153139d5cc55532977d5ed809eab,factorial.basic,swh:1:cnt:d2d245771725153139d5cc55532977d5ed809eab;origin=https://github.com/acmeism/RosettaCodeData;path=/Task/Factorial/PowerBASIC/factorial.basic,PowerBASIC,PowerBASIC,PowerBASIC,the contributor (the language heading the solution is filed under on rosettacode.org),RosettaCodeData@1d47586,,,,not-in-linguist;invented-ext,Task/Factorial/PowerBASIC/factorial.basic,56
rosetta:1e609a12d34f,gold,.basic,f35bb5433e0ab3628faad532b54fbc76c3a3a362,palindrome-detection.basic,swh:1:cnt:f35bb5433e0ab3628faad532b54fbc76c3a3a362;origin=https://github.com/acmeism/RosettaCodeData;path=/Task/Palindrome-detection/PowerBASIC/palindrome-detection.basic,PowerBASIC,PowerBASIC,PowerBASIC,the contributor (the language heading the solution is filed under on rosettacode.org),RosettaCodeData@1d47586,,,,not-in-linguist;invented-ext,Task/Palindrome-detection/PowerBASIC/palindrome-detection.basic,56
rosetta:cd02271a03bd,gold,.powerbuilder,9cb2aaea9a4a5e7e7e6e553a2da3f8c4f02750bb,averages-root-mean-square.powerbuilder,swh:1:cnt:9cb2aaea9a4a5e7e7e6e553a2da3f8c4f02750bb;origin=https://github.com/acmeism/RosettaCodeData;path=/Task/Averages-Root-mean-square/Powerbuilder/averages-root-mean-square.powerbuilder,PowerBuilder,Powerbuilder,PowerBuilder;Powerbuilder,the contributor (the language heading the solution is filed under on rosettacode.org),RosettaCodeData@1d47586,,,,in-linguist;invented-ext,Task/Averages-Root-mean-square/Powerbuilder/averages-root-mean-square.powerbuilder,3
rosetta:8d88f8420fba,gold,.powerbuilder,8a63cec46bd1746edebd4cf7faf1f4c6125ad81d,string-case.powerbuilder,swh:1:cnt:8a63cec46bd1746edebd4cf7faf1f4c6125ad81d;origin=https://github.com/acmeism/RosettaCodeData;path=/Task/String-case/Powerbuilder/string-case.powerbuilder,PowerBuilder,Powerbuilder,PowerBuilder;Powerbuilder,the contributor (the language heading the solution is filed under on rosettacode.org),RosettaCodeData@1d47586,,,,in-linguist;invented-ext;tiny,Task/String-case/Powerbuilder/string-case.powerbuilder,3
rosetta:94b46e41755f,gold,.ppc,536b6851ed49b53b5d28ee7e2034c15042851bfe,greatest-common-divisor.ppc,swh:1:cnt:536b6851ed49b53b5d28ee7e2034c15042851bfe;origin=https://github.com/acmeism/RosettaCodeData;path=/Task/Greatest-common-divisor/PowerPC-Assembly/greatest-common-divisor.ppc,PowerPC Assembly,PowerPC Assembly,PowerPC Assembly,the contributor (the language heading the solution is filed under on rosettacode.org),RosettaCodeData@1d47586,,,,not-in-linguist;invented-ext,Task/Greatest-common-divisor/PowerPC-Assembly/greatest-common-divisor.ppc,1
rosetta:c86ee9fc4ac1,gold,.ps1,9b34917340f61d355fa7e8f733a5efa059631578,loops-n-plus-one-half-2.ps1,swh:1:cnt:9b34917340f61d355fa7e8f733a5efa059631578;origin=https://github.com/acmeism/RosettaCodeData;path=/Task/Loops-N-plus-one-half/PowerShell/loops-n-plus-one-half-2.ps1,PowerShell,PowerShell,PowerShell;posh;pwsh,the contributor (the language heading the solution is filed under on rosettacode.org),RosettaCodeData@1d47586,,,,in-linguist,Task/Loops-N-plus-one-half/PowerShell/loops-n-plus-one-half-2.ps1,949
rosetta:e95ef011691c,gold,.ps1,39bb8c11fa87ab1e6d092d126ec307c1fa382aac,rot-13-2.ps1,swh:1:cnt:39bb8c11fa87ab1e6d092d126ec307c1fa382aac;origin=https://github.com/acmeism/RosettaCodeData;path=/Task/Rot-13/PowerShell/rot-13-2.ps1,PowerShell,PowerShell,PowerShell;posh;pwsh,the contributor (the language heading the solution is filed under on rosettacode.org),RosettaCodeData@1d47586,,,,in-linguist,Task/Rot-13/PowerShell/rot-13-2.ps1,949
rosetta:532de8c84dcf,gold,.processing,c8d08d7288f8e09ba6743e9f3f86b44b3368aacb,brownian-tree.processing,swh:1:cnt:c8d08d7288f8e09ba6743e9f3f86b44b3368aacb;origin=https://github.com/acmeism/RosettaCodeData;path=/Task/Brownian-tree/Processing/brownian-tree.processing,Processing,Processing,Processing,the contributor (the language heading the solution is filed under on rosettacode.org),RosettaCodeData@1d47586,,,,in-linguist;invented-ext,Task/Brownian-tree/Processing/brownian-tree.processing,152
rosetta:76245a74945b,gold,.processing,21badf0d7b63cdad3e4e5122b93c8f4ea8e2faa4,fizzbuzz-3.processing,swh:1:cnt:21badf0d7b63cdad3e4e5122b93c8f4ea8e2faa4;origin=https://github.com/acmeism/RosettaCodeData;path=/Task/FizzBuzz/Processing/fizzbuzz-3.processing,Processing,Processing,Processing,the contributor (the language heading the solution is filed under on rosettacode.org),RosettaCodeData@1d47586,,,,in-linguist;invented-ext,Task/FizzBuzz/Processing/fizzbuzz-3.processing,152
rosetta:2bbe80d363c6,gold,.processing-py,695c552bdf459b9fe1a17cb2337e957779969b46,animation.processing-py,swh:1:cnt:695c552bdf459b9fe1a17cb2337e957779969b46;origin=https://github.com/acmeism/RosettaCodeData;path=/Task/Animation/Processing-Python-mode/animation.processing-py,Processing Python mode,Processing Python mode,Processing Python mode,the contributor (the language heading the solution is filed under on rosettacode.org),RosettaCodeData@1d47586,,,,not-in-linguist;invented-ext,Task/Animation/Processing-Python-mode/animation.processing-py,41
rosetta:4b9046df244b,gold,.processing-py,e5877b1e28b926a0066542ed4fdadfaed8134017,bitmap-flood-fill.processing-py,swh:1:cnt:e5877b1e28b926a0066542ed4fdadfaed8134017;origin=https://github.com/acmeism/RosettaCodeData;path=/Task/Bitmap-Flood-fill/Processing-Python-mode/bitmap-flood-fill.processing-py,Processing Python mode,Processing Python mode,Processing Python mode,the contributor (the language heading the solution is filed under on rosettacode.org),RosettaCodeData@1d47586,,,,not-in-linguist;invented-ext,Task/Bitmap-Flood-fill/Processing-Python-mode/bitmap-flood-fill.processing-py,41
rosetta:96cadcea533e,gold,.processing-r,3000fce9305124291a3693008ddea62b8e240b23,100-doors.processing-r,swh:1:cnt:3000fce9305124291a3693008ddea62b8e240b23;origin=https://github.com/acmeism/RosettaCodeData;path=/Task/100-doors/Processing.R/100-doors.processing-r,Processing.R,Processing.R,Processing.R,the contributor (the language heading the solution is filed under on rosettacode.org),RosettaCodeData@1d47586,,,,not-in-linguist;invented-ext,Task/100-doors/Processing.R/100-doors.processing-r,3
rosetta:db3306a46805,gold,.processing-r,812dd73a53413cacf57c96984c1e5097648a0d50,99-bottles-of-beer.processing-r,swh:1:cnt:812dd73a53413cacf57c96984c1e5097648a0d50;origin=https://github.com/acmeism/RosettaCodeData;path=/Task/99-bottles-of-beer/Processing.R/99-bottles-of-beer.processing-r,Processing.R,Processing.R,Processing.R,the contributor (the language heading the solution is filed under on rosettacode.org),RosettaCodeData@1d47586,,,,not-in-linguist;invented-ext,Task/99-bottles-of-beer/Processing.R/99-bottles-of-beer.processing-r,3
rosetta:b896b9544c8a,gold,.dos,ab067ad85aa0297bfa19f9bc7e91671e2e51deb6,copy-a-string.dos,swh:1:cnt:ab067ad85aa0297bfa19f9bc7e91671e2e51deb6;origin=https://github.com/acmeism/RosettaCodeData;path=/Task/Copy-a-string/ProDOS/copy-a-string.dos,ProDOS,ProDOS,ProDOS,the contributor (the language heading the solution is filed under on rosettacode.org),RosettaCodeData@1d47586,,,,not-in-linguist;invented-ext;tiny,Task/Copy-a-string/ProDOS/copy-a-string.dos,21
rosetta:c65643a59bc2,gold,.dos,05879a1afcff674bf3ed3e3064526ab5e667e0a5,create-a-file.dos,swh:1:cnt:05879a1afcff674bf3ed3e3064526ab5e667e0a5;origin=https://github.com/acmeism/RosettaCodeData;path=/Task/Create-a-file/ProDOS/create-a-file.dos,ProDOS,ProDOS,ProDOS,the contributor (the language heading the solution is filed under on rosettacode.org),RosettaCodeData@1d47586,,,,not-in-linguist;invented-ext;tiny,Task/Create-a-file/ProDOS/create-a-file.dos,21
rosetta:efcb6edddeb4,gold,.prog8,e84b6a1c3bb0bb55cd4083bdcb62e6f44c3bfb23,quine.prog8,swh:1:cnt:e84b6a1c3bb0bb55cd4083bdcb62e6f44c3bfb23;origin=https://github.com/acmeism/RosettaCodeData;path=/Task/Quine/Prog8/quine.prog8,Prog8,Prog8,Prog8,the contributor (the language heading the solution is filed under on rosettacode.org),RosettaCodeData@1d47586,,,,not-in-linguist;invented-ext,Task/Quine/Prog8/quine.prog8,2
rosetta:3cd07e4cc1a8,gold,.prog8,09b83e3478cd71fbfa1708a4f34dc96d941c4afe,the-twelve-days-of-christmas.prog8,swh:1:cnt:09b83e3478cd71fbfa1708a4f34dc96d941c4afe;origin=https://github.com/acmeism/RosettaCodeData;path=/Task/The-Twelve-Days-of-Christmas/Prog8/the-twelve-days-of-christmas.prog8,Prog8,Prog8,Prog8,the contributor (the language heading the solution is filed under on rosettacode.org),RosettaCodeData@1d47586,,,,not-in-linguist;invented-ext,Task/The-Twelve-Days-of-Christmas/Prog8/the-twelve-days-of-christmas.prog8,2
rosetta:515d7b9564da,gold,.pro,e3ac03d236cb8bace6f1de5a80003c555acde196,fractal-tree.pro,swh:1:cnt:e3ac03d236cb8bace6f1de5a80003c555acde196;origin=https://github.com/acmeism/RosettaCodeData;path=/Task/Fractal-tree/Prolog/fractal-tree.pro,Prolog,Prolog,Prolog,the contributor (the language heading the solution is filed under on rosettacode.org),RosettaCodeData@1d47586,,,,in-linguist;ambiguous-ext,Task/Fractal-tree/Prolog/fractal-tree.pro,786
rosetta:15cd802e42c8,gold,.pro,d2272369308f1eac4b1348dc9cbdad7204ffbc99,leap-year-1.pro,swh:1:cnt:d2272369308f1eac4b1348dc9cbdad7204ffbc99;origin=https://github.com/acmeism/RosettaCodeData;path=/Task/Leap-year/Prolog/leap-year-1.pro,Prolog,Prolog,Prolog,the contributor (the language heading the solution is filed under on rosettacode.org),RosettaCodeData@1d47586,,,,in-linguist;ambiguous-ext,Task/Leap-year/Prolog/leap-year-1.pro,786
rosetta:3740188fbc35,gold,.promal,40c3760568050e325ebf4ff7f9640d731f1f0098,find-squares-n-where-n+1-is-prime.promal,swh:1:cnt:40c3760568050e325ebf4ff7f9640d731f1f0098;origin=https://github.com/acmeism/RosettaCodeData;path=/Task/Find-squares-n-where-n+1-is-prime/PROMAL/find-squares-n-where-n+1-is-prime.promal,PROMAL,PROMAL,PROMAL,the contributor (the language heading the solution is filed under on rosettacode.org),RosettaCodeData@1d47586,,,,not-in-linguist;invented-ext,Task/Find-squares-n-where-n+1-is-prime/PROMAL/find-squares-n-where-n+1-is-prime.promal,9
rosetta:7caf0fe42b50,gold,.promal,9d4962804c634278ca6bc23ca5f165e1ebf445d7,ohalloran-numbers.promal,swh:1:cnt:9d4962804c634278ca6bc23ca5f165e1ebf445d7;origin=https://github.com/acmeism/RosettaCodeData;path=/Task/OHalloran-numbers/PROMAL/ohalloran-numbers.promal,PROMAL,PROMAL,PROMAL,the contributor (the language heading the solution is filed under on rosettacode.org),RosettaCodeData@1d47586,,,,not-in-linguist;invented-ext,Task/OHalloran-numbers/PROMAL/ohalloran-numbers.promal,9
rosetta:dd91a12e41f6,gold,.psql,e5a6076e76c9e86431e6bee592aa075c7affb5ea,empty-program.psql,swh:1:cnt:e5a6076e76c9e86431e6bee592aa075c7affb5ea;origin=https://github.com/acmeism/RosettaCodeData;path=/Task/Empty-program/PSQL/empty-program.psql,PSQL,PSQL,PSQL,the contributor (the language heading the solution is filed under on rosettacode.org),RosettaCodeData@1d47586,,,,not-in-linguist;invented-ext;tiny,Task/Empty-program/PSQL/empty-program.psql,1
rosetta:ecf261660484,gold,.pure,7987e4c6d82d38ec8e532dfc1ea234d9ce69ae06,fibonacci-sequence.pure,swh:1:cnt:7987e4c6d82d38ec8e532dfc1ea234d9ce69ae06;origin=https://github.com/acmeism/RosettaCodeData;path=/Task/Fibonacci-sequence/Pure/fibonacci-sequence.pure,Pure,Pure,Pure,the contributor (the language heading the solution is filed under on rosettacode.org),RosettaCodeData@1d47586,,,,not-in-linguist;invented-ext;tiny,Task/Fibonacci-sequence/Pure/fibonacci-sequence.pure,23
rosetta:ff47cd31e8e5,gold,.pure,e225fa77fa9c313f25232df0b40f5bb4ec589cd8,run-length-encoding.pure,swh:1:cnt:e225fa77fa9c313f25232df0b40f5bb4ec589cd8;origin=https://github.com/acmeism/RosettaCodeData;path=/Task/Run-length-encoding/Pure/run-length-encoding.pure,Pure,Pure,Pure,the contributor (the language heading the solution is filed under on rosettacode.org),RosettaCodeData@1d47586,,,,not-in-linguist;invented-ext,Task/Run-length-encoding/Pure/run-length-encoding.pure,23
rosetta:a694cc767f47,gold,.puredata,7fd130742e6b150b75c8ee914edc3e8f7a2828e6,ackermann-function.puredata,swh:1:cnt:7fd130742e6b150b75c8ee914edc3e8f7a2828e6;origin=https://github.com/acmeism/RosettaCodeData;path=/Task/Ackermann-function/Pure-Data/ackermann-function.puredata,Pure Data,Pure Data,Pure Data,the contributor (the language heading the solution is filed under on rosettacode.org),RosettaCodeData@1d47586,,,,in-linguist;invented-ext,Task/Ackermann-function/Pure-Data/ackermann-function.puredata,4
rosetta:0c17e3c145cf,gold,.puredata,c36a4a40de605b7ca7cda272a6166f7aac438cf7,draw-a-cuboid.puredata,swh:1:cnt:c36a4a40de605b7ca7cda272a6166f7aac438cf7;origin=https://github.com/acmeism/RosettaCodeData;path=/Task/Draw-a-cuboid/Pure-Data/draw-a-cuboid.puredata,Pure Data,Pure Data,Pure Data,the contributor (the language heading the solution is filed under on rosettacode.org),RosettaCodeData@1d47586,,,,in-linguist;invented-ext,Task/Draw-a-cuboid/Pure-Data/draw-a-cuboid.puredata,4
rosetta:44df983ceaf4,gold,.basic,0ca45f42f7c48680183870625b8dc8b965dd9dda,conditional-structures-2.basic,swh:1:cnt:0ca45f42f7c48680183870625b8dc8b965dd9dda;origin=https://github.com/acmeism/RosettaCodeData;path=/Task/Conditional-structures/PureBasic/conditional-structures-2.basic,PureBasic,PureBasic,PureBasic,the contributor (the language heading the solution is filed under on rosettacode.org),RosettaCodeData@1d47586,,,,in-linguist;invented-ext,Task/Conditional-structures/PureBasic/conditional-structures-2.basic,850
rosetta:6542d19f20f3,gold,.basic,1e175ea8e06db56e9578c6bbec91d575b49345e8,define-a-primitive-data-type.basic,swh:1:cnt:1e175ea8e06db56e9578c6bbec91d575b49345e8;origin=https://github.com/acmeism/RosettaCodeData;path=/Task/Define-a-primitive-data-type/PureBasic/define-a-primitive-data-type.basic,PureBasic,PureBasic,PureBasic,the contributor (the language heading the solution is filed under on rosettacode.org),RosettaCodeData@1d47586,,,,in-linguist;invented-ext,Task/Define-a-primitive-data-type/PureBasic/define-a-primitive-data-type.basic,850
rosetta:e07b8b4d7c44,gold,.purity,c2980f60cb678984e58edd2e8c825d6e267460e9,fibonacci-sequence-3.purity,swh:1:cnt:c2980f60cb678984e58edd2e8c825d6e267460e9;origin=https://github.com/acmeism/RosettaCodeData;path=/Task/Fibonacci-sequence/Purity/fibonacci-sequence-3.purity,Purity,Purity,Purity,the contributor (the language heading the solution is filed under on rosettacode.org),RosettaCodeData@1d47586,,,,not-in-linguist;invented-ext,Task/Fibonacci-sequence/Purity/fibonacci-sequence-3.purity,6
rosetta:bd22af1f810c,gold,.purity,4decf4f23eff4f77e85b6ae1c3a15f29fc90a2b3,greatest-common-divisor.purity,swh:1:cnt:4decf4f23eff4f77e85b6ae1c3a15f29fc90a2b3;origin=https://github.com/acmeism/RosettaCodeData;path=/Task/Greatest-common-divisor/Purity/greatest-common-divisor.purity,Purity,Purity,Purity,the contributor (the language heading the solution is filed under on rosettacode.org),RosettaCodeData@1d47586,,,,not-in-linguist;invented-ext,Task/Greatest-common-divisor/Purity/greatest-common-divisor.purity,6
rosetta:3e8cf0564bb6,gold,.arr,3f22e2d7ef1be75cb4853d1768f311dbe9465bf1,combinations.arr,swh:1:cnt:3f22e2d7ef1be75cb4853d1768f311dbe9465bf1;origin=https://github.com/acmeism/RosettaCodeData;path=/Task/Combinations/Pyret/combinations.arr,Pyret,Pyret,Pyret,the contributor (the language heading the solution is filed under on rosettacode.org),RosettaCodeData@1d47586,,,,in-linguist,Task/Combinations/Pyret/combinations.arr,5
rosetta:75c7346c5bec,gold,.arr,0e1c8980c24980a59d75a42b555f5f0b04eebd4f,fizzbuzz.arr,swh:1:cnt:0e1c8980c24980a59d75a42b555f5f0b04eebd4f;origin=https://github.com/acmeism/RosettaCodeData;path=/Task/FizzBuzz/Pyret/fizzbuzz.arr,Pyret,Pyret,Pyret,the contributor (the language heading the solution is filed under on rosettacode.org),RosettaCodeData@1d47586,,,,in-linguist,Task/FizzBuzz/Pyret/fizzbuzz.arr,5
rosetta:55d9fb990f6a,gold,.py,63cbb20d5b46ff87d0bed6f58c19b15896bb0e70,hunt-the-wumpus-1.py,swh:1:cnt:63cbb20d5b46ff87d0bed6f58c19b15896bb0e70;origin=https://github.com/acmeism/RosettaCodeData;path=/Task/Hunt-the-Wumpus/Python/hunt-the-wumpus-1.py,Python,Python,Python;py;py3;python3;rusthon,the contributor (the language heading the solution is filed under on rosettacode.org),RosettaCodeData@1d47586,,,,in-linguist,Task/Hunt-the-Wumpus/Python/hunt-the-wumpus-1.py,3054
rosetta:c052f7aea013,gold,.py,d6d18502abb17f648700fc2273421f82b6fdcf96,kronecker-product-based-fractals-1.py,swh:1:cnt:d6d18502abb17f648700fc2273421f82b6fdcf96;origin=https://github.com/acmeism/RosettaCodeData;path=/Task/Kronecker-product-based-fractals/Python/kronecker-product-based-fractals-1.py,Python,Python,Python;py;py3;python3;rusthon,the contributor (the language heading the solution is filed under on rosettacode.org),RosettaCodeData@1d47586,,,,in-linguist,Task/Kronecker-product-based-fractals/Python/kronecker-product-based-fractals-1.py,3054
rosetta:66ba65689b90,gold,.q,962f37b26fffc22c117b001c53eb658f678c6fc1,operator-precedence.q,swh:1:cnt:962f37b26fffc22c117b001c53eb658f678c6fc1;origin=https://github.com/acmeism/RosettaCodeData;path=/Task/Operator-precedence/Q/operator-precedence.q,q,Q,q;Q,the contributor (the language heading the solution is filed under on rosettacode.org),RosettaCodeData@1d47586,,,,in-linguist;ambiguous-ext,Task/Operator-precedence/Q/operator-precedence.q,65
rosetta:22024d3f952a,gold,.q,a3e96d07f04ec727f427b17c6ae8e8f17b4e2eb8,read-entire-file.q,swh:1:cnt:a3e96d07f04ec727f427b17c6ae8e8f17b4e2eb8;origin=https://github.com/acmeism/RosettaCodeData;path=/Task/Read-entire-file/Q/read-entire-file.q,q,Q,q;Q,the contributor (the language heading the solution is filed under on rosettacode.org),RosettaCodeData@1d47586,,,,in-linguist;ambiguous-ext;tiny,Task/Read-entire-file/Q/read-entire-file.q,65
rosetta:1647faa8bacb,gold,.qsharp,d087668853dcc839cd32bd4d654e65cf1b688543,arithmetic-complex.qsharp,swh:1:cnt:d087668853dcc839cd32bd4d654e65cf1b688543;origin=https://github.com/acmeism/RosettaCodeData;path=/Task/Arithmetic-Complex/Q-Sharp/arithmetic-complex.qsharp,Q#,Q Sharp,Q#;qsharp;Q Sharp,the contributor (the language heading the solution is filed under on rosettacode.org),RosettaCodeData@1d47586,,,,in-linguist;invented-ext,Task/Arithmetic-Complex/Q-Sharp/arithmetic-complex.qsharp,5
rosetta:34b68a8e328e,gold,.qsharp,77277dbe0b41725eb635719410c0c881d26c2c50,repeat.qsharp,swh:1:cnt:77277dbe0b41725eb635719410c0c881d26c2c50;origin=https://github.com/acmeism/RosettaCodeData;path=/Task/Repeat/Q-Sharp/repeat.qsharp,Q#,Q Sharp,Q#;qsharp;Q Sharp,the contributor (the language heading the solution is filed under on rosettacode.org),RosettaCodeData@1d47586,,,,in-linguist;invented-ext,Task/Repeat/Q-Sharp/repeat.qsharp,5
rosetta:fba4d6dcbff3,gold,.qb64,04354973ff7f5e65b5b9df510f1da68f38b20500,loops-do-while-2.qb64,swh:1:cnt:04354973ff7f5e65b5b9df510f1da68f38b20500;origin=https://github.com/acmeism/RosettaCodeData;path=/Task/Loops-Do-while/QB64/loops-do-while-2.qb64,QuickBASIC,QB64,QuickBASIC;qb;qbasic;qb64;classic qbasic;classic quickbasic;QB64,the contributor (the language heading the solution is filed under on rosettacode.org),RosettaCodeData@1d47586,,,,in-linguist;invented-ext,Task/Loops-Do-while/QB64/loops-do-while-2.qb64,162
rosetta:31f9e36625df,gold,.qb64,5ff57f4269c37f6ff2f5e5ac5c45443cd20b80d1,ohalloran-numbers.qb64,swh:1:cnt:5ff57f4269c37f6ff2f5e5ac5c45443cd20b80d1;origin=https://github.com/acmeism/RosettaCodeData;path=/Task/OHalloran-numbers/QB64/ohalloran-numbers.qb64,QuickBASIC,QB64,QuickBASIC;qb;qbasic;qb64;classic qbasic;classic quickbasic;QB64,the contributor (the language heading the solution is filed under on rosettacode.org),RosettaCodeData@1d47586,,,,in-linguist;invented-ext,Task/OHalloran-numbers/QB64/ohalloran-numbers.qb64,162
rosetta:95d87ded21e7,gold,.basic,128cd2bf5e0a744be1f61e0e72d5a274668f054b,caesar-cipher.basic,swh:1:cnt:128cd2bf5e0a744be1f61e0e72d5a274668f054b;origin=https://github.com/acmeism/RosettaCodeData;path=/Task/Caesar-cipher/QBasic/caesar-cipher.basic,QuickBASIC,QBasic,QuickBASIC;qb;qbasic;qb64;classic qbasic;classic quickbasic;QBasic,the contributor (the language heading the solution is filed under on rosettacode.org),RosettaCodeData@1d47586,,,,in-linguist;invented-ext,Task/Caesar-cipher/QBasic/caesar-cipher.basic,247
rosetta:18e7799fd946,gold,.basic,7631b06b376363124b7ee5be76a7407f4821bfd0,sum-of-elements-below-main-diagonal-of-matrix.basic,swh:1:cnt:7631b06b376363124b7ee5be76a7407f4821bfd0;origin=https://github.com/acmeism/RosettaCodeData;path=/Task/Sum-of-elements-below-main-diagonal-of-matrix/QBasic/sum-of-elements-below-main-diagonal-of-matrix.basic,QuickBASIC,QBasic,QuickBASIC;qb;qbasic;qb64;classic qbasic;classic quickbasic;QBasic,the contributor (the language heading the solution is filed under on rosettacode.org),RosettaCodeData@1d47586,,,,in-linguist;invented-ext,Task/Sum-of-elements-below-main-diagonal-of-matrix/QBasic/sum-of-elements-below-main-diagonal-of-matrix.basic,247
rosetta:34abde3a0aaa,gold,.qi,dd79dd7da75dc6e9578f844a133bbd35bd8978b8,fibonacci-sequence-1.qi,swh:1:cnt:dd79dd7da75dc6e9578f844a133bbd35bd8978b8;origin=https://github.com/acmeism/RosettaCodeData;path=/Task/Fibonacci-sequence/Qi/fibonacci-sequence-1.qi,Qi,Qi,Qi,the contributor (the language heading the solution is filed under on rosettacode.org),RosettaCodeData@1d47586,,,,not-in-linguist;invented-ext,Task/Fibonacci-sequence/Qi/fibonacci-sequence-1.qi,30
rosetta:dc2a618b0f03,gold,.qi,a29b78c4eaa5867551b70caffddae45f297bdd34,sorting-algorithms-insertion-sort-1.qi,swh:1:cnt:a29b78c4eaa5867551b70caffddae45f297bdd34;origin=https://github.com/acmeism/RosettaCodeData;path=/Task/Sorting-algorithms-Insertion-sort/Qi/sorting-algorithms-insertion-sort-1.qi,Qi,Qi,Qi,the contributor (the language heading the solution is filed under on rosettacode.org),RosettaCodeData@1d47586,,,,not-in-linguist;invented-ext,Task/Sorting-algorithms-Insertion-sort/Qi/sorting-algorithms-insertion-sort-1.qi,30
rosetta:ff527007fe28,gold,.basic,3e399be617d0d2e020103c4109b326dc52849001,leap-year.basic,swh:1:cnt:3e399be617d0d2e020103c4109b326dc52849001;origin=https://github.com/acmeism/RosettaCodeData;path=/Task/Leap-year/QL-SuperBASIC/leap-year.basic,QL SuperBASIC,QL SuperBASIC,QL SuperBASIC,the contributor (the language heading the solution is filed under on rosettacode.org),RosettaCodeData@1d47586,,,,not-in-linguist;invented-ext,Task/Leap-year/QL-SuperBASIC/leap-year.basic,8
rosetta:906fdb27fe37,gold,.basic,bf16eefb99d9ea7b590f0217da5658276250324b,sieve-of-eratosthenes-2.basic,swh:1:cnt:bf16eefb99d9ea7b590f0217da5658276250324b;origin=https://github.com/acmeism/RosettaCodeData;path=/Task/Sieve-of-Eratosthenes/QL-SuperBASIC/sieve-of-eratosthenes-2.basic,QL SuperBASIC,QL SuperBASIC,QL SuperBASIC,the contributor (the language heading the solution is filed under on rosettacode.org),RosettaCodeData@1d47586,,,,not-in-linguist;invented-ext,Task/Sieve-of-Eratosthenes/QL-SuperBASIC/sieve-of-eratosthenes-2.basic,8
rosetta:0eef5ce15aae,gold,.qore,d641df7b4a1d4340428f261f11f97079cb237a73,99-bottles-of-beer-1.qore,swh:1:cnt:d641df7b4a1d4340428f261f11f97079cb237a73;origin=https://github.com/acmeism/RosettaCodeData;path=/Task/99-bottles-of-beer/Qore/99-bottles-of-beer-1.qore,Qore,Qore,Qore,the contributor (the language heading the solution is filed under on rosettacode.org),RosettaCodeData@1d47586,,,,not-in-linguist;invented-ext,Task/99-bottles-of-beer/Qore/99-bottles-of-beer-1.qore,2
rosetta:39c301213a2a,gold,.quackery,efe826ffc8fa15c4592f1fecf992f62ea6bcd3af,smarandache-prime-digital-sequence-1.quackery,swh:1:cnt:efe826ffc8fa15c4592f1fecf992f62ea6bcd3af;origin=https://github.com/acmeism/RosettaCodeData;path=/Task/Smarandache-prime-digital-sequence/Quackery/smarandache-prime-digital-sequence-1.quackery,Quackery,Quackery,Quackery,the contributor (the language heading the solution is filed under on rosettacode.org),RosettaCodeData@1d47586,,,,not-in-linguist;invented-ext,Task/Smarandache-prime-digital-sequence/Quackery/smarandache-prime-digital-sequence-1.quackery,766
rosetta:bd7bb846c3da,gold,.quackery,5d55fc74639c7e5b8ccb6e7175e56c6487b1af8c,sum-of-a-series.quackery,swh:1:cnt:5d55fc74639c7e5b8ccb6e7175e56c6487b1af8c;origin=https://github.com/acmeism/RosettaCodeData;path=/Task/Sum-of-a-series/Quackery/sum-of-a-series.quackery,Quackery,Quackery,Quackery,the contributor (the language heading the solution is filed under on rosettacode.org),RosettaCodeData@1d47586,,,,not-in-linguist;invented-ext,Task/Sum-of-a-series/Quackery/sum-of-a-series.quackery,766
rosetta:5e848657682b,gold,.basic,cdd53f134e18dc2c6fd999f03fd2197c204c3bcc,ackermann-function.basic,swh:1:cnt:cdd53f134e18dc2c6fd999f03fd2197c204c3bcc;origin=https://github.com/acmeism/RosettaCodeData;path=/Task/Ackermann-function/QuickBASIC/ackermann-function.basic,QuickBASIC,QuickBASIC,QuickBASIC;qb;qbasic;qb64;classic qbasic;classic quickbasic,the contributor (the language heading the solution is filed under on rosettacode.org),RosettaCodeData@1d47586,,,,in-linguist;invented-ext,Task/Ackermann-function/QuickBASIC/ackermann-function.basic,68
rosetta:f8bc101f24e7,gold,.basic,8aa0b81f1a2d0b56577ee81fd2f5cee5f8683c3e,brazilian-numbers.basic,swh:1:cnt:8aa0b81f1a2d0b56577ee81fd2f5cee5f8683c3e;origin=https://github.com/acmeism/RosettaCodeData;path=/Task/Brazilian-numbers/QuickBASIC/brazilian-numbers.basic,QuickBASIC,QuickBASIC,QuickBASIC;qb;qbasic;qb64;classic qbasic;classic quickbasic,the contributor (the language heading the solution is filed under on rosettacode.org),RosettaCodeData@1d47586,,,,in-linguist;invented-ext,Task/Brazilian-numbers/QuickBASIC/brazilian-numbers.basic,68
rosetta:60aebff9066c,gold,.quill,e9eb9b8401462c66414c05058cd2bb3ccd7974df,99-bottles-of-beer.quill,swh:1:cnt:e9eb9b8401462c66414c05058cd2bb3ccd7974df;origin=https://github.com/acmeism/RosettaCodeData;path=/Task/99-bottles-of-beer/Quill/99-bottles-of-beer.quill,Quill,Quill,Quill,the contributor (the language heading the solution is filed under on rosettacode.org),RosettaCodeData@1d47586,,,,not-in-linguist;invented-ext,Task/99-bottles-of-beer/Quill/99-bottles-of-beer.quill,2
rosetta:bb1856a44cc9,gold,.quirl,8d15f7d0dd57ef76f115f51876b59b8f85ab39f7,fibonacci-sequence-2.quirl,swh:1:cnt:8d15f7d0dd57ef76f115f51876b59b8f85ab39f7;origin=https://github.com/acmeism/RosettaCodeData;path=/Task/Fibonacci-sequence/Quirl/fibonacci-sequence-2.quirl,Quirl,Quirl,Quirl,the contributor (the language heading the solution is filed under on rosettacode.org),RosettaCodeData@1d47586,,,,not-in-linguist;invented-ext;tiny,Task/Fibonacci-sequence/Quirl/fibonacci-sequence-2.quirl,14
rosetta:639835abe92f,gold,.quirl,dc0a0aa34b0aa7cd4b7a09d15a01da36c2f4ce25,forward-difference.quirl,swh:1:cnt:dc0a0aa34b0aa7cd4b7a09d15a01da36c2f4ce25;origin=https://github.com/acmeism/RosettaCodeData;path=/Task/Forward-difference/Quirl/forward-difference.quirl,Quirl,Quirl,Quirl,the contributor (the language heading the solution is filed under on rosettacode.org),RosettaCodeData@1d47586,,,,not-in-linguist;invented-ext;tiny,Task/Forward-difference/Quirl/forward-difference.quirl,14
rosetta:f2c6e2022429,gold,.basic,46b444d6c7ee637bc06bf40259a5d14805027cab,array-concatenation.basic,swh:1:cnt:46b444d6c7ee637bc06bf40259a5d14805027cab;origin=https://github.com/acmeism/RosettaCodeData;path=/Task/Array-concatenation/Quite-BASIC/array-concatenation.basic,Quite BASIC,Quite BASIC,Quite BASIC,the contributor (the language heading the solution is filed under on rosettacode.org),RosettaCodeData@1d47586,,,,not-in-linguist;invented-ext,Task/Array-concatenation/Quite-BASIC/array-concatenation.basic,48
rosetta:9bbdd231cd9a,gold,.basic,d111bbc34bb92fbf73d7c47332a0381b4e9b1aee,mandelbrot-set.basic,swh:1:cnt:d111bbc34bb92fbf73d7c47332a0381b4e9b1aee;origin=https://github.com/acmeism/RosettaCodeData;path=/Task/Mandelbrot-set/Quite-BASIC/mandelbrot-set.basic,Quite BASIC,Quite BASIC,Quite BASIC,the contributor (the language heading the solution is filed under on rosettacode.org),RosettaCodeData@1d47586,,,,not-in-linguist;invented-ext,Task/Mandelbrot-set/Quite-BASIC/mandelbrot-set.basic,48
rosetta:d027f231482c,gold,.quorum,c4149e97c28ef85aed11307d723ba0784fc035cf,countdown.quorum,swh:1:cnt:c4149e97c28ef85aed11307d723ba0784fc035cf;origin=https://github.com/acmeism/RosettaCodeData;path=/Task/Countdown/Quorum/countdown.quorum,Quorum,Quorum,Quorum,the contributor (the language heading the solution is filed under on rosettacode.org),RosettaCodeData@1d47586,,,,not-in-linguist;invented-ext,Task/Countdown/Quorum/countdown.quorum,1
rosetta:f05f5481cb30,gold,.r,f77d8acec088e788a24d0ca0c0504cef37c0c5d5,abbreviations-automatic.r,swh:1:cnt:f77d8acec088e788a24d0ca0c0504cef37c0c5d5;origin=https://github.com/acmeism/RosettaCodeData;path=/Task/Abbreviations-automatic/R/abbreviations-automatic.r,R,R,R;Rscript;splus,the contributor (the language heading the solution is filed under on rosettacode.org),RosettaCodeData@1d47586,,,,in-linguist;ambiguous-ext,Task/Abbreviations-automatic/R/abbreviations-automatic.r,1211
rosetta:61155268ae4a,gold,.r,af0670b6785386a74fb16418c487c18e0150cbf2,rosetta-code-count-examples.r,swh:1:cnt:af0670b6785386a74fb16418c487c18e0150cbf2;origin=https://github.com/acmeism/RosettaCodeData;path=/Task/Rosetta-Code-Count-examples/R/rosetta-code-count-examples.r,R,R,R;Rscript;splus,the contributor (the language heading the solution is filed under on rosettacode.org),RosettaCodeData@1d47586,,,,in-linguist;ambiguous-ext,Task/Rosetta-Code-Count-examples/R/rosetta-code-count-examples.r,1211
rosetta:ef96fb11f498,gold,.ra,9ce5a6d63ab7b42ed06b18c7c0f895ef4bcf0276,hello-world-newbie.ra,swh:1:cnt:9ce5a6d63ab7b42ed06b18c7c0f895ef4bcf0276;origin=https://github.com/acmeism/RosettaCodeData;path=/Task/Hello-world-Newbie/Ra/hello-world-newbie.ra,Ra,Ra,Ra,the contributor (the language heading the solution is filed under on rosettacode.org),RosettaCodeData@1d47586,,,,not-in-linguist;invented-ext;tiny,Task/Hello-world-Newbie/Ra/hello-world-newbie.ra,9
rosetta:b9bf5208a7ba,gold,.ra,953de6aa3936f2b3d207c9c38d8f6dcfec96e538,sorting-algorithms-selection-sort.ra,swh:1:cnt:953de6aa3936f2b3d207c9c38d8f6dcfec96e538;origin=https://github.com/acmeism/RosettaCodeData;path=/Task/Sorting-algorithms-Selection-sort/Ra/sorting-algorithms-selection-sort.ra,Ra,Ra,Ra,the contributor (the language heading the solution is filed under on rosettacode.org),RosettaCodeData@1d47586,,,,not-in-linguist;invented-ext,Task/Sorting-algorithms-Selection-sort/Ra/sorting-algorithms-selection-sort.ra,9
rosetta:174ab9feb543,gold,.rkt,ff0fd70c3b2e5337586228f310d14815f2145d4b,comma-quibbling.rkt,swh:1:cnt:ff0fd70c3b2e5337586228f310d14815f2145d4b;origin=https://github.com/acmeism/RosettaCodeData;path=/Task/Comma-quibbling/Racket/comma-quibbling.rkt,Racket,Racket,Racket,the contributor (the language heading the solution is filed under on rosettacode.org),RosettaCodeData@1d47586,,,,in-linguist,Task/Comma-quibbling/Racket/comma-quibbling.rkt,1391
rosetta:c4c271bf4b38,gold,.rkt,77f1c20771bb62ffad56f13d853ef6f6cde45d4e,numerical-integration-gauss-legendre-quadrature-3.rkt,swh:1:cnt:77f1c20771bb62ffad56f13d853ef6f6cde45d4e;origin=https://github.com/acmeism/RosettaCodeData;path=/Task/Numerical-integration-Gauss-Legendre-Quadrature/Racket/numerical-integration-gauss-legendre-quadrature-3.rkt,Racket,Racket,Racket,the contributor (the language heading the solution is filed under on rosettacode.org),RosettaCodeData@1d47586,,,,in-linguist,Task/Numerical-integration-Gauss-Legendre-Quadrature/Racket/numerical-integration-gauss-legendre-quadrature-3.rkt,1391
rosetta:5ce7a6bfc0f3,gold,.raku,a87deb16c5721126d6f3d4a52ba813237dd68126,geohash-1.raku,swh:1:cnt:a87deb16c5721126d6f3d4a52ba813237dd68126;origin=https://github.com/acmeism/RosettaCodeData;path=/Task/Geohash/Raku/geohash-1.raku,Raku,Raku,Raku;perl6;perl-6,the contributor (the language heading the solution is filed under on rosettacode.org),RosettaCodeData@1d47586,,,,in-linguist,Task/Geohash/Raku/geohash-1.raku,2199
rosetta:1c439bcd8daf,gold,.raku,ecfd4d272cc5f9a302c25e14b0f9f33d7ab9bfba,variable-declaration-reset-3.raku,swh:1:cnt:ecfd4d272cc5f9a302c25e14b0f9f33d7ab9bfba;origin=https://github.com/acmeism/RosettaCodeData;path=/Task/Variable-declaration-reset/Raku/variable-declaration-reset-3.raku,Raku,Raku,Raku;perl6;perl-6,the contributor (the language heading the solution is filed under on rosettacode.org),RosettaCodeData@1d47586,,,,in-linguist,Task/Variable-declaration-reset/Raku/variable-declaration-reset-3.raku,2199
rosetta:a030f3349b3f,gold,.rapidq,c69ee142aa29307940bd0dedae798e9b1f3b11d6,file-modification-time.rapidq,swh:1:cnt:c69ee142aa29307940bd0dedae798e9b1f3b11d6;origin=https://github.com/acmeism/RosettaCodeData;path=/Task/File-modification-time/RapidQ/file-modification-time.rapidq,RapidQ,RapidQ,RapidQ,the contributor (the language heading the solution is filed under on rosettacode.org),RosettaCodeData@1d47586,,,,not-in-linguist;invented-ext;tiny,Task/File-modification-time/RapidQ/file-modification-time.rapidq,52
rosetta:f27c7b88d1a3,gold,.rapidq,340ae94b468694b4c8383cda81f37332af9ca0bd,read-a-file-line-by-line.rapidq,swh:1:cnt:340ae94b468694b4c8383cda81f37332af9ca0bd;origin=https://github.com/acmeism/RosettaCodeData;path=/Task/Read-a-file-line-by-line/RapidQ/read-a-file-line-by-line.rapidq,RapidQ,RapidQ,RapidQ,the contributor (the language heading the solution is filed under on rosettacode.org),RosettaCodeData@1d47586,,,,not-in-linguist;invented-ext,Task/Read-a-file-line-by-line/RapidQ/read-a-file-line-by-line.rapidq,52
rosetta:07af3170e816,gold,.rapira,14a93cc7ef014cd605d3b111bdcce23088a836fd,even-or-odd.rapira,swh:1:cnt:14a93cc7ef014cd605d3b111bdcce23088a836fd;origin=https://github.com/acmeism/RosettaCodeData;path=/Task/Even-or-odd/Rapira/even-or-odd.rapira,Rapira,Rapira,Rapira,the contributor (the language heading the solution is filed under on rosettacode.org),RosettaCodeData@1d47586,,,,not-in-linguist;invented-ext;tiny,Task/Even-or-odd/Rapira/even-or-odd.rapira,17
rosetta:1eb45c9a8bae,gold,.rapira,3dc18a09252ebff56946cca883fb9afb1c43b04e,loops-for.rapira,swh:1:cnt:3dc18a09252ebff56946cca883fb9afb1c43b04e;origin=https://github.com/acmeism/RosettaCodeData;path=/Task/Loops-For/Rapira/loops-for.rapira,Rapira,Rapira,Rapira,the contributor (the language heading the solution is filed under on rosettacode.org),RosettaCodeData@1d47586,,,,not-in-linguist;invented-ext;tiny,Task/Loops-For/Rapira/loops-for.rapira,17
rosetta:289cbe930862,gold,.rascal,47681b99310fbcc04ab77f8265a18ff6f45a0fef,dot-product-2.rascal,swh:1:cnt:47681b99310fbcc04ab77f8265a18ff6f45a0fef;origin=https://github.com/acmeism/RosettaCodeData;path=/Task/Dot-product/Rascal/dot-product-2.rascal,Rascal,Rascal,Rascal,the contributor (the language heading the solution is filed under on rosettacode.org),RosettaCodeData@1d47586,,,,in-linguist;invented-ext,Task/Dot-product/Rascal/dot-product-2.rascal,88
rosetta:dd93be89d255,gold,.rascal,52cd97af45d4e880513889c3be942789e353a521,variables-3.rascal,swh:1:cnt:52cd97af45d4e880513889c3be942789e353a521;origin=https://github.com/acmeism/RosettaCodeData;path=/Task/Variables/Rascal/variables-3.rascal,Rascal,Rascal,Rascal,the contributor (the language heading the solution is filed under on rosettacode.org),RosettaCodeData@1d47586,,,,in-linguist;invented-ext;tiny,Task/Variables/Rascal/variables-3.rascal,88
rosetta:f1b6c91a73a4,gold,.ratfor,9aff71fe926fb663ad13ab47f20fc1eb716a60a1,compiler-ast-interpreter.ratfor,swh:1:cnt:9aff71fe926fb663ad13ab47f20fc1eb716a60a1;origin=https://github.com/acmeism/RosettaCodeData;path=/Task/Compiler-AST-interpreter/RATFOR/compiler-ast-interpreter.ratfor,RATFOR,RATFOR,RATFOR,the contributor (the language heading the solution is filed under on rosettacode.org),RosettaCodeData@1d47586,,,,not-in-linguist;invented-ext,Task/Compiler-AST-interpreter/RATFOR/compiler-ast-interpreter.ratfor,22
rosetta:aa46f20a6501,gold,.ratfor,06c630c121dd6a12aab228dcb3968502370f7805,hello-world-text.ratfor,swh:1:cnt:06c630c121dd6a12aab228dcb3968502370f7805;origin=https://github.com/acmeism/RosettaCodeData;path=/Task/Hello-world-Text/RATFOR/hello-world-text.ratfor,RATFOR,RATFOR,RATFOR,the contributor (the language heading the solution is filed under on rosettacode.org),RosettaCodeData@1d47586,,,,not-in-linguist;invented-ext;tiny,Task/Hello-world-Text/RATFOR/hello-world-text.ratfor,22
rosetta:684577dcd75d,gold,.raven,65c3f5ef4e21f92b12c54503b82419c74baa29ea,collections-3.raven,swh:1:cnt:65c3f5ef4e21f92b12c54503b82419c74baa29ea;origin=https://github.com/acmeism/RosettaCodeData;path=/Task/Collections/Raven/collections-3.raven,Raven,Raven,Raven,the contributor (the language heading the solution is filed under on rosettacode.org),RosettaCodeData@1d47586,,,,not-in-linguist;invented-ext;tiny,Task/Collections/Raven/collections-3.raven,101
rosetta:0e08a726c311,gold,.raven,a3d0b69f3014b75e494f36b6f792481b10492f94,towers-of-hanoi.raven,swh:1:cnt:a3d0b69f3014b75e494f36b6f792481b10492f94;origin=https://github.com/acmeism/RosettaCodeData;path=/Task/Towers-of-Hanoi/Raven/towers-of-hanoi.raven,Raven,Raven,Raven,the contributor (the language heading the solution is filed under on rosettacode.org),RosettaCodeData@1d47586,,,,not-in-linguist;invented-ext,Task/Towers-of-Hanoi/Raven/towers-of-hanoi.raven,101
rosetta:e4803866b330,gold,.basic,150d62e6424e7cd6f0e3d9f9e7acd651f9ba1f12,forest-fire-2.basic,swh:1:cnt:150d62e6424e7cd6f0e3d9f9e7acd651f9ba1f12;origin=https://github.com/acmeism/RosettaCodeData;path=/Task/Forest-fire/REALbasic/forest-fire-2.basic,REALbasic,REALbasic,REALbasic,the contributor (the language heading the solution is filed under on rosettacode.org),RosettaCodeData@1d47586,,,,in-linguist;invented-ext,Task/Forest-fire/REALbasic/forest-fire-2.basic,27
rosetta:b1d6d6b00bb5,gold,.basic,207144385285d3d5d98a8b967a0e2c5e03e80848,variadic-function-1.basic,swh:1:cnt:207144385285d3d5d98a8b967a0e2c5e03e80848;origin=https://github.com/acmeism/RosettaCodeData;path=/Task/Variadic-function/REALbasic/variadic-function-1.basic,REALbasic,REALbasic,REALbasic,the contributor (the language heading the solution is filed under on rosettacode.org),RosettaCodeData@1d47586,,,,in-linguist;invented-ext,Task/Variadic-function/REALbasic/variadic-function-1.basic,27
rosetta:b7ea444cedf3,gold,.rebol,0d59fedfa549ec1d21ad6d2a00cad31d8ad597d6,nth.rebol,swh:1:cnt:0d59fedfa549ec1d21ad6d2a00cad31d8ad597d6;origin=https://github.com/acmeism/RosettaCodeData;path=/Task/Nth/REBOL/nth.rebol,Rebol,REBOL,Rebol;REBOL,the contributor (the language heading the solution is filed under on rosettacode.org),RosettaCodeData@1d47586,,,,in-linguist,Task/Nth/REBOL/nth.rebol,658
rosetta:c3ba32557060,gold,.rebol,087c8f1e218f4393e61028015d7154f864208e29,string-prepend.rebol,swh:1:cnt:087c8f1e218f4393e61028015d7154f864208e29;origin=https://github.com/acmeism/RosettaCodeData;path=/Task/String-prepend/REBOL/string-prepend.rebol,Rebol,REBOL,Rebol;REBOL,the contributor (the language heading the solution is filed under on rosettacode.org),RosettaCodeData@1d47586,,,,in-linguist,Task/String-prepend/REBOL/string-prepend.rebol,658
rosetta:055af2746943,gold,.red,11de20ca143f5b9381789becd42a16fbe2c42577,exponentiation-order.red,swh:1:cnt:11de20ca143f5b9381789becd42a16fbe2c42577;origin=https://github.com/acmeism/RosettaCodeData;path=/Task/Exponentiation-order/Red/exponentiation-order.red,Red,Red,Red;red/system,the contributor (the language heading the solution is filed under on rosettacode.org),RosettaCodeData@1d47586,,,,in-linguist,Task/Exponentiation-order/Red/exponentiation-order.red,308
rosetta:51da5501ab48,gold,.red,7105dd910c2ff1e98c8ba52f9268112eca87e569,nim-game.red,swh:1:cnt:7105dd910c2ff1e98c8ba52f9268112eca87e569;origin=https://github.com/acmeism/RosettaCodeData;path=/Task/Nim-game/Red/nim-game.red,Red,Red,Red;red/system,the contributor (the language heading the solution is filed under on rosettacode.org),RosettaCodeData@1d47586,,,,in-linguist,Task/Nim-game/Red/nim-game.red,308
rosetta:0141df58c068,gold,.refal,027ee823a16abd6e28fb6f6a118d250d4e0e21e8,100-doors.refal,swh:1:cnt:027ee823a16abd6e28fb6f6a118d250d4e0e21e8;origin=https://github.com/acmeism/RosettaCodeData;path=/Task/100-doors/Refal/100-doors.refal,Refal,Refal,Refal,the contributor (the language heading the solution is filed under on rosettacode.org),RosettaCodeData@1d47586,,,,not-in-linguist;invented-ext,Task/100-doors/Refal/100-doors.refal,118
rosetta:0826c3a9b2e9,gold,.refal,41154470bf699bff6ec471871f290317e2902fad,tau-function.refal,swh:1:cnt:41154470bf699bff6ec471871f290317e2902fad;origin=https://github.com/acmeism/RosettaCodeData;path=/Task/Tau-function/Refal/tau-function.refal,Refal,Refal,Refal,the contributor (the language heading the solution is filed under on rosettacode.org),RosettaCodeData@1d47586,,,,not-in-linguist;invented-ext,Task/Tau-function/Refal/tau-function.refal,118
rosetta:c324831a4319,gold,.relation,1f08c36e495f2a94a7409dac578e17e7a713dc9e,array-length.relation,swh:1:cnt:1f08c36e495f2a94a7409dac578e17e7a713dc9e;origin=https://github.com/acmeism/RosettaCodeData;path=/Task/Array-length/Relation/array-length.relation,Relation,Relation,Relation,the contributor (the language heading the solution is filed under on rosettacode.org),RosettaCodeData@1d47586,,,,not-in-linguist;invented-ext,Task/Array-length/Relation/array-length.relation,23
rosetta:745d6b840108,gold,.relation,d48b246a622781b00e9a4112df6b75a4f18df048,loops-n-plus-one-half.relation,swh:1:cnt:d48b246a622781b00e9a4112df6b75a4f18df048;origin=https://github.com/acmeism/RosettaCodeData;path=/Task/Loops-N-plus-one-half/Relation/loops-n-plus-one-half.relation,Relation,Relation,Relation,the contributor (the language heading the solution is filed under on rosettacode.org),RosettaCodeData@1d47586,,,,not-in-linguist;invented-ext,Task/Loops-N-plus-one-half/Relation/loops-n-plus-one-half.relation,23
rosetta:862b2b9e59f4,gold,.res,edb6660918b6ca5359dbf404525de57ec87ef739,ackermann-function.res,swh:1:cnt:edb6660918b6ca5359dbf404525de57ec87ef739;origin=https://github.com/acmeism/RosettaCodeData;path=/Task/Ackermann-function/ReScript/ackermann-function.res,ReScript,ReScript,ReScript,the contributor (the language heading the solution is filed under on rosettacode.org),RosettaCodeData@1d47586,,,,in-linguist;ambiguous-ext,Task/Ackermann-function/ReScript/ackermann-function.res,38
rosetta:e567b881c47d,gold,.res,6cc67213329efde6c98ec693c2919e2b64c1876c,return-multiple-values.res,swh:1:cnt:6cc67213329efde6c98ec693c2919e2b64c1876c;origin=https://github.com/acmeism/RosettaCodeData;path=/Task/Return-multiple-values/ReScript/return-multiple-values.res,ReScript,ReScript,ReScript,the contributor (the language heading the solution is filed under on rosettacode.org),RosettaCodeData@1d47586,,,,in-linguist;ambiguous-ext,Task/Return-multiple-values/ReScript/return-multiple-values.res,38
rosetta:e32d63391949,gold,.retro,3aa131a3fc35e91e6d0ff9cae5d1002ef8d7b7b1,arithmetic-integer.retro,swh:1:cnt:3aa131a3fc35e91e6d0ff9cae5d1002ef8d7b7b1;origin=https://github.com/acmeism/RosettaCodeData;path=/Task/Arithmetic-Integer/Retro/arithmetic-integer.retro,Retro,Retro,Retro,the contributor (the language heading the solution is filed under on rosettacode.org),RosettaCodeData@1d47586,,,,not-in-linguist;invented-ext,Task/Arithmetic-Integer/Retro/arithmetic-integer.retro,125
rosetta:8383f8766ab6,gold,.retro,f769e798182b1a64a33c57448cb1f254b7751e70,file-size-3.retro,swh:1:cnt:f769e798182b1a64a33c57448cb1f254b7751e70;origin=https://github.com/acmeism/RosettaCodeData;path=/Task/File-size/Retro/file-size-3.retro,Retro,Retro,Retro,the contributor (the language heading the solution is filed under on rosettacode.org),RosettaCodeData@1d47586,,,,not-in-linguist;invented-ext,Task/File-size/Retro/file-size-3.retro,125
rosetta:c63dd6cd438f,gold,.rexx,46ed58973d4a27e1912ca72157cd1966023c786e,random-number-generator-included--3.rexx,swh:1:cnt:46ed58973d4a27e1912ca72157cd1966023c786e;origin=https://github.com/acmeism/RosettaCodeData;path=/Task/Random-number-generator-included-/REXX/random-number-generator-included--3.rexx,REXX,REXX,REXX;arexx,the contributor (the language heading the solution is filed under on rosettacode.org),RosettaCodeData@1d47586,,,,in-linguist,Task/Random-number-generator-included-/REXX/random-number-generator-included--3.rexx,1800
rosetta:d15cf55ed95a,gold,.rexx,02d0615b9319f18a37857c2a94552d82a0510fa5,super-d-numbers.rexx,swh:1:cnt:02d0615b9319f18a37857c2a94552d82a0510fa5;origin=https://github.com/acmeism/RosettaCodeData;path=/Task/Super-d-numbers/REXX/super-d-numbers.rexx,REXX,REXX,REXX;arexx,the contributor (the language heading the solution is filed under on rosettacode.org),RosettaCodeData@1d47586,,,,in-linguist,Task/Super-d-numbers/REXX/super-d-numbers.rexx,1800
rosetta:1b027f7d2606,gold,.rhombus,95c17bc12271d31c64d377e29603967bf34af6e1,factorial-2.rhombus,swh:1:cnt:95c17bc12271d31c64d377e29603967bf34af6e1;origin=https://github.com/acmeism/RosettaCodeData;path=/Task/Factorial/Rhombus/factorial-2.rhombus,Rhombus,Rhombus,Rhombus,the contributor (the language heading the solution is filed under on rosettacode.org),RosettaCodeData@1d47586,,,,not-in-linguist;invented-ext,Task/Factorial/Rhombus/factorial-2.rhombus,16
rosetta:f09da0d3dd9e,gold,.rhombus,efd2e12bcd26fc98d1fcdfd2a4d53fdbe4489c78,guess-the-number-with-feedback.rhombus,swh:1:cnt:efd2e12bcd26fc98d1fcdfd2a4d53fdbe4489c78;origin=https://github.com/acmeism/RosettaCodeData;path=/Task/Guess-the-number-With-feedback/Rhombus/guess-the-number-with-feedback.rhombus,Rhombus,Rhombus,Rhombus,the contributor (the language heading the solution is filed under on rosettacode.org),RosettaCodeData@1d47586,,,,not-in-linguist;invented-ext,Task/Guess-the-number-With-feedback/Rhombus/guess-the-number-with-feedback.rhombus,16
rosetta:b826e2af95c9,gold,.rhope,3562b18098ec21497ea8e32bc573e83b24a0f88b,concurrent-computing.rhope,swh:1:cnt:3562b18098ec21497ea8e32bc573e83b24a0f88b;origin=https://github.com/acmeism/RosettaCodeData;path=/Task/Concurrent-computing/Rhope/concurrent-computing.rhope,Rhope,Rhope,Rhope,the contributor (the language heading the solution is filed under on rosettacode.org),RosettaCodeData@1d47586,,,,not-in-linguist;invented-ext,Task/Concurrent-computing/Rhope/concurrent-computing.rhope,3
rosetta:12e42e145d00,gold,.rhope,176aba7b7911aa72afee1f6e628ad293be127279,conditional-structures.rhope,swh:1:cnt:176aba7b7911aa72afee1f6e628ad293be127279;origin=https://github.com/acmeism/RosettaCodeData;path=/Task/Conditional-structures/Rhope/conditional-structures.rhope,Rhope,Rhope,Rhope,the contributor (the language heading the solution is filed under on rosettacode.org),RosettaCodeData@1d47586,,,,not-in-linguist;invented-ext,Task/Conditional-structures/Rhope/conditional-structures.rhope,3
rosetta:a648dbb21d83,gold,.rhovas,51bd0502ca2570a49884ddd025980c8d976bb856,fizzbuzz.rhovas,swh:1:cnt:51bd0502ca2570a49884ddd025980c8d976bb856;origin=https://github.com/acmeism/RosettaCodeData;path=/Task/FizzBuzz/Rhovas/fizzbuzz.rhovas,Rhovas,Rhovas,Rhovas,the contributor (the language heading the solution is filed under on rosettacode.org),RosettaCodeData@1d47586,,,,not-in-linguist;invented-ext,Task/FizzBuzz/Rhovas/fizzbuzz.rhovas,12
rosetta:c49c6960ee9d,gold,.rhovas,05fa97e25cd6df9a63f836911499797f69d438bd,palindrome-detection-3.rhovas,swh:1:cnt:05fa97e25cd6df9a63f836911499797f69d438bd;origin=https://github.com/acmeism/RosettaCodeData;path=/Task/Palindrome-detection/Rhovas/palindrome-detection-3.rhovas,Rhovas,Rhovas,Rhovas,the contributor (the language heading the solution is filed under on rosettacode.org),RosettaCodeData@1d47586,,,,not-in-linguist;invented-ext,Task/Palindrome-detection/Rhovas/palindrome-detection-3.rhovas,12
rosetta:5e19cdb2af31,gold,.ring,da6c9786d44dfded1e9c03b72265a8917385d6c6,find-adjacent-primes-which-differ-by-a-square-integer.ring,swh:1:cnt:da6c9786d44dfded1e9c03b72265a8917385d6c6;origin=https://github.com/acmeism/RosettaCodeData;path=/Task/Find-adjacent-primes-which-differ-by-a-square-integer/Ring/find-adjacent-primes-which-differ-by-a-square-integer.ring,Ring,Ring,Ring,the contributor (the language heading the solution is filed under on rosettacode.org),RosettaCodeData@1d47586,,,,in-linguist,Task/Find-adjacent-primes-which-differ-by-a-square-integer/Ring/find-adjacent-primes-which-differ-by-a-square-integer.ring,904
rosetta:2b5e521f649c,gold,.ring,a4ea9d68fa52a16b47423f0e97e2c5325a344636,pythagorean-quadruples.ring,swh:1:cnt:a4ea9d68fa52a16b47423f0e97e2c5325a344636;origin=https://github.com/acmeism/RosettaCodeData;path=/Task/Pythagorean-quadruples/Ring/pythagorean-quadruples.ring,Ring,Ring,Ring,the contributor (the language heading the solution is filed under on rosettacode.org),RosettaCodeData@1d47586,,,,in-linguist,Task/Pythagorean-quadruples/Ring/pythagorean-quadruples.ring,904
rosetta:4575c8dcd9d0,gold,.asm,355fa04f7d4a509b63326c98d41e70f546e56e2d,logical-operations.asm,swh:1:cnt:355fa04f7d4a509b63326c98d41e70f546e56e2d;origin=https://github.com/acmeism/RosettaCodeData;path=/Task/Logical-operations/RISC-V-Assembly/logical-operations.asm,RISC-V Assembly,RISC-V Assembly,RISC-V Assembly,the contributor (the language heading the solution is filed under on rosettacode.org),RosettaCodeData@1d47586,,,,not-in-linguist;misleading-ext;ambiguous-ext,Task/Logical-operations/RISC-V-Assembly/logical-operations.asm,58
rosetta:92b9dc395c22,gold,.asm,3e1c4d5eee45819c75f4586dedc8730b99620a82,singly-linked-list-traversal.asm,swh:1:cnt:3e1c4d5eee45819c75f4586dedc8730b99620a82;origin=https://github.com/acmeism/RosettaCodeData;path=/Task/Singly-linked-list-Traversal/RISC-V-Assembly/singly-linked-list-traversal.asm,RISC-V Assembly,RISC-V Assembly,RISC-V Assembly,the contributor (the language heading the solution is filed under on rosettacode.org),RosettaCodeData@1d47586,,,,not-in-linguist;misleading-ext;ambiguous-ext,Task/Singly-linked-list-Traversal/RISC-V-Assembly/singly-linked-list-traversal.asm,58
rosetta:e1f4a68d5e21,gold,.rlab,9f1c90cb19dfa2e3ce83506d29aabb90c91e9683,generic-swap.rlab,swh:1:cnt:9f1c90cb19dfa2e3ce83506d29aabb90c91e9683;origin=https://github.com/acmeism/RosettaCodeData;path=/Task/Generic-swap/RLaB/generic-swap.rlab,RLaB,RLaB,RLaB,the contributor (the language heading the solution is filed under on rosettacode.org),RosettaCodeData@1d47586,,,,not-in-linguist;invented-ext,Task/Generic-swap/RLaB/generic-swap.rlab,40
rosetta:e619e8784088,gold,.rlab,f6d8c8716df9e4ed2a50c42b8db916053fbb8502,md5.rlab,swh:1:cnt:f6d8c8716df9e4ed2a50c42b8db916053fbb8502;origin=https://github.com/acmeism/RosettaCodeData;path=/Task/MD5/RLaB/md5.rlab,RLaB,RLaB,RLaB,the contributor (the language heading the solution is filed under on rosettacode.org),RosettaCodeData@1d47586,,,,not-in-linguist;invented-ext;tiny,Task/MD5/RLaB/md5.rlab,40
rosetta:2243ec155be9,gold,.robotic,e993524996c3a95223f36ef16cae534c154c43ae,arrays-1.robotic,swh:1:cnt:e993524996c3a95223f36ef16cae534c154c43ae;origin=https://github.com/acmeism/RosettaCodeData;path=/Task/Arrays/Robotic/arrays-1.robotic,Robotic,Robotic,Robotic,the contributor (the language heading the solution is filed under on rosettacode.org),RosettaCodeData@1d47586,,,,not-in-linguist;invented-ext,Task/Arrays/Robotic/arrays-1.robotic,28
rosetta:884145e48e3d,gold,.robotic,fce151ce7c4b71a108d158423d0cbb541a40371b,jump-anywhere-5.robotic,swh:1:cnt:fce151ce7c4b71a108d158423d0cbb541a40371b;origin=https://github.com/acmeism/RosettaCodeData;path=/Task/Jump-anywhere/Robotic/jump-anywhere-5.robotic,Robotic,Robotic,Robotic,the contributor (the language heading the solution is filed under on rosettacode.org),RosettaCodeData@1d47586,,,,not-in-linguist;invented-ext,Task/Jump-anywhere/Robotic/jump-anywhere-5.robotic,28
rosetta:a60e34ce132e,gold,.roc,db133b0da51b6df0ed5f7d28f969593114ebf6af,binary-digits.roc,swh:1:cnt:db133b0da51b6df0ed5f7d28f969593114ebf6af;origin=https://github.com/acmeism/RosettaCodeData;path=/Task/Binary-digits/Roc/binary-digits.roc,Roc,Roc,Roc,the contributor (the language heading the solution is filed under on rosettacode.org),RosettaCodeData@1d47586,,,,in-linguist,Task/Binary-digits/Roc/binary-digits.roc,2
rosetta:1c38fa87c8ed,gold,.roc,8e641f069515efc1d46c797fae3c883a1065e4a1,hello-world-text.roc,swh:1:cnt:8e641f069515efc1d46c797fae3c883a1065e4a1;origin=https://github.com/acmeism/RosettaCodeData;path=/Task/Hello-world-Text/Roc/hello-world-text.roc,Roc,Roc,Roc,the contributor (the language heading the solution is filed under on rosettacode.org),RosettaCodeData@1d47586,,,,in-linguist,Task/Hello-world-Text/Roc/hello-world-text.roc,2
rosetta:d19c737ae1b6,gold,.rockstar,3800771f07d7e13e56f1f57bc33aeb3e9f2ef5fa,a+b-1.rockstar,swh:1:cnt:3800771f07d7e13e56f1f57bc33aeb3e9f2ef5fa;origin=https://github.com/acmeism/RosettaCodeData;path=/Task/A+B/Rockstar/a+b-1.rockstar,Rockstar,Rockstar,Rockstar,the contributor (the language heading the solution is filed under on rosettacode.org),RosettaCodeData@1d47586,,,,not-in-linguist;invented-ext;tiny,Task/A+B/Rockstar/a+b-1.rockstar,14
rosetta:314d1b502936,gold,.rockstar,59c8085a153b3af7a73e4ca4a97ce6f71de84c36,comments.rockstar,swh:1:cnt:59c8085a153b3af7a73e4ca4a97ce6f71de84c36;origin=https://github.com/acmeism/RosettaCodeData;path=/Task/Comments/Rockstar/comments.rockstar,Rockstar,Rockstar,Rockstar,the contributor (the language heading the solution is filed under on rosettacode.org),RosettaCodeData@1d47586,,,,not-in-linguist;invented-ext;tiny,Task/Comments/Rockstar/comments.rockstar,14
rosetta:875324feeb8e,gold,.rocq,a37db1f5d01547debca4555e2e0ef7c94dc3a9df,100-doors-1.rocq,swh:1:cnt:a37db1f5d01547debca4555e2e0ef7c94dc3a9df;origin=https://github.com/acmeism/RosettaCodeData;path=/Task/100-doors/Rocq/100-doors-1.rocq,Rocq Prover,Rocq,Rocq Prover;coq;rocq;Rocq,the contributor (the language heading the solution is filed under on rosettacode.org),RosettaCodeData@1d47586,,,,in-linguist;invented-ext,Task/100-doors/Rocq/100-doors-1.rocq,27
rosetta:eedc639182fa,gold,.rocq,dd67f5d48a6472ce61b76acd3f25aebd6f05b266,fibonacci-sequence.rocq,swh:1:cnt:dd67f5d48a6472ce61b76acd3f25aebd6f05b266;origin=https://github.com/acmeism/RosettaCodeData;path=/Task/Fibonacci-sequence/Rocq/fibonacci-sequence.rocq,Rocq Prover,Rocq,Rocq Prover;coq;rocq;Rocq,the contributor (the language heading the solution is filed under on rosettacode.org),RosettaCodeData@1d47586,,,,in-linguist;invented-ext,Task/Fibonacci-sequence/Rocq/fibonacci-sequence.rocq,27
rosetta:6fdc382933ec,gold,.rpg,8cda86931981ff25f63af6684f26cbb839295602,arrays.rpg,swh:1:cnt:8cda86931981ff25f63af6684f26cbb839295602;origin=https://github.com/acmeism/RosettaCodeData;path=/Task/Arrays/RPG/arrays.rpg,RPG,RPG,RPG,the contributor (the language heading the solution is filed under on rosettacode.org),RosettaCodeData@1d47586,,,,not-in-linguist;invented-ext,Task/Arrays/RPG/arrays.rpg,9
rosetta:adac202bae0e,gold,.rpg,21aa3a531a5e362ec77948be6574be17fcbcce57,substring.rpg,swh:1:cnt:21aa3a531a5e362ec77948be6574be17fcbcce57;origin=https://github.com/acmeism/RosettaCodeData;path=/Task/Substring/RPG/substring.rpg,RPG,RPG,RPG,the contributor (the language heading the solution is filed under on rosettacode.org),RosettaCodeData@1d47586,,,,not-in-linguist;invented-ext,Task/Substring/RPG/substring.rpg,9
rosetta:46c67b841f99,gold,.rpgiv,1f8f3013a04a6eaa1fe24b8a5f8c0e14dd12fc5b,detect-division-by-zero.rpgiv,swh:1:cnt:1f8f3013a04a6eaa1fe24b8a5f8c0e14dd12fc5b;origin=https://github.com/acmeism/RosettaCodeData;path=/Task/Detect-division-by-zero/RPGIV/detect-division-by-zero.rpgiv,RPGIV,RPGIV,RPGIV,the contributor (the language heading the solution is filed under on rosettacode.org),RosettaCodeData@1d47586,,,,not-in-linguist;invented-ext,Task/Detect-division-by-zero/RPGIV/detect-division-by-zero.rpgiv,1
rosetta:8bd71759f11e,gold,.rpl,aba205d7887064cf3513b08e39d130becb9d4e56,determine-if-a-string-has-all-the-same-characters.rpl,swh:1:cnt:aba205d7887064cf3513b08e39d130becb9d4e56;origin=https://github.com/acmeism/RosettaCodeData;path=/Task/Determine-if-a-string-has-all-the-same-characters/RPL/determine-if-a-string-has-all-the-same-characters.rpl,RPL,RPL,RPL,the contributor (the language heading the solution is filed under on rosettacode.org),RosettaCodeData@1d47586,,,,not-in-linguist;invented-ext,Task/Determine-if-a-string-has-all-the-same-characters/RPL/determine-if-a-string-has-all-the-same-characters.rpl,2
rosetta:f72ed3d753f7,gold,.rpl,ab28ff99cd56d50ea4a440ec2fa5a907a81e8b46,lucas-lehmer-test.rpl,swh:1:cnt:ab28ff99cd56d50ea4a440ec2fa5a907a81e8b46;origin=https://github.com/acmeism/RosettaCodeData;path=/Task/Lucas-Lehmer-test/RPL/lucas-lehmer-test.rpl,RPL,RPL,RPL,the contributor (the language heading the solution is filed under on rosettacode.org),RosettaCodeData@1d47586,,,,not-in-linguist;invented-ext,Task/Lucas-Lehmer-test/RPL/lucas-lehmer-test.rpl,2
rosetta:7c542a0a8657,gold,.rpl2,77f92496c38a9c34b20e5d194458ee9057747a2c,99-bottles-of-beer-2.rpl2,swh:1:cnt:77f92496c38a9c34b20e5d194458ee9057747a2c;origin=https://github.com/acmeism/RosettaCodeData;path=/Task/99-bottles-of-beer/RPL-2/99-bottles-of-beer-2.rpl2,RPL/2,RPL/2,RPL/2,the contributor (the language heading the solution is filed under on rosettacode.org),RosettaCodeData@1d47586,,,,not-in-linguist;invented-ext,Task/99-bottles-of-beer/RPL-2/99-bottles-of-beer-2.rpl2,2
rosetta:fc1fce682f6a,gold,.rtl2,ff50481b62d5ad476bd9b1fdc23ba47e3aaf0cb7,hello-world-text.rtl2,swh:1:cnt:ff50481b62d5ad476bd9b1fdc23ba47e3aaf0cb7;origin=https://github.com/acmeism/RosettaCodeData;path=/Task/Hello-world-Text/RTL-2/hello-world-text.rtl2,RTL/2,RTL/2,RTL/2,the contributor (the language heading the solution is filed under on rosettacode.org),RosettaCodeData@1d47586,,,,not-in-linguist;invented-ext,Task/Hello-world-Text/RTL-2/hello-world-text.rtl2,1
rosetta:e5025f55c09a,gold,.rb,6f729120c4c75f669d23322c71302cf869658465,call-a-function-2.rb,swh:1:cnt:6f729120c4c75f669d23322c71302cf869658465;origin=https://github.com/acmeism/RosettaCodeData;path=/Task/Call-a-function/Ruby/call-a-function-2.rb,Ruby,Ruby,Ruby;jruby;macruby;rake;rb;rbx,the contributor (the language heading the solution is filed under on rosettacode.org),RosettaCodeData@1d47586,,,,in-linguist;tiny,Task/Call-a-function/Ruby/call-a-function-2.rb,1764
rosetta:b74568203dd5,gold,.rb,6a41faf36b92808ce610fd690926cd7183117c30,variable-size-get.rb,swh:1:cnt:6a41faf36b92808ce610fd690926cd7183117c30;origin=https://github.com/acmeism/RosettaCodeData;path=/Task/Variable-size-Get/Ruby/variable-size-get.rb,Ruby,Ruby,Ruby;jruby;macruby;rake;rb;rbx,the contributor (the language heading the solution is filed under on rosettacode.org),RosettaCodeData@1d47586,,,,in-linguist;tiny,Task/Variable-size-Get/Ruby/variable-size-get.rb,1764
rosetta:bf2c939de46b,gold,.basic,e3d389113bcbf4078d4dd49c7f8cba17f6197ce0,abundant-deficient-and-perfect-number-classifications.basic,swh:1:cnt:e3d389113bcbf4078d4dd49c7f8cba17f6197ce0;origin=https://github.com/acmeism/RosettaCodeData;path=/Task/Abundant-deficient-and-perfect-number-classifications/Run-BASIC/abundant-deficient-and-perfect-number-classifications.basic,Run BASIC,Run BASIC,Run BASIC,the contributor (the language heading the solution is filed under on rosettacode.org),RosettaCodeData@1d47586,,,,not-in-linguist;invented-ext,Task/Abundant-deficient-and-perfect-number-classifications/Run-BASIC/abundant-deficient-and-perfect-number-classifications.basic,406
rosetta:87c4fc91ea12,gold,.basic,2da59a0f09795c720362d2c69fa5c66dc150520a,sum-of-squares.basic,swh:1:cnt:2da59a0f09795c720362d2c69fa5c66dc150520a;origin=https://github.com/acmeism/RosettaCodeData;path=/Task/Sum-of-squares/Run-BASIC/sum-of-squares.basic,Run BASIC,Run BASIC,Run BASIC,the contributor (the language heading the solution is filed under on rosettacode.org),RosettaCodeData@1d47586,,,,not-in-linguist;invented-ext,Task/Sum-of-squares/Run-BASIC/sum-of-squares.basic,406
rosetta:632afa507d85,gold,.rs,36be86332f11f21a1d8556cc810e6ae0a170a578,filter.rs,swh:1:cnt:36be86332f11f21a1d8556cc810e6ae0a170a578;origin=https://github.com/acmeism/RosettaCodeData;path=/Task/Filter/Rust/filter.rs,Rust,Rust,Rust;rs,the contributor (the language heading the solution is filed under on rosettacode.org),RosettaCodeData@1d47586,,,,in-linguist;ambiguous-ext,Task/Filter/Rust/filter.rs,1481
rosetta:165496f17905,gold,.rs,07b5bb9d8f8074f4fa5d7aaf1827d5607710b115,regular-expressions.rs,swh:1:cnt:07b5bb9d8f8074f4fa5d7aaf1827d5607710b115;origin=https://github.com/acmeism/RosettaCodeData;path=/Task/Regular-expressions/Rust/regular-expressions.rs,Rust,Rust,Rust;rs,the contributor (the language heading the solution is filed under on rosettacode.org),RosettaCodeData@1d47586,,,,in-linguist;ambiguous-ext,Task/Regular-expressions/Rust/regular-expressions.rs,1481
rosetta:d8ebd23d6e89,gold,.rye,e2cff104bdd74f7cac38b355972cadf62a5c6a6e,a+b-1.rye,swh:1:cnt:e2cff104bdd74f7cac38b355972cadf62a5c6a6e;origin=https://github.com/acmeism/RosettaCodeData;path=/Task/A+B/Rye/a+b-1.rye,Rye,Rye,Rye,the contributor (the language heading the solution is filed under on rosettacode.org),RosettaCodeData@1d47586,,,,not-in-linguist;invented-ext,Task/A+B/Rye/a+b-1.rye,96
rosetta:7e2da4acc4be,gold,.rye,7ba94ead374c402fe7d6ff10be60e90b69b21df2,loops-while.rye,swh:1:cnt:7ba94ead374c402fe7d6ff10be60e90b69b21df2;origin=https://github.com/acmeism/RosettaCodeData;path=/Task/Loops-While/Rye/loops-while.rye,Rye,Rye,Rye,the contributor (the language heading the solution is filed under on rosettacode.org),RosettaCodeData@1d47586,,,,not-in-linguist;invented-ext,Task/Loops-While/Rye/loops-while.rye,96
rosetta:82eca0ee08f9,gold,.basic,523c3e901f0017e7906401cd798cd42157512bb0,loops-nested-1.basic,swh:1:cnt:523c3e901f0017e7906401cd798cd42157512bb0;origin=https://github.com/acmeism/RosettaCodeData;path=/Task/Loops-Nested/S-BASIC/loops-nested-1.basic,S-BASIC,S-BASIC,S-BASIC,the contributor (the language heading the solution is filed under on rosettacode.org),RosettaCodeData@1d47586,,,,not-in-linguist;invented-ext,Task/Loops-Nested/S-BASIC/loops-nested-1.basic,87
rosetta:0c16c8f8002e,gold,.basic,54acd278b5b358c89b392c8fea9d42e91c07e9ec,sum-of-a-series.basic,swh:1:cnt:54acd278b5b358c89b392c8fea9d42e91c07e9ec;origin=https://github.com/acmeism/RosettaCodeData;path=/Task/Sum-of-a-series/S-BASIC/sum-of-a-series.basic,S-BASIC,S-BASIC,S-BASIC,the contributor (the language heading the solution is filed under on rosettacode.org),RosettaCodeData@1d47586,,,,not-in-linguist;invented-ext,Task/Sum-of-a-series/S-BASIC/sum-of-a-series.basic,87
rosetta:3699c61912f3,gold,.slang,70e6de3d3affff238c66e8262553d453f8b099be,interactive-programming-repl-.slang,swh:1:cnt:70e6de3d3affff238c66e8262553d453f8b099be;origin=https://github.com/acmeism/RosettaCodeData;path=/Task/Interactive-programming-repl-/S-lang/interactive-programming-repl-.slang,S-lang (Rosetta Code),S-lang,S-lang (Rosetta Code),the contributor (the language heading the solution is filed under on rosettacode.org),RosettaCodeData@1d47586,,,,not-in-linguist;misleading-ext,Task/Interactive-programming-repl-/S-lang/interactive-programming-repl-.slang,52
rosetta:cdeb04f5aebd,gold,.slang,f90ace1abb43f7fc49cae3e87ffc0a0c41335162,range-expansion.slang,swh:1:cnt:f90ace1abb43f7fc49cae3e87ffc0a0c41335162;origin=https://github.com/acmeism/RosettaCodeData;path=/Task/Range-expansion/S-lang/range-expansion.slang,S-lang (Rosetta Code),S-lang,S-lang (Rosetta Code),the contributor (the language heading the solution is filed under on rosettacode.org),RosettaCodeData@1d47586,,,,not-in-linguist;misleading-ext,Task/Range-expansion/S-lang/range-expansion.slang,52
rosetta:e87b840107a7,gold,.sage,5fac4a9c5ed34bdf6350c1533ed3fc7a61bb1d7a,cipollas-algorithm.sage,swh:1:cnt:5fac4a9c5ed34bdf6350c1533ed3fc7a61bb1d7a;origin=https://github.com/acmeism/RosettaCodeData;path=/Task/Cipollas-algorithm/Sage/cipollas-algorithm.sage,Sage,Sage,Sage,the contributor (the language heading the solution is filed under on rosettacode.org),RosettaCodeData@1d47586,,,,in-linguist,Task/Cipollas-algorithm/Sage/cipollas-algorithm.sage,6
rosetta:9f5a58473f1f,gold,.sage,6fd2b3d90db631a6aba0fceb4b202cabe0cca4c2,elliptic-curve-arithmetic.sage,swh:1:cnt:6fd2b3d90db631a6aba0fceb4b202cabe0cca4c2;origin=https://github.com/acmeism/RosettaCodeData;path=/Task/Elliptic-curve-arithmetic/Sage/elliptic-curve-arithmetic.sage,Sage,Sage,Sage,the contributor (the language heading the solution is filed under on rosettacode.org),RosettaCodeData@1d47586,,,,in-linguist,Task/Elliptic-curve-arithmetic/Sage/elliptic-curve-arithmetic.sage,6
rosetta:bfbabb256f6b,gold,.salmon,5db791ee3dd1e64bc6fb985582c678c9e1325e4e,loop-over-multiple-arrays-simultaneously-2.salmon,swh:1:cnt:5db791ee3dd1e64bc6fb985582c678c9e1325e4e;origin=https://github.com/acmeism/RosettaCodeData;path=/Task/Loop-over-multiple-arrays-simultaneously/Salmon/loop-over-multiple-arrays-simultaneously-2.salmon,Salmon,Salmon,Salmon,the contributor (the language heading the solution is filed under on rosettacode.org),RosettaCodeData@1d47586,,,,not-in-linguist;invented-ext,Task/Loop-over-multiple-arrays-simultaneously/Salmon/loop-over-multiple-arrays-simultaneously-2.salmon,42
rosetta:60958965af91,gold,.salmon,426dfd7f4e8cb9f56977a8e0cfec917b9e48955b,loops-for-2.salmon,swh:1:cnt:426dfd7f4e8cb9f56977a8e0cfec917b9e48955b;origin=https://github.com/acmeism/RosettaCodeData;path=/Task/Loops-For/Salmon/loops-for-2.salmon,Salmon,Salmon,Salmon,the contributor (the language heading the solution is filed under on rosettacode.org),RosettaCodeData@1d47586,,,,not-in-linguist;invented-ext,Task/Loops-For/Salmon/loops-for-2.salmon,42
rosetta:287cc2475086,gold,.sapbot,6c3fbcde81693f14b0140a0ff7a0733fc986dd27,guess-the-number-with-feedback-2.sapbot,swh:1:cnt:6c3fbcde81693f14b0140a0ff7a0733fc986dd27;origin=https://github.com/acmeism/RosettaCodeData;path=/Task/Guess-the-number-With-feedback/SapbotVM/guess-the-number-with-feedback-2.sapbot,SapbotVM,SapbotVM,SapbotVM,the contributor (the language heading the solution is filed under on rosettacode.org),RosettaCodeData@1d47586,,,,not-in-linguist;invented-ext,Task/Guess-the-number-With-feedback/SapbotVM/guess-the-number-with-feedback-2.sapbot,4
rosetta:ee6b1b74489f,gold,.sapbot,6f5a17b6e7a4a02cd31d1dd99b8784926d3a0315,hello-world-text-1.sapbot,swh:1:cnt:6f5a17b6e7a4a02cd31d1dd99b8784926d3a0315;origin=https://github.com/acmeism/RosettaCodeData;path=/Task/Hello-world-Text/SapbotVM/hello-world-text-1.sapbot,SapbotVM,SapbotVM,SapbotVM,the contributor (the language heading the solution is filed under on rosettacode.org),RosettaCodeData@1d47586,,,,not-in-linguist;invented-ext;tiny,Task/Hello-world-Text/SapbotVM/hello-world-text-1.sapbot,4
rosetta:d6a064793e82,gold,.sas,1e8ba97aed7d26549327eb3102456fdbc269bdf7,bitwise-operations.sas,swh:1:cnt:1e8ba97aed7d26549327eb3102456fdbc269bdf7;origin=https://github.com/acmeism/RosettaCodeData;path=/Task/Bitwise-operations/SAS/bitwise-operations.sas,SAS,SAS,SAS,the contributor (the language heading the solution is filed under on rosettacode.org),RosettaCodeData@1d47586,,,,in-linguist,Task/Bitwise-operations/SAS/bitwise-operations.sas,66
rosetta:07cbc1827e96,gold,.sas,efe379410ebe7b1f9360cf9394789e161835eb02,merge-and-aggregate-datasets.sas,swh:1:cnt:efe379410ebe7b1f9360cf9394789e161835eb02;origin=https://github.com/acmeism/RosettaCodeData;path=/Task/Merge-and-aggregate-datasets/SAS/merge-and-aggregate-datasets.sas,SAS,SAS,SAS,the contributor (the language heading the solution is filed under on rosettacode.org),RosettaCodeData@1d47586,,,,in-linguist,Task/Merge-and-aggregate-datasets/SAS/merge-and-aggregate-datasets.sas,66
rosetta:15c9a0d900f1,gold,.sasl,6d1220dfa053b593f95b8408576319ecb2e63a77,sieve-of-eratosthenes-1.sasl,swh:1:cnt:6d1220dfa053b593f95b8408576319ecb2e63a77;origin=https://github.com/acmeism/RosettaCodeData;path=/Task/Sieve-of-Eratosthenes/SASL/sieve-of-eratosthenes-1.sasl,SASL,SASL,SASL,the contributor (the language heading the solution is filed under on rosettacode.org),RosettaCodeData@1d47586,,,,not-in-linguist;invented-ext,Task/Sieve-of-Eratosthenes/SASL/sieve-of-eratosthenes-1.sasl,9
rosetta:45f6d09c9881,gold,.sasl,6fad82fdbb832f14d826aacc02241486e8271f2a,sorting-algorithms-insertion-sort.sasl,swh:1:cnt:6fad82fdbb832f14d826aacc02241486e8271f2a;origin=https://github.com/acmeism/RosettaCodeData;path=/Task/Sorting-algorithms-Insertion-sort/SASL/sorting-algorithms-insertion-sort.sasl,SASL,SASL,SASL,the contributor (the language heading the solution is filed under on rosettacode.org),RosettaCodeData@1d47586,,,,not-in-linguist;invented-ext,Task/Sorting-algorithms-Insertion-sort/SASL/sorting-algorithms-insertion-sort.sasl,9
rosetta:b9d1c0b697ea,gold,.sass,2157d5acfc71d2fc50be9e3b507616a733cf0688,arithmetic-integer-1.sass,swh:1:cnt:2157d5acfc71d2fc50be9e3b507616a733cf0688;origin=https://github.com/acmeism/RosettaCodeData;path=/Task/Arithmetic-Integer/Sass-SCSS/arithmetic-integer-1.sass,Sass,Sass/SCSS,Sass;SCSS;Sass/SCSS,the contributor (the language heading the solution is filed under on rosettacode.org),RosettaCodeData@1d47586,,,,in-linguist;tiny,Task/Arithmetic-Integer/Sass-SCSS/arithmetic-integer-1.sass,5
rosetta:38469a9340c6,gold,.sass,45dcc3b1844ad9dc49079145d047797936070b04,mandelbrot-set.sass,swh:1:cnt:45dcc3b1844ad9dc49079145d047797936070b04;origin=https://github.com/acmeism/RosettaCodeData;path=/Task/Mandelbrot-set/Sass-SCSS/mandelbrot-set.sass,Sass,Sass/SCSS,Sass;SCSS;Sass/SCSS,the contributor (the language heading the solution is filed under on rosettacode.org),RosettaCodeData@1d47586,,,,in-linguist,Task/Mandelbrot-set/Sass-SCSS/mandelbrot-set.sass,5
rosetta:9137fba02ef0,gold,.sa,ebac79f569128035042f7dc88a626904ebaff8a0,loops-for-with-a-specified-step.sa,swh:1:cnt:ebac79f569128035042f7dc88a626904ebaff8a0;origin=https://github.com/acmeism/RosettaCodeData;path=/Task/Loops-For-with-a-specified-step/Sather/loops-for-with-a-specified-step.sa,Sather,Sather,Sather,the contributor (the language heading the solution is filed under on rosettacode.org),RosettaCodeData@1d47586,,,,not-in-linguist;invented-ext,Task/Loops-For-with-a-specified-step/Sather/loops-for-with-a-specified-step.sa,85
rosetta:0942a61875be,gold,.sa,054ff553acad1c60c641547865c3e1e3dadba778,sort-an-integer-array-1.sa,swh:1:cnt:054ff553acad1c60c641547865c3e1e3dadba778;origin=https://github.com/acmeism/RosettaCodeData;path=/Task/Sort-an-integer-array/Sather/sort-an-integer-array-1.sa,Sather,Sather,Sather,the contributor (the language heading the solution is filed under on rosettacode.org),RosettaCodeData@1d47586,,,,not-in-linguist;invented-ext,Task/Sort-an-integer-array/Sather/sort-an-integer-array-1.sa,85
rosetta:699e43d03d08,gold,.scala,2387769f22fe14c4370c994c9d19e84356d30316,general-fizzbuzz-1.scala,swh:1:cnt:2387769f22fe14c4370c994c9d19e84356d30316;origin=https://github.com/acmeism/RosettaCodeData;path=/Task/General-FizzBuzz/Scala/general-fizzbuzz-1.scala,Scala,Scala,Scala,the contributor (the language heading the solution is filed under on rosettacode.org),RosettaCodeData@1d47586,,,,in-linguist,Task/General-FizzBuzz/Scala/general-fizzbuzz-1.scala,1287
rosetta:a4326abc5c0e,gold,.scala,a73ed56ec2c1efcbfa7ab49dab23878de51a88b3,josephus-problem.scala,swh:1:cnt:a73ed56ec2c1efcbfa7ab49dab23878de51a88b3;origin=https://github.com/acmeism/RosettaCodeData;path=/Task/Josephus-problem/Scala/josephus-problem.scala,Scala,Scala,Scala,the contributor (the language heading the solution is filed under on rosettacode.org),RosettaCodeData@1d47586,,,,in-linguist,Task/Josephus-problem/Scala/josephus-problem.scala,1287
rosetta:bbfe3767e7ea,gold,.scm,b59b834c1d3fe431029a2f558dc8c20e61d95591,find-the-missing-permutation-1.scm,swh:1:cnt:b59b834c1d3fe431029a2f558dc8c20e61d95591;origin=https://github.com/acmeism/RosettaCodeData;path=/Task/Find-the-missing-permutation/Scheme/find-the-missing-permutation-1.scm,Scheme,Scheme,Scheme,the contributor (the language heading the solution is filed under on rosettacode.org),RosettaCodeData@1d47586,,,,in-linguist;ambiguous-ext,Task/Find-the-missing-permutation/Scheme/find-the-missing-permutation-1.scm,655
rosetta:2f2e6e30d454,gold,.scm,5f02e52ecfe19aa125a2f78bf2b0e385f3c0d8b1,singular-value-decomposition.scm,swh:1:cnt:5f02e52ecfe19aa125a2f78bf2b0e385f3c0d8b1;origin=https://github.com/acmeism/RosettaCodeData;path=/Task/Singular-value-decomposition/Scheme/singular-value-decomposition.scm,Scheme,Scheme,Scheme,the contributor (the language heading the solution is filed under on rosettacode.org),RosettaCodeData@1d47586,,,,in-linguist;ambiguous-ext,Task/Singular-value-decomposition/Scheme/singular-value-decomposition.scm,655
rosetta:a381a815240f,gold,.scilab,8cce3e40fcb904242baebb18901476d2711ff48e,loops-foreach.scilab,swh:1:cnt:8cce3e40fcb904242baebb18901476d2711ff48e;origin=https://github.com/acmeism/RosettaCodeData;path=/Task/Loops-Foreach/Scilab/loops-foreach.scilab,Scilab,Scilab,Scilab,the contributor (the language heading the solution is filed under on rosettacode.org),RosettaCodeData@1d47586,,,,in-linguist;invented-ext;tiny,Task/Loops-Foreach/Scilab/loops-foreach.scilab,68
rosetta:2014df77aad6,gold,.scilab,e0835d2f048672e44b9c0b6bde00db55e7c641c3,plot-coordinate-pairs.scilab,swh:1:cnt:e0835d2f048672e44b9c0b6bde00db55e7c641c3;origin=https://github.com/acmeism/RosettaCodeData;path=/Task/Plot-coordinate-pairs/Scilab/plot-coordinate-pairs.scilab,Scilab,Scilab,Scilab,the contributor (the language heading the solution is filed under on rosettacode.org),RosettaCodeData@1d47586,,,,in-linguist;invented-ext;tiny,Task/Plot-coordinate-pairs/Scilab/plot-coordinate-pairs.scilab,68
rosetta:366ac9e8f956,gold,.scratch,5ab7a7c8942703a8e7cd4d8264029e038f2a6de0,repeat-a-string.scratch,swh:1:cnt:5ab7a7c8942703a8e7cd4d8264029e038f2a6de0;origin=https://github.com/acmeism/RosettaCodeData;path=/Task/Repeat-a-string/Scratch/repeat-a-string.scratch,Scratch,Scratch,Scratch,the contributor (the language heading the solution is filed under on rosettacode.org),RosettaCodeData@1d47586,,,,not-in-linguist;invented-ext,Task/Repeat-a-string/Scratch/repeat-a-string.scratch,4
rosetta:cc2d2d96e677,gold,.scratch,c053168e30c8797347aea1c1763d2f877f2275dd,simple-windowed-application.scratch,swh:1:cnt:c053168e30c8797347aea1c1763d2f877f2275dd;origin=https://github.com/acmeism/RosettaCodeData;path=/Task/Simple-windowed-application/Scratch/simple-windowed-application.scratch,Scratch,Scratch,Scratch,the contributor (the language heading the solution is filed under on rosettacode.org),RosettaCodeData@1d47586,,,,not-in-linguist;invented-ext,Task/Simple-windowed-application/Scratch/simple-windowed-application.scratch,4
rosetta:975d4a76b381,gold,.scratch,d33e741342cc5782139f072eda2b7a0e69f983d1,hello-world-graphical-2.scratch,swh:1:cnt:d33e741342cc5782139f072eda2b7a0e69f983d1;origin=https://github.com/acmeism/RosettaCodeData;path=/Task/Hello-world-Graphical/ScratchScript/hello-world-graphical-2.scratch,ScratchScript,ScratchScript,ScratchScript,the contributor (the language heading the solution is filed under on rosettacode.org),RosettaCodeData@1d47586,,,,not-in-linguist;invented-ext;tiny,Task/Hello-world-Graphical/ScratchScript/hello-world-graphical-2.scratch,6
rosetta:6ae31a2718b1,gold,.scratch,08e2df937ecbb64b188cd80641524c39342b4f8e,spinning-rod-animation-text.scratch,swh:1:cnt:08e2df937ecbb64b188cd80641524c39342b4f8e;origin=https://github.com/acmeism/RosettaCodeData;path=/Task/Spinning-rod-animation-Text/ScratchScript/spinning-rod-animation-text.scratch,ScratchScript,ScratchScript,ScratchScript,the contributor (the language heading the solution is filed under on rosettacode.org),RosettaCodeData@1d47586,,,,not-in-linguist;invented-ext,Task/Spinning-rod-animation-Text/ScratchScript/spinning-rod-animation-text.scratch,6
rosetta:cba480728199,gold,.basic,3893f10d7122c96797366d3509285a968458d30b,strip-a-set-of-characters-from-a-string.basic,swh:1:cnt:3893f10d7122c96797366d3509285a968458d30b;origin=https://github.com/acmeism/RosettaCodeData;path=/Task/Strip-a-set-of-characters-from-a-string/ScriptBasic/strip-a-set-of-characters-from-a-string.basic,ScriptBasic,ScriptBasic,ScriptBasic,the contributor (the language heading the solution is filed under on rosettacode.org),RosettaCodeData@1d47586,,,,not-in-linguist;invented-ext,Task/Strip-a-set-of-characters-from-a-string/ScriptBasic/strip-a-set-of-characters-from-a-string.basic,1
rosetta:cddebea1a3a5,gold,.sed,1529d8e7a535c255400815f88d0bc4b16dbbb1e3,comma-quibbling-2.sed,swh:1:cnt:1529d8e7a535c255400815f88d0bc4b16dbbb1e3;origin=https://github.com/acmeism/RosettaCodeData;path=/Task/Comma-quibbling/Sed/comma-quibbling-2.sed,sed,Sed,sed;Sed,the contributor (the language heading the solution is filed under on rosettacode.org),RosettaCodeData@1d47586,,,,in-linguist;tiny,Task/Comma-quibbling/Sed/comma-quibbling-2.sed,92
rosetta:9fad681a734b,gold,.sed,f5b6370893630c3faec3c7aba4c731bacfc26480,selectively-replace-multiple-instances-of-a-character-within-a-string.sed,swh:1:cnt:f5b6370893630c3faec3c7aba4c731bacfc26480;origin=https://github.com/acmeism/RosettaCodeData;path=/Task/Selectively-replace-multiple-instances-of-a-character-within-a-string/Sed/selectively-replace-multiple-instances-of-a-character-within-a-string.sed,sed,Sed,sed;Sed,the contributor (the language heading the solution is filed under on rosettacode.org),RosettaCodeData@1d47586,,,,in-linguist;tiny,Task/Selectively-replace-multiple-instances-of-a-character-within-a-string/Sed/selectively-replace-multiple-instances-of-a-character-within-a-string.sed,92
rosetta:d9167765a59c,gold,.seed7,c312a9a7cd18eedb65e8f8bfaaf54e22545ffe29,create-a-file-on-magnetic-tape.seed7,swh:1:cnt:c312a9a7cd18eedb65e8f8bfaaf54e22545ffe29;origin=https://github.com/acmeism/RosettaCodeData;path=/Task/Create-a-file-on-magnetic-tape/Seed7/create-a-file-on-magnetic-tape.seed7,Seed7,Seed7,Seed7,the contributor (the language heading the solution is filed under on rosettacode.org),RosettaCodeData@1d47586,,,,not-in-linguist;invented-ext,Task/Create-a-file-on-magnetic-tape/Seed7/create-a-file-on-magnetic-tape.seed7,510
rosetta:bea4aef0a91b,gold,.seed7,bffdbede2c29969dfb708e7ecb823f8b12f037f2,formatted-numeric-output.seed7,swh:1:cnt:bffdbede2c29969dfb708e7ecb823f8b12f037f2;origin=https://github.com/acmeism/RosettaCodeData;path=/Task/Formatted-numeric-output/Seed7/formatted-numeric-output.seed7,Seed7,Seed7,Seed7,the contributor (the language heading the solution is filed under on rosettacode.org),RosettaCodeData@1d47586,,,,not-in-linguist;invented-ext,Task/Formatted-numeric-output/Seed7/formatted-numeric-output.seed7,510
rosetta:23d890f63d3f,gold,.self,5b473d28a823cc40d05adbdec0176a0a086e780c,arrays-4.self,swh:1:cnt:5b473d28a823cc40d05adbdec0176a0a086e780c;origin=https://github.com/acmeism/RosettaCodeData;path=/Task/Arrays/Self/arrays-4.self,Self,Self,Self,the contributor (the language heading the solution is filed under on rosettacode.org),RosettaCodeData@1d47586,,,,in-linguist,Task/Arrays/Self/arrays-4.self,28
rosetta:ec47cd4ee4b4,gold,.self,41ebffc93bb940817ffbd55541aeb51f492da38b,guess-the-number-1.self,swh:1:cnt:41ebffc93bb940817ffbd55541aeb51f492da38b;origin=https://github.com/acmeism/RosettaCodeData;path=/Task/Guess-the-number/Self/guess-the-number-1.self,Self,Self,Self,the contributor (the language heading the solution is filed under on rosettacode.org),RosettaCodeData@1d47586,,,,in-linguist,Task/Guess-the-number/Self/guess-the-number-1.self,28
rosetta:7fbd0ad400ae,gold,.sensetalk,8b065e9505dd0a04092b30585c9beb4b7da2a7b1,99-bottles-of-beer-1.sensetalk,swh:1:cnt:8b065e9505dd0a04092b30585c9beb4b7da2a7b1;origin=https://github.com/acmeism/RosettaCodeData;path=/Task/99-bottles-of-beer/SenseTalk/99-bottles-of-beer-1.sensetalk,SenseTalk,SenseTalk,SenseTalk,the contributor (the language heading the solution is filed under on rosettacode.org),RosettaCodeData@1d47586,,,,not-in-linguist;invented-ext,Task/99-bottles-of-beer/SenseTalk/99-bottles-of-beer-1.sensetalk,153
rosetta:b8741fc8262c,gold,.sensetalk,4547ce70730865e8b5597e4b5c2a5a438e4ceabf,sort-three-variables.sensetalk,swh:1:cnt:4547ce70730865e8b5597e4b5c2a5a438e4ceabf;origin=https://github.com/acmeism/RosettaCodeData;path=/Task/Sort-three-variables/SenseTalk/sort-three-variables.sensetalk,SenseTalk,SenseTalk,SenseTalk,the contributor (the language heading the solution is filed under on rosettacode.org),RosettaCodeData@1d47586,,,,not-in-linguist;invented-ext,Task/Sort-three-variables/SenseTalk/sort-three-variables.sensetalk,153
rosetta:16897bba6c42,gold,.sequencel,eabaaedc4fe21c6636f7a8f4f665d495fcf2754e,abc-problem-1.sequencel,swh:1:cnt:eabaaedc4fe21c6636f7a8f4f665d495fcf2754e;origin=https://github.com/acmeism/RosettaCodeData;path=/Task/ABC-problem/SequenceL/abc-problem-1.sequencel,SequenceL,SequenceL,SequenceL,the contributor (the language heading the solution is filed under on rosettacode.org),RosettaCodeData@1d47586,,,,not-in-linguist;invented-ext,Task/ABC-problem/SequenceL/abc-problem-1.sequencel,83
rosetta:df89ee20f85e,gold,.sequencel,0fad5652b47b420d70c666f278f52695b72d2cba,almost-prime.sequencel,swh:1:cnt:0fad5652b47b420d70c666f278f52695b72d2cba;origin=https://github.com/acmeism/RosettaCodeData;path=/Task/Almost-prime/SequenceL/almost-prime.sequencel,SequenceL,SequenceL,SequenceL,the contributor (the language heading the solution is filed under on rosettacode.org),RosettaCodeData@1d47586,,,,not-in-linguist;invented-ext,Task/Almost-prime/SequenceL/almost-prime.sequencel,83
rosetta:9dc619b76ff2,gold,.set,5ae9e164050a7c62e9a8bf8384544b37f0a3b314,99-bottles-of-beer.set,swh:1:cnt:5ae9e164050a7c62e9a8bf8384544b37f0a3b314;origin=https://github.com/acmeism/RosettaCodeData;path=/Task/99-bottles-of-beer/Set-lang/99-bottles-of-beer.set,Set lang,Set lang,Set lang,the contributor (the language heading the solution is filed under on rosettacode.org),RosettaCodeData@1d47586,,,,not-in-linguist;invented-ext,Task/99-bottles-of-beer/Set-lang/99-bottles-of-beer.set,6
rosetta:a27c4a7fa34f,gold,.set,91c3ca9b7f8bdae25995953b023e0c277faf4ac9,death-star.set,swh:1:cnt:91c3ca9b7f8bdae25995953b023e0c277faf4ac9;origin=https://github.com/acmeism/RosettaCodeData;path=/Task/Death-Star/Set-lang/death-star.set,Set lang,Set lang,Set lang,the contributor (the language heading the solution is filed under on rosettacode.org),RosettaCodeData@1d47586,,,,not-in-linguist;invented-ext,Task/Death-Star/Set-lang/death-star.set,6
rosetta:afa447b1115a,gold,.setl,ec6e559aa5ac2eb1682021a0385d7a6ddc356fd2,benfords-law.setl,swh:1:cnt:ec6e559aa5ac2eb1682021a0385d7a6ddc356fd2;origin=https://github.com/acmeism/RosettaCodeData;path=/Task/Benfords-law/SETL/benfords-law.setl,SETL,SETL,SETL,the contributor (the language heading the solution is filed under on rosettacode.org),RosettaCodeData@1d47586,,,,not-in-linguist;invented-ext,Task/Benfords-law/SETL/benfords-law.setl,210
rosetta:dbef28572480,gold,.setl,400f75cabd2a2bf891571718b9482569398f036e,huffman-coding.setl,swh:1:cnt:400f75cabd2a2bf891571718b9482569398f036e;origin=https://github.com/acmeism/RosettaCodeData;path=/Task/Huffman-coding/SETL/huffman-coding.setl,SETL,SETL,SETL,the contributor (the language heading the solution is filed under on rosettacode.org),RosettaCodeData@1d47586,,,,not-in-linguist;invented-ext,Task/Huffman-coding/SETL/huffman-coding.setl,210
rosetta:587f8d3a701a,gold,.setl4,057fbfa330d090951952257f3cfc8f15397e1b7c,associative-array-creation.setl4,swh:1:cnt:057fbfa330d090951952257f3cfc8f15397e1b7c;origin=https://github.com/acmeism/RosettaCodeData;path=/Task/Associative-array-Creation/Setl4/associative-array-creation.setl4,Setl4,Setl4,Setl4,the contributor (the language heading the solution is filed under on rosettacode.org),RosettaCodeData@1d47586,,,,not-in-linguist;invented-ext,Task/Associative-array-Creation/Setl4/associative-array-creation.setl4,6
rosetta:528a8d9edbb5,gold,.setl4,991698dcb8db30796ea2cd821ce3193df39ad56f,remove-duplicate-elements.setl4,swh:1:cnt:991698dcb8db30796ea2cd821ce3193df39ad56f;origin=https://github.com/acmeism/RosettaCodeData;path=/Task/Remove-duplicate-elements/Setl4/remove-duplicate-elements.setl4,Setl4,Setl4,Setl4,the contributor (the language heading the solution is filed under on rosettacode.org),RosettaCodeData@1d47586,,,,not-in-linguist;invented-ext;tiny,Task/Remove-duplicate-elements/Setl4/remove-duplicate-elements.setl4,6
rosetta:ec33e3fd9f66,gold,.shale,fc9a886bfdee8bfed9a43b52287db2036004c6b9,bulls-and-cows-player.shale,swh:1:cnt:fc9a886bfdee8bfed9a43b52287db2036004c6b9;origin=https://github.com/acmeism/RosettaCodeData;path=/Task/Bulls-and-cows-Player/Shale/bulls-and-cows-player.shale,Shale,Shale,Shale,the contributor (the language heading the solution is filed under on rosettacode.org),RosettaCodeData@1d47586,,,,not-in-linguist;invented-ext,Task/Bulls-and-cows-Player/Shale/bulls-and-cows-player.shale,9
rosetta:8e771a759598,gold,.shale,73058c6f347090f1a3de4b7dba1b65a5179284aa,fizzbuzz.shale,swh:1:cnt:73058c6f347090f1a3de4b7dba1b65a5179284aa;origin=https://github.com/acmeism/RosettaCodeData;path=/Task/FizzBuzz/Shale/fizzbuzz.shale,Shale,Shale,Shale,the contributor (the language heading the solution is filed under on rosettacode.org),RosettaCodeData@1d47586,,,,not-in-linguist;invented-ext,Task/FizzBuzz/Shale/fizzbuzz.shale,9
rosetta:5cf8c1697497,gold,.4gl,60a89eb1cbf098b081481e31370aefa8339b9060,fizzbuzz.4gl,swh:1:cnt:60a89eb1cbf098b081481e31370aefa8339b9060;origin=https://github.com/acmeism/RosettaCodeData;path=/Task/FizzBuzz/SheerPower-4GL/fizzbuzz.4gl,SheerPower 4GL,SheerPower 4GL,SheerPower 4GL,the contributor (the language heading the solution is filed under on rosettacode.org),RosettaCodeData@1d47586,,,,not-in-linguist;misleading-ext,Task/FizzBuzz/SheerPower-4GL/fizzbuzz.4gl,5
rosetta:f00a84f9d340,gold,.4gl,c6ff461d9737d53a4fb755b3c66942ef34fbcf80,towers-of-hanoi.4gl,swh:1:cnt:c6ff461d9737d53a4fb755b3c66942ef34fbcf80;origin=https://github.com/acmeism/RosettaCodeData;path=/Task/Towers-of-Hanoi/SheerPower-4GL/towers-of-hanoi.4gl,SheerPower 4GL,SheerPower 4GL,SheerPower 4GL,the contributor (the language heading the solution is filed under on rosettacode.org),RosettaCodeData@1d47586,,,,not-in-linguist;misleading-ext,Task/Towers-of-Hanoi/SheerPower-4GL/towers-of-hanoi.4gl,5
rosetta:3e4dea390417,gold,.shen,510d47eca33fda598ace48c180d3451aff00d4dc,factorial.shen,swh:1:cnt:510d47eca33fda598ace48c180d3451aff00d4dc;origin=https://github.com/acmeism/RosettaCodeData;path=/Task/Factorial/Shen/factorial.shen,Shen,Shen,Shen,the contributor (the language heading the solution is filed under on rosettacode.org),RosettaCodeData@1d47586,,,,in-linguist;tiny,Task/Factorial/Shen/factorial.shen,32
rosetta:e52256b64f89,gold,.shen,30cfef397987f20f7a1905aab140088f8f780b92,metaprogramming-3.shen,swh:1:cnt:30cfef397987f20f7a1905aab140088f8f780b92;origin=https://github.com/acmeism/RosettaCodeData;path=/Task/Metaprogramming/Shen/metaprogramming-3.shen,Shen,Shen,Shen,the contributor (the language heading the solution is filed under on rosettacode.org),RosettaCodeData@1d47586,,,,in-linguist,Task/Metaprogramming/Shen/metaprogramming-3.shen,32
rosetta:fea20167a639,gold,.shiny,e923165ed919af752595475a874a32de04c4cc44,99-bottles-of-beer.shiny,swh:1:cnt:e923165ed919af752595475a874a32de04c4cc44;origin=https://github.com/acmeism/RosettaCodeData;path=/Task/99-bottles-of-beer/Shiny/99-bottles-of-beer.shiny,Shiny,Shiny,Shiny,the contributor (the language heading the solution is filed under on rosettacode.org),RosettaCodeData@1d47586,,,,not-in-linguist;invented-ext,Task/99-bottles-of-beer/Shiny/99-bottles-of-beer.shiny,10
rosetta:0f0f52f286dd,gold,.shiny,162d301fbeffe305479631d764004341163241bc,align-columns.shiny,swh:1:cnt:162d301fbeffe305479631d764004341163241bc;origin=https://github.com/acmeism/RosettaCodeData;path=/Task/Align-columns/Shiny/align-columns.shiny,Shiny,Shiny,Shiny,the contributor (the language heading the solution is filed under on rosettacode.org),RosettaCodeData@1d47586,,,,not-in-linguist;invented-ext,Task/Align-columns/Shiny/align-columns.shiny,10
rosetta:28e3b837729e,gold,.sidef,c5a4c95b3a8db708b626fbcfefb99bd8f5fe7e19,color-wheel.sidef,swh:1:cnt:c5a4c95b3a8db708b626fbcfefb99bd8f5fe7e19;origin=https://github.com/acmeism/RosettaCodeData;path=/Task/Color-wheel/Sidef/color-wheel.sidef,Sidef,Sidef,Sidef,the contributor (the language heading the solution is filed under on rosettacode.org),RosettaCodeData@1d47586,,,,not-in-linguist;invented-ext,Task/Color-wheel/Sidef/color-wheel.sidef,1337
rosetta:4d4dec080b3e,gold,.sidef,613a831f01a1db429d7995bf3eee09534d69cbbb,time-a-function.sidef,swh:1:cnt:613a831f01a1db429d7995bf3eee09534d69cbbb;origin=https://github.com/acmeism/RosettaCodeData;path=/Task/Time-a-function/Sidef/time-a-function.sidef,Sidef,Sidef,Sidef,the contributor (the language heading the solution is filed under on rosettacode.org),RosettaCodeData@1d47586,,,,not-in-linguist;invented-ext,Task/Time-a-function/Sidef/time-a-function.sidef,1337
rosetta:3e2bf143f79f,gold,.sil,77284ec80d53dfa514aa1bc9ce5f122e76796173,apply-a-callback-to-an-array.sil,swh:1:cnt:77284ec80d53dfa514aa1bc9ce5f122e76796173;origin=https://github.com/acmeism/RosettaCodeData;path=/Task/Apply-a-callback-to-an-array/SIL/apply-a-callback-to-an-array.sil,SIL,SIL,SIL,the contributor (the language heading the solution is filed under on rosettacode.org),RosettaCodeData@1d47586,,,,not-in-linguist;invented-ext,Task/Apply-a-callback-to-an-array/SIL/apply-a-callback-to-an-array.sil,9
rosetta:ecdd54ac65c9,gold,.sil,0bca432e4bb529d230066c1659705dc64928f5bc,loops-for.sil,swh:1:cnt:0bca432e4bb529d230066c1659705dc64928f5bc;origin=https://github.com/acmeism/RosettaCodeData;path=/Task/Loops-For/SIL/loops-for.sil,SIL,SIL,SIL,the contributor (the language heading the solution is filed under on rosettacode.org),RosettaCodeData@1d47586,,,,not-in-linguist;invented-ext,Task/Loops-For/SIL/loops-for.sil,9
rosetta:5ab8b160aaa6,gold,.simplecode,6fd8ad852d17f1e5fd1aacf6517b0517d8da2e35,spinning-rod-animation-text.simplecode,swh:1:cnt:6fd8ad852d17f1e5fd1aacf6517b0517d8da2e35;origin=https://github.com/acmeism/RosettaCodeData;path=/Task/Spinning-rod-animation-Text/SimpleCode/spinning-rod-animation-text.simplecode,SimpleCode,SimpleCode,SimpleCode,the contributor (the language heading the solution is filed under on rosettacode.org),RosettaCodeData@1d47586,,,,not-in-linguist;invented-ext,Task/Spinning-rod-animation-Text/SimpleCode/spinning-rod-animation-text.simplecode,2
rosetta:8964a94dc328,gold,.simpol,975c0c486d115f943378300b7810996942a2dad2,letter-frequency-1.simpol,swh:1:cnt:975c0c486d115f943378300b7810996942a2dad2;origin=https://github.com/acmeism/RosettaCodeData;path=/Task/Letter-frequency/SIMPOL/letter-frequency-1.simpol,SIMPOL,SIMPOL,SIMPOL,the contributor (the language heading the solution is filed under on rosettacode.org),RosettaCodeData@1d47586,,,,not-in-linguist;invented-ext,Task/Letter-frequency/SIMPOL/letter-frequency-1.simpol,9
rosetta:10e6cbd350ea,gold,.simpol,3167746ba0c584268bc9f4fa49c688d97daec697,polymorphism.simpol,swh:1:cnt:3167746ba0c584268bc9f4fa49c688d97daec697;origin=https://github.com/acmeism/RosettaCodeData;path=/Task/Polymorphism/SIMPOL/polymorphism.simpol,SIMPOL,SIMPOL,SIMPOL,the contributor (the language heading the solution is filed under on rosettacode.org),RosettaCodeData@1d47586,,,,not-in-linguist;invented-ext,Task/Polymorphism/SIMPOL/polymorphism.simpol,9
rosetta:c2a19f11085e,gold,.simula,6043ad46bb59582965107a587e0a37c627155fa7,avl-tree-1.simula,swh:1:cnt:6043ad46bb59582965107a587e0a37c627155fa7;origin=https://github.com/acmeism/RosettaCodeData;path=/Task/AVL-tree/Simula/avl-tree-1.simula,Simula,Simula,Simula,the contributor (the language heading the solution is filed under on rosettacode.org),RosettaCodeData@1d47586,,,,not-in-linguist;invented-ext,Task/AVL-tree/Simula/avl-tree-1.simula,107
rosetta:0dde0244e0c0,gold,.simula,033ac942d37f5edd74166482bc151234e5158691,exponentiation-order.simula,swh:1:cnt:033ac942d37f5edd74166482bc151234e5158691;origin=https://github.com/acmeism/RosettaCodeData;path=/Task/Exponentiation-order/Simula/exponentiation-order.simula,Simula,Simula,Simula,the contributor (the language heading the solution is filed under on rosettacode.org),RosettaCodeData@1d47586,,,,not-in-linguist;invented-ext;tiny,Task/Exponentiation-order/Simula/exponentiation-order.simula,107
rosetta:cbf870a7234a,gold,.basic,ff02c4bd346e8599666ca0df0b154e6a3cbf0591,mandelbrot-set-1.basic,swh:1:cnt:ff02c4bd346e8599666ca0df0b154e6a3cbf0591;origin=https://github.com/acmeism/RosettaCodeData;path=/Task/Mandelbrot-set/Sinclair-ZX81-BASIC/mandelbrot-set-1.basic,Sinclair ZX81 BASIC,Sinclair ZX81 BASIC,Sinclair ZX81 BASIC,the contributor (the language heading the solution is filed under on rosettacode.org),RosettaCodeData@1d47586,,,,not-in-linguist;invented-ext,Task/Mandelbrot-set/Sinclair-ZX81-BASIC/mandelbrot-set-1.basic,100
rosetta:1c43011566a6,gold,.basic,cb3ea5e8cfd2aa6433e761200ff6ab1decdd19cd,repeat-a-string.basic,swh:1:cnt:cb3ea5e8cfd2aa6433e761200ff6ab1decdd19cd;origin=https://github.com/acmeism/RosettaCodeData;path=/Task/Repeat-a-string/Sinclair-ZX81-BASIC/repeat-a-string.basic,Sinclair ZX81 BASIC,Sinclair ZX81 BASIC,Sinclair ZX81 BASIC,the contributor (the language heading the solution is filed under on rosettacode.org),RosettaCodeData@1d47586,,,,not-in-linguist;invented-ext,Task/Repeat-a-string/Sinclair-ZX81-BASIC/repeat-a-string.basic,100
rosetta:574e65746e95,gold,.sing,2fdfa841377d2ff69ca9d05f02251ce539816b82,hello-world-text.sing,swh:1:cnt:2fdfa841377d2ff69ca9d05f02251ce539816b82;origin=https://github.com/acmeism/RosettaCodeData;path=/Task/Hello-world-Text/Sing/hello-world-text.sing,Sing,Sing,Sing,the contributor (the language heading the solution is filed under on rosettacode.org),RosettaCodeData@1d47586,,,,not-in-linguist;invented-ext,Task/Hello-world-Text/Sing/hello-world-text.sing,1
rosetta:e0968fcec89d,gold,.sisal,56d0f878ce7bd20862d3c98b820669beb62bf9ed,factorial-1.sisal,swh:1:cnt:56d0f878ce7bd20862d3c98b820669beb62bf9ed;origin=https://github.com/acmeism/RosettaCodeData;path=/Task/Factorial/Sisal/factorial-1.sisal,Sisal,Sisal,Sisal,the contributor (the language heading the solution is filed under on rosettacode.org),RosettaCodeData@1d47586,,,,not-in-linguist;invented-ext,Task/Factorial/Sisal/factorial-1.sisal,3
rosetta:15a427a72f2c,gold,.sisal,49acf632792354e9b0d3cf7390cf0a3f5a5aaa21,hello-world-text.sisal,swh:1:cnt:49acf632792354e9b0d3cf7390cf0a3f5a5aaa21;origin=https://github.com/acmeism/RosettaCodeData;path=/Task/Hello-world-Text/Sisal/hello-world-text.sisal,Sisal,Sisal,Sisal,the contributor (the language heading the solution is filed under on rosettacode.org),RosettaCodeData@1d47586,,,,not-in-linguist;invented-ext,Task/Hello-world-Text/Sisal/hello-world-text.sisal,3
rosetta:6f4af67334fe,gold,.skew,60d107d1ffc175e2c52b8c18c9f2186e0bc93f5b,abstract-type.skew,swh:1:cnt:60d107d1ffc175e2c52b8c18c9f2186e0bc93f5b;origin=https://github.com/acmeism/RosettaCodeData;path=/Task/Abstract-type/Skew/abstract-type.skew,Skew,Skew,Skew,the contributor (the language heading the solution is filed under on rosettacode.org),RosettaCodeData@1d47586,,,,not-in-linguist;invented-ext,Task/Abstract-type/Skew/abstract-type.skew,2
rosetta:dd82a030255e,gold,.skew,23f6caaac16a2e7fbac12ca4346f663d01a8668d,hello-world-text.skew,swh:1:cnt:23f6caaac16a2e7fbac12ca4346f663d01a8668d;origin=https://github.com/acmeism/RosettaCodeData;path=/Task/Hello-world-Text/Skew/hello-world-text.skew,Skew,Skew,Skew,the contributor (the language heading the solution is filed under on rosettacode.org),RosettaCodeData@1d47586,,,,not-in-linguist;invented-ext;tiny,Task/Hello-world-Text/Skew/hello-world-text.skew,2
rosetta:a171b469d31c,gold,.skookum,f4815a47295d426344e66448482155dc85bf91fd,binary-digits-1.skookum,swh:1:cnt:f4815a47295d426344e66448482155dc85bf91fd;origin=https://github.com/acmeism/RosettaCodeData;path=/Task/Binary-digits/SkookumScript/binary-digits-1.skookum,SkookumScript,SkookumScript,SkookumScript,the contributor (the language heading the solution is filed under on rosettacode.org),RosettaCodeData@1d47586,,,,not-in-linguist;invented-ext;tiny,Task/Binary-digits/SkookumScript/binary-digits-1.skookum,15
rosetta:d8dad2961202,gold,.skookum,3f8dc4da6eee06c01ed1a91f52c173bedcd3a1fe,logical-operations-1.skookum,swh:1:cnt:3f8dc4da6eee06c01ed1a91f52c173bedcd3a1fe;origin=https://github.com/acmeism/RosettaCodeData;path=/Task/Logical-operations/SkookumScript/logical-operations-1.skookum,SkookumScript,SkookumScript,SkookumScript,the contributor (the language heading the solution is filed under on rosettacode.org),RosettaCodeData@1d47586,,,,not-in-linguist;invented-ext,Task/Logical-operations/SkookumScript/logical-operations-1.skookum,15
rosetta:8afeb90c5c1c,gold,.slate,656ac4bc6a1d9228a2c4b299b533106c60ea89f7,factorial-2.slate,swh:1:cnt:656ac4bc6a1d9228a2c4b299b533106c60ea89f7;origin=https://github.com/acmeism/RosettaCodeData;path=/Task/Factorial/Slate/factorial-2.slate,Slate,Slate,Slate,the contributor (the language heading the solution is filed under on rosettacode.org),RosettaCodeData@1d47586,,,,not-in-linguist;invented-ext,Task/Factorial/Slate/factorial-2.slate,160
rosetta:0d322ce23b2f,gold,.slate,85124b71ee20e13a44afd95154b665fc2f1c29d3,rot-13-2.slate,swh:1:cnt:85124b71ee20e13a44afd95154b665fc2f1c29d3;origin=https://github.com/acmeism/RosettaCodeData;path=/Task/Rot-13/Slate/rot-13-2.slate,Slate,Slate,Slate,the contributor (the language heading the solution is filed under on rosettacode.org),RosettaCodeData@1d47586,,,,not-in-linguist;invented-ext,Task/Rot-13/Slate/rot-13-2.slate,160
rosetta:daa6fc6f2afd,gold,.slope,53d2ace8ee1320a3cdadf8e33e68042f1a8343b1,call-a-function-5.slope,swh:1:cnt:53d2ace8ee1320a3cdadf8e33e68042f1a8343b1;origin=https://github.com/acmeism/RosettaCodeData;path=/Task/Call-a-function/Slope/call-a-function-5.slope,Slope,Slope,Slope,the contributor (the language heading the solution is filed under on rosettacode.org),RosettaCodeData@1d47586,,,,not-in-linguist;invented-ext,Task/Call-a-function/Slope/call-a-function-5.slope,44
rosetta:f3ce9fac7740,gold,.slope,ccf113c8df9a0669ef2b6e51175fcbdb63a43b54,hello-world-graphical.slope,swh:1:cnt:ccf113c8df9a0669ef2b6e51175fcbdb63a43b54;origin=https://github.com/acmeism/RosettaCodeData;path=/Task/Hello-world-Graphical/Slope/hello-world-graphical.slope,Slope,Slope,Slope,the contributor (the language heading the solution is filed under on rosettacode.org),RosettaCodeData@1d47586,,,,not-in-linguist;invented-ext,Task/Hello-world-Graphical/Slope/hello-world-graphical.slope,44
rosetta:a2309afaf04e,gold,.basic,894927f088bfe0cde2ea3e579fad6fe5b4a91e1a,create-a-file-2.basic,swh:1:cnt:894927f088bfe0cde2ea3e579fad6fe5b4a91e1a;origin=https://github.com/acmeism/RosettaCodeData;path=/Task/Create-a-file/SmallBasic/create-a-file-2.basic,SmallBasic,SmallBasic,SmallBasic,the contributor (the language heading the solution is filed under on rosettacode.org),RosettaCodeData@1d47586,,,,not-in-linguist;invented-ext,Task/Create-a-file/SmallBasic/create-a-file-2.basic,62
rosetta:d1792edd313a,gold,.basic,d06cf98adbc56a6e07ec31561b6fe726bde80d9b,function-definition-1.basic,swh:1:cnt:d06cf98adbc56a6e07ec31561b6fe726bde80d9b;origin=https://github.com/acmeism/RosettaCodeData;path=/Task/Function-definition/SmallBasic/function-definition-1.basic,SmallBasic,SmallBasic,SmallBasic,the contributor (the language heading the solution is filed under on rosettacode.org),RosettaCodeData@1d47586,,,,not-in-linguist;invented-ext;tiny,Task/Function-definition/SmallBasic/function-definition-1.basic,62
rosetta:e7f89cc3ad42,gold,.st,c98f38d26df681dd20c6c60c5460d0b037452b38,extreme-floating-point-values.st,swh:1:cnt:c98f38d26df681dd20c6c60c5460d0b037452b38;origin=https://github.com/acmeism/RosettaCodeData;path=/Task/Extreme-floating-point-values/Smalltalk/extreme-floating-point-values.st,Smalltalk,Smalltalk,Smalltalk;squeak,the contributor (the language heading the solution is filed under on rosettacode.org),RosettaCodeData@1d47586,,,,in-linguist;ambiguous-ext,Task/Extreme-floating-point-values/Smalltalk/extreme-floating-point-values.st,625
rosetta:1a36f007ba5c,gold,.st,135b91a1a6f60999f5588e9d1f68e326d0d9d5a7,heronian-triangles.st,swh:1:cnt:135b91a1a6f60999f5588e9d1f68e326d0d9d5a7;origin=https://github.com/acmeism/RosettaCodeData;path=/Task/Heronian-triangles/Smalltalk/heronian-triangles.st,Smalltalk,Smalltalk,Smalltalk;squeak,the contributor (the language heading the solution is filed under on rosettacode.org),RosettaCodeData@1d47586,,,,in-linguist;ambiguous-ext,Task/Heronian-triangles/Smalltalk/heronian-triangles.st,625
rosetta:78c1ab06018d,gold,.basic,e46c0a866e46569e3d3b96269a9f768a5a4b05c6,catalan-numbers.basic,swh:1:cnt:e46c0a866e46569e3d3b96269a9f768a5a4b05c6;origin=https://github.com/acmeism/RosettaCodeData;path=/Task/Catalan-numbers/Smart-BASIC/catalan-numbers.basic,Smart BASIC,Smart BASIC,Smart BASIC,the contributor (the language heading the solution is filed under on rosettacode.org),RosettaCodeData@1d47586,,,,not-in-linguist;invented-ext,Task/Catalan-numbers/Smart-BASIC/catalan-numbers.basic,34
rosetta:70877f9175b2,gold,.basic,f5affebc7c5881d74a642a00bf27c4d47c88fb6d,loops-for-with-a-specified-step.basic,swh:1:cnt:f5affebc7c5881d74a642a00bf27c4d47c88fb6d;origin=https://github.com/acmeism/RosettaCodeData;path=/Task/Loops-For-with-a-specified-step/Smart-BASIC/loops-for-with-a-specified-step.basic,Smart BASIC,Smart BASIC,Smart BASIC,the contributor (the language heading the solution is filed under on rosettacode.org),RosettaCodeData@1d47586,,,,not-in-linguist;invented-ext,Task/Loops-For-with-a-specified-step/Smart-BASIC/loops-for-with-a-specified-step.basic,34
rosetta:a626db1d1f42,gold,.smeql,89410efc3100bd968360688b8f110cc929d51778,top-rank-per-group-1.smeql,swh:1:cnt:89410efc3100bd968360688b8f110cc929d51778;origin=https://github.com/acmeism/RosettaCodeData;path=/Task/Top-rank-per-group/SMEQL/top-rank-per-group-1.smeql,SMEQL,SMEQL,SMEQL,the contributor (the language heading the solution is filed under on rosettacode.org),RosettaCodeData@1d47586,,,,not-in-linguist;invented-ext,Task/Top-rank-per-group/SMEQL/top-rank-per-group-1.smeql,2
rosetta:b5aa05c587a2,gold,.basic,cea2bc0499ee532bce3a88448a7547fe30842a10,colour-pinstripe-display.basic,swh:1:cnt:cea2bc0499ee532bce3a88448a7547fe30842a10;origin=https://github.com/acmeism/RosettaCodeData;path=/Task/Colour-pinstripe-Display/SmileBASIC/colour-pinstripe-display.basic,SmileBASIC,SmileBASIC,SmileBASIC,the contributor (the language heading the solution is filed under on rosettacode.org),RosettaCodeData@1d47586,,,,not-in-linguist;invented-ext,Task/Colour-pinstripe-Display/SmileBASIC/colour-pinstripe-display.basic,17
rosetta:8327bcaeaa0a,gold,.basic,63dcbc5856bcf1b2b2c6f0ccdfb28e0712538ba5,execute-brain--1.basic,swh:1:cnt:63dcbc5856bcf1b2b2c6f0ccdfb28e0712538ba5;origin=https://github.com/acmeism/RosettaCodeData;path=/Task/Execute-Brain-/SmileBASIC/execute-brain--1.basic,SmileBASIC,SmileBASIC,SmileBASIC,the contributor (the language heading the solution is filed under on rosettacode.org),RosettaCodeData@1d47586,,,,not-in-linguist;invented-ext,Task/Execute-Brain-/SmileBASIC/execute-brain--1.basic,17
rosetta:2ac778089f12,gold,.sno,dbc7d1b65aaf106a4ab098ce5430d098e5bb2b01,kernighans-large-earthquake-problem.sno,swh:1:cnt:dbc7d1b65aaf106a4ab098ce5430d098e5bb2b01;origin=https://github.com/acmeism/RosettaCodeData;path=/Task/Kernighans-large-earthquake-problem/Snobol/kernighans-large-earthquake-problem.sno,Snobol,Snobol,Snobol,the contributor (the language heading the solution is filed under on rosettacode.org),RosettaCodeData@1d47586,,,,not-in-linguist;invented-ext,Task/Kernighans-large-earthquake-problem/Snobol/kernighans-large-earthquake-problem.sno,11
rosetta:0318bfc503da,gold,.sno,33704372fe7709e9ecf8d4362669a2c818a70307,two-identical-strings.sno,swh:1:cnt:33704372fe7709e9ecf8d4362669a2c818a70307;origin=https://github.com/acmeism/RosettaCodeData;path=/Task/Two-identical-strings/Snobol/two-identical-strings.sno,Snobol,Snobol,Snobol,the contributor (the language heading the solution is filed under on rosettacode.org),RosettaCodeData@1d47586,,,,not-in-linguist;invented-ext,Task/Two-identical-strings/Snobol/two-identical-strings.sno,11
rosetta:92f6e1f44f4f,gold,.sno,91f8c6ada945664e618f14b6d484ee0c5d348180,factorial-3.sno,swh:1:cnt:91f8c6ada945664e618f14b6d484ee0c5d348180;origin=https://github.com/acmeism/RosettaCodeData;path=/Task/Factorial/SNOBOL4/factorial-3.sno,SNOBOL4,SNOBOL4,SNOBOL4,the contributor (the language heading the solution is filed under on rosettacode.org),RosettaCodeData@1d47586,,,,not-in-linguist;invented-ext,Task/Factorial/SNOBOL4/factorial-3.sno,180
rosetta:9d692ac28986,gold,.sno,9cad3ece537ff28fca5d6a7ca2ffc26a3d323d01,strip-block-comments.sno,swh:1:cnt:9cad3ece537ff28fca5d6a7ca2ffc26a3d323d01;origin=https://github.com/acmeism/RosettaCodeData;path=/Task/Strip-block-comments/SNOBOL4/strip-block-comments.sno,SNOBOL4,SNOBOL4,SNOBOL4,the contributor (the language heading the solution is filed under on rosettacode.org),RosettaCodeData@1d47586,,,,not-in-linguist;invented-ext,Task/Strip-block-comments/SNOBOL4/strip-block-comments.sno,180
rosetta:9f36cb382cab,gold,.snusp,a2d4b3557d76aab4900e36baf75a1901a6b3eb91,arithmetic-integer.snusp,swh:1:cnt:a2d4b3557d76aab4900e36baf75a1901a6b3eb91;origin=https://github.com/acmeism/RosettaCodeData;path=/Task/Arithmetic-Integer/SNUSP/arithmetic-integer.snusp,SNUSP,SNUSP,SNUSP,the contributor (the language heading the solution is filed under on rosettacode.org),RosettaCodeData@1d47586,,,,not-in-linguist;invented-ext,Task/Arithmetic-Integer/SNUSP/arithmetic-integer.snusp,22
rosetta:f85e155af0e1,gold,.snusp,1059752dc59a4aa1c7b48e08a2e7800cff2f0f72,loops-downward-for.snusp,swh:1:cnt:1059752dc59a4aa1c7b48e08a2e7800cff2f0f72;origin=https://github.com/acmeism/RosettaCodeData;path=/Task/Loops-Downward-for/SNUSP/loops-downward-for.snusp,SNUSP,SNUSP,SNUSP,the contributor (the language heading the solution is filed under on rosettacode.org),RosettaCodeData@1d47586,,,,not-in-linguist;invented-ext;tiny,Task/Loops-Downward-for/SNUSP/loops-downward-for.snusp,22
rosetta:b0e4ce40bcdd,gold,.soar,a453796ae2c961529e38351709e1abab156b0f78,ethiopian-multiplication.soar,swh:1:cnt:a453796ae2c961529e38351709e1abab156b0f78;origin=https://github.com/acmeism/RosettaCodeData;path=/Task/Ethiopian-multiplication/Soar/ethiopian-multiplication.soar,Soar,Soar,Soar,the contributor (the language heading the solution is filed under on rosettacode.org),RosettaCodeData@1d47586,,,,not-in-linguist;invented-ext,Task/Ethiopian-multiplication/Soar/ethiopian-multiplication.soar,1
rosetta:dfd0ca450727,gold,.soda,91cb1f27fb429343e41a2813ea7d4de083f410e1,factorial-2.soda,swh:1:cnt:91cb1f27fb429343e41a2813ea7d4de083f410e1;origin=https://github.com/acmeism/RosettaCodeData;path=/Task/Factorial/Soda/factorial-2.soda,Soda,Soda,Soda,the contributor (the language heading the solution is filed under on rosettacode.org),RosettaCodeData@1d47586,,,,not-in-linguist;invented-ext,Task/Factorial/Soda/factorial-2.soda,3
rosetta:27ba1cb1d765,gold,.soda,5f0cc3f645ef867c0cf00db79dcce659d32bd5c2,hello-world-text.soda,swh:1:cnt:5f0cc3f645ef867c0cf00db79dcce659d32bd5c2;origin=https://github.com/acmeism/RosettaCodeData;path=/Task/Hello-world-Text/Soda/hello-world-text.soda,Soda,Soda,Soda,the contributor (the language heading the solution is filed under on rosettacode.org),RosettaCodeData@1d47586,,,,not-in-linguist;invented-ext;tiny,Task/Hello-world-Text/Soda/hello-world-text.soda,3
rosetta:f9ddf4be4a7f,gold,.soneking,a34ff0feea2d51e5b4a9d770f7999c279bfb7423,hello-world-text.soneking,swh:1:cnt:a34ff0feea2d51e5b4a9d770f7999c279bfb7423;origin=https://github.com/acmeism/RosettaCodeData;path=/Task/Hello-world-Text/SoneKing-Assembly/hello-world-text.soneking,SoneKing Assembly,SoneKing Assembly,SoneKing Assembly,the contributor (the language heading the solution is filed under on rosettacode.org),RosettaCodeData@1d47586,,,,not-in-linguist;invented-ext,Task/Hello-world-Text/SoneKing-Assembly/hello-world-text.soneking,1
rosetta:bce282fabc11,gold,.spad,7d1a91c2fc9b2ad168e16d918c1d45b9bc1240c3,ackermann-function.spad,swh:1:cnt:7d1a91c2fc9b2ad168e16d918c1d45b9bc1240c3;origin=https://github.com/acmeism/RosettaCodeData;path=/Task/Ackermann-function/SPAD/ackermann-function.spad,SPAD,SPAD,SPAD,the contributor (the language heading the solution is filed under on rosettacode.org),RosettaCodeData@1d47586,,,,not-in-linguist;invented-ext,Task/Ackermann-function/SPAD/ackermann-function.spad,12
rosetta:2e293d17cf4d,gold,.spad,a7da7d789cee43a33279ed447bf59aaf8177a6ba,prime-decomposition.spad,swh:1:cnt:a7da7d789cee43a33279ed447bf59aaf8177a6ba;origin=https://github.com/acmeism/RosettaCodeData;path=/Task/Prime-decomposition/SPAD/prime-decomposition.spad,SPAD,SPAD,SPAD,the contributor (the language heading the solution is filed under on rosettacode.org),RosettaCodeData@1d47586,,,,not-in-linguist;invented-ext,Task/Prime-decomposition/SPAD/prime-decomposition.spad,12
rosetta:a87d62b76abd,gold,.sparc,a3a0a837e23402e8e467e0375f2cecbfc0ef05f3,hello-world-text.sparc,swh:1:cnt:a3a0a837e23402e8e467e0375f2cecbfc0ef05f3;origin=https://github.com/acmeism/RosettaCodeData;path=/Task/Hello-world-Text/SPARC-Assembly/hello-world-text.sparc,SPARC Assembly,SPARC Assembly,SPARC Assembly,the contributor (the language heading the solution is filed under on rosettacode.org),RosettaCodeData@1d47586,,,,not-in-linguist;invented-ext,Task/Hello-world-Text/SPARC-Assembly/hello-world-text.sparc,1
rosetta:ec7f411b40cd,gold,.sparforte,380dd0cd058f86a5abf115dfe343eb60f5fa8007,character-codes.sparforte,swh:1:cnt:380dd0cd058f86a5abf115dfe343eb60f5fa8007;origin=https://github.com/acmeism/RosettaCodeData;path=/Task/Character-codes/SparForte/character-codes.sparforte,SparForte,SparForte,SparForte,the contributor (the language heading the solution is filed under on rosettacode.org),RosettaCodeData@1d47586,,,,not-in-linguist;invented-ext,Task/Character-codes/SparForte/character-codes.sparforte,57
rosetta:8f4e920eae3f,gold,.sparforte,b1fac0a847ae45b89d7d576396fe3d0f39978693,palindrome-detection.sparforte,swh:1:cnt:b1fac0a847ae45b89d7d576396fe3d0f39978693;origin=https://github.com/acmeism/RosettaCodeData;path=/Task/Palindrome-detection/SparForte/palindrome-detection.sparforte,SparForte,SparForte,SparForte,the contributor (the language heading the solution is filed under on rosettacode.org),RosettaCodeData@1d47586,,,,not-in-linguist;invented-ext,Task/Palindrome-detection/SparForte/palindrome-detection.sparforte,57
rosetta:85f5efe714cc,gold,.spark,0e4feb81da0998b144dcf716b1be62d6d9937676,assertions-4.spark,swh:1:cnt:0e4feb81da0998b144dcf716b1be62d6d9937676;origin=https://github.com/acmeism/RosettaCodeData;path=/Task/Assertions/SPARK/assertions-4.spark,SPARK,SPARK,SPARK,the contributor (the language heading the solution is filed under on rosettacode.org),RosettaCodeData@1d47586,,,,not-in-linguist;invented-ext;tiny,Task/Assertions/SPARK/assertions-4.spark,25
rosetta:722aef87d8a4,gold,.spark,bef98bf42775b19adb2e75d6da47328f475663e6,function-definition-3.spark,swh:1:cnt:bef98bf42775b19adb2e75d6da47328f475663e6;origin=https://github.com/acmeism/RosettaCodeData;path=/Task/Function-definition/SPARK/function-definition-3.spark,SPARK,SPARK,SPARK,the contributor (the language heading the solution is filed under on rosettacode.org),RosettaCodeData@1d47586,,,,not-in-linguist;invented-ext,Task/Function-definition/SPARK/function-definition-3.spark,25
rosetta:fd7a32b379d7,gold,.sparkling,2f5ace663cc432d35b4fb6078501e875199554a0,real-constants-and-functions.sparkling,swh:1:cnt:2f5ace663cc432d35b4fb6078501e875199554a0;origin=https://github.com/acmeism/RosettaCodeData;path=/Task/Real-constants-and-functions/Sparkling/real-constants-and-functions.sparkling,Sparkling,Sparkling,Sparkling,the contributor (the language heading the solution is filed under on rosettacode.org),RosettaCodeData@1d47586,,,,not-in-linguist;invented-ext,Task/Real-constants-and-functions/Sparkling/real-constants-and-functions.sparkling,49
rosetta:7b282e93878d,gold,.sparkling,528cf01f6d34d56c6bae693b19aad97de84ebf42,remove-duplicate-elements.sparkling,swh:1:cnt:528cf01f6d34d56c6bae693b19aad97de84ebf42;origin=https://github.com/acmeism/RosettaCodeData;path=/Task/Remove-duplicate-elements/Sparkling/remove-duplicate-elements.sparkling,Sparkling,Sparkling,Sparkling,the contributor (the language heading the solution is filed under on rosettacode.org),RosettaCodeData@1d47586,,,,not-in-linguist;invented-ext,Task/Remove-duplicate-elements/Sparkling/remove-duplicate-elements.sparkling,49
rosetta:3cab0c6ba4b6,gold,.spin,13cf80d1cc1c28db301ce37700135796ed08a2ce,fibonacci-sequence.spin,swh:1:cnt:13cf80d1cc1c28db301ce37700135796ed08a2ce;origin=https://github.com/acmeism/RosettaCodeData;path=/Task/Fibonacci-sequence/Spin/fibonacci-sequence.spin,Propeller Spin,Spin,Propeller Spin;Spin,the contributor (the language heading the solution is filed under on rosettacode.org),RosettaCodeData@1d47586,,,,in-linguist,Task/Fibonacci-sequence/Spin/fibonacci-sequence.spin,15
rosetta:ff4ad615649a,gold,.spin,0b103f34fd14ff78dd934f07b939cee07194c152,loops-while.spin,swh:1:cnt:0b103f34fd14ff78dd934f07b939cee07194c152;origin=https://github.com/acmeism/RosettaCodeData;path=/Task/Loops-While/Spin/loops-while.spin,Propeller Spin,Spin,Propeller Spin;Spin,the contributor (the language heading the solution is filed under on rosettacode.org),RosettaCodeData@1d47586,,,,in-linguist,Task/Loops-While/Spin/loops-while.spin,15
rosetta:327d77e6b782,gold,.spl,6652d693e5443496b95d25fd2de94bd369d4413f,ordered-words.spl,swh:1:cnt:6652d693e5443496b95d25fd2de94bd369d4413f;origin=https://github.com/acmeism/RosettaCodeData;path=/Task/Ordered-words/SPL/ordered-words.spl,SPL,SPL,SPL,the contributor (the language heading the solution is filed under on rosettacode.org),RosettaCodeData@1d47586,,,,not-in-linguist;invented-ext,Task/Ordered-words/SPL/ordered-words.spl,57
rosetta:92af05dfe20d,gold,.spl,f4de3fe44419b9042604213c89c507106e9b131d,system-time.spl,swh:1:cnt:f4de3fe44419b9042604213c89c507106e9b131d;origin=https://github.com/acmeism/RosettaCodeData;path=/Task/System-time/SPL/system-time.spl,SPL,SPL,SPL,the contributor (the language heading the solution is filed under on rosettacode.org),RosettaCodeData@1d47586,,,,not-in-linguist;invented-ext;tiny,Task/System-time/SPL/system-time.spl,57
rosetta:26f1ef632b91,gold,.spss,d517bc52b05192061081e7df76538b90c828422f,merge-and-aggregate-datasets.spss,swh:1:cnt:d517bc52b05192061081e7df76538b90c828422f;origin=https://github.com/acmeism/RosettaCodeData;path=/Task/Merge-and-aggregate-datasets/SPSS/merge-and-aggregate-datasets.spss,SPSS,SPSS,SPSS,the contributor (the language heading the solution is filed under on rosettacode.org),RosettaCodeData@1d47586,,,,not-in-linguist;invented-ext,Task/Merge-and-aggregate-datasets/SPSS/merge-and-aggregate-datasets.spss,4
rosetta:252900c44fb7,gold,.spss,2ea607b07590830ba6bc214c041602af08cff58e,multiple-regression-3.spss,swh:1:cnt:2ea607b07590830ba6bc214c041602af08cff58e;origin=https://github.com/acmeism/RosettaCodeData;path=/Task/Multiple-regression/SPSS/multiple-regression-3.spss,SPSS,SPSS,SPSS,the contributor (the language heading the solution is filed under on rosettacode.org),RosettaCodeData@1d47586,,,,not-in-linguist;invented-ext,Task/Multiple-regression/SPSS/multiple-regression-3.spss,4
rosetta:0714ebe10191,gold,.sql,fdf1fa6777ee2124c4b0183b9d0ce561a4606125,arithmetic-geometric-mean.sql,swh:1:cnt:fdf1fa6777ee2124c4b0183b9d0ce561a4606125;origin=https://github.com/acmeism/RosettaCodeData;path=/Task/Arithmetic-geometric-mean/SQL/arithmetic-geometric-mean.sql,SQL,SQL,SQL,the contributor (the language heading the solution is filed under on rosettacode.org),RosettaCodeData@1d47586,,,,in-linguist;ambiguous-ext,Task/Arithmetic-geometric-mean/SQL/arithmetic-geometric-mean.sql,131
rosetta:fe34d48bb516,gold,.sql,c7fb6fe81c4214f3bfc418a767dc7d6cad274be4,averages-pythagorean-means.sql,swh:1:cnt:c7fb6fe81c4214f3bfc418a767dc7d6cad274be4;origin=https://github.com/acmeism/RosettaCodeData;path=/Task/Averages-Pythagorean-means/SQL/averages-pythagorean-means.sql,SQL,SQL,SQL,the contributor (the language heading the solution is filed under on rosettacode.org),RosettaCodeData@1d47586,,,,in-linguist;ambiguous-ext,Task/Averages-Pythagorean-means/SQL/averages-pythagorean-means.sql,131
rosetta:9ab52347efa2,gold,.sql,1dc49edef07f2186661b6f975039bdc220c7ef59,4-rings-or-4-squares-puzzle.sql,swh:1:cnt:1dc49edef07f2186661b6f975039bdc220c7ef59;origin=https://github.com/acmeism/RosettaCodeData;path=/Task/4-rings-or-4-squares-puzzle/SQL-PL/4-rings-or-4-squares-puzzle.sql,SQLPL,SQL PL,SQLPL;SQL PL,the contributor (the language heading the solution is filed under on rosettacode.org),RosettaCodeData@1d47586,,,,in-linguist;ambiguous-ext,Task/4-rings-or-4-squares-puzzle/SQL-PL/4-rings-or-4-squares-puzzle.sql,53
rosetta:ef59542261d8,gold,.sql,0142282f7203a7b9b45bea95339365958151ca33,n-queens-problem.sql,swh:1:cnt:0142282f7203a7b9b45bea95339365958151ca33;origin=https://github.com/acmeism/RosettaCodeData;path=/Task/N-queens-problem/SQL-PL/n-queens-problem.sql,SQLPL,SQL PL,SQLPL;SQL PL,the contributor (the language heading the solution is filed under on rosettacode.org),RosettaCodeData@1d47586,,,,in-linguist;ambiguous-ext,Task/N-queens-problem/SQL-PL/n-queens-problem.sql,53
rosetta:c9cc38b68438,gold,.nut,858c66937f8cf6648dcf4b47fbe97edaed393fe8,comments.nut,swh:1:cnt:858c66937f8cf6648dcf4b47fbe97edaed393fe8;origin=https://github.com/acmeism/RosettaCodeData;path=/Task/Comments/Squirrel/comments.nut,Squirrel,Squirrel,Squirrel,the contributor (the language heading the solution is filed under on rosettacode.org),RosettaCodeData@1d47586,,,,in-linguist,Task/Comments/Squirrel/comments.nut,3
rosetta:c160938fb19d,gold,.nut,6bbe487de2244df64e6d48776a7b86792dd42fe2,fizzbuzz.nut,swh:1:cnt:6bbe487de2244df64e6d48776a7b86792dd42fe2;origin=https://github.com/acmeism/RosettaCodeData;path=/Task/FizzBuzz/Squirrel/fizzbuzz.nut,Squirrel,Squirrel,Squirrel,the contributor (the language heading the solution is filed under on rosettacode.org),RosettaCodeData@1d47586,,,,in-linguist,Task/FizzBuzz/Squirrel/fizzbuzz.nut,3
rosetta:3e40d8d083bf,gold,.ssem,0daec42427f961dee3c13ab9bf328fb7c6bc8316,caesar-cipher.ssem,swh:1:cnt:0daec42427f961dee3c13ab9bf328fb7c6bc8316;origin=https://github.com/acmeism/RosettaCodeData;path=/Task/Caesar-cipher/SSEM/caesar-cipher.ssem,SSEM,SSEM,SSEM,the contributor (the language heading the solution is filed under on rosettacode.org),RosettaCodeData@1d47586,,,,not-in-linguist;invented-ext,Task/Caesar-cipher/SSEM/caesar-cipher.ssem,28
rosetta:c1d846ab8ca4,gold,.ssem,22027ba81b0a479ce9e9e121d17a3f8386fcd399,call-a-function.ssem,swh:1:cnt:22027ba81b0a479ce9e9e121d17a3f8386fcd399;origin=https://github.com/acmeism/RosettaCodeData;path=/Task/Call-a-function/SSEM/call-a-function.ssem,SSEM,SSEM,SSEM,the contributor (the language heading the solution is filed under on rosettacode.org),RosettaCodeData@1d47586,,,,not-in-linguist;invented-ext;tiny,Task/Call-a-function/SSEM/call-a-function.ssem,28
rosetta:f9624ce99da0,gold,.ml,9694e720d0c4b7038bb06ceb22fbd6a127d19143,palindrome-detection.ml,swh:1:cnt:9694e720d0c4b7038bb06ceb22fbd6a127d19143;origin=https://github.com/acmeism/RosettaCodeData;path=/Task/Palindrome-detection/Standard-ML/palindrome-detection.ml,Standard ML,Standard ML,Standard ML;sml,the contributor (the language heading the solution is filed under on rosettacode.org),RosettaCodeData@1d47586,,,,in-linguist;ambiguous-ext;tiny,Task/Palindrome-detection/Standard-ML/palindrome-detection.ml,404
rosetta:b96ead137493,gold,.ml,d0852e78a784a4ce7550facc50ad6c2875dafecd,stack-1.ml,swh:1:cnt:d0852e78a784a4ce7550facc50ad6c2875dafecd;origin=https://github.com/acmeism/RosettaCodeData;path=/Task/Stack/Standard-ML/stack-1.ml,Standard ML,Standard ML,Standard ML;sml,the contributor (the language heading the solution is filed under on rosettacode.org),RosettaCodeData@1d47586,,,,in-linguist;ambiguous-ext,Task/Stack/Standard-ML/stack-1.ml,404
rosetta:03b994c76296,gold,.stata,db95cc2feba4503596d1445032d7cbd40f74e496,combinations-with-repetitions.stata,swh:1:cnt:db95cc2feba4503596d1445032d7cbd40f74e496;origin=https://github.com/acmeism/RosettaCodeData;path=/Task/Combinations-with-repetitions/Stata/combinations-with-repetitions.stata,Stata,Stata,Stata,the contributor (the language heading the solution is filed under on rosettacode.org),RosettaCodeData@1d47586,,,,in-linguist;invented-ext,Task/Combinations-with-repetitions/Stata/combinations-with-repetitions.stata,330
rosetta:791f11941d6a,gold,.stata,3bd87555caee2d05f2310ca6f579142a159bb839,loops-nested-3.stata,swh:1:cnt:3bd87555caee2d05f2310ca6f579142a159bb839;origin=https://github.com/acmeism/RosettaCodeData;path=/Task/Loops-Nested/Stata/loops-nested-3.stata,Stata,Stata,Stata,the contributor (the language heading the solution is filed under on rosettacode.org),RosettaCodeData@1d47586,,,,in-linguist;invented-ext,Task/Loops-Nested/Stata/loops-nested-3.stata,330
rosetta:ede22c8e357f,gold,.streamit,a29c89524e5609547ebd8c779ce26179a245065a,fibonacci-sequence.streamit,swh:1:cnt:a29c89524e5609547ebd8c779ce26179a245065a;origin=https://github.com/acmeism/RosettaCodeData;path=/Task/Fibonacci-sequence/StreamIt/fibonacci-sequence.streamit,StreamIt,StreamIt,StreamIt,the contributor (the language heading the solution is filed under on rosettacode.org),RosettaCodeData@1d47586,,,,not-in-linguist;invented-ext,Task/Fibonacci-sequence/StreamIt/fibonacci-sequence.streamit,1
rosetta:fdf4b6cb52da,gold,.stringle,93035308c5d9c8a0c4dc597c5750798d1a6ae695,100-doors.stringle,swh:1:cnt:93035308c5d9c8a0c4dc597c5750798d1a6ae695;origin=https://github.com/acmeism/RosettaCodeData;path=/Task/100-doors/Stringle/100-doors.stringle,Stringle,Stringle,Stringle,the contributor (the language heading the solution is filed under on rosettacode.org),RosettaCodeData@1d47586,,,,not-in-linguist;invented-ext,Task/100-doors/Stringle/100-doors.stringle,6
rosetta:5e1b14899db2,gold,.stringle,0385c1457e074c9b61252748c279bfc215480dca,strip-a-set-of-characters-from-a-string.stringle,swh:1:cnt:0385c1457e074c9b61252748c279bfc215480dca;origin=https://github.com/acmeism/RosettaCodeData;path=/Task/Strip-a-set-of-characters-from-a-string/Stringle/strip-a-set-of-characters-from-a-string.stringle,Stringle,Stringle,Stringle,the contributor (the language heading the solution is filed under on rosettacode.org),RosettaCodeData@1d47586,,,,not-in-linguist;invented-ext,Task/Strip-a-set-of-characters-from-a-string/Stringle/strip-a-set-of-characters-from-a-string.stringle,6
rosetta:c1853fdc7d85,gold,.suneido,e75caeaadcfee36f88c7ba08ab6a1f09fe0b11e5,day-of-the-week.suneido,swh:1:cnt:e75caeaadcfee36f88c7ba08ab6a1f09fe0b11e5;origin=https://github.com/acmeism/RosettaCodeData;path=/Task/Day-of-the-week/Suneido/day-of-the-week.suneido,Suneido,Suneido,Suneido,the contributor (the language heading the solution is filed under on rosettacode.org),RosettaCodeData@1d47586,,,,not-in-linguist;invented-ext,Task/Day-of-the-week/Suneido/day-of-the-week.suneido,21
rosetta:e8f130a38420,gold,.suneido,ba49d4c1f19bcb044b33580f67c23e37b26fa030,loops-do-while.suneido,swh:1:cnt:ba49d4c1f19bcb044b33580f67c23e37b26fa030;origin=https://github.com/acmeism/RosettaCodeData;path=/Task/Loops-Do-while/Suneido/loops-do-while.suneido,Suneido,Suneido,Suneido,the contributor (the language heading the solution is filed under on rosettacode.org),RosettaCodeData@1d47586,,,,not-in-linguist;invented-ext,Task/Loops-Do-while/Suneido/loops-do-while.suneido,21
rosetta:435e47bed51d,gold,.sc,65697b849db6e0a52d23f87fb7e79a4c9c3c9fd2,factorial-1.sc,swh:1:cnt:65697b849db6e0a52d23f87fb7e79a4c9c3c9fd2;origin=https://github.com/acmeism/RosettaCodeData;path=/Task/Factorial/SuperCollider/factorial-1.sc,SuperCollider,SuperCollider,SuperCollider,the contributor (the language heading the solution is filed under on rosettacode.org),RosettaCodeData@1d47586,,,,in-linguist;ambiguous-ext,Task/Factorial/SuperCollider/factorial-1.sc,63
rosetta:86bc6a015cd5,gold,.sc,983ef2034c2bc9c34460b0d05fe5d7a45900831b,function-composition.sc,swh:1:cnt:983ef2034c2bc9c34460b0d05fe5d7a45900831b;origin=https://github.com/acmeism/RosettaCodeData;path=/Task/Function-composition/SuperCollider/function-composition.sc,SuperCollider,SuperCollider,SuperCollider,the contributor (the language heading the solution is filed under on rosettacode.org),RosettaCodeData@1d47586,,,,in-linguist;ambiguous-ext;tiny,Task/Function-composition/SuperCollider/function-composition.sc,63
rosetta:9df04f159d87,gold,.supertalk,edb68be4fb6cc08e36ae100588df958b0e0dc028,99-bottles-of-beer.supertalk,swh:1:cnt:edb68be4fb6cc08e36ae100588df958b0e0dc028;origin=https://github.com/acmeism/RosettaCodeData;path=/Task/99-bottles-of-beer/SuperTalk/99-bottles-of-beer.supertalk,SuperTalk,SuperTalk,SuperTalk,the contributor (the language heading the solution is filed under on rosettacode.org),RosettaCodeData@1d47586,,,,not-in-linguist;invented-ext,Task/99-bottles-of-beer/SuperTalk/99-bottles-of-beer.supertalk,3
rosetta:e974e4e9d1c1,gold,.supertalk,b05036ba399465d90884d5f9fe187fc4604fca65,increment-a-numerical-string.supertalk,swh:1:cnt:b05036ba399465d90884d5f9fe187fc4604fca65;origin=https://github.com/acmeism/RosettaCodeData;path=/Task/Increment-a-numerical-string/SuperTalk/increment-a-numerical-string.supertalk,SuperTalk,SuperTalk,SuperTalk,the contributor (the language heading the solution is filed under on rosettacode.org),RosettaCodeData@1d47586,,,,not-in-linguist;invented-ext,Task/Increment-a-numerical-string/SuperTalk/increment-a-numerical-string.supertalk,3
rosetta:d0c7320e02af,gold,.swahili,b466eed08efcba02870694894cff3f1cabaa4c6a,conditional-structures.swahili,swh:1:cnt:b466eed08efcba02870694894cff3f1cabaa4c6a;origin=https://github.com/acmeism/RosettaCodeData;path=/Task/Conditional-structures/Swahili/conditional-structures.swahili,Swahili,Swahili,Swahili,the contributor (the language heading the solution is filed under on rosettacode.org),RosettaCodeData@1d47586,,,,not-in-linguist;invented-ext,Task/Conditional-structures/Swahili/conditional-structures.swahili,3
rosetta:8c7e6210de0c,gold,.swahili,779b024315d7c0cb17e12b588bf882d9b589d198,fizzbuzz.swahili,swh:1:cnt:779b024315d7c0cb17e12b588bf882d9b589d198;origin=https://github.com/acmeism/RosettaCodeData;path=/Task/FizzBuzz/Swahili/fizzbuzz.swahili,Swahili,Swahili,Swahili,the contributor (the language heading the solution is filed under on rosettacode.org),RosettaCodeData@1d47586,,,,not-in-linguist;invented-ext,Task/FizzBuzz/Swahili/fizzbuzz.swahili,3
rosetta:1a345ed11516,gold,.swift,21283d85d70e93857e9a7c843e5be10463f30270,loops-for-with-a-specified-step-2.swift,swh:1:cnt:21283d85d70e93857e9a7c843e5be10463f30270;origin=https://github.com/acmeism/RosettaCodeData;path=/Task/Loops-For-with-a-specified-step/Swift/loops-for-with-a-specified-step-2.swift,Swift,Swift,Swift,the contributor (the language heading the solution is filed under on rosettacode.org),RosettaCodeData@1d47586,,,,in-linguist;tiny,Task/Loops-For-with-a-specified-step/Swift/loops-for-with-a-specified-step-2.swift,822
rosetta:3ca880b14dcd,gold,.swift,c1332c80ef6f298214f28589e7ead3953ee0a4be,set.swift,swh:1:cnt:c1332c80ef6f298214f28589e7ead3953ee0a4be;origin=https://github.com/acmeism/RosettaCodeData;path=/Task/Set/Swift/set.swift,Swift,Swift,Swift,the contributor (the language heading the solution is filed under on rosettacode.org),RosettaCodeData@1d47586,,,,in-linguist,Task/Set/Swift/set.swift,822
rosetta:f8036c2db710,gold,.symsyn,e822909fad84773c97b6cb1256dc021ac117fa16,pernicious-numbers.symsyn,swh:1:cnt:e822909fad84773c97b6cb1256dc021ac117fa16;origin=https://github.com/acmeism/RosettaCodeData;path=/Task/Pernicious-numbers/Symsyn/pernicious-numbers.symsyn,Symsyn,Symsyn,Symsyn,the contributor (the language heading the solution is filed under on rosettacode.org),RosettaCodeData@1d47586,,,,not-in-linguist;invented-ext,Task/Pernicious-numbers/Symsyn/pernicious-numbers.symsyn,33
rosetta:b59511d18e8f,gold,.symsyn,f6caf4945be5c8e51cc6d8d2391c9d13ec1450f1,sorting-algorithms-bubble-sort.symsyn,swh:1:cnt:f6caf4945be5c8e51cc6d8d2391c9d13ec1450f1;origin=https://github.com/acmeism/RosettaCodeData;path=/Task/Sorting-algorithms-Bubble-sort/Symsyn/sorting-algorithms-bubble-sort.symsyn,Symsyn,Symsyn,Symsyn,the contributor (the language heading the solution is filed under on rosettacode.org),RosettaCodeData@1d47586,,,,not-in-linguist;invented-ext,Task/Sorting-algorithms-Bubble-sort/Symsyn/sorting-algorithms-bubble-sort.symsyn,33
rosetta:128a73f2aa00,gold,.v,728ffc76a7c3037c60e35113621472bd2085e71a,fast-fourier-transform-2.v,swh:1:cnt:728ffc76a7c3037c60e35113621472bd2085e71a;origin=https://github.com/acmeism/RosettaCodeData;path=/Task/Fast-Fourier-transform/SystemVerilog/fast-fourier-transform-2.v,SystemVerilog,SystemVerilog,SystemVerilog,the contributor (the language heading the solution is filed under on rosettacode.org),RosettaCodeData@1d47586,,,,in-linguist;misleading-ext;ambiguous-ext,Task/Fast-Fourier-transform/SystemVerilog/fast-fourier-transform-2.v,17
rosetta:892f7ffa2fdf,gold,.v,a5d772d6c40536f271d4f41461c65c71b0466151,sudoku.v,swh:1:cnt:a5d772d6c40536f271d4f41461c65c71b0466151;origin=https://github.com/acmeism/RosettaCodeData;path=/Task/Sudoku/SystemVerilog/sudoku.v,SystemVerilog,SystemVerilog,SystemVerilog,the contributor (the language heading the solution is filed under on rosettacode.org),RosettaCodeData@1d47586,,,,in-linguist;misleading-ext;ambiguous-ext,Task/Sudoku/SystemVerilog/sudoku.v,17
rosetta:8a69f977afb4,gold,.tailspin,d8177a00ae29d91fd9c0b35ee1212eddc68acad2,flatten-a-list-2.tailspin,swh:1:cnt:d8177a00ae29d91fd9c0b35ee1212eddc68acad2;origin=https://github.com/acmeism/RosettaCodeData;path=/Task/Flatten-a-list/Tailspin/flatten-a-list-2.tailspin,Tailspin,Tailspin,Tailspin,the contributor (the language heading the solution is filed under on rosettacode.org),RosettaCodeData@1d47586,,,,not-in-linguist;invented-ext,Task/Flatten-a-list/Tailspin/flatten-a-list-2.tailspin,176
rosetta:528ee5160591,gold,.tailspin,7903b49902b4be30b385b4986a85c5d35a4a5a19,multiplication-tables.tailspin,swh:1:cnt:7903b49902b4be30b385b4986a85c5d35a4a5a19;origin=https://github.com/acmeism/RosettaCodeData;path=/Task/Multiplication-tables/Tailspin/multiplication-tables.tailspin,Tailspin,Tailspin,Tailspin,the contributor (the language heading the solution is filed under on rosettacode.org),RosettaCodeData@1d47586,,,,not-in-linguist;invented-ext,Task/Multiplication-tables/Tailspin/multiplication-tables.tailspin,176
rosetta:4c433cac153f,gold,.tav,623ffbb9029d44b57dd587a768c43339c1e58f97,associative-array-iteration.tav,swh:1:cnt:623ffbb9029d44b57dd587a768c43339c1e58f97;origin=https://github.com/acmeism/RosettaCodeData;path=/Task/Associative-array-Iteration/TAV/associative-array-iteration.tav,TAV,TAV,TAV,the contributor (the language heading the solution is filed under on rosettacode.org),RosettaCodeData@1d47586,,,,not-in-linguist;invented-ext,Task/Associative-array-Iteration/TAV/associative-array-iteration.tav,78
rosetta:2c03304a92d7,gold,.tav,6972d4b04b30d45125227d0dddedad787c5e6d81,fibonacci-sequence-1.tav,swh:1:cnt:6972d4b04b30d45125227d0dddedad787c5e6d81;origin=https://github.com/acmeism/RosettaCodeData;path=/Task/Fibonacci-sequence/TAV/fibonacci-sequence-1.tav,TAV,TAV,TAV,the contributor (the language heading the solution is filed under on rosettacode.org),RosettaCodeData@1d47586,,,,not-in-linguist;invented-ext,Task/Fibonacci-sequence/TAV/fibonacci-sequence-1.tav,78
rosetta:de264b3b780b,gold,.tbas,e9a8f26db91b220bd359bd991cd7fe1a6fc33382,amicable-pairs.tbas,swh:1:cnt:e9a8f26db91b220bd359bd991cd7fe1a6fc33382;origin=https://github.com/acmeism/RosettaCodeData;path=/Task/Amicable-pairs/Tbas/amicable-pairs.tbas,Tbas,Tbas,Tbas,the contributor (the language heading the solution is filed under on rosettacode.org),RosettaCodeData@1d47586,,,,not-in-linguist;invented-ext,Task/Amicable-pairs/Tbas/amicable-pairs.tbas,6
rosetta:f87049b22d46,gold,.tbas,f4dd93a3bb19c9dd4116ae506c912693df42a38f,chinese-zodiac.tbas,swh:1:cnt:f4dd93a3bb19c9dd4116ae506c912693df42a38f;origin=https://github.com/acmeism/RosettaCodeData;path=/Task/Chinese-zodiac/Tbas/chinese-zodiac.tbas,Tbas,Tbas,Tbas,the contributor (the language heading the solution is filed under on rosettacode.org),RosettaCodeData@1d47586,,,,not-in-linguist;invented-ext,Task/Chinese-zodiac/Tbas/chinese-zodiac.tbas,6
rosetta:58821633013c,gold,.tcl,628872cec8a71bc698372941862eb36b74442dca,calendar---for-real-programmers.tcl,swh:1:cnt:628872cec8a71bc698372941862eb36b74442dca;origin=https://github.com/acmeism/RosettaCodeData;path=/Task/Calendar---for-REAL-programmers/Tcl/calendar---for-real-programmers.tcl,Tcl,Tcl,Tcl;sdc;xdc,the contributor (the language heading the solution is filed under on rosettacode.org),RosettaCodeData@1d47586,,,,in-linguist,Task/Calendar---for-REAL-programmers/Tcl/calendar---for-real-programmers.tcl,1543
rosetta:929a92021d8c,gold,.tcl,45a6c2de6855e19e7fd2f6debf4033fb33c43ddf,quickselect-algorithm-1.tcl,swh:1:cnt:45a6c2de6855e19e7fd2f6debf4033fb33c43ddf;origin=https://github.com/acmeism/RosettaCodeData;path=/Task/Quickselect-algorithm/Tcl/quickselect-algorithm-1.tcl,Tcl,Tcl,Tcl;sdc;xdc,the contributor (the language heading the solution is filed under on rosettacode.org),RosettaCodeData@1d47586,,,,in-linguist,Task/Quickselect-algorithm/Tcl/quickselect-algorithm-1.tcl,1543
rosetta:e64d0554c739,gold,.basic,865eeee26dfe3b157b329229aeef3ccf224e43ea,haversine-formula.basic,swh:1:cnt:865eeee26dfe3b157b329229aeef3ccf224e43ea;origin=https://github.com/acmeism/RosettaCodeData;path=/Task/Haversine-formula/TechBASIC/haversine-formula.basic,TechBASIC,TechBASIC,TechBASIC,the contributor (the language heading the solution is filed under on rosettacode.org),RosettaCodeData@1d47586,,,,not-in-linguist;invented-ext,Task/Haversine-formula/TechBASIC/haversine-formula.basic,2
rosetta:d75c68184bf2,gold,.basic,74ef4b6774dcd7b6cff8808125617ffbbf0046e0,roman-numerals-decode.basic,swh:1:cnt:74ef4b6774dcd7b6cff8808125617ffbbf0046e0;origin=https://github.com/acmeism/RosettaCodeData;path=/Task/Roman-numerals-Decode/TechBASIC/roman-numerals-decode.basic,TechBASIC,TechBASIC,TechBASIC,the contributor (the language heading the solution is filed under on rosettacode.org),RosettaCodeData@1d47586,,,,not-in-linguist;invented-ext,Task/Roman-numerals-Decode/TechBASIC/roman-numerals-decode.basic,2
rosetta:507bb5662f40,gold,.tern,3268b4f4117f95dd0dd12b139a7382490f62d173,conditional-structures-3.tern,swh:1:cnt:3268b4f4117f95dd0dd12b139a7382490f62d173;origin=https://github.com/acmeism/RosettaCodeData;path=/Task/Conditional-structures/Tern/conditional-structures-3.tern,Tern,Tern,Tern,the contributor (the language heading the solution is filed under on rosettacode.org),RosettaCodeData@1d47586,,,,not-in-linguist;invented-ext,Task/Conditional-structures/Tern/conditional-structures-3.tern,9
rosetta:0f3ff12b1efa,gold,.tern,11cbc36edf13ac3f22afb9f094735b85407bc392,fibonacci-sequence-1.tern,swh:1:cnt:11cbc36edf13ac3f22afb9f094735b85407bc392;origin=https://github.com/acmeism/RosettaCodeData;path=/Task/Fibonacci-sequence/Tern/fibonacci-sequence-1.tern,Tern,Tern,Tern,the contributor (the language heading the solution is filed under on rosettacode.org),RosettaCodeData@1d47586,,,,not-in-linguist;invented-ext,Task/Fibonacci-sequence/Tern/fibonacci-sequence-1.tern,9
rosetta:935b0b414021,gold,.terra,ac7392d989ec83ec4c7edfe1c67bf232fc1df0dd,hello-world-text.terra,swh:1:cnt:ac7392d989ec83ec4c7edfe1c67bf232fc1df0dd;origin=https://github.com/acmeism/RosettaCodeData;path=/Task/Hello-world-Text/Terra/hello-world-text.terra,Terra,Terra,Terra,the contributor (the language heading the solution is filed under on rosettacode.org),RosettaCodeData@1d47586,,,,in-linguist;invented-ext,Task/Hello-world-Text/Terra/hello-world-text.terra,1
rosetta:71a0346978d3,gold,.terraform,0d07e47b82e262388bc3d0d184cd60d4c29428a0,a+b.terraform,swh:1:cnt:0d07e47b82e262388bc3d0d184cd60d4c29428a0;origin=https://github.com/acmeism/RosettaCodeData;path=/Task/A+B/Terraform/a+b.terraform,HCL,Terraform,HCL;HashiCorp Configuration Language;opentofu;terraform;Terraform,the contributor (the language heading the solution is filed under on rosettacode.org),RosettaCodeData@1d47586,,,,in-linguist;invented-ext,Task/A+B/Terraform/a+b.terraform,11
rosetta:edb2f1998bce,gold,.terraform,f13945e0db14118070cfc5ad0dd47661b9dee3bd,logical-operations.terraform,swh:1:cnt:f13945e0db14118070cfc5ad0dd47661b9dee3bd;origin=https://github.com/acmeism/RosettaCodeData;path=/Task/Logical-operations/Terraform/logical-operations.terraform,HCL,Terraform,HCL;HashiCorp Configuration Language;opentofu;terraform;Terraform,the contributor (the language heading the solution is filed under on rosettacode.org),RosettaCodeData@1d47586,,,,in-linguist;invented-ext,Task/Logical-operations/Terraform/logical-operations.terraform,11
rosetta:54caef9c4d7c,gold,.basic,5446b20b38f3f7c2486f132acf77da4e88eb6af8,colour-bars-display.basic,swh:1:cnt:5446b20b38f3f7c2486f132acf77da4e88eb6af8;origin=https://github.com/acmeism/RosettaCodeData;path=/Task/Colour-bars-Display/TI-BASIC/colour-bars-display.basic,TI BASIC,TI BASIC,TI BASIC,the contributor (the language heading the solution is filed under on rosettacode.org),RosettaCodeData@1d47586,,,,not-in-linguist;invented-ext,Task/Colour-bars-Display/TI-BASIC/colour-bars-display.basic,1
rosetta:9877df83815a,gold,.tisr56,522c56adc3b0168f67b2133122af5f44a0dab776,fizzbuzz.tisr56,swh:1:cnt:522c56adc3b0168f67b2133122af5f44a0dab776;origin=https://github.com/acmeism/RosettaCodeData;path=/Task/FizzBuzz/TI-SR-56/fizzbuzz.tisr56,TI SR-56,TI SR-56,TI SR-56,the contributor (the language heading the solution is filed under on rosettacode.org),RosettaCodeData@1d47586,,,,not-in-linguist;invented-ext,Task/FizzBuzz/TI-SR-56/fizzbuzz.tisr56,11
rosetta:6eab025c86a0,gold,.tisr56,3cbc398bd6e170801d2434d9616c5f1497d43432,integer-sequence-1.tisr56,swh:1:cnt:3cbc398bd6e170801d2434d9616c5f1497d43432;origin=https://github.com/acmeism/RosettaCodeData;path=/Task/Integer-sequence/TI-SR-56/integer-sequence-1.tisr56,TI SR-56,TI SR-56,TI SR-56,the contributor (the language heading the solution is filed under on rosettacode.org),RosettaCodeData@1d47586,,,,not-in-linguist;invented-ext;tiny,Task/Integer-sequence/TI-SR-56/integer-sequence-1.tisr56,11
rosetta:ac020eaa0c02,gold,.basic,52ae73b710a002cce9222171450c6e54a68eb6ab,digital-root.basic,swh:1:cnt:52ae73b710a002cce9222171450c6e54a68eb6ab;origin=https://github.com/acmeism/RosettaCodeData;path=/Task/Digital-root/TI-83-BASIC/digital-root.basic,TI Program,TI-83 BASIC,TI Program;TI-83 BASIC,the contributor (the language heading the solution is filed under on rosettacode.org),RosettaCodeData@1d47586,,,,in-linguist;invented-ext,Task/Digital-root/TI-83-BASIC/digital-root.basic,121
rosetta:5b0c9ad25752,gold,.basic,8f25664d678e3a74f8c73373087e19b47ad3cde3,gamma-function-1.basic,swh:1:cnt:8f25664d678e3a74f8c73373087e19b47ad3cde3;origin=https://github.com/acmeism/RosettaCodeData;path=/Task/Gamma-function/TI-83-BASIC/gamma-function-1.basic,TI Program,TI-83 BASIC,TI Program;TI-83 BASIC,the contributor (the language heading the solution is filed under on rosettacode.org),RosettaCodeData@1d47586,,,,in-linguist;invented-ext,Task/Gamma-function/TI-83-BASIC/gamma-function-1.basic,121
rosetta:ef9c78dd4148,gold,.asm,ead544f302ddd11a398a50bf31763412a2f0f3e8,a+b.asm,swh:1:cnt:ead544f302ddd11a398a50bf31763412a2f0f3e8;origin=https://github.com/acmeism/RosettaCodeData;path=/Task/A+B/TI-83-Hex-Assembly/a+b.asm,TI-83 Hex Assembly,TI-83 Hex Assembly,TI-83 Hex Assembly,the contributor (the language heading the solution is filed under on rosettacode.org),RosettaCodeData@1d47586,,,,not-in-linguist;misleading-ext;ambiguous-ext,Task/A+B/TI-83-Hex-Assembly/a+b.asm,3
rosetta:5b9cf47ff864,gold,.asm,2c460ec5e2b978392945248c0ed80a53d94203fe,hello-world-newbie.asm,swh:1:cnt:2c460ec5e2b978392945248c0ed80a53d94203fe;origin=https://github.com/acmeism/RosettaCodeData;path=/Task/Hello-world-Newbie/TI-83-Hex-Assembly/hello-world-newbie.asm,TI-83 Hex Assembly,TI-83 Hex Assembly,TI-83 Hex Assembly,the contributor (the language heading the solution is filed under on rosettacode.org),RosettaCodeData@1d47586,,,,not-in-linguist;misleading-ext;ambiguous-ext,Task/Hello-world-Newbie/TI-83-Hex-Assembly/hello-world-newbie.asm,3
rosetta:b3cfa2fa6ade,gold,.basic,c78b6a337ee9f1dddb6408a0b010ed5534b635b3,character-codes.basic,swh:1:cnt:c78b6a337ee9f1dddb6408a0b010ed5534b635b3;origin=https://github.com/acmeism/RosettaCodeData;path=/Task/Character-codes/TI-89-BASIC/character-codes.basic,TI-89 BASIC,TI-89 BASIC,TI-89 BASIC,the contributor (the language heading the solution is filed under on rosettacode.org),RosettaCodeData@1d47586,,,,not-in-linguist;invented-ext,Task/Character-codes/TI-89-BASIC/character-codes.basic,83
rosetta:16fb26edee3b,gold,.basic,dac5d545d61df84f58ccb9db53e6eb07f3d76328,loops-while-1.basic,swh:1:cnt:dac5d545d61df84f58ccb9db53e6eb07f3d76328;origin=https://github.com/acmeism/RosettaCodeData;path=/Task/Loops-While/TI-89-BASIC/loops-while-1.basic,TI-89 BASIC,TI-89 BASIC,TI-89 BASIC,the contributor (the language heading the solution is filed under on rosettacode.org),RosettaCodeData@1d47586,,,,not-in-linguist;invented-ext,Task/Loops-While/TI-89-BASIC/loops-while-1.basic,83
rosetta:17c72dc0ea3b,gold,.basic,2f1f7514fc29bc7e99dcdb874518ea59a133dd58,integer-sequence.basic,swh:1:cnt:2f1f7514fc29bc7e99dcdb874518ea59a133dd58;origin=https://github.com/acmeism/RosettaCodeData;path=/Task/Integer-sequence/Tiny-BASIC/integer-sequence.basic,Tiny BASIC,Tiny BASIC,Tiny BASIC,the contributor (the language heading the solution is filed under on rosettacode.org),RosettaCodeData@1d47586,,,,not-in-linguist;invented-ext,Task/Integer-sequence/Tiny-BASIC/integer-sequence.basic,54
rosetta:7d02631d20a7,gold,.basic,81147e7619a25a8d9a9a2005984984e4a04f9e2a,program-termination-2.basic,swh:1:cnt:81147e7619a25a8d9a9a2005984984e4a04f9e2a;origin=https://github.com/acmeism/RosettaCodeData;path=/Task/Program-termination/Tiny-BASIC/program-termination-2.basic,Tiny BASIC,Tiny BASIC,Tiny BASIC,the contributor (the language heading the solution is filed under on rosettacode.org),RosettaCodeData@1d47586,,,,not-in-linguist;invented-ext;tiny,Task/Program-termination/Tiny-BASIC/program-termination-2.basic,54
rosetta:bdf961ad2f92,gold,.ti,643af04c35b9d8de0df9b9ff853da2934ed4c99a,99-bottles-of-beer.ti,swh:1:cnt:643af04c35b9d8de0df9b9ff853da2934ed4c99a;origin=https://github.com/acmeism/RosettaCodeData;path=/Task/99-bottles-of-beer/TIScript/99-bottles-of-beer.ti,TIScript,TIScript,TIScript,the contributor (the language heading the solution is filed under on rosettacode.org),RosettaCodeData@1d47586,,,,not-in-linguist;invented-ext,Task/99-bottles-of-beer/TIScript/99-bottles-of-beer.ti,6
rosetta:040991caaafe,gold,.ti,ebe0dd7ffa73f754ed13f265ab6376f9443a3884,optional-parameters.ti,swh:1:cnt:ebe0dd7ffa73f754ed13f265ab6376f9443a3884;origin=https://github.com/acmeism/RosettaCodeData;path=/Task/Optional-parameters/TIScript/optional-parameters.ti,TIScript,TIScript,TIScript,the contributor (the language heading the solution is filed under on rosettacode.org),RosettaCodeData@1d47586,,,,not-in-linguist;invented-ext;tiny,Task/Optional-parameters/TIScript/optional-parameters.ti,6
rosetta:57480f2ca50d,gold,.tmg,05f9b6d1779c83ccb558ee12ecf770d7ad334fec,99-bottles-of-beer.tmg,swh:1:cnt:05f9b6d1779c83ccb558ee12ecf770d7ad334fec;origin=https://github.com/acmeism/RosettaCodeData;path=/Task/99-bottles-of-beer/TMG/99-bottles-of-beer.tmg,TMG,TMG,TMG,the contributor (the language heading the solution is filed under on rosettacode.org),RosettaCodeData@1d47586,,,,not-in-linguist;invented-ext,Task/99-bottles-of-beer/TMG/99-bottles-of-beer.tmg,16
rosetta:e66d93b10aa5,gold,.tmg,6657b174940d1cacda876dbbd7df964fbe416a50,determine-if-a-string-is-numeric.tmg,swh:1:cnt:6657b174940d1cacda876dbbd7df964fbe416a50;origin=https://github.com/acmeism/RosettaCodeData;path=/Task/Determine-if-a-string-is-numeric/TMG/determine-if-a-string-is-numeric.tmg,TMG,TMG,TMG,the contributor (the language heading the solution is filed under on rosettacode.org),RosettaCodeData@1d47586,,,,not-in-linguist;invented-ext,Task/Determine-if-a-string-is-numeric/TMG/determine-if-a-string-is-numeric.tmg,16
rosetta:17442d409875,gold,.toffee,39b58b912274de292e59a8f9415358983ccc11b8,simple-database.toffee,swh:1:cnt:39b58b912274de292e59a8f9415358983ccc11b8;origin=https://github.com/acmeism/RosettaCodeData;path=/Task/Simple-database/ToffeeScript/simple-database.toffee,ToffeeScript,ToffeeScript,ToffeeScript,the contributor (the language heading the solution is filed under on rosettacode.org),RosettaCodeData@1d47586,,,,not-in-linguist;invented-ext,Task/Simple-database/ToffeeScript/simple-database.toffee,2
rosetta:f8df9a381b9a,gold,.toffee,976bb3c4b023adc0f81240fc528f898296f7964a,web-scraping.toffee,swh:1:cnt:976bb3c4b023adc0f81240fc528f898296f7964a;origin=https://github.com/acmeism/RosettaCodeData;path=/Task/Web-scraping/ToffeeScript/web-scraping.toffee,ToffeeScript,ToffeeScript,ToffeeScript,the contributor (the language heading the solution is filed under on rosettacode.org),RosettaCodeData@1d47586,,,,not-in-linguist;invented-ext;tiny,Task/Web-scraping/ToffeeScript/web-scraping.toffee,2
rosetta:c7b93861ad0d,gold,.toka,74fc1b3bd8678d8e9075bb0c3b00df28310548e1,create-a-file.toka,swh:1:cnt:74fc1b3bd8678d8e9075bb0c3b00df28310548e1;origin=https://github.com/acmeism/RosettaCodeData;path=/Task/Create-a-file/Toka/create-a-file.toka,Toka,Toka,Toka,the contributor (the language heading the solution is filed under on rosettacode.org),RosettaCodeData@1d47586,,,,not-in-linguist;invented-ext,Task/Create-a-file/Toka/create-a-file.toka,50
rosetta:a1726a2aa0ac,gold,.toka,ce51748c7c65df105d9fc6fcaa970120ad694a11,filter.toka,swh:1:cnt:ce51748c7c65df105d9fc6fcaa970120ad694a11;origin=https://github.com/acmeism/RosettaCodeData;path=/Task/Filter/Toka/filter.toka,Toka,Toka,Toka,the contributor (the language heading the solution is filed under on rosettacode.org),RosettaCodeData@1d47586,,,,not-in-linguist;invented-ext,Task/Filter/Toka/filter.toka,50
rosetta:c930afb64737,gold,.torque,69449f47f854bbb3cb5099cd4432635a414a0c7c,conditional-structures-1.torque,swh:1:cnt:69449f47f854bbb3cb5099cd4432635a414a0c7c;origin=https://github.com/acmeism/RosettaCodeData;path=/Task/Conditional-structures/TorqueScript/conditional-structures-1.torque,TorqueScript,TorqueScript,TorqueScript,the contributor (the language heading the solution is filed under on rosettacode.org),RosettaCodeData@1d47586,,,,not-in-linguist;invented-ext,Task/Conditional-structures/TorqueScript/conditional-structures-1.torque,44
rosetta:4282fb7f70cb,gold,.torque,ffa9692c859d8be9e26db8c6d2d3897a4bf2c2aa,read-a-file-line-by-line.torque,swh:1:cnt:ffa9692c859d8be9e26db8c6d2d3897a4bf2c2aa;origin=https://github.com/acmeism/RosettaCodeData;path=/Task/Read-a-file-line-by-line/TorqueScript/read-a-file-line-by-line.torque,TorqueScript,TorqueScript,TorqueScript,the contributor (the language heading the solution is filed under on rosettacode.org),RosettaCodeData@1d47586,,,,not-in-linguist;invented-ext,Task/Read-a-file-line-by-line/TorqueScript/read-a-file-line-by-line.torque,44
rosetta:21578e18511b,gold,.tosh,cf6ad931436405bac697c357387b1f9f90fc7ad6,hello-world-graphical.tosh,swh:1:cnt:cf6ad931436405bac697c357387b1f9f90fc7ad6;origin=https://github.com/acmeism/RosettaCodeData;path=/Task/Hello-world-Graphical/Tosh/hello-world-graphical.tosh,Tosh,Tosh,Tosh,the contributor (the language heading the solution is filed under on rosettacode.org),RosettaCodeData@1d47586,,,,not-in-linguist;invented-ext;tiny,Task/Hello-world-Graphical/Tosh/hello-world-graphical.tosh,3
rosetta:c8694cdeedf4,gold,.tosh,f9a13d6e9561be44e56b9966733f7ed16d8ad381,repeat-a-string.tosh,swh:1:cnt:f9a13d6e9561be44e56b9966733f7ed16d8ad381;origin=https://github.com/acmeism/RosettaCodeData;path=/Task/Repeat-a-string/Tosh/repeat-a-string.tosh,Tosh,Tosh,Tosh,the contributor (the language heading the solution is filed under on rosettacode.org),RosettaCodeData@1d47586,,,,not-in-linguist;invented-ext,Task/Repeat-a-string/Tosh/repeat-a-string.tosh,3
rosetta:997d18fba16e,gold,.tpp,e9c461c25a048da516df4bc630fd204889ae4dd5,terminal-control-coloured-text.tpp,swh:1:cnt:e9c461c25a048da516df4bc630fd204889ae4dd5;origin=https://github.com/acmeism/RosettaCodeData;path=/Task/Terminal-control-Coloured-text/TPP/terminal-control-coloured-text.tpp,TPP,TPP,TPP,the contributor (the language heading the solution is filed under on rosettacode.org),RosettaCodeData@1d47586,,,,not-in-linguist;misleading-ext,Task/Terminal-control-Coloured-text/TPP/terminal-control-coloured-text.tpp,5
rosetta:4e58f2960814,gold,.tpp,e098d46d37b657965bf19c9ddb5a49b2fdbd6550,terminal-control-inverse-video.tpp,swh:1:cnt:e098d46d37b657965bf19c9ddb5a49b2fdbd6550;origin=https://github.com/acmeism/RosettaCodeData;path=/Task/Terminal-control-Inverse-video/TPP/terminal-control-inverse-video.tpp,TPP,TPP,TPP,the contributor (the language heading the solution is filed under on rosettacode.org),RosettaCodeData@1d47586,,,,not-in-linguist;misleading-ext;tiny,Task/Terminal-control-Inverse-video/TPP/terminal-control-inverse-video.tpp,5
rosetta:6e230d88a33c,gold,.sql,7624052b1664d137ed361851aaf1476a4a032010,loops-break.sql,swh:1:cnt:7624052b1664d137ed361851aaf1476a4a032010;origin=https://github.com/acmeism/RosettaCodeData;path=/Task/Loops-Break/Transact-SQL/loops-break.sql,TSQL,Transact-SQL,TSQL;Transact-SQL,the contributor (the language heading the solution is filed under on rosettacode.org),RosettaCodeData@1d47586,,,,in-linguist;ambiguous-ext,Task/Loops-Break/Transact-SQL/loops-break.sql,20
rosetta:79e7e291a616,gold,.sql,54840a96273a6d54aea1ad6e3192f518cbf8e994,loops-while.sql,swh:1:cnt:54840a96273a6d54aea1ad6e3192f518cbf8e994;origin=https://github.com/acmeism/RosettaCodeData;path=/Task/Loops-While/Transact-SQL/loops-while.sql,TSQL,Transact-SQL,TSQL;Transact-SQL,the contributor (the language heading the solution is filed under on rosettacode.org),RosettaCodeData@1d47586,,,,in-linguist;ambiguous-ext,Task/Loops-While/Transact-SQL/loops-while.sql,20
rosetta:848b6f2d2ce2,gold,.transd,36a408283ff2ced4857c16b17cd37de32587f330,babbage-problem.transd,swh:1:cnt:36a408283ff2ced4857c16b17cd37de32587f330;origin=https://github.com/acmeism/RosettaCodeData;path=/Task/Babbage-problem/Transd/babbage-problem.transd,Transd,Transd,Transd,the contributor (the language heading the solution is filed under on rosettacode.org),RosettaCodeData@1d47586,,,,not-in-linguist;invented-ext,Task/Babbage-problem/Transd/babbage-problem.transd,75
rosetta:adffb3d1ca76,gold,.transd,c1994b5d25b6da6f165a7481ab34f37351bbebde,cuban-primes.transd,swh:1:cnt:c1994b5d25b6da6f165a7481ab34f37351bbebde;origin=https://github.com/acmeism/RosettaCodeData;path=/Task/Cuban-primes/Transd/cuban-primes.transd,Transd,Transd,Transd,the contributor (the language heading the solution is filed under on rosettacode.org),RosettaCodeData@1d47586,,,,not-in-linguist;invented-ext,Task/Cuban-primes/Transd/cuban-primes.transd,75
rosetta:a256f8649f31,gold,.fth,55eed888db991ea0dff35c641c4b359d0b83e173,fizzbuzz.fth,swh:1:cnt:55eed888db991ea0dff35c641c4b359d0b83e173;origin=https://github.com/acmeism/RosettaCodeData;path=/Task/FizzBuzz/TransFORTH/fizzbuzz.fth,TransFORTH,TransFORTH,TransFORTH,the contributor (the language heading the solution is filed under on rosettacode.org),RosettaCodeData@1d47586,,,,not-in-linguist;misleading-ext,Task/FizzBuzz/TransFORTH/fizzbuzz.fth,4
rosetta:286668deb708,gold,.fth,95b26761dab920a320128006ffa7cb02039aee21,loops-for.fth,swh:1:cnt:95b26761dab920a320128006ffa7cb02039aee21;origin=https://github.com/acmeism/RosettaCodeData;path=/Task/Loops-For/TransFORTH/loops-for.fth,TransFORTH,TransFORTH,TransFORTH,the contributor (the language heading the solution is filed under on rosettacode.org),RosettaCodeData@1d47586,,,,not-in-linguist;misleading-ext,Task/Loops-For/TransFORTH/loops-for.fth,4
rosetta:0526b4007a94,gold,.trith,df096460e15deafa42b05a8cc42e7bfaf992354c,higher-order-functions.trith,swh:1:cnt:df096460e15deafa42b05a8cc42e7bfaf992354c;origin=https://github.com/acmeism/RosettaCodeData;path=/Task/Higher-order-functions/Trith/higher-order-functions.trith,Trith,Trith,Trith,the contributor (the language heading the solution is filed under on rosettacode.org),RosettaCodeData@1d47586,,,,not-in-linguist;invented-ext;tiny,Task/Higher-order-functions/Trith/higher-order-functions.trith,26
rosetta:7bf6972a5528,gold,.trith,49b58147e834d8e6058cd5e5b8d70f597105c90c,infinity.trith,swh:1:cnt:49b58147e834d8e6058cd5e5b8d70f597105c90c;origin=https://github.com/acmeism/RosettaCodeData;path=/Task/Infinity/Trith/infinity.trith,Trith,Trith,Trith,the contributor (the language heading the solution is filed under on rosettacode.org),RosettaCodeData@1d47586,,,,not-in-linguist;invented-ext;tiny,Task/Infinity/Trith/infinity.trith,26
rosetta:9213556ef333,gold,.basic,f5b2f2560091cd9f783660fe877fa05a597d5bec,execute-brain-.basic,swh:1:cnt:f5b2f2560091cd9f783660fe877fa05a597d5bec;origin=https://github.com/acmeism/RosettaCodeData;path=/Task/Execute-Brain-/TRS-80-BASIC/execute-brain-.basic,TRS-80 BASIC,TRS-80 BASIC,TRS-80 BASIC,the contributor (the language heading the solution is filed under on rosettacode.org),RosettaCodeData@1d47586,,,,not-in-linguist;invented-ext,Task/Execute-Brain-/TRS-80-BASIC/execute-brain-.basic,1
rosetta:9f9a94fe4f65,gold,.basic,8143d955bafc285feb24e325e7403013c6a37324,a+b.basic,swh:1:cnt:8143d955bafc285feb24e325e7403013c6a37324;origin=https://github.com/acmeism/RosettaCodeData;path=/Task/A+B/True-BASIC/a+b.basic,True BASIC,True BASIC,True BASIC,the contributor (the language heading the solution is filed under on rosettacode.org),RosettaCodeData@1d47586,,,,not-in-linguist;invented-ext,Task/A+B/True-BASIC/a+b.basic,273
rosetta:5a91438d2fd5,gold,.basic,982aa971884b0521ef84d8d39853825986bb0986,mcnuggets-problem.basic,swh:1:cnt:982aa971884b0521ef84d8d39853825986bb0986;origin=https://github.com/acmeism/RosettaCodeData;path=/Task/McNuggets-problem/True-BASIC/mcnuggets-problem.basic,True BASIC,True BASIC,True BASIC,the contributor (the language heading the solution is filed under on rosettacode.org),RosettaCodeData@1d47586,,,,not-in-linguist;invented-ext,Task/McNuggets-problem/True-BASIC/mcnuggets-problem.basic,273
rosetta:4ee35c725b2a,gold,.tse,5435b91e7360a17a16400546edc15fc92becfd70,find-limit-of-recursion.tse,swh:1:cnt:5435b91e7360a17a16400546edc15fc92becfd70;origin=https://github.com/acmeism/RosettaCodeData;path=/Task/Find-limit-of-recursion/TSE-SAL/find-limit-of-recursion.tse,TSE SAL,TSE SAL,TSE SAL,the contributor (the language heading the solution is filed under on rosettacode.org),RosettaCodeData@1d47586,,,,not-in-linguist;invented-ext,Task/Find-limit-of-recursion/TSE-SAL/find-limit-of-recursion.tse,17
rosetta:8ba4d96207f0,gold,.tse,59182308560393629f28953a374ddb187b9d0e81,run-length-encoding.tse,swh:1:cnt:59182308560393629f28953a374ddb187b9d0e81;origin=https://github.com/acmeism/RosettaCodeData;path=/Task/Run-length-encoding/TSE-SAL/run-length-encoding.tse,TSE SAL,TSE SAL,TSE SAL,the contributor (the language heading the solution is filed under on rosettacode.org),RosettaCodeData@1d47586,,,,not-in-linguist;invented-ext,Task/Run-length-encoding/TSE-SAL/run-length-encoding.tse,17
rosetta:ee2c006972ce,gold,.w,5523e1c9e4d8b6968808b7f0483d3451cd8a1384,100-doors-1.w,swh:1:cnt:5523e1c9e4d8b6968808b7f0483d3451cd8a1384;origin=https://github.com/acmeism/RosettaCodeData;path=/Task/100-doors/Tungsten/100-doors-1.w,Tungsten,Tungsten,Tungsten,the contributor (the language heading the solution is filed under on rosettacode.org),RosettaCodeData@1d47586,,,,not-in-linguist;misleading-ext;ambiguous-ext;tiny,Task/100-doors/Tungsten/100-doors-1.w,2
rosetta:873fd5ea12b9,gold,.basic,ae514cb85cc20c6b0cfc0f3668a3157c37acd8e4,jaro-similarity.basic,swh:1:cnt:ae514cb85cc20c6b0cfc0f3668a3157c37acd8e4;origin=https://github.com/acmeism/RosettaCodeData;path=/Task/Jaro-similarity/Turbo-Basic-XL/jaro-similarity.basic,Turbo-Basic XL,Turbo-Basic XL,Turbo-Basic XL,the contributor (the language heading the solution is filed under on rosettacode.org),RosettaCodeData@1d47586,,,,not-in-linguist;invented-ext,Task/Jaro-similarity/Turbo-Basic-XL/jaro-similarity.basic,2
rosetta:ae6814757806,gold,.basic,589b7ab35711f4d1fa5c0412488d8e62858eae5a,levenshtein-distance.basic,swh:1:cnt:589b7ab35711f4d1fa5c0412488d8e62858eae5a;origin=https://github.com/acmeism/RosettaCodeData;path=/Task/Levenshtein-distance/Turbo-Basic-XL/levenshtein-distance.basic,Turbo-Basic XL,Turbo-Basic XL,Turbo-Basic XL,the contributor (the language heading the solution is filed under on rosettacode.org),RosettaCodeData@1d47586,,,,not-in-linguist;invented-ext,Task/Levenshtein-distance/Turbo-Basic-XL/levenshtein-distance.basic,2
rosetta:b4c7e9634267,gold,.turing,45b42146bfa3ec6d6c890cb9c665a718ef86adc9,fibonacci-sequence.turing,swh:1:cnt:45b42146bfa3ec6d6c890cb9c665a718ef86adc9;origin=https://github.com/acmeism/RosettaCodeData;path=/Task/Fibonacci-sequence/Turing/fibonacci-sequence.turing,Turing,Turing,Turing,the contributor (the language heading the solution is filed under on rosettacode.org),RosettaCodeData@1d47586,,,,in-linguist;invented-ext,Task/Fibonacci-sequence/Turing/fibonacci-sequence.turing,9
rosetta:c8f9c57e6dfb,gold,.turing,dc297ab4e7a1809908d971f69fb742b1e4e902bb,pascals-triangle.turing,swh:1:cnt:dc297ab4e7a1809908d971f69fb742b1e4e902bb;origin=https://github.com/acmeism/RosettaCodeData;path=/Task/Pascals-triangle/Turing/pascals-triangle.turing,Turing,Turing,Turing,the contributor (the language heading the solution is filed under on rosettacode.org),RosettaCodeData@1d47586,,,,in-linguist;invented-ext,Task/Pascals-triangle/Turing/pascals-triangle.turing,9
rosetta:8136d01003f7,gold,.tu,866338be69e2d6ed16ba356b0364eeff9b4db3c2,24-game.tu,swh:1:cnt:866338be69e2d6ed16ba356b0364eeff9b4db3c2;origin=https://github.com/acmeism/RosettaCodeData;path=/Task/24-game/TUSCRIPT/24-game.tu,TUSCRIPT,TUSCRIPT,TUSCRIPT,the contributor (the language heading the solution is filed under on rosettacode.org),RosettaCodeData@1d47586,,,,not-in-linguist;misleading-ext,Task/24-game/TUSCRIPT/24-game.tu,157
rosetta:5c0869731eb5,gold,.tu,e68530c21e8ee2ef4b7fb4293ace8675ae03514e,literals-string.tu,swh:1:cnt:e68530c21e8ee2ef4b7fb4293ace8675ae03514e;origin=https://github.com/acmeism/RosettaCodeData;path=/Task/Literals-String/TUSCRIPT/literals-string.tu,TUSCRIPT,TUSCRIPT,TUSCRIPT,the contributor (the language heading the solution is filed under on rosettacode.org),RosettaCodeData@1d47586,,,,not-in-linguist;misleading-ext,Task/Literals-String/TUSCRIPT/literals-string.tu,157
rosetta:9082d5b8ecff,gold,.tutoriald,9843e809add6baa76a3e839ca902630ba24345fd,merge-and-aggregate-datasets.tutoriald,swh:1:cnt:9843e809add6baa76a3e839ca902630ba24345fd;origin=https://github.com/acmeism/RosettaCodeData;path=/Task/Merge-and-aggregate-datasets/TutorialD/merge-and-aggregate-datasets.tutoriald,TutorialD,TutorialD,TutorialD,the contributor (the language heading the solution is filed under on rosettacode.org),RosettaCodeData@1d47586,,,,not-in-linguist;invented-ext,Task/Merge-and-aggregate-datasets/TutorialD/merge-and-aggregate-datasets.tutoriald,1
rosetta:1b324514a845,gold,.twelf,5baacb098b28adba271266e8ddbf6b3bd334833f,proof.twelf,swh:1:cnt:5baacb098b28adba271266e8ddbf6b3bd334833f;origin=https://github.com/acmeism/RosettaCodeData;path=/Task/Proof/Twelf/proof.twelf,Twelf,Twelf,Twelf,the contributor (the language heading the solution is filed under on rosettacode.org),RosettaCodeData@1d47586,,,,not-in-linguist;invented-ext,Task/Proof/Twelf/proof.twelf,1
rosetta:67e9316d8c43,gold,.txr,9bdf6a543b7cbf2c7fb7b0a5385507576f86011a,extend-your-language.txr,swh:1:cnt:9bdf6a543b7cbf2c7fb7b0a5385507576f86011a;origin=https://github.com/acmeism/RosettaCodeData;path=/Task/Extend-your-language/TXR/extend-your-language.txr,TXR,TXR,TXR,the contributor (the language heading the solution is filed under on rosettacode.org),RosettaCodeData@1d47586,,,,not-in-linguist;invented-ext,Task/Extend-your-language/TXR/extend-your-language.txr,281
rosetta:812d5326f0b9,gold,.txr,22368df593e5100202fd891987ce2b714f8e241e,range-expansion.txr,swh:1:cnt:22368df593e5100202fd891987ce2b714f8e241e;origin=https://github.com/acmeism/RosettaCodeData;path=/Task/Range-expansion/TXR/range-expansion.txr,TXR,TXR,TXR,the contributor (the language heading the solution is filed under on rosettacode.org),RosettaCodeData@1d47586,,,,not-in-linguist;invented-ext,Task/Range-expansion/TXR/range-expansion.txr,281
rosetta:dddba1234c4f,gold,.rkt,4db4280fd81f7eafe456bae663e73c6600ac5455,church-numerals.rkt,swh:1:cnt:4db4280fd81f7eafe456bae663e73c6600ac5455;origin=https://github.com/acmeism/RosettaCodeData;path=/Task/Church-numerals/Typed-Racket/church-numerals.rkt,Typed Racket,Typed Racket,Typed Racket,the contributor (the language heading the solution is filed under on rosettacode.org),RosettaCodeData@1d47586,,,,not-in-linguist;misleading-ext,Task/Church-numerals/Typed-Racket/church-numerals.rkt,1
rosetta:d57a450e7c6a,gold,.ts,108debdc18b89359ff673c503922d7025ab684b0,ethiopian-multiplication.ts,swh:1:cnt:108debdc18b89359ff673c503922d7025ab684b0;origin=https://github.com/acmeism/RosettaCodeData;path=/Task/Ethiopian-multiplication/TypeScript/ethiopian-multiplication.ts,TypeScript,TypeScript,TypeScript;ts,the contributor (the language heading the solution is filed under on rosettacode.org),RosettaCodeData@1d47586,,,,in-linguist;ambiguous-ext,Task/Ethiopian-multiplication/TypeScript/ethiopian-multiplication.ts,66
rosetta:35f9db414f2d,gold,.ts,987b00d35b45399df300e967f847fdf8f7b1cf6c,pi-1.ts,swh:1:cnt:987b00d35b45399df300e967f847fdf8f7b1cf6c;origin=https://github.com/acmeism/RosettaCodeData;path=/Task/Pi/TypeScript/pi-1.ts,TypeScript,TypeScript,TypeScript;ts,the contributor (the language heading the solution is filed under on rosettacode.org),RosettaCodeData@1d47586,,,,in-linguist;ambiguous-ext,Task/Pi/TypeScript/pi-1.ts,66
rosetta:8418f82dbf63,gold,.uiua,88acc02a5027c0d51d246d2be892e61f5d19c19c,arithmetic-derivative.uiua,swh:1:cnt:88acc02a5027c0d51d246d2be892e61f5d19c19c;origin=https://github.com/acmeism/RosettaCodeData;path=/Task/Arithmetic-derivative/Uiua/arithmetic-derivative.uiua,Uiua,Uiua,Uiua,the contributor (the language heading the solution is filed under on rosettacode.org),RosettaCodeData@1d47586,,,,not-in-linguist;invented-ext,Task/Arithmetic-derivative/Uiua/arithmetic-derivative.uiua,566
rosetta:f0367186a085,gold,.uiua,e8e61cfe08b6a1832bf3c3d0fe522e4a1079a5ca,first-perfect-square-in-base-n-with-n-unique-digits.uiua,swh:1:cnt:e8e61cfe08b6a1832bf3c3d0fe522e4a1079a5ca;origin=https://github.com/acmeism/RosettaCodeData;path=/Task/First-perfect-square-in-base-n-with-n-unique-digits/Uiua/first-perfect-square-in-base-n-with-n-unique-digits.uiua,Uiua,Uiua,Uiua,the contributor (the language heading the solution is filed under on rosettacode.org),RosettaCodeData@1d47586,,,,not-in-linguist;invented-ext,Task/First-perfect-square-in-base-n-with-n-unique-digits/Uiua/first-perfect-square-in-base-n-with-n-unique-digits.uiua,566
rosetta:b1aad48f115a,gold,.ultimate++,f245e52c3618aace1d695f8cb213fa62b8038b4f,a+b.ultimate++,swh:1:cnt:f245e52c3618aace1d695f8cb213fa62b8038b4f;origin=https://github.com/acmeism/RosettaCodeData;path=/Task/A+B/Ultimate++/a+b.ultimate++,Ultimate++,Ultimate++,Ultimate++,the contributor (the language heading the solution is filed under on rosettacode.org),RosettaCodeData@1d47586,,,,not-in-linguist;invented-ext,Task/A+B/Ultimate++/a+b.ultimate++,5
rosetta:2eb0845079d8,gold,.ultimate++,87f4fc9816ea19a0358c1dea4854bc8e86eac3b1,hello-world-newbie.ultimate++,swh:1:cnt:87f4fc9816ea19a0358c1dea4854bc8e86eac3b1;origin=https://github.com/acmeism/RosettaCodeData;path=/Task/Hello-world-Newbie/Ultimate++/hello-world-newbie.ultimate++,Ultimate++,Ultimate++,Ultimate++,the contributor (the language heading the solution is filed under on rosettacode.org),RosettaCodeData@1d47586,,,,not-in-linguist;invented-ext,Task/Hello-world-Newbie/Ultimate++/hello-world-newbie.ultimate++,5
rosetta:87e7acde1e2a,gold,.unicon,688c70829de04b3487558711bddaca68ea75f22f,equal-prime-and-composite-sums.unicon,swh:1:cnt:688c70829de04b3487558711bddaca68ea75f22f;origin=https://github.com/acmeism/RosettaCodeData;path=/Task/Equal-prime-and-composite-sums/Unicon/equal-prime-and-composite-sums.unicon,Unicon,Unicon,Unicon,the contributor (the language heading the solution is filed under on rosettacode.org),RosettaCodeData@1d47586,,,,not-in-linguist;invented-ext,Task/Equal-prime-and-composite-sums/Unicon/equal-prime-and-composite-sums.unicon,38
rosetta:35d0d2d1ed06,gold,.unicon,f953c013e3e82eca5425a74c9366dfd8fbb0e330,http.unicon,swh:1:cnt:f953c013e3e82eca5425a74c9366dfd8fbb0e330;origin=https://github.com/acmeism/RosettaCodeData;path=/Task/HTTP/Unicon/http.unicon,Unicon,Unicon,Unicon,the contributor (the language heading the solution is filed under on rosettacode.org),RosettaCodeData@1d47586,,,,not-in-linguist;invented-ext;tiny,Task/HTTP/Unicon/http.unicon,38
rosetta:cbbdd5e8e1cf,gold,.uniface,db43e62ca2ce830af63593fb3948dcae82e73fd6,loops-while.uniface,swh:1:cnt:db43e62ca2ce830af63593fb3948dcae82e73fd6;origin=https://github.com/acmeism/RosettaCodeData;path=/Task/Loops-While/Uniface/loops-while.uniface,Uniface,Uniface,Uniface,the contributor (the language heading the solution is filed under on rosettacode.org),RosettaCodeData@1d47586,,,,not-in-linguist;invented-ext,Task/Loops-While/Uniface/loops-while.uniface,4
rosetta:6e38b702c182,gold,.uniface,af7ace27d145b81ba18734bec00d78a69741009c,soap.uniface,swh:1:cnt:af7ace27d145b81ba18734bec00d78a69741009c;origin=https://github.com/acmeism/RosettaCodeData;path=/Task/SOAP/Uniface/soap.uniface,Uniface,Uniface,Uniface,the contributor (the language heading the solution is filed under on rosettacode.org),RosettaCodeData@1d47586,,,,not-in-linguist;invented-ext,Task/SOAP/Uniface/soap.uniface,4
rosetta:8d8470e44953,gold,.u,98115d70513d9557f61f33587c90ee0e7b94f622,100-doors.u,swh:1:cnt:98115d70513d9557f61f33587c90ee0e7b94f622;origin=https://github.com/acmeism/RosettaCodeData;path=/Task/100-doors/Unison/100-doors.u,Unison,Unison,Unison,the contributor (the language heading the solution is filed under on rosettacode.org),RosettaCodeData@1d47586,,,,not-in-linguist;invented-ext,Task/100-doors/Unison/100-doors.u,5
rosetta:9b6dc448e163,gold,.u,f25604a456899f9f1b5e50839d3a4c5a31f14b0f,sorting-algorithms-merge-sort.u,swh:1:cnt:f25604a456899f9f1b5e50839d3a4c5a31f14b0f;origin=https://github.com/acmeism/RosettaCodeData;path=/Task/Sorting-algorithms-Merge-sort/Unison/sorting-algorithms-merge-sort.u,Unison,Unison,Unison,the contributor (the language heading the solution is filed under on rosettacode.org),RosettaCodeData@1d47586,,,,not-in-linguist;invented-ext,Task/Sorting-algorithms-Merge-sort/Unison/sorting-algorithms-merge-sort.u,5
rosetta:723b5d5551ff,gold,.sh,9e9e0746fe5abd629bec3f314cf19c48003e639c,arithmetic-integer-2.sh,swh:1:cnt:9e9e0746fe5abd629bec3f314cf19c48003e639c;origin=https://github.com/acmeism/RosettaCodeData;path=/Task/Arithmetic-Integer/UNIX-Shell/arithmetic-integer-2.sh,Shell,UNIX Shell,Shell;sh;shell-script;bash;zsh;envrc;UNIX Shell,the contributor (the language heading the solution is filed under on rosettacode.org),RosettaCodeData@1d47586,,,,in-linguist,Task/Arithmetic-Integer/UNIX-Shell/arithmetic-integer-2.sh,653
rosetta:444e27a88932,gold,.sh,de864cfe9f82af631365c1e41fd3a0178ecc431a,string-concatenation.sh,swh:1:cnt:de864cfe9f82af631365c1e41fd3a0178ecc431a;origin=https://github.com/acmeism/RosettaCodeData;path=/Task/String-concatenation/UNIX-Shell/string-concatenation.sh,Shell,UNIX Shell,Shell;sh;shell-script;bash;zsh;envrc;UNIX Shell,the contributor (the language heading the solution is filed under on rosettacode.org),RosettaCodeData@1d47586,,,,in-linguist,Task/String-concatenation/UNIX-Shell/string-concatenation.sh,653
rosetta:1424693f49e8,gold,.up,fbbbee91bdd5213b310836df02dee6c6709a4e46,stack-1.up,swh:1:cnt:fbbbee91bdd5213b310836df02dee6c6709a4e46;origin=https://github.com/acmeism/RosettaCodeData;path=/Task/Stack/UnixPipes/stack-1.up,UnixPipes,UnixPipes,UnixPipes,the contributor (the language heading the solution is filed under on rosettacode.org),RosettaCodeData@1d47586,,,,not-in-linguist;invented-ext,Task/Stack/UnixPipes/stack-1.up,41
rosetta:3d0733ac67e3,gold,.up,2e7dc27e5bcaf6a20cbc9f0c369708f3ca8dacc8,sum-and-product-of-an-array.up,swh:1:cnt:2e7dc27e5bcaf6a20cbc9f0c369708f3ca8dacc8;origin=https://github.com/acmeism/RosettaCodeData;path=/Task/Sum-and-product-of-an-array/UnixPipes/sum-and-product-of-an-array.up,UnixPipes,UnixPipes,UnixPipes,the contributor (the language heading the solution is filed under on rosettacode.org),RosettaCodeData@1d47586,,,,not-in-linguist;invented-ext,Task/Sum-and-product-of-an-array/UnixPipes/sum-and-product-of-an-array.up,41
rosetta:4be5776e45c3,gold,.unlambda,836bf239f0d223f82e73a5f94c631fc7f713f7eb,rot-13.unlambda,swh:1:cnt:836bf239f0d223f82e73a5f94c631fc7f713f7eb;origin=https://github.com/acmeism/RosettaCodeData;path=/Task/Rot-13/Unlambda/rot-13.unlambda,Unlambda,Unlambda,Unlambda,the contributor (the language heading the solution is filed under on rosettacode.org),RosettaCodeData@1d47586,,,,not-in-linguist;invented-ext,Task/Rot-13/Unlambda/rot-13.unlambda,7
rosetta:85fd03dd68d5,gold,.unlambda,309cc875da257e277cda93cd9f6bae76ec554ae3,sierpinski-triangle.unlambda,swh:1:cnt:309cc875da257e277cda93cd9f6bae76ec554ae3;origin=https://github.com/acmeism/RosettaCodeData;path=/Task/Sierpinski-triangle/Unlambda/sierpinski-triangle.unlambda,Unlambda,Unlambda,Unlambda,the contributor (the language heading the solution is filed under on rosettacode.org),RosettaCodeData@1d47586,,,,not-in-linguist;invented-ext,Task/Sierpinski-triangle/Unlambda/sierpinski-triangle.unlambda,7
rosetta:d9387cdf70d5,gold,.ursa,44a1843d74e0fa162af60c38acfbeac4a6bf2f71,command-line-arguments.ursa,swh:1:cnt:44a1843d74e0fa162af60c38acfbeac4a6bf2f71;origin=https://github.com/acmeism/RosettaCodeData;path=/Task/Command-line-arguments/Ursa/command-line-arguments.ursa,Ursa,Ursa,Ursa,the contributor (the language heading the solution is filed under on rosettacode.org),RosettaCodeData@1d47586,,,,not-in-linguist;invented-ext,Task/Command-line-arguments/Ursa/command-line-arguments.ursa,113
rosetta:08900f3e05bb,gold,.ursa,a0ac1f2bddc25176bedbdbb5dc2bbe8363d1a068,exceptions-1.ursa,swh:1:cnt:a0ac1f2bddc25176bedbdbb5dc2bbe8363d1a068;origin=https://github.com/acmeism/RosettaCodeData;path=/Task/Exceptions/Ursa/exceptions-1.ursa,Ursa,Ursa,Ursa,the contributor (the language heading the solution is filed under on rosettacode.org),RosettaCodeData@1d47586,,,,not-in-linguist;invented-ext,Task/Exceptions/Ursa/exceptions-1.ursa,113
rosetta:1aeca327b875,gold,.ursala,203184c69d8547fda4f421065afee2b85bb37356,ackermann-function-1.ursala,swh:1:cnt:203184c69d8547fda4f421065afee2b85bb37356;origin=https://github.com/acmeism/RosettaCodeData;path=/Task/Ackermann-function/Ursala/ackermann-function-1.ursala,Ursala,Ursala,Ursala,the contributor (the language heading the solution is filed under on rosettacode.org),RosettaCodeData@1d47586,,,,not-in-linguist;invented-ext,Task/Ackermann-function/Ursala/ackermann-function-1.ursala,338
rosetta:b2fdb6ffd1a6,gold,.ursala,0834f0ed256b91d82e27a5299dcb5d63cbebe50d,happy-numbers.ursala,swh:1:cnt:0834f0ed256b91d82e27a5299dcb5d63cbebe50d;origin=https://github.com/acmeism/RosettaCodeData;path=/Task/Happy-numbers/Ursala/happy-numbers.ursala,Ursala,Ursala,Ursala,the contributor (the language heading the solution is filed under on rosettacode.org),RosettaCodeData@1d47586,,,,not-in-linguist;invented-ext,Task/Happy-numbers/Ursala/happy-numbers.ursala,338
rosetta:dc065bfaa8ab,gold,.ursa,b2ed47fb8d2b283fc49dfd24989cf5ad5e1637b0,ackermann-function.ursa,swh:1:cnt:b2ed47fb8d2b283fc49dfd24989cf5ad5e1637b0;origin=https://github.com/acmeism/RosettaCodeData;path=/Task/Ackermann-function/Ursalang/ackermann-function.ursa,Ursalang,Ursalang,Ursalang,the contributor (the language heading the solution is filed under on rosettacode.org),RosettaCodeData@1d47586,,,,not-in-linguist;invented-ext,Task/Ackermann-function/Ursalang/ackermann-function.ursa,18
rosetta:d8450c9a7f6f,gold,.ursa,1a461ebf3520d0e00b50c204e10a7ddcb486f349,integer-sequence.ursa,swh:1:cnt:1a461ebf3520d0e00b50c204e10a7ddcb486f349;origin=https://github.com/acmeism/RosettaCodeData;path=/Task/Integer-sequence/Ursalang/integer-sequence.ursa,Ursalang,Ursalang,Ursalang,the contributor (the language heading the solution is filed under on rosettacode.org),RosettaCodeData@1d47586,,,,not-in-linguist;invented-ext,Task/Integer-sequence/Ursalang/integer-sequence.ursa,18
rosetta:fc168138be2e,gold,.utfool,cd7446525580e9c8ad3025208f47eb2cb72fabea,dinesmans-multiple-dwelling-problem.utfool,swh:1:cnt:cd7446525580e9c8ad3025208f47eb2cb72fabea;origin=https://github.com/acmeism/RosettaCodeData;path=/Task/Dinesmans-multiple-dwelling-problem/UTFool/dinesmans-multiple-dwelling-problem.utfool,UTFool,UTFool,UTFool,the contributor (the language heading the solution is filed under on rosettacode.org),RosettaCodeData@1d47586,,,,not-in-linguist;invented-ext,Task/Dinesmans-multiple-dwelling-problem/UTFool/dinesmans-multiple-dwelling-problem.utfool,10
rosetta:0f06e4873d40,gold,.utfool,f5f504d35c96894b7c11a3634bc8774b0cf90dc6,evolutionary-algorithm.utfool,swh:1:cnt:f5f504d35c96894b7c11a3634bc8774b0cf90dc6;origin=https://github.com/acmeism/RosettaCodeData;path=/Task/Evolutionary-algorithm/UTFool/evolutionary-algorithm.utfool,UTFool,UTFool,UTFool,the contributor (the language heading the solution is filed under on rosettacode.org),RosettaCodeData@1d47586,,,,not-in-linguist;invented-ext,Task/Evolutionary-algorithm/UTFool/evolutionary-algorithm.utfool,10
rosetta:37af521b2ca2,gold,.uxnatl,c45d7575206ca052725135ecb78d6522b7b1beac,fibonacci-sequence.uxnatl,swh:1:cnt:c45d7575206ca052725135ecb78d6522b7b1beac;origin=https://github.com/acmeism/RosettaCodeData;path=/Task/Fibonacci-sequence/Uxntal/fibonacci-sequence.uxnatl,Uxntal,Uxntal,Uxntal,the contributor (the language heading the solution is filed under on rosettacode.org),RosettaCodeData@1d47586,,,,not-in-linguist;invented-ext,Task/Fibonacci-sequence/Uxntal/fibonacci-sequence.uxnatl,43
rosetta:7ad3bdc7cae6,gold,.uxnatl,9ca41f10d461b4327c6799e64f2658c65d3925ac,loops-do-while.uxnatl,swh:1:cnt:9ca41f10d461b4327c6799e64f2658c65d3925ac;origin=https://github.com/acmeism/RosettaCodeData;path=/Task/Loops-Do-while/Uxntal/loops-do-while.uxnatl,Uxntal,Uxntal,Uxntal,the contributor (the language heading the solution is filed under on rosettacode.org),RosettaCodeData@1d47586,,,,not-in-linguist;invented-ext,Task/Loops-Do-while/Uxntal/loops-do-while.uxnatl,43
rosetta:def455973a49,gold,.v,7219301d3f5c89a8be9ba1c7cd7e5173be42d2c7,combinations-3.v,swh:1:cnt:7219301d3f5c89a8be9ba1c7cd7e5173be42d2c7;origin=https://github.com/acmeism/RosettaCodeData;path=/Task/Combinations/V/combinations-3.v,V (Rosetta Code),V,V (Rosetta Code),the contributor (the language heading the solution is filed under on rosettacode.org),RosettaCodeData@1d47586,,,,not-in-linguist;misleading-ext;ambiguous-ext,Task/Combinations/V/combinations-3.v,64
rosetta:35a23ebfb5d9,gold,.v,3d7aa4f62db1d5bb011c8bd01206d99f25a997ea,loops-downward-for.v,swh:1:cnt:3d7aa4f62db1d5bb011c8bd01206d99f25a997ea;origin=https://github.com/acmeism/RosettaCodeData;path=/Task/Loops-Downward-for/V/loops-downward-for.v,V (Rosetta Code),V,V (Rosetta Code),the contributor (the language heading the solution is filed under on rosettacode.org),RosettaCodeData@1d47586,,,,not-in-linguist;misleading-ext;ambiguous-ext;tiny,Task/Loops-Downward-for/V/loops-downward-for.v,64
rosetta:68b8f617a44c,gold,.v,3d269b0339e634893ef8a0c60a3ad6327fedbd7a,ethiopian-multiplication.v,swh:1:cnt:3d269b0339e634893ef8a0c60a3ad6327fedbd7a;origin=https://github.com/acmeism/RosettaCodeData;path=/Task/Ethiopian-multiplication/V-(Vlang)/ethiopian-multiplication.v,V,V (Vlang),V;vlang;V (Vlang),the contributor (the language heading the solution is filed under on rosettacode.org),RosettaCodeData@1d47586,,,,in-linguist;ambiguous-ext,Task/Ethiopian-multiplication/V-(Vlang)/ethiopian-multiplication.v,718
rosetta:1ebec23d612a,gold,.v,5d4d4a44dd5612a0062d370b0ed3d0c8a54fb0cc,variables-5.v,swh:1:cnt:5d4d4a44dd5612a0062d370b0ed3d0c8a54fb0cc;origin=https://github.com/acmeism/RosettaCodeData;path=/Task/Variables/V-(Vlang)/variables-5.v,V,V (Vlang),V;vlang;V (Vlang),the contributor (the language heading the solution is filed under on rosettacode.org),RosettaCodeData@1d47586,,,,in-linguist;ambiguous-ext;tiny,Task/Variables/V-(Vlang)/variables-5.v,718
rosetta:55e0f73f255c,gold,.vala,c9295a13c6960b3d5aed5513e9738a335e300609,loops-foreach.vala,swh:1:cnt:c9295a13c6960b3d5aed5513e9738a335e300609;origin=https://github.com/acmeism/RosettaCodeData;path=/Task/Loops-Foreach/Vala/loops-foreach.vala,Vala,Vala,Vala,the contributor (the language heading the solution is filed under on rosettacode.org),RosettaCodeData@1d47586,,,,in-linguist,Task/Loops-Foreach/Vala/loops-foreach.vala,125
rosetta:b7c713e33a1b,gold,.vala,195571f76d9b02ad95ac5e95bf8076233c57b0d0,string-append.vala,swh:1:cnt:195571f76d9b02ad95ac5e95bf8076233c57b0d0;origin=https://github.com/acmeism/RosettaCodeData;path=/Task/String-append/Vala/string-append.vala,Vala,Vala,Vala,the contributor (the language heading the solution is filed under on rosettacode.org),RosettaCodeData@1d47586,,,,in-linguist,Task/String-append/Vala/string-append.vala,125
rosetta:8824cbf9f8a4,gold,.vale,4997d16c41ec9ebfa55b5fa5bfc4400d7c12db9f,convert-seconds-to-compound-duration.vale,swh:1:cnt:4997d16c41ec9ebfa55b5fa5bfc4400d7c12db9f;origin=https://github.com/acmeism/RosettaCodeData;path=/Task/Convert-seconds-to-compound-duration/Vale/convert-seconds-to-compound-duration.vale,Vale,Vale,Vale,the contributor (the language heading the solution is filed under on rosettacode.org),RosettaCodeData@1d47586,,,,not-in-linguist;invented-ext,Task/Convert-seconds-to-compound-duration/Vale/convert-seconds-to-compound-duration.vale,5
rosetta:e2086d916191,gold,.vale,c3871457c2828bc9cd089665acd43b6e8eb68821,loops-infinite.vale,swh:1:cnt:c3871457c2828bc9cd089665acd43b6e8eb68821;origin=https://github.com/acmeism/RosettaCodeData;path=/Task/Loops-Infinite/Vale/loops-infinite.vale,Vale,Vale,Vale,the contributor (the language heading the solution is filed under on rosettacode.org),RosettaCodeData@1d47586,,,,not-in-linguist;invented-ext,Task/Loops-Infinite/Vale/loops-infinite.vale,5
rosetta:d700f39dfa91,gold,.vax,dbe0e4154fbd5dbce6dc2a1dcbd6808681b2cbfc,delete-a-file.vax,swh:1:cnt:dbe0e4154fbd5dbce6dc2a1dcbd6808681b2cbfc;origin=https://github.com/acmeism/RosettaCodeData;path=/Task/Delete-a-file/VAX-Assembly/delete-a-file.vax,VAX Assembly,VAX Assembly,VAX Assembly,the contributor (the language heading the solution is filed under on rosettacode.org),RosettaCodeData@1d47586,,,,not-in-linguist;invented-ext,Task/Delete-a-file/VAX-Assembly/delete-a-file.vax,13
rosetta:b812060b4884,gold,.vax,8bf17dde59fcb6da81d5c05a1af9495c836fead3,hello-world-text.vax,swh:1:cnt:8bf17dde59fcb6da81d5c05a1af9495c836fead3;origin=https://github.com/acmeism/RosettaCodeData;path=/Task/Hello-world-Text/VAX-Assembly/hello-world-text.vax,VAX Assembly,VAX Assembly,VAX Assembly,the contributor (the language heading the solution is filed under on rosettacode.org),RosettaCodeData@1d47586,,,,not-in-linguist;invented-ext,Task/Hello-world-Text/VAX-Assembly/hello-world-text.vax,13
rosetta:99614ccaddbe,gold,.vb6,644bc190112ed0d020716fdf4f50e470e8aa9435,spiral-matrix.vb6,swh:1:cnt:644bc190112ed0d020716fdf4f50e470e8aa9435;origin=https://github.com/acmeism/RosettaCodeData;path=/Task/Spiral-matrix/VB6/spiral-matrix.vb6,Visual Basic 6.0,VB6,Visual Basic 6.0;vb6;vb 6;visual basic 6;visual basic classic;classic visual basic;VB6,the contributor (the language heading the solution is filed under on rosettacode.org),RosettaCodeData@1d47586,,,,in-linguist;invented-ext,Task/Spiral-matrix/VB6/spiral-matrix.vb6,1
rosetta:d24f200e2b65,gold,.vba,7ac5b726021c23918463be2b2aa74dc628245f3b,abbreviations-simple.vba,swh:1:cnt:7ac5b726021c23918463be2b2aa74dc628245f3b;origin=https://github.com/acmeism/RosettaCodeData;path=/Task/Abbreviations-simple/VBA/abbreviations-simple.vba,VBA,VBA,VBA;visual basic for applications,the contributor (the language heading the solution is filed under on rosettacode.org),RosettaCodeData@1d47586,,,,in-linguist;ambiguous-ext,Task/Abbreviations-simple/VBA/abbreviations-simple.vba,466
rosetta:d6e4e2beac91,gold,.vba,2e73890a3fead0de7203e28e3f7cb76d62695424,parsing-rpn-calculator-algorithm.vba,swh:1:cnt:2e73890a3fead0de7203e28e3f7cb76d62695424;origin=https://github.com/acmeism/RosettaCodeData;path=/Task/Parsing-RPN-calculator-algorithm/VBA/parsing-rpn-calculator-algorithm.vba,VBA,VBA,VBA;visual basic for applications,the contributor (the language heading the solution is filed under on rosettacode.org),RosettaCodeData@1d47586,,,,in-linguist;ambiguous-ext,Task/Parsing-RPN-calculator-algorithm/VBA/parsing-rpn-calculator-algorithm.vba,466
rosetta:b86f1a76ca1b,gold,.vbs,76ee77dfdefaa1333b6a8df03419bf1429d7448d,15-puzzle-game.vbs,swh:1:cnt:76ee77dfdefaa1333b6a8df03419bf1429d7448d;origin=https://github.com/acmeism/RosettaCodeData;path=/Task/15-puzzle-game/VBScript/15-puzzle-game.vbs,VBScript,VBScript,VBScript,the contributor (the language heading the solution is filed under on rosettacode.org),RosettaCodeData@1d47586,,,,in-linguist,Task/15-puzzle-game/VBScript/15-puzzle-game.vbs,402
rosetta:a1ef84046c66,gold,.vbs,ded8b8e4f3ae22e60219f43199bd5ac0dd5fc2f4,palindrome-detection-1.vbs,swh:1:cnt:ded8b8e4f3ae22e60219f43199bd5ac0dd5fc2f4;origin=https://github.com/acmeism/RosettaCodeData;path=/Task/Palindrome-detection/VBScript/palindrome-detection-1.vbs,VBScript,VBScript,VBScript,the contributor (the language heading the solution is filed under on rosettacode.org),RosettaCodeData@1d47586,,,,in-linguist,Task/Palindrome-detection/VBScript/palindrome-detection-1.vbs,402
rosetta:88fccb61f051,gold,.vedit,795a1ed49229f2da5fbfcc2d1190ed317b3a2ad7,100-doors-1.vedit,swh:1:cnt:795a1ed49229f2da5fbfcc2d1190ed317b3a2ad7;origin=https://github.com/acmeism/RosettaCodeData;path=/Task/100-doors/Vedit-macro-language/100-doors-1.vedit,Vedit macro language,Vedit macro language,Vedit macro language,the contributor (the language heading the solution is filed under on rosettacode.org),RosettaCodeData@1d47586,,,,not-in-linguist;invented-ext,Task/100-doors/Vedit-macro-language/100-doors-1.vedit,136
rosetta:cc5cdc664469,gold,.vedit,7c9c2261da8d6e6e803abb5c4628a538e4431316,loops-infinite-2.vedit,swh:1:cnt:7c9c2261da8d6e6e803abb5c4628a538e4431316;origin=https://github.com/acmeism/RosettaCodeData;path=/Task/Loops-Infinite/Vedit-macro-language/loops-infinite-2.vedit,Vedit macro language,Vedit macro language,Vedit macro language,the contributor (the language heading the solution is filed under on rosettacode.org),RosettaCodeData@1d47586,,,,not-in-linguist;invented-ext;tiny,Task/Loops-Infinite/Vedit-macro-language/loops-infinite-2.vedit,136
rosetta:37a005ee7eb7,gold,.verbexx,84cb8b880fac2d1be10e2327be87775976741782,literals-floating-point.verbexx,swh:1:cnt:84cb8b880fac2d1be10e2327be87775976741782;origin=https://github.com/acmeism/RosettaCodeData;path=/Task/Literals-Floating-point/Verbexx/literals-floating-point.verbexx,Verbexx,Verbexx,Verbexx,the contributor (the language heading the solution is filed under on rosettacode.org),RosettaCodeData@1d47586,,,,not-in-linguist;invented-ext,Task/Literals-Floating-point/Verbexx/literals-floating-point.verbexx,19
rosetta:60f69d116abd,gold,.verbexx,9ce0c7959d3e149d1452a9b6db8f228e8ad18ed1,literals-integer.verbexx,swh:1:cnt:9ce0c7959d3e149d1452a9b6db8f228e8ad18ed1;origin=https://github.com/acmeism/RosettaCodeData;path=/Task/Literals-Integer/Verbexx/literals-integer.verbexx,Verbexx,Verbexx,Verbexx,the contributor (the language heading the solution is filed under on rosettacode.org),RosettaCodeData@1d47586,,,,not-in-linguist;invented-ext,Task/Literals-Integer/Verbexx/literals-integer.verbexx,19
rosetta:fef26629e575,gold,.v,298ecc8f2b21f1585d14b1bc5f87a677e678722b,primality-by-trial-division.v,swh:1:cnt:298ecc8f2b21f1585d14b1bc5f87a677e678722b;origin=https://github.com/acmeism/RosettaCodeData;path=/Task/Primality-by-trial-division/Verilog/primality-by-trial-division.v,Verilog,Verilog,Verilog,the contributor (the language heading the solution is filed under on rosettacode.org),RosettaCodeData@1d47586,,,,in-linguist;ambiguous-ext,Task/Primality-by-trial-division/Verilog/primality-by-trial-division.v,53
rosetta:b047508a02ab,gold,.v,143b1df43b48447fb6d76d7a6f2c8c604af9604d,tau-number.v,swh:1:cnt:143b1df43b48447fb6d76d7a6f2c8c604af9604d;origin=https://github.com/acmeism/RosettaCodeData;path=/Task/Tau-number/Verilog/tau-number.v,Verilog,Verilog,Verilog,the contributor (the language heading the solution is filed under on rosettacode.org),RosettaCodeData@1d47586,,,,in-linguist;ambiguous-ext,Task/Tau-number/Verilog/tau-number.v,53
rosetta:75101400497f,gold,.vhd,d10cd76000a4ef9ad80f42e47c5bf56f17cf25e8,factorial.vhd,swh:1:cnt:d10cd76000a4ef9ad80f42e47c5bf56f17cf25e8;origin=https://github.com/acmeism/RosettaCodeData;path=/Task/Factorial/VHDL/factorial.vhd,VHDL,VHDL,VHDL,the contributor (the language heading the solution is filed under on rosettacode.org),RosettaCodeData@1d47586,,,,in-linguist,Task/Factorial/VHDL/factorial.vhd,14
rosetta:bdf297b4737b,gold,.vhd,a764ca49ea7ba44898d725cbe91ae8d3fffb347d,quine.vhd,swh:1:cnt:a764ca49ea7ba44898d725cbe91ae8d3fffb347d;origin=https://github.com/acmeism/RosettaCodeData;path=/Task/Quine/VHDL/quine.vhd,VHDL,VHDL,VHDL,the contributor (the language heading the solution is filed under on rosettacode.org),RosettaCodeData@1d47586,,,,in-linguist,Task/Quine/VHDL/quine.vhd,14
rosetta:bbc8c7a9be61,gold,.vim,adff2b15182b1ae1e4eba594c647e0704abbd3fb,copy-a-string.vim,swh:1:cnt:adff2b15182b1ae1e4eba594c647e0704abbd3fb;origin=https://github.com/acmeism/RosettaCodeData;path=/Task/Copy-a-string/Vim-Script/copy-a-string.vim,Vim script,Vim Script,Vim script;vim;viml;nvim;vimscript;Vim Script,the contributor (the language heading the solution is filed under on rosettacode.org),RosettaCodeData@1d47586,,,,in-linguist,Task/Copy-a-string/Vim-Script/copy-a-string.vim,46
rosetta:bfecf3e7bff2,gold,.vim,53fea44ea297f84264c56ddd8bd9580e4c8c31a5,text-to-html.vim,swh:1:cnt:53fea44ea297f84264c56ddd8bd9580e4c8c31a5;origin=https://github.com/acmeism/RosettaCodeData;path=/Task/Text-to-HTML/Vim-Script/text-to-html.vim,Vim script,Vim Script,Vim script;vim;viml;nvim;vimscript;Vim Script,the contributor (the language heading the solution is filed under on rosettacode.org),RosettaCodeData@1d47586,,,,in-linguist,Task/Text-to-HTML/Vim-Script/text-to-html.vim,46
rosetta:dc59b75ab93d,gold,.vb,506433f0c9ea835e7c2740abdc96e5bb90abb418,munchausen-numbers.vb,swh:1:cnt:506433f0c9ea835e7c2740abdc96e5bb90abb418;origin=https://github.com/acmeism/RosettaCodeData;path=/Task/Munchausen-numbers/Visual-Basic/munchausen-numbers.vb,Visual Basic 6.0,Visual Basic,Visual Basic 6.0;vb6;vb 6;visual basic 6;visual basic classic;classic visual basic,the contributor (the language heading the solution is filed under on rosettacode.org),RosettaCodeData@1d47586,,,,in-linguist;misleading-ext,Task/Munchausen-numbers/Visual-Basic/munchausen-numbers.vb,133
rosetta:d18ebfc7c537,gold,.vb,76a2b93002ce41ac9d1a8caddc87b6ef31f622cf,simple-windowed-application.vb,swh:1:cnt:76a2b93002ce41ac9d1a8caddc87b6ef31f622cf;origin=https://github.com/acmeism/RosettaCodeData;path=/Task/Simple-windowed-application/Visual-Basic/simple-windowed-application.vb,Visual Basic 6.0,Visual Basic,Visual Basic 6.0;vb6;vb 6;visual basic 6;visual basic classic;classic visual basic,the contributor (the language heading the solution is filed under on rosettacode.org),RosettaCodeData@1d47586,,,,in-linguist;misleading-ext,Task/Simple-windowed-application/Visual-Basic/simple-windowed-application.vb,133
rosetta:1cbc17cea6ce,gold,.vb,de721b998e038aea112f57fe5f6ff39682a939c0,csv-to-html-translation-2.vb,swh:1:cnt:de721b998e038aea112f57fe5f6ff39682a939c0;origin=https://github.com/acmeism/RosettaCodeData;path=/Task/CSV-to-HTML-translation/Visual-Basic-.NET/csv-to-html-translation-2.vb,Visual Basic .NET,Visual Basic .NET,Visual Basic .NET;visual basic;vbnet;vb .net;vb.net,the contributor (the language heading the solution is filed under on rosettacode.org),RosettaCodeData@1d47586,,,,in-linguist,Task/CSV-to-HTML-translation/Visual-Basic-.NET/csv-to-html-translation-2.vb,529
rosetta:e50e3590b467,gold,.vb,f02213b40507e3fef80fb860ef7d7db652b93a56,integer-overflow-5.vb,swh:1:cnt:f02213b40507e3fef80fb860ef7d7db652b93a56;origin=https://github.com/acmeism/RosettaCodeData;path=/Task/Integer-overflow/Visual-Basic-.NET/integer-overflow-5.vb,Visual Basic .NET,Visual Basic .NET,Visual Basic .NET;visual basic;vbnet;vb .net;vb.net,the contributor (the language heading the solution is filed under on rosettacode.org),RosettaCodeData@1d47586,,,,in-linguist;tiny,Task/Integer-overflow/Visual-Basic-.NET/integer-overflow-5.vb,529
rosetta:d4fce38167be,gold,.fvp,e6fe5acb01d54c245b34be516666cadf8adf92bc,hofstadter-q-sequence.fvp,swh:1:cnt:e6fe5acb01d54c245b34be516666cadf8adf92bc;origin=https://github.com/acmeism/RosettaCodeData;path=/Task/Hofstadter-Q-sequence/Visual-FoxPro/hofstadter-q-sequence.fvp,xBase,Visual FoxPro,xBase;advpl;clipper;foxpro;Visual FoxPro,the contributor (the language heading the solution is filed under on rosettacode.org),RosettaCodeData@1d47586,,,,in-linguist;invented-ext,Task/Hofstadter-Q-sequence/Visual-FoxPro/hofstadter-q-sequence.fvp,34
rosetta:80cf98c120ea,gold,.fvp,b260cf2d5390dc89dbe67eb11b49ec1fc5fdbecf,temperature-conversion.fvp,swh:1:cnt:b260cf2d5390dc89dbe67eb11b49ec1fc5fdbecf;origin=https://github.com/acmeism/RosettaCodeData;path=/Task/Temperature-conversion/Visual-FoxPro/temperature-conversion.fvp,xBase,Visual FoxPro,xBase;advpl;clipper;foxpro;Visual FoxPro,the contributor (the language heading the solution is filed under on rosettacode.org),RosettaCodeData@1d47586,,,,in-linguist;invented-ext,Task/Temperature-conversion/Visual-FoxPro/temperature-conversion.fvp,34
rosetta:cf3e0350b61d,gold,.vobj,331a65085519f8a27579e41ccfc61aa8b719c29b,day-of-the-week.vobj,swh:1:cnt:331a65085519f8a27579e41ccfc61aa8b719c29b;origin=https://github.com/acmeism/RosettaCodeData;path=/Task/Day-of-the-week/Visual-Objects/day-of-the-week.vobj,Visual Objects,Visual Objects,Visual Objects,the contributor (the language heading the solution is filed under on rosettacode.org),RosettaCodeData@1d47586,,,,not-in-linguist;invented-ext,Task/Day-of-the-week/Visual-Objects/day-of-the-week.vobj,4
rosetta:d55cc82583c9,gold,.vobj,f5f439a46e7b0df39f1bb5136a0e282dfb5c1ddc,soap.vobj,swh:1:cnt:f5f439a46e7b0df39f1bb5136a0e282dfb5c1ddc;origin=https://github.com/acmeism/RosettaCodeData;path=/Task/SOAP/Visual-Objects/soap.vobj,Visual Objects,Visual Objects,Visual Objects,the contributor (the language heading the solution is filed under on rosettacode.org),RosettaCodeData@1d47586,,,,not-in-linguist;invented-ext,Task/SOAP/Visual-Objects/soap.vobj,4
rosetta:e57cb9fa453a,gold,.pro,58b7f7f7b3d865d111d71c9ad273f07e056842a5,list-comprehensions.pro,swh:1:cnt:58b7f7f7b3d865d111d71c9ad273f07e056842a5;origin=https://github.com/acmeism/RosettaCodeData;path=/Task/List-comprehensions/Visual-Prolog/list-comprehensions.pro,Visual Prolog,Visual Prolog,Visual Prolog,the contributor (the language heading the solution is filed under on rosettacode.org),RosettaCodeData@1d47586,,,,not-in-linguist;misleading-ext;ambiguous-ext,Task/List-comprehensions/Visual-Prolog/list-comprehensions.pro,6
rosetta:ec98eadc7fd5,gold,.pro,cbf54290856994a8d9a392e6475e7f6098886733,parametric-polymorphism.pro,swh:1:cnt:cbf54290856994a8d9a392e6475e7f6098886733;origin=https://github.com/acmeism/RosettaCodeData;path=/Task/Parametric-polymorphism/Visual-Prolog/parametric-polymorphism.pro,Visual Prolog,Visual Prolog,Visual Prolog,the contributor (the language heading the solution is filed under on rosettacode.org),RosettaCodeData@1d47586,,,,not-in-linguist;misleading-ext;ambiguous-ext,Task/Parametric-polymorphism/Visual-Prolog/parametric-polymorphism.pro,6
rosetta:f845b8bcc831,gold,.viua,846034697878e9e6db2956fceb3b0c7c3d42a504,99-bottles-of-beer.viua,swh:1:cnt:846034697878e9e6db2956fceb3b0c7c3d42a504;origin=https://github.com/acmeism/RosettaCodeData;path=/Task/99-bottles-of-beer/Viua-VM-assembly/99-bottles-of-beer.viua,Viua VM assembly,Viua VM assembly,Viua VM assembly,the contributor (the language heading the solution is filed under on rosettacode.org),RosettaCodeData@1d47586,,,,not-in-linguist;invented-ext,Task/99-bottles-of-beer/Viua-VM-assembly/99-bottles-of-beer.viua,2
rosetta:2e7946fcc05e,gold,.viua,f1c098a7dd7eb2cdc5f0ac695441d74c52a4f972,hello-world-text.viua,swh:1:cnt:f1c098a7dd7eb2cdc5f0ac695441d74c52a4f972;origin=https://github.com/acmeism/RosettaCodeData;path=/Task/Hello-world-Text/Viua-VM-assembly/hello-world-text.viua,Viua VM assembly,Viua VM assembly,Viua VM assembly,the contributor (the language heading the solution is filed under on rosettacode.org),RosettaCodeData@1d47586,,,,not-in-linguist;invented-ext,Task/Hello-world-Text/Viua-VM-assembly/hello-world-text.viua,2
rosetta:c3387a372229,gold,.vorpal,ba2b30347294a9a5a0ec42670dc6378c04f309b5,conditional-structures.vorpal,swh:1:cnt:ba2b30347294a9a5a0ec42670dc6378c04f309b5;origin=https://github.com/acmeism/RosettaCodeData;path=/Task/Conditional-structures/Vorpal/conditional-structures.vorpal,Vorpal,Vorpal,Vorpal,the contributor (the language heading the solution is filed under on rosettacode.org),RosettaCodeData@1d47586,,,,not-in-linguist;invented-ext,Task/Conditional-structures/Vorpal/conditional-structures.vorpal,10
rosetta:c42ffa258133,gold,.vorpal,c4d1d4c9fbc36e358e058dc270908c7e8444e265,variadic-function.vorpal,swh:1:cnt:c4d1d4c9fbc36e358e058dc270908c7e8444e265;origin=https://github.com/acmeism/RosettaCodeData;path=/Task/Variadic-function/Vorpal/variadic-function.vorpal,Vorpal,Vorpal,Vorpal,the contributor (the language heading the solution is filed under on rosettacode.org),RosettaCodeData@1d47586,,,,not-in-linguist;invented-ext,Task/Variadic-function/Vorpal/variadic-function.vorpal,10
rosetta:ef18ecd59b54,gold,.vox,7bb2a5897d6d6fff91da7869e472ef40b10542fa,99-bottles-of-beer.vox,swh:1:cnt:7bb2a5897d6d6fff91da7869e472ef40b10542fa;origin=https://github.com/acmeism/RosettaCodeData;path=/Task/99-bottles-of-beer/Vox/99-bottles-of-beer.vox,Vox,Vox,Vox,the contributor (the language heading the solution is filed under on rosettacode.org),RosettaCodeData@1d47586,,,,not-in-linguist;invented-ext,Task/99-bottles-of-beer/Vox/99-bottles-of-beer.vox,1
rosetta:6ffec0dc1627,gold,.vtl-2,14ccd554fa5860bbf311a25e33be64219398cc14,additive-primes.vtl-2,swh:1:cnt:14ccd554fa5860bbf311a25e33be64219398cc14;origin=https://github.com/acmeism/RosettaCodeData;path=/Task/Additive-primes/VTL-2/additive-primes.vtl-2,VTL-2,VTL-2,VTL-2,the contributor (the language heading the solution is filed under on rosettacode.org),RosettaCodeData@1d47586,,,,not-in-linguist;invented-ext,Task/Additive-primes/VTL-2/additive-primes.vtl-2,42
rosetta:fa9bffaa0b7e,gold,.vtl-2,cc42e66f7ba243010682ae146725acea2d6c3641,jump-anywhere.vtl-2,swh:1:cnt:cc42e66f7ba243010682ae146725acea2d6c3641;origin=https://github.com/acmeism/RosettaCodeData;path=/Task/Jump-anywhere/VTL-2/jump-anywhere.vtl-2,VTL-2,VTL-2,VTL-2,the contributor (the language heading the solution is filed under on rosettacode.org),RosettaCodeData@1d47586,,,,not-in-linguist;invented-ext,Task/Jump-anywhere/VTL-2/jump-anywhere.vtl-2,42
rosetta:545ea7c63c10,gold,.vyxal,2cafdbcfea21c57c136c1f7679f7ba4e5902f66d,arithmetic-geometric-mean.vyxal,swh:1:cnt:2cafdbcfea21c57c136c1f7679f7ba4e5902f66d;origin=https://github.com/acmeism/RosettaCodeData;path=/Task/Arithmetic-geometric-mean/Vyxal/arithmetic-geometric-mean.vyxal,Vyxal,Vyxal,Vyxal,the contributor (the language heading the solution is filed under on rosettacode.org),RosettaCodeData@1d47586,,,,not-in-linguist;invented-ext;tiny,Task/Arithmetic-geometric-mean/Vyxal/arithmetic-geometric-mean.vyxal,10
rosetta:27e19e7d04d4,gold,.vyxal,bf2fb337c6d49f53488bec05199d85258aed7bd4,factorions.vyxal,swh:1:cnt:bf2fb337c6d49f53488bec05199d85258aed7bd4;origin=https://github.com/acmeism/RosettaCodeData;path=/Task/Factorions/Vyxal/factorions.vyxal,Vyxal,Vyxal,Vyxal,the contributor (the language heading the solution is filed under on rosettacode.org),RosettaCodeData@1d47586,,,,not-in-linguist;invented-ext,Task/Factorions/Vyxal/factorions.vyxal,10
rosetta:9645f405ed47,gold,.waduzitdo,d5c22710e7a7d96f3a5fbb195f00ddf364ff964d,nim-game.waduzitdo,swh:1:cnt:d5c22710e7a7d96f3a5fbb195f00ddf364ff964d;origin=https://github.com/acmeism/RosettaCodeData;path=/Task/Nim-game/Waduzitdo/nim-game.waduzitdo,Waduzitdo,Waduzitdo,Waduzitdo,the contributor (the language heading the solution is filed under on rosettacode.org),RosettaCodeData@1d47586,,,,not-in-linguist;invented-ext,Task/Nim-game/Waduzitdo/nim-game.waduzitdo,2
rosetta:13dc9f317065,gold,.wart,f51430b26dcd8bdf8e7963662e555b20ca24f5fe,factorial-3.wart,swh:1:cnt:f51430b26dcd8bdf8e7963662e555b20ca24f5fe;origin=https://github.com/acmeism/RosettaCodeData;path=/Task/Factorial/Wart/factorial-3.wart,Wart,Wart,Wart,the contributor (the language heading the solution is filed under on rosettacode.org),RosettaCodeData@1d47586,,,,not-in-linguist;invented-ext;tiny,Task/Factorial/Wart/factorial-3.wart,71
rosetta:4ca5dbe7217c,gold,.wart,b13bbf282016506c97fbfcdefe866e6a9245bcde,fizzbuzz.wart,swh:1:cnt:b13bbf282016506c97fbfcdefe866e6a9245bcde;origin=https://github.com/acmeism/RosettaCodeData;path=/Task/FizzBuzz/Wart/fizzbuzz.wart,Wart,Wart,Wart,the contributor (the language heading the solution is filed under on rosettacode.org),RosettaCodeData@1d47586,,,,not-in-linguist;invented-ext,Task/FizzBuzz/Wart/fizzbuzz.wart,71
rosetta:46a79a36121e,gold,.wdte,75fbbfb77f33a41541d1459e160ea7061a04ee36,apply-a-callback-to-an-array.wdte,swh:1:cnt:75fbbfb77f33a41541d1459e160ea7061a04ee36;origin=https://github.com/acmeism/RosettaCodeData;path=/Task/Apply-a-callback-to-an-array/WDTE/apply-a-callback-to-an-array.wdte,WDTE,WDTE,WDTE,the contributor (the language heading the solution is filed under on rosettacode.org),RosettaCodeData@1d47586,,,,not-in-linguist;invented-ext,Task/Apply-a-callback-to-an-array/WDTE/apply-a-callback-to-an-array.wdte,44
rosetta:5f1ed12fd865,gold,.wdte,8b05e3a06bc873a0ccf67ada9db3e8231f002e17,filter.wdte,swh:1:cnt:8b05e3a06bc873a0ccf67ada9db3e8231f002e17;origin=https://github.com/acmeism/RosettaCodeData;path=/Task/Filter/WDTE/filter.wdte,WDTE,WDTE,WDTE,the contributor (the language heading the solution is filed under on rosettacode.org),RosettaCodeData@1d47586,,,,not-in-linguist;invented-ext,Task/Filter/WDTE/filter.wdte,44
rosetta:888f316a14c8,gold,.wasm,544c0a624a4cad871924c2e84fabd2e1f7ec54e1,factorial-2.wasm,swh:1:cnt:544c0a624a4cad871924c2e84fabd2e1f7ec54e1;origin=https://github.com/acmeism/RosettaCodeData;path=/Task/Factorial/WebAssembly/factorial-2.wasm,WebAssembly,WebAssembly,WebAssembly;wast;wasm,the contributor (the language heading the solution is filed under on rosettacode.org),RosettaCodeData@1d47586,,,,in-linguist;invented-ext,Task/Factorial/WebAssembly/factorial-2.wasm,14
rosetta:796f4b2daa0d,gold,.wasm,1d13b9358a272aa63e353f62f7106f8feea6e918,fibonacci-sequence.wasm,swh:1:cnt:1d13b9358a272aa63e353f62f7106f8feea6e918;origin=https://github.com/acmeism/RosettaCodeData;path=/Task/Fibonacci-sequence/WebAssembly/fibonacci-sequence.wasm,WebAssembly,WebAssembly,WebAssembly;wast;wasm,the contributor (the language heading the solution is filed under on rosettacode.org),RosettaCodeData@1d47586,,,,in-linguist;invented-ext,Task/Fibonacci-sequence/WebAssembly/fibonacci-sequence.wasm,14
rosetta:77aa97f70c1d,gold,.basic,2f531cf44e9013a97017352ac75a0b5b0d19fd60,empty-string.basic,swh:1:cnt:2f531cf44e9013a97017352ac75a0b5b0d19fd60;origin=https://github.com/acmeism/RosettaCodeData;path=/Task/Empty-string/Wee-Basic/empty-string.basic,Wee Basic,Wee Basic,Wee Basic,the contributor (the language heading the solution is filed under on rosettacode.org),RosettaCodeData@1d47586,,,,not-in-linguist;invented-ext,Task/Empty-string/Wee-Basic/empty-string.basic,19
rosetta:e4d3a40240e6,gold,.basic,90c75f7e22145a30eb3009dc193afd57493d2796,record-sound.basic,swh:1:cnt:90c75f7e22145a30eb3009dc193afd57493d2796;origin=https://github.com/acmeism/RosettaCodeData;path=/Task/Record-sound/Wee-Basic/record-sound.basic,Wee Basic,Wee Basic,Wee Basic,the contributor (the language heading the solution is filed under on rosettacode.org),RosettaCodeData@1d47586,,,,not-in-linguist;invented-ext,Task/Record-sound/Wee-Basic/record-sound.basic,19
rosetta:3f9c2dc11e5c,gold,.whenever,f3eb86c6b612f33395973d6aeaf291236acd85d3,rot-13.whenever,swh:1:cnt:f3eb86c6b612f33395973d6aeaf291236acd85d3;origin=https://github.com/acmeism/RosettaCodeData;path=/Task/Rot-13/Whenever/rot-13.whenever,Whenever,Whenever,Whenever,the contributor (the language heading the solution is filed under on rosettacode.org),RosettaCodeData@1d47586,,,,not-in-linguist;invented-ext,Task/Rot-13/Whenever/rot-13.whenever,3
rosetta:8dac6fab6bfa,gold,.ws,d789f25bea2b61b4c14eb89e43c758fb4a015bc6,fibonacci-sequence-2.ws,swh:1:cnt:d789f25bea2b61b4c14eb89e43c758fb4a015bc6;origin=https://github.com/acmeism/RosettaCodeData;path=/Task/Fibonacci-sequence/Whitespace/fibonacci-sequence-2.ws,Whitespace,Whitespace,Whitespace,the contributor (the language heading the solution is filed under on rosettacode.org),RosettaCodeData@1d47586,,,,not-in-linguist;misleading-ext,Task/Fibonacci-sequence/Whitespace/fibonacci-sequence-2.ws,21
rosetta:c7ddf0d594f9,gold,.ws,010a03ad52b1a3c346828ed4e7b31abe103748a7,langtons-ant-2.ws,swh:1:cnt:010a03ad52b1a3c346828ed4e7b31abe103748a7;origin=https://github.com/acmeism/RosettaCodeData;path=/Task/Langtons-ant/Whitespace/langtons-ant-2.ws,Whitespace,Whitespace,Whitespace,the contributor (the language heading the solution is filed under on rosettacode.org),RosettaCodeData@1d47586,,,,not-in-linguist;misleading-ext,Task/Langtons-ant/Whitespace/langtons-ant-2.ws,21
rosetta:73e8dc4ee4a7,gold,.wisp,e700dbc1caf5925020a97156f681ffbef1c783d6,knuth-shuffle.wisp,swh:1:cnt:e700dbc1caf5925020a97156f681ffbef1c783d6;origin=https://github.com/acmeism/RosettaCodeData;path=/Task/Knuth-shuffle/Wisp/knuth-shuffle.wisp,wisp,Wisp,wisp;Wisp,the contributor (the language heading the solution is filed under on rosettacode.org),RosettaCodeData@1d47586,,,,in-linguist,Task/Knuth-shuffle/Wisp/knuth-shuffle.wisp,5
rosetta:799c1f261ca6,gold,.wisp,2ed52b5cd6ae7da90c44a640dae94457ac532a54,levenshtein-distance.wisp,swh:1:cnt:2ed52b5cd6ae7da90c44a640dae94457ac532a54;origin=https://github.com/acmeism/RosettaCodeData;path=/Task/Levenshtein-distance/Wisp/levenshtein-distance.wisp,wisp,Wisp,wisp;Wisp,the contributor (the language heading the solution is filed under on rosettacode.org),RosettaCodeData@1d47586,,,,in-linguist,Task/Levenshtein-distance/Wisp/levenshtein-distance.wisp,5
rosetta:7eac9d845eed,gold,.wollok,e730dbc678c92805f1504e30de7cd4e5a4b0320b,polymorphism.wollok,swh:1:cnt:e730dbc678c92805f1504e30de7cd4e5a4b0320b;origin=https://github.com/acmeism/RosettaCodeData;path=/Task/Polymorphism/Wollok/polymorphism.wollok,Wollok,Wollok,Wollok,the contributor (the language heading the solution is filed under on rosettacode.org),RosettaCodeData@1d47586,,,,in-linguist;invented-ext,Task/Polymorphism/Wollok/polymorphism.wollok,1
rosetta:556844b5f5ee,gold,.woma,56f161b451c099814b19990fe761dc8ba858d690,sieve-of-eratosthenes.woma,swh:1:cnt:56f161b451c099814b19990fe761dc8ba858d690;origin=https://github.com/acmeism/RosettaCodeData;path=/Task/Sieve-of-Eratosthenes/Woma/sieve-of-eratosthenes.woma,Woma,Woma,Woma,the contributor (the language heading the solution is filed under on rosettacode.org),RosettaCodeData@1d47586,,,,not-in-linguist;invented-ext,Task/Sieve-of-Eratosthenes/Woma/sieve-of-eratosthenes.woma,4
rosetta:ae646c528be8,gold,.wortel,8d98c91f15bc474afc3e38f4c5664501a3c8645b,reverse-a-string.wortel,swh:1:cnt:8d98c91f15bc474afc3e38f4c5664501a3c8645b;origin=https://github.com/acmeism/RosettaCodeData;path=/Task/Reverse-a-string/Wortel/reverse-a-string.wortel,Wortel,Wortel,Wortel,the contributor (the language heading the solution is filed under on rosettacode.org),RosettaCodeData@1d47586,,,,not-in-linguist;invented-ext;tiny,Task/Reverse-a-string/Wortel/reverse-a-string.wortel,65
rosetta:45889002a695,gold,.wortel,9397daf71042a71e23cc22e81094039eb22f499a,vector-products.wortel,swh:1:cnt:9397daf71042a71e23cc22e81094039eb22f499a;origin=https://github.com/acmeism/RosettaCodeData;path=/Task/Vector-products/Wortel/vector-products.wortel,Wortel,Wortel,Wortel,the contributor (the language heading the solution is filed under on rosettacode.org),RosettaCodeData@1d47586,,,,not-in-linguist;invented-ext,Task/Vector-products/Wortel/vector-products.wortel,65
rosetta:f56168327147,gold,.wrapl,bc5ec4a241b7ae6fc8b184b2cee377f6627bae39,99-bottles-of-beer.wrapl,swh:1:cnt:bc5ec4a241b7ae6fc8b184b2cee377f6627bae39;origin=https://github.com/acmeism/RosettaCodeData;path=/Task/99-bottles-of-beer/Wrapl/99-bottles-of-beer.wrapl,Wrapl,Wrapl,Wrapl,the contributor (the language heading the solution is filed under on rosettacode.org),RosettaCodeData@1d47586,,,,not-in-linguist;invented-ext,Task/99-bottles-of-beer/Wrapl/99-bottles-of-beer.wrapl,16
rosetta:4f1daf863c86,gold,.wrapl,f2f8a4e4497536126ce44933fd4dfb452f489a73,conditional-structures-1.wrapl,swh:1:cnt:f2f8a4e4497536126ce44933fd4dfb452f489a73;origin=https://github.com/acmeism/RosettaCodeData;path=/Task/Conditional-structures/Wrapl/conditional-structures-1.wrapl,Wrapl,Wrapl,Wrapl,the contributor (the language heading the solution is filed under on rosettacode.org),RosettaCodeData@1d47586,,,,not-in-linguist;invented-ext;tiny,Task/Conditional-structures/Wrapl/conditional-structures-1.wrapl,16
rosetta:894cf84dfbfd,gold,.wren,e514f3e535b44630087321e42b911d746afb97c6,find-words-whose-first-and-last-three-letters-are-equal.wren,swh:1:cnt:e514f3e535b44630087321e42b911d746afb97c6;origin=https://github.com/acmeism/RosettaCodeData;path=/Task/Find-words-whose-first-and-last-three-letters-are-equal/Wren/find-words-whose-first-and-last-three-letters-are-equal.wren,Wren,Wren,Wren;wrenlang,the contributor (the language heading the solution is filed under on rosettacode.org),RosettaCodeData@1d47586,,,,in-linguist,Task/Find-words-whose-first-and-last-three-letters-are-equal/Wren/find-words-whose-first-and-last-three-letters-are-equal.wren,1955
rosetta:44cf166968a8,gold,.wren,7e2256443c0c770115abee1dd8df18aa8cba4d2a,numbers-divisible-by-their-individual-digits-but-not-by-the-product-of-their-digits.wren,swh:1:cnt:7e2256443c0c770115abee1dd8df18aa8cba4d2a;origin=https://github.com/acmeism/RosettaCodeData;path=/Task/Numbers-divisible-by-their-individual-digits-but-not-by-the-product-of-their-digits/Wren/numbers-divisible-by-their-individual-digits-but-not-by-the-product-of-their-digits.wren,Wren,Wren,Wren;wrenlang,the contributor (the language heading the solution is filed under on rosettacode.org),RosettaCodeData@1d47586,,,,in-linguist,Task/Numbers-divisible-by-their-individual-digits-but-not-by-the-product-of-their-digits/Wren/numbers-divisible-by-their-individual-digits-but-not-by-the-product-of-their-digits.wren,1955
rosetta:e27a451a4aef,gold,.x,2fecbbb0f231f890ee6d8d2d2c5ee85c15b1ae8f,chemical-calculator.x,swh:1:cnt:2fecbbb0f231f890ee6d8d2d2c5ee85c15b1ae8f;origin=https://github.com/acmeism/RosettaCodeData;path=/Task/Chemical-calculator/X-script/chemical-calculator.x,X-script,X-script,X-script,the contributor (the language heading the solution is filed under on rosettacode.org),RosettaCodeData@1d47586,,,,not-in-linguist;misleading-ext;ambiguous-ext,Task/Chemical-calculator/X-script/chemical-calculator.x,1
rosetta:79a2d0f94b7e,gold,.x10,59d1ba7fd63028c54a82466bfdbf0a4cf1119f59,99-bottles-of-beer.x10,swh:1:cnt:59d1ba7fd63028c54a82466bfdbf0a4cf1119f59;origin=https://github.com/acmeism/RosettaCodeData;path=/Task/99-bottles-of-beer/X10/99-bottles-of-beer.x10,X10,X10,X10;xten,the contributor (the language heading the solution is filed under on rosettacode.org),RosettaCodeData@1d47586,,,,in-linguist,Task/99-bottles-of-beer/X10/99-bottles-of-beer.x10,3
rosetta:f9efd99c9fc1,gold,.x10,97c263b66ef0f2900d93b83f35d37cdea145e676,hello-world-text.x10,swh:1:cnt:97c263b66ef0f2900d93b83f35d37cdea145e676;origin=https://github.com/acmeism/RosettaCodeData;path=/Task/Hello-world-Text/X10/hello-world-text.x10,X10,X10,X10;xten,the contributor (the language heading the solution is filed under on rosettacode.org),RosettaCodeData@1d47586,,,,in-linguist,Task/Hello-world-Text/X10/hello-world-text.x10,3
rosetta:3002ace393ac,gold,.x86,d291dc310145d4fe3ef0294a5f50cfc86036b11b,copy-a-string-2.x86,swh:1:cnt:d291dc310145d4fe3ef0294a5f50cfc86036b11b;origin=https://github.com/acmeism/RosettaCodeData;path=/Task/Copy-a-string/X86-Assembly/copy-a-string-2.x86,X86 Assembly,X86 Assembly,X86 Assembly,the contributor (the language heading the solution is filed under on rosettacode.org),RosettaCodeData@1d47586,,,,not-in-linguist;invented-ext,Task/Copy-a-string/X86-Assembly/copy-a-string-2.x86,125
rosetta:3b6198932d97,gold,.x86,86fe1fa7c2e4a10e553e4363959309822502f58f,pythagoras-tree.x86,swh:1:cnt:86fe1fa7c2e4a10e553e4363959309822502f58f;origin=https://github.com/acmeism/RosettaCodeData;path=/Task/Pythagoras-tree/X86-Assembly/pythagoras-tree.x86,X86 Assembly,X86 Assembly,X86 Assembly,the contributor (the language heading the solution is filed under on rosettacode.org),RosettaCodeData@1d47586,,,,not-in-linguist;invented-ext,Task/Pythagoras-tree/X86-Assembly/pythagoras-tree.x86,125
rosetta:2b207ad183e4,gold,.x86-64,fd89cc853bfac9fff224687aa118259834ef1981,include-a-file-3.x86-64,swh:1:cnt:fd89cc853bfac9fff224687aa118259834ef1981;origin=https://github.com/acmeism/RosettaCodeData;path=/Task/Include-a-file/X86-64-Assembly/include-a-file-3.x86-64,X86-64 Assembly,X86-64 Assembly,X86-64 Assembly,the contributor (the language heading the solution is filed under on rosettacode.org),RosettaCodeData@1d47586,,,,not-in-linguist;invented-ext,Task/Include-a-file/X86-64-Assembly/include-a-file-3.x86-64,66
rosetta:0a9aacbdf0ae,gold,.x86-64,2c39c370b6c3bf81b09690267a992df787d7592c,sockets.x86-64,swh:1:cnt:2c39c370b6c3bf81b09690267a992df787d7592c;origin=https://github.com/acmeism/RosettaCodeData;path=/Task/Sockets/X86-64-Assembly/sockets.x86-64,X86-64 Assembly,X86-64 Assembly,X86-64 Assembly,the contributor (the language heading the solution is filed under on rosettacode.org),RosettaCodeData@1d47586,,,,not-in-linguist;invented-ext,Task/Sockets/X86-64-Assembly/sockets.x86-64,66
rosetta:96b47e7467fe,gold,.xanadu,9ad2253b568978d36ab0201fbaa488a37634f8ff,n-queens-problem.xanadu,swh:1:cnt:9ad2253b568978d36ab0201fbaa488a37634f8ff;origin=https://github.com/acmeism/RosettaCodeData;path=/Task/N-queens-problem/Xanadu/n-queens-problem.xanadu,Xanadu,Xanadu,Xanadu,the contributor (the language heading the solution is filed under on rosettacode.org),RosettaCodeData@1d47586,,,,not-in-linguist;invented-ext,Task/N-queens-problem/Xanadu/n-queens-problem.xanadu,1
rosetta:c5f3dbdba5f4,gold,.basic,507c2521c12dccfe415370e156b56bab4ce07cec,arithmetic-numbers.basic,swh:1:cnt:507c2521c12dccfe415370e156b56bab4ce07cec;origin=https://github.com/acmeism/RosettaCodeData;path=/Task/Arithmetic-numbers/XBasic/arithmetic-numbers.basic,XBasic,XBasic,XBasic,the contributor (the language heading the solution is filed under on rosettacode.org),RosettaCodeData@1d47586,,,,not-in-linguist;invented-ext,Task/Arithmetic-numbers/XBasic/arithmetic-numbers.basic,127
rosetta:6799ce396ac6,gold,.basic,02dd23cf447f17cc7708efb37831b4c0c79ef4ce,ethiopian-multiplication.basic,swh:1:cnt:02dd23cf447f17cc7708efb37831b4c0c79ef4ce;origin=https://github.com/acmeism/RosettaCodeData;path=/Task/Ethiopian-multiplication/XBasic/ethiopian-multiplication.basic,XBasic,XBasic,XBasic,the contributor (the language heading the solution is filed under on rosettacode.org),RosettaCodeData@1d47586,,,,not-in-linguist;invented-ext,Task/Ethiopian-multiplication/XBasic/ethiopian-multiplication.basic,127
rosetta:4259ef8e8045,gold,.xbs,e47234e0eeacf157acab9fc7dd95f8f171c783a7,execute-brain-.xbs,swh:1:cnt:e47234e0eeacf157acab9fc7dd95f8f171c783a7;origin=https://github.com/acmeism/RosettaCodeData;path=/Task/Execute-Brain-/XBS/execute-brain-.xbs,XBS,XBS,XBS,the contributor (the language heading the solution is filed under on rosettacode.org),RosettaCodeData@1d47586,,,,not-in-linguist;invented-ext,Task/Execute-Brain-/XBS/execute-brain-.xbs,38
rosetta:0e5c7b3e1f06,gold,.xbs,8a6cfd24f41679143e36ee1b2465a8b3b5b6e6d4,magic-8-ball-1.xbs,swh:1:cnt:8a6cfd24f41679143e36ee1b2465a8b3b5b6e6d4;origin=https://github.com/acmeism/RosettaCodeData;path=/Task/Magic-8-ball/XBS/magic-8-ball-1.xbs,XBS,XBS,XBS,the contributor (the language heading the solution is filed under on rosettacode.org),RosettaCodeData@1d47586,,,,not-in-linguist;invented-ext,Task/Magic-8-ball/XBS/magic-8-ball-1.xbs,38
rosetta:ff3a09f3021d,gold,.xeec,2cedf5ccfd7be5fd619db7e6778900f2665b777b,even-or-odd.xeec,swh:1:cnt:2cedf5ccfd7be5fd619db7e6778900f2665b777b;origin=https://github.com/acmeism/RosettaCodeData;path=/Task/Even-or-odd/XEec/even-or-odd.xeec,XEec,XEec,XEec,the contributor (the language heading the solution is filed under on rosettacode.org),RosettaCodeData@1d47586,,,,not-in-linguist;invented-ext;tiny,Task/Even-or-odd/XEec/even-or-odd.xeec,5
rosetta:5bdf56813045,gold,.xeec,4ec3998a1f110d9c126465f7ad82fd22384f959f,fibonacci-sequence.xeec,swh:1:cnt:4ec3998a1f110d9c126465f7ad82fd22384f959f;origin=https://github.com/acmeism/RosettaCodeData;path=/Task/Fibonacci-sequence/XEec/fibonacci-sequence.xeec,XEec,XEec,XEec,the contributor (the language heading the solution is filed under on rosettacode.org),RosettaCodeData@1d47586,,,,not-in-linguist;invented-ext,Task/Fibonacci-sequence/XEec/fibonacci-sequence.xeec,5
rosetta:0790077d49f8,gold,.l,0fd6aabca816b6f23cd837f382c0fd547b264813,inheritance-single-2.l,swh:1:cnt:0fd6aabca816b6f23cd837f382c0fd547b264813;origin=https://github.com/acmeism/RosettaCodeData;path=/Task/Inheritance-Single/XLISP/inheritance-single-2.l,XLISP,XLISP,XLISP,the contributor (the language heading the solution is filed under on rosettacode.org),RosettaCodeData@1d47586,,,,not-in-linguist;misleading-ext;ambiguous-ext,Task/Inheritance-Single/XLISP/inheritance-single-2.l,96
rosetta:497904e1a859,gold,.l,94cd885afc4442d0949656034bb9bff8a004c14f,priority-queue-8.l,swh:1:cnt:94cd885afc4442d0949656034bb9bff8a004c14f;origin=https://github.com/acmeism/RosettaCodeData;path=/Task/Priority-queue/XLISP/priority-queue-8.l,XLISP,XLISP,XLISP,the contributor (the language heading the solution is filed under on rosettacode.org),RosettaCodeData@1d47586,,,,not-in-linguist;misleading-ext;ambiguous-ext,Task/Priority-queue/XLISP/priority-queue-8.l,96
rosetta:4082572a993b,gold,.xojo,a13bd6f306372da69f24c37ac46ab130ec223a17,lzw-compression.xojo,swh:1:cnt:a13bd6f306372da69f24c37ac46ab130ec223a17;origin=https://github.com/acmeism/RosettaCodeData;path=/Task/LZW-compression/Xojo/lzw-compression.xojo,Xojo,Xojo,Xojo,the contributor (the language heading the solution is filed under on rosettacode.org),RosettaCodeData@1d47586,,,,in-linguist;invented-ext,Task/LZW-compression/Xojo/lzw-compression.xojo,20
rosetta:372bb8a546b5,gold,.xojo,51fddb89c5e61f15c0004cf395f98f7d0ccc6611,luhn-test-of-credit-card-numbers.xojo,swh:1:cnt:51fddb89c5e61f15c0004cf395f98f7d0ccc6611;origin=https://github.com/acmeism/RosettaCodeData;path=/Task/Luhn-test-of-credit-card-numbers/Xojo/luhn-test-of-credit-card-numbers.xojo,Xojo,Xojo,Xojo,the contributor (the language heading the solution is filed under on rosettacode.org),RosettaCodeData@1d47586,,,,in-linguist;invented-ext,Task/Luhn-test-of-credit-card-numbers/Xojo/luhn-test-of-credit-card-numbers.xojo,20
rosetta:e6f48809af5f,gold,.xpath,8a3f758d1cc3bdf58d1c4fc66e3cdf78affc79d0,99-bottles-of-beer.xpath,swh:1:cnt:8a3f758d1cc3bdf58d1c4fc66e3cdf78affc79d0;origin=https://github.com/acmeism/RosettaCodeData;path=/Task/99-bottles-of-beer/XPath/99-bottles-of-beer.xpath,XPath,XPath,XPath,the contributor (the language heading the solution is filed under on rosettacode.org),RosettaCodeData@1d47586,,,,not-in-linguist;invented-ext,Task/99-bottles-of-beer/XPath/99-bottles-of-beer.xpath,3
rosetta:02586bdcb9e1,gold,.xpl0,0a4addf26709d0acda95e11662c73d58d69121fd,honaker-primes.xpl0,swh:1:cnt:0a4addf26709d0acda95e11662c73d58d69121fd;origin=https://github.com/acmeism/RosettaCodeData;path=/Task/Honaker-primes/XPL0/honaker-primes.xpl0,XPL0,XPL0,XPL0,the contributor (the language heading the solution is filed under on rosettacode.org),RosettaCodeData@1d47586,,,,not-in-linguist;invented-ext,Task/Honaker-primes/XPL0/honaker-primes.xpl0,959
rosetta:140ebbabb914,gold,.xpl0,cc68fb82db4ea5918764ec34de27edd3fd785a91,text-between.xpl0,swh:1:cnt:cc68fb82db4ea5918764ec34de27edd3fd785a91;origin=https://github.com/acmeism/RosettaCodeData;path=/Task/Text-between/XPL0/text-between.xpl0,XPL0,XPL0,XPL0,the contributor (the language heading the solution is filed under on rosettacode.org),RosettaCodeData@1d47586,,,,not-in-linguist;invented-ext,Task/Text-between/XPL0/text-between.xpl0,959
rosetta:42d5435f5222,gold,.xproc,da00c00b60c874c534ca566ad517290eb9a656af,xml-dom-serialization.xproc,swh:1:cnt:da00c00b60c874c534ca566ad517290eb9a656af;origin=https://github.com/acmeism/RosettaCodeData;path=/Task/XML-DOM-serialization/XProc/xml-dom-serialization.xproc,XProc,XProc,XProc,the contributor (the language heading the solution is filed under on rosettacode.org),RosettaCodeData@1d47586,,,,in-linguist,Task/XML-DOM-serialization/XProc/xml-dom-serialization.xproc,2
rosetta:90eaab6ba96c,gold,.xproc,edc35cffed2bb29fab70f67ed005928dd4bc3ed6,xml-xpath.xproc,swh:1:cnt:edc35cffed2bb29fab70f67ed005928dd4bc3ed6;origin=https://github.com/acmeism/RosettaCodeData;path=/Task/XML-XPath/XProc/xml-xpath.xproc,XProc,XProc,XProc,the contributor (the language heading the solution is filed under on rosettacode.org),RosettaCodeData@1d47586,,,,in-linguist,Task/XML-XPath/XProc/xml-xpath.xproc,2
rosetta:ab2ab114de65,gold,.xprofan,a57bcf85f03436050db6376e890eb10cabc9981f,compare-a-list-of-strings.xprofan,swh:1:cnt:a57bcf85f03436050db6376e890eb10cabc9981f;origin=https://github.com/acmeism/RosettaCodeData;path=/Task/Compare-a-list-of-strings/XProfan/compare-a-list-of-strings.xprofan,XProfan,XProfan,XProfan,the contributor (the language heading the solution is filed under on rosettacode.org),RosettaCodeData@1d47586,,,,not-in-linguist;invented-ext,Task/Compare-a-list-of-strings/XProfan/compare-a-list-of-strings.xprofan,6
rosetta:f2e8761049bf,gold,.xprofan,6302e446b89f9f79c95fa7218a0763dd366deffb,string-matching.xprofan,swh:1:cnt:6302e446b89f9f79c95fa7218a0763dd366deffb;origin=https://github.com/acmeism/RosettaCodeData;path=/Task/String-matching/XProfan/string-matching.xprofan,XProfan,XProfan,XProfan,the contributor (the language heading the solution is filed under on rosettacode.org),RosettaCodeData@1d47586,,,,not-in-linguist;invented-ext,Task/String-matching/XProfan/string-matching.xprofan,6
rosetta:ad9ad3d28da0,gold,.xquery,f39417368dd602518fc99cb8a288b60a1ef61033,xml-output-1.xquery,swh:1:cnt:f39417368dd602518fc99cb8a288b60a1ef61033;origin=https://github.com/acmeism/RosettaCodeData;path=/Task/XML-Output/XQuery/xml-output-1.xquery,XQuery,XQuery,XQuery,the contributor (the language heading the solution is filed under on rosettacode.org),RosettaCodeData@1d47586,,,,in-linguist,Task/XML-Output/XQuery/xml-output-1.xquery,25
rosetta:3d70cf7941a0,gold,.xquery,1675b2182e0959bed8dea893a3927bb84594a68c,xml-xpath-1.xquery,swh:1:cnt:1675b2182e0959bed8dea893a3927bb84594a68c;origin=https://github.com/acmeism/RosettaCodeData;path=/Task/XML-XPath/XQuery/xml-xpath-1.xquery,XQuery,XQuery,XQuery,the contributor (the language heading the solution is filed under on rosettacode.org),RosettaCodeData@1d47586,,,,in-linguist,Task/XML-XPath/XQuery/xml-xpath-1.xquery,25
rosetta:73e433c63a01,gold,.xslt,8da74564b7a7122b89e87e8bba33ae48d6e8b855,execute-hq9+-7.xslt,swh:1:cnt:8da74564b7a7122b89e87e8bba33ae48d6e8b855;origin=https://github.com/acmeism/RosettaCodeData;path=/Task/Execute-HQ9+/XSLT/execute-hq9+-7.xslt,XSLT,XSLT,XSLT;xsl,the contributor (the language heading the solution is filed under on rosettacode.org),RosettaCodeData@1d47586,,,,in-linguist,Task/Execute-HQ9+/XSLT/execute-hq9+-7.xslt,74
rosetta:a706a86bb84e,gold,.xslt,1df11a79dfc916b83d885941e19ee96126c1443a,function-definition-3.xslt,swh:1:cnt:1df11a79dfc916b83d885941e19ee96126c1443a;origin=https://github.com/acmeism/RosettaCodeData;path=/Task/Function-definition/XSLT/function-definition-3.xslt,XSLT,XSLT,XSLT;xsl,the contributor (the language heading the solution is filed under on rosettacode.org),RosettaCodeData@1d47586,,,,in-linguist,Task/Function-definition/XSLT/function-definition-3.xslt,74
rosetta:0404e0fd1e48,gold,.xslt,83d2a251d475d4b766e3c6492200824bebb7d2dc,100-doors-1.xslt,swh:1:cnt:83d2a251d475d4b766e3c6492200824bebb7d2dc;origin=https://github.com/acmeism/RosettaCodeData;path=/Task/100-doors/XSLT-1.0/100-doors-1.xslt,XSLT,XSLT 1.0,XSLT;xsl;XSLT 1.0,the contributor (the language heading the solution is filed under on rosettacode.org),RosettaCodeData@1d47586,,,,in-linguist,Task/100-doors/XSLT-1.0/100-doors-1.xslt,4
rosetta:dc6625ce9dc3,gold,.xslt,ee5fc136fde4bd87d8caa53483715cd6ac6e5652,matrix-multiplication-2.xslt,swh:1:cnt:ee5fc136fde4bd87d8caa53483715cd6ac6e5652;origin=https://github.com/acmeism/RosettaCodeData;path=/Task/Matrix-multiplication/XSLT-1.0/matrix-multiplication-2.xslt,XSLT,XSLT 1.0,XSLT;xsl;XSLT 1.0,the contributor (the language heading the solution is filed under on rosettacode.org),RosettaCodeData@1d47586,,,,in-linguist,Task/Matrix-multiplication/XSLT-1.0/matrix-multiplication-2.xslt,4
rosetta:60c37781443f,gold,.xslt,208da0821172bdd2ea1c286d2707be973166d27f,100-doors.xslt,swh:1:cnt:208da0821172bdd2ea1c286d2707be973166d27f;origin=https://github.com/acmeism/RosettaCodeData;path=/Task/100-doors/XSLT-2.0/100-doors.xslt,XSLT,XSLT 2.0,XSLT;xsl;XSLT 2.0,the contributor (the language heading the solution is filed under on rosettacode.org),RosettaCodeData@1d47586,,,,in-linguist,Task/100-doors/XSLT-2.0/100-doors.xslt,8
rosetta:473cbb6e38bb,gold,.xslt,ae0e8777ce407e7c9a1f250929c13963257ffe5b,longest-string-challenge-3.xslt,swh:1:cnt:ae0e8777ce407e7c9a1f250929c13963257ffe5b;origin=https://github.com/acmeism/RosettaCodeData;path=/Task/Longest-string-challenge/XSLT-2.0/longest-string-challenge-3.xslt,XSLT,XSLT 2.0,XSLT;xsl;XSLT 2.0,the contributor (the language heading the solution is filed under on rosettacode.org),RosettaCodeData@1d47586,,,,in-linguist,Task/Longest-string-challenge/XSLT-2.0/longest-string-challenge-3.xslt,8
rosetta:386e9464172e,gold,.xtalk,36aaba1f0965f6c6de59c78a5832f6b9bf6acf96,99-bottles-of-beer.xtalk,swh:1:cnt:36aaba1f0965f6c6de59c78a5832f6b9bf6acf96;origin=https://github.com/acmeism/RosettaCodeData;path=/Task/99-bottles-of-beer/XTalk/99-bottles-of-beer.xtalk,XTalk,XTalk,XTalk,the contributor (the language heading the solution is filed under on rosettacode.org),RosettaCodeData@1d47586,,,,not-in-linguist;invented-ext,Task/99-bottles-of-beer/XTalk/99-bottles-of-beer.xtalk,10
rosetta:8119808dedaf,gold,.xtalk,6268fb9b3452a4724de44c8f52eb5d71014ba980,variable-length-quantity-1.xtalk,swh:1:cnt:6268fb9b3452a4724de44c8f52eb5d71014ba980;origin=https://github.com/acmeism/RosettaCodeData;path=/Task/Variable-length-quantity/XTalk/variable-length-quantity-1.xtalk,XTalk,XTalk,XTalk,the contributor (the language heading the solution is filed under on rosettacode.org),RosettaCodeData@1d47586,,,,not-in-linguist;invented-ext,Task/Variable-length-quantity/XTalk/variable-length-quantity-1.xtalk,10
rosetta:95c683375763,gold,.ya,40698505e512d81fde2f23ef192c0607d2e3e56e,balanced-brackets.ya,swh:1:cnt:40698505e512d81fde2f23ef192c0607d2e3e56e;origin=https://github.com/acmeism/RosettaCodeData;path=/Task/Balanced-brackets/Ya/balanced-brackets.ya,Ya,Ya,Ya,the contributor (the language heading the solution is filed under on rosettacode.org),RosettaCodeData@1d47586,,,,not-in-linguist;invented-ext,Task/Balanced-brackets/Ya/balanced-brackets.ya,1
rosetta:90f579476723,gold,.basic,23ba71f12fbaed35680087f855325ed7a61e0964,sequence:-smallest-number-greater-than-previous-term-with-exactly-n-divisors.basic,swh:1:cnt:23ba71f12fbaed35680087f855325ed7a61e0964;origin=https://github.com/acmeism/RosettaCodeData;path=/Task/Sequence:-smallest-number-greater-than-previous-term-with-exactly-n-divisors/Yabasic/sequence:-smallest-number-greater-than-previous-term-with-exactly-n-divisors.basic,Yabasic,Yabasic,Yabasic,the contributor (the language heading the solution is filed under on rosettacode.org),RosettaCodeData@1d47586,,,,not-in-linguist;invented-ext,Task/Sequence:-smallest-number-greater-than-previous-term-with-exactly-n-divisors/Yabasic/sequence:-smallest-number-greater-than-previous-term-with-exactly-n-divisors.basic,602
rosetta:4b806f76f167,gold,.basic,325162cc8ca8d45ab040e692b755e885f195cb4d,sync-subtitles.basic,swh:1:cnt:325162cc8ca8d45ab040e692b755e885f195cb4d;origin=https://github.com/acmeism/RosettaCodeData;path=/Task/Sync-subtitles/Yabasic/sync-subtitles.basic,Yabasic,Yabasic,Yabasic,the contributor (the language heading the solution is filed under on rosettacode.org),RosettaCodeData@1d47586,,,,not-in-linguist;invented-ext,Task/Sync-subtitles/Yabasic/sync-subtitles.basic,602
rosetta:3631bdaa168e,gold,.yacas,b0b1eb9ed75b78c6438d9491e3b22fa4554bae40,99-bottles-of-beer.yacas,swh:1:cnt:b0b1eb9ed75b78c6438d9491e3b22fa4554bae40;origin=https://github.com/acmeism/RosettaCodeData;path=/Task/99-bottles-of-beer/Yacas/99-bottles-of-beer.yacas,Yacas,Yacas,Yacas,the contributor (the language heading the solution is filed under on rosettacode.org),RosettaCodeData@1d47586,,,,not-in-linguist;invented-ext,Task/99-bottles-of-beer/Yacas/99-bottles-of-beer.yacas,6
rosetta:5adba9544588,gold,.yacas,e191c07a50405804763eb99b1533e3f92046c885,comments.yacas,swh:1:cnt:e191c07a50405804763eb99b1533e3f92046c885;origin=https://github.com/acmeism/RosettaCodeData;path=/Task/Comments/Yacas/comments.yacas,Yacas,Yacas,Yacas,the contributor (the language heading the solution is filed under on rosettacode.org),RosettaCodeData@1d47586,,,,not-in-linguist;invented-ext,Task/Comments/Yacas/comments.yacas,6
rosetta:b8269244cb5f,gold,.ys,4be9c4efbf2253436d05ae324d1f8fd94065231b,brazilian-numbers.ys,swh:1:cnt:4be9c4efbf2253436d05ae324d1f8fd94065231b;origin=https://github.com/acmeism/RosettaCodeData;path=/Task/Brazilian-numbers/YAMLScript/brazilian-numbers.ys,YAMLScript,YAMLScript,YAMLScript,the contributor (the language heading the solution is filed under on rosettacode.org),RosettaCodeData@1d47586,,,,not-in-linguist;invented-ext,Task/Brazilian-numbers/YAMLScript/brazilian-numbers.ys,834
rosetta:02372aafd94c,gold,.ys,2f6ab1e84f37fc7a298d2e542bd0b910c6af2381,matrix-exponentiation-operator.ys,swh:1:cnt:2f6ab1e84f37fc7a298d2e542bd0b910c6af2381;origin=https://github.com/acmeism/RosettaCodeData;path=/Task/Matrix-exponentiation-operator/YAMLScript/matrix-exponentiation-operator.ys,YAMLScript,YAMLScript,YAMLScript,the contributor (the language heading the solution is filed under on rosettacode.org),RosettaCodeData@1d47586,,,,not-in-linguist;invented-ext,Task/Matrix-exponentiation-operator/YAMLScript/matrix-exponentiation-operator.ys,834
rosetta:0620aca95dce,gold,.yorick,3d82d94ae5d2131c680b791187723e0d79dc3cc9,99-bottles-of-beer-1.yorick,swh:1:cnt:3d82d94ae5d2131c680b791187723e0d79dc3cc9;origin=https://github.com/acmeism/RosettaCodeData;path=/Task/99-bottles-of-beer/Yorick/99-bottles-of-beer-1.yorick,Yorick,Yorick,Yorick,the contributor (the language heading the solution is filed under on rosettacode.org),RosettaCodeData@1d47586,,,,not-in-linguist;invented-ext,Task/99-bottles-of-beer/Yorick/99-bottles-of-beer-1.yorick,40
rosetta:15b75627fb04,gold,.yorick,d7a6e01273bc37612dd071e299d3dd2797f68f05,leap-year.yorick,swh:1:cnt:d7a6e01273bc37612dd071e299d3dd2797f68f05;origin=https://github.com/acmeism/RosettaCodeData;path=/Task/Leap-year/Yorick/leap-year.yorick,Yorick,Yorick,Yorick,the contributor (the language heading the solution is filed under on rosettacode.org),RosettaCodeData@1d47586,,,,not-in-linguist;invented-ext;tiny,Task/Leap-year/Yorick/leap-year.yorick,40
rosetta:7d90d5d47397,gold,.z80,0d198f99b8c1e75b787e42dbc430b818efc30c3c,generic-swap-2.z80,swh:1:cnt:0d198f99b8c1e75b787e42dbc430b818efc30c3c;origin=https://github.com/acmeism/RosettaCodeData;path=/Task/Generic-swap/Z80-Assembly/generic-swap-2.z80,Z80 Assembly,Z80 Assembly,Z80 Assembly,the contributor (the language heading the solution is filed under on rosettacode.org),RosettaCodeData@1d47586,,,,not-in-linguist;invented-ext,Task/Generic-swap/Z80-Assembly/generic-swap-2.z80,207
rosetta:c628d5825760,gold,.z80,10dd4eecdb7bd32ff920d5e06a7ea9666c1fb122,shift-list-elements-to-left-by-3.z80,swh:1:cnt:10dd4eecdb7bd32ff920d5e06a7ea9666c1fb122;origin=https://github.com/acmeism/RosettaCodeData;path=/Task/Shift-list-elements-to-left-by-3/Z80-Assembly/shift-list-elements-to-left-by-3.z80,Z80 Assembly,Z80 Assembly,Z80 Assembly,the contributor (the language heading the solution is filed under on rosettacode.org),RosettaCodeData@1d47586,,,,not-in-linguist;invented-ext,Task/Shift-list-elements-to-left-by-3/Z80-Assembly/shift-list-elements-to-left-by-3.z80,207
rosetta:011e43a3e343,gold,.zed,b3605ef19973c90aca4d92cf9f0781f25f16eee9,a+b.zed,swh:1:cnt:b3605ef19973c90aca4d92cf9f0781f25f16eee9;origin=https://github.com/acmeism/RosettaCodeData;path=/Task/A+B/ZED/a+b.zed,ZED,ZED,ZED,the contributor (the language heading the solution is filed under on rosettacode.org),RosettaCodeData@1d47586,,,,not-in-linguist;misleading-ext,Task/A+B/ZED/a+b.zed,4
rosetta:489bfec4f7ee,gold,.zed,163b2a1d764ddf19bdd5bcb8a15a33551b8ddd0c,self-hosting-compiler.zed,swh:1:cnt:163b2a1d764ddf19bdd5bcb8a15a33551b8ddd0c;origin=https://github.com/acmeism/RosettaCodeData;path=/Task/Self-hosting-compiler/ZED/self-hosting-compiler.zed,ZED,ZED,ZED,the contributor (the language heading the solution is filed under on rosettacode.org),RosettaCodeData@1d47586,,,,not-in-linguist;misleading-ext,Task/Self-hosting-compiler/ZED/self-hosting-compiler.zed,4
rosetta:5358723ea1df,gold,.c,4204a92541bf1ca5d901f168a078526a34c9ee95,angles-geometric-normalization-and-conversion.c,swh:1:cnt:4204a92541bf1ca5d901f168a078526a34c9ee95;origin=https://github.com/acmeism/RosettaCodeData;path=/Task/Angles-geometric-normalization-and-conversion/Zen-C/angles-geometric-normalization-and-conversion.c,Zen C,Zen C,Zen C,the contributor (the language heading the solution is filed under on rosettacode.org),RosettaCodeData@1d47586,,,,not-in-linguist;misleading-ext,Task/Angles-geometric-normalization-and-conversion/Zen-C/angles-geometric-normalization-and-conversion.c,344
rosetta:a06b50d59cdd,gold,.c,ba3d693f6f9165a5c999d85cb63909029125a1eb,sum-of-primes-in-odd-positions-is-prime.c,swh:1:cnt:ba3d693f6f9165a5c999d85cb63909029125a1eb;origin=https://github.com/acmeism/RosettaCodeData;path=/Task/Sum-of-primes-in-odd-positions-is-prime/Zen-C/sum-of-primes-in-odd-positions-is-prime.c,Zen C,Zen C,Zen C,the contributor (the language heading the solution is filed under on rosettacode.org),RosettaCodeData@1d47586,,,,not-in-linguist;misleading-ext,Task/Sum-of-primes-in-odd-positions-is-prime/Zen-C/sum-of-primes-in-odd-positions-is-prime.c,344
rosetta:31713e138e10,gold,.zig,ea8499a79c9df1e63049baaf1ecfdb44d6edf6a9,greatest-element-of-a-list.zig,swh:1:cnt:ea8499a79c9df1e63049baaf1ecfdb44d6edf6a9;origin=https://github.com/acmeism/RosettaCodeData;path=/Task/Greatest-element-of-a-list/Zig/greatest-element-of-a-list.zig,Zig,Zig,Zig,the contributor (the language heading the solution is filed under on rosettacode.org),RosettaCodeData@1d47586,,,,in-linguist,Task/Greatest-element-of-a-list/Zig/greatest-element-of-a-list.zig,405
rosetta:14edac4e9d74,gold,.zig,deb20372a10cb976ee55c7e000ee44c2d749dca2,vigen-re-cipher-4.zig,swh:1:cnt:deb20372a10cb976ee55c7e000ee44c2d749dca2;origin=https://github.com/acmeism/RosettaCodeData;path=/Task/Vigen-re-cipher/Zig/vigen-re-cipher-4.zig,Zig,Zig,Zig,the contributor (the language heading the solution is filed under on rosettacode.org),RosettaCodeData@1d47586,,,,in-linguist,Task/Vigen-re-cipher/Zig/vigen-re-cipher-4.zig,405
rosetta:a44984087d55,gold,.zkl,31db0bb34d3caf9c82ba3575965c1d551f374a91,cipollas-algorithm-2.zkl,swh:1:cnt:31db0bb34d3caf9c82ba3575965c1d551f374a91;origin=https://github.com/acmeism/RosettaCodeData;path=/Task/Cipollas-algorithm/Zkl/cipollas-algorithm-2.zkl,Zkl,Zkl,Zkl,the contributor (the language heading the solution is filed under on rosettacode.org),RosettaCodeData@1d47586,,,,not-in-linguist;invented-ext,Task/Cipollas-algorithm/Zkl/cipollas-algorithm-2.zkl,1733
rosetta:3d1af6379dbe,gold,.zkl,ede8bcd885f38fcf540aca5b1e660efb7795313c,metaprogramming-5.zkl,swh:1:cnt:ede8bcd885f38fcf540aca5b1e660efb7795313c;origin=https://github.com/acmeism/RosettaCodeData;path=/Task/Metaprogramming/Zkl/metaprogramming-5.zkl,Zkl,Zkl,Zkl,the contributor (the language heading the solution is filed under on rosettacode.org),RosettaCodeData@1d47586,,,,not-in-linguist;invented-ext,Task/Metaprogramming/Zkl/metaprogramming-5.zkl,1733
rosetta:d1aca8e0fe2d,gold,.zoea,81def42034b6e14c7bbcef4a2fbaf86e6e680c8f,averages-arithmetic-mean.zoea,swh:1:cnt:81def42034b6e14c7bbcef4a2fbaf86e6e680c8f;origin=https://github.com/acmeism/RosettaCodeData;path=/Task/Averages-Arithmetic-mean/Zoea/averages-arithmetic-mean.zoea,Zoea,Zoea,Zoea,the contributor (the language heading the solution is filed under on rosettacode.org),RosettaCodeData@1d47586,,,,not-in-linguist;invented-ext,Task/Averages-Arithmetic-mean/Zoea/averages-arithmetic-mean.zoea,29
rosetta:1c34f95714b9,gold,.zoea,c1f6e3adb43e21a5d511d3f5da14f84e99d654b4,reverse-a-string.zoea,swh:1:cnt:c1f6e3adb43e21a5d511d3f5da14f84e99d654b4;origin=https://github.com/acmeism/RosettaCodeData;path=/Task/Reverse-a-string/Zoea/reverse-a-string.zoea,Zoea,Zoea,Zoea,the contributor (the language heading the solution is filed under on rosettacode.org),RosettaCodeData@1d47586,,,,not-in-linguist;invented-ext;tiny,Task/Reverse-a-string/Zoea/reverse-a-string.zoea,29
rosetta:5dc86b964d8b,gold,.zonnon,4ec6925ca6ee3ab61d76935fddecb8219a597fb2,a+b.zonnon,swh:1:cnt:4ec6925ca6ee3ab61d76935fddecb8219a597fb2;origin=https://github.com/acmeism/RosettaCodeData;path=/Task/A+B/Zonnon/a+b.zonnon,Zonnon,Zonnon,Zonnon,the contributor (the language heading the solution is filed under on rosettacode.org),RosettaCodeData@1d47586,,,,not-in-linguist;invented-ext,Task/A+B/Zonnon/a+b.zonnon,27
rosetta:a7cf440efae3,gold,.zonnon,d8171e8ce8d1e70ddc36102eb3dc2dc71e70673b,classes.zonnon,swh:1:cnt:d8171e8ce8d1e70ddc36102eb3dc2dc71e70673b;origin=https://github.com/acmeism/RosettaCodeData;path=/Task/Classes/Zonnon/classes.zonnon,Zonnon,Zonnon,Zonnon,the contributor (the language heading the solution is filed under on rosettacode.org),RosettaCodeData@1d47586,,,,not-in-linguist;invented-ext,Task/Classes/Zonnon/classes.zonnon,27
rosetta:edb27d0d7e29,gold,.zoom,50d91ba7082e5f9624adaece4eaf306fa4361086,guess-the-number-with-feedback.zoom,swh:1:cnt:50d91ba7082e5f9624adaece4eaf306fa4361086;origin=https://github.com/acmeism/RosettaCodeData;path=/Task/Guess-the-number-With-feedback/Zoomscript/guess-the-number-with-feedback.zoom,Zoomscript,Zoomscript,Zoomscript,the contributor (the language heading the solution is filed under on rosettacode.org),RosettaCodeData@1d47586,,,,not-in-linguist;invented-ext,Task/Guess-the-number-With-feedback/Zoomscript/guess-the-number-with-feedback.zoom,9
rosetta:d61b1b6d8260,gold,.zoom,b136dea502cf23291258869dbc0604116bbced71,sleep.zoom,swh:1:cnt:b136dea502cf23291258869dbc0604116bbced71;origin=https://github.com/acmeism/RosettaCodeData;path=/Task/Sleep/Zoomscript/sleep.zoom,Zoomscript,Zoomscript,Zoomscript,the contributor (the language heading the solution is filed under on rosettacode.org),RosettaCodeData@1d47586,,,,not-in-linguist;invented-ext;tiny,Task/Sleep/Zoomscript/sleep.zoom,9
rosetta:a674a226dd63,gold,.zpl,ac8ab4036bcd1527f4df8edb9a8c7fdec7770afe,conways-game-of-life.zpl,swh:1:cnt:ac8ab4036bcd1527f4df8edb9a8c7fdec7770afe;origin=https://github.com/acmeism/RosettaCodeData;path=/Task/Conways-Game-of-Life/ZPL/conways-game-of-life.zpl,ZPL,ZPL,ZPL,the contributor (the language heading the solution is filed under on rosettacode.org),RosettaCodeData@1d47586,,,,not-in-linguist;misleading-ext,Task/Conways-Game-of-Life/ZPL/conways-game-of-life.zpl,2
rosetta:b643d951b912,gold,.zpl,b6a8698eb80b6a687716acd084190e788d7e408b,matrix-multiplication.zpl,swh:1:cnt:b6a8698eb80b6a687716acd084190e788d7e408b;origin=https://github.com/acmeism/RosettaCodeData;path=/Task/Matrix-multiplication/ZPL/matrix-multiplication.zpl,ZPL,ZPL,ZPL,the contributor (the language heading the solution is filed under on rosettacode.org),RosettaCodeData@1d47586,,,,not-in-linguist;misleading-ext,Task/Matrix-multiplication/ZPL/matrix-multiplication.zpl,2
rosetta:179c478c0b5b,gold,.basic,c182cbf4cbc1f49e62855892bd1f842d84281012,draw-a-sphere.basic,swh:1:cnt:c182cbf4cbc1f49e62855892bd1f842d84281012;origin=https://github.com/acmeism/RosettaCodeData;path=/Task/Draw-a-sphere/ZX-Spectrum-Basic/draw-a-sphere.basic,ZX Spectrum Basic,ZX Spectrum Basic,ZX Spectrum Basic,the contributor (the language heading the solution is filed under on rosettacode.org),RosettaCodeData@1d47586,,,,not-in-linguist;invented-ext,Task/Draw-a-sphere/ZX-Spectrum-Basic/draw-a-sphere.basic,230
rosetta:e0ca4cc61b68,gold,.basic,15181177f28cb57fbac4401d367ba913b50d15d0,eulers-sum-of-powers-conjecture.basic,swh:1:cnt:15181177f28cb57fbac4401d367ba913b50d15d0;origin=https://github.com/acmeism/RosettaCodeData;path=/Task/Eulers-sum-of-powers-conjecture/ZX-Spectrum-Basic/eulers-sum-of-powers-conjecture.basic,ZX Spectrum Basic,ZX Spectrum Basic,ZX Spectrum Basic,the contributor (the language heading the solution is filed under on rosettacode.org),RosettaCodeData@1d47586,,,,not-in-linguist;invented-ext,Task/Eulers-sum-of-powers-conjecture/ZX-Spectrum-Basic/eulers-sum-of-powers-conjecture.basic,230
