# bench-rouge/1 — 455 visual samples and demos of Rouge (16e6ecd), labelled by the lexer they are named after, run without a name; generated by build_cases.py; see README.md
case_id,tier,ext,sha1_git,filename,qualified_swhid,expected,expected_detail,accept,reference,provenance,frame,stratum,weight,tags,type,path
rouge:7197b0c9b883,gold,,113fe1bd3daa1a2389bc903cea88f82cca60247d,,swh:1:cnt:113fe1bd3daa1a2389bc903cea88f82cca60247d;origin=https://github.com/rouge-ruby/rouge;path=/spec/visual/samples/abap,ABAP,ABAP (Rouge lexer `abap`),ABAP;abap,Rouge's maintainers (the sample's name: a lexer tag),rouge@16e6ecd,,,,sample;in-linguist,programming,spec/visual/samples/abap
rouge:1144392a7714,gold,,3ad1a4217fdb4ebc340cc24c5132a27794c58606,,swh:1:cnt:3ad1a4217fdb4ebc340cc24c5132a27794c58606;origin=https://github.com/rouge-ruby/rouge;path=/spec/visual/samples/actionscript,ActionScript,ActionScript (Rouge lexer `actionscript`),ActionScript;actionscript 3;actionscript3;as3;actionscript,Rouge's maintainers (the sample's name: a lexer tag),rouge@16e6ecd,,,,sample;in-linguist,programming,spec/visual/samples/actionscript
rouge:4322592aa6ac,gold,,17587fb99d739903ac7efa53920b56ab60f0f6b3,,swh:1:cnt:17587fb99d739903ac7efa53920b56ab60f0f6b3;origin=https://github.com/rouge-ruby/rouge;path=/spec/visual/samples/ada,Ada,Ada (Rouge lexer `ada`),Ada;ada95;ada2005;ada,Rouge's maintainers (the sample's name: a lexer tag),rouge@16e6ecd,,,,sample;in-linguist,programming,spec/visual/samples/ada
rouge:586c8e92abed,gold,,0c5a6c6ce1bbc3442650431fe62cd698cbcf444c,,swh:1:cnt:0c5a6c6ce1bbc3442650431fe62cd698cbcf444c;origin=https://github.com/rouge-ruby/rouge;path=/spec/visual/samples/addmusick,AddmusicK,AddmusicK (Rouge lexer `addmusick`),AddmusicK;addmusick,Rouge's maintainers (the sample's name: a lexer tag),rouge@16e6ecd,,,,sample;not-in-linguist,,spec/visual/samples/addmusick
rouge:19bb12aa9510,gold,,ce3e5fc95239158326570d1978f43aca0c947dd6,,swh:1:cnt:ce3e5fc95239158326570d1978f43aca0c947dd6;origin=https://github.com/rouge-ruby/rouge;path=/spec/visual/samples/apache,ApacheConf,Apache (Rouge lexer `apache`),ApacheConf;aconf;apache;Apache,Rouge's maintainers (the sample's name: a lexer tag),rouge@16e6ecd,,,,sample;in-linguist,data,spec/visual/samples/apache
rouge:35222c87461e,gold,,adad36999bd2ae89d73f10dc713b69648117d3c0,,swh:1:cnt:adad36999bd2ae89d73f10dc713b69648117d3c0;origin=https://github.com/rouge-ruby/rouge;path=/spec/visual/samples/apex,Apex,Apex (Rouge lexer `apex`),Apex;apex,Rouge's maintainers (the sample's name: a lexer tag),rouge@16e6ecd,,,,sample;in-linguist,programming,spec/visual/samples/apex
rouge:2ce66beb33af,gold,,25dc577726fb55dd434c574af7307b3b4f7578b4,,swh:1:cnt:25dc577726fb55dd434c574af7307b3b4f7578b4;origin=https://github.com/rouge-ruby/rouge;path=/spec/visual/samples/apiblueprint,API Blueprint,API Blueprint (Rouge lexer `apiblueprint`),API Blueprint;apiblueprint,Rouge's maintainers (the sample's name: a lexer tag),rouge@16e6ecd,,,,sample;in-linguist,markup,spec/visual/samples/apiblueprint
rouge:5603607dd462,gold,,1a3f574b710d5294711d7ac6814ef501b19d881a,,swh:1:cnt:1a3f574b710d5294711d7ac6814ef501b19d881a;origin=https://github.com/rouge-ruby/rouge;path=/spec/visual/samples/apple_script,AppleScript,AppleScript (Rouge lexer `apple_script`),AppleScript;apples;osascript;apple_script,Rouge's maintainers (the sample's name: a lexer tag),rouge@16e6ecd,,,,sample;in-linguist,programming,spec/visual/samples/apple_script
rouge:982879ea15f3,gold,,d80c58ecfbc65155f31d4e5585976ca495676042,,swh:1:cnt:d80c58ecfbc65155f31d4e5585976ca495676042;origin=https://github.com/rouge-ruby/rouge;path=/spec/visual/samples/armasm,ArmAsm,ArmAsm (Rouge lexer `armasm`),ArmAsm;armasm,Rouge's maintainers (the sample's name: a lexer tag),rouge@16e6ecd,,,,sample;not-in-linguist,,spec/visual/samples/armasm
rouge:4e01e49545d4,gold,,70cd9d6aa97ba0641368a40fbe17162f1abefdda,,swh:1:cnt:70cd9d6aa97ba0641368a40fbe17162f1abefdda;origin=https://github.com/rouge-ruby/rouge;path=/spec/visual/samples/augeas,Augeas,Augeas (Rouge lexer `augeas`),Augeas;augeas,Rouge's maintainers (the sample's name: a lexer tag),rouge@16e6ecd,,,,sample;in-linguist,programming,spec/visual/samples/augeas
rouge:a2f785d44af9,gold,,389df0f0d0e5f251a862567e480ccb6ff8d29fe2,,swh:1:cnt:389df0f0d0e5f251a862567e480ccb6ff8d29fe2;origin=https://github.com/rouge-ruby/rouge;path=/spec/visual/samples/awk,Awk,Awk (Rouge lexer `awk`),Awk;awk,Rouge's maintainers (the sample's name: a lexer tag),rouge@16e6ecd,,,,sample;in-linguist,programming,spec/visual/samples/awk
rouge:6957897a6a1a,gold,,95495fdc03a0592bb7bab2c999a1c7b64305f76a,,swh:1:cnt:95495fdc03a0592bb7bab2c999a1c7b64305f76a;origin=https://github.com/rouge-ruby/rouge;path=/spec/visual/samples/batchfile,Batchfile,Batchfile (Rouge lexer `batchfile`),Batchfile;bat;batch;dosbatch;winbatch;batchfile,Rouge's maintainers (the sample's name: a lexer tag),rouge@16e6ecd,,,,sample;in-linguist,programming,spec/visual/samples/batchfile
rouge:ae492ef612b9,gold,,dda0dafeb254cd87405d112baf781bedf82751a3,,swh:1:cnt:dda0dafeb254cd87405d112baf781bedf82751a3;origin=https://github.com/rouge-ruby/rouge;path=/spec/visual/samples/bbcbasic,BBCBASIC,BBCBASIC (Rouge lexer `bbcbasic`),BBCBASIC;bbcbasic,Rouge's maintainers (the sample's name: a lexer tag),rouge@16e6ecd,,,,sample;not-in-linguist,,spec/visual/samples/bbcbasic
rouge:4158d7b22ea7,gold,,2f8bd61d18500cd4bc29d3f293c6d006dda1eb55,,swh:1:cnt:2f8bd61d18500cd4bc29d3f293c6d006dda1eb55;origin=https://github.com/rouge-ruby/rouge;path=/spec/visual/samples/bibtex,BibTeX,BibTeX (Rouge lexer `bibtex`),BibTeX;bibtex,Rouge's maintainers (the sample's name: a lexer tag),rouge@16e6ecd,,,,sample;in-linguist,markup,spec/visual/samples/bibtex
rouge:c7f7a3c3ad31,gold,,6e716a3002e7805bf56fff54f18e9f77b39e4e5d,,swh:1:cnt:6e716a3002e7805bf56fff54f18e9f77b39e4e5d;origin=https://github.com/rouge-ruby/rouge;path=/spec/visual/samples/bicep,Bicep,Bicep (Rouge lexer `bicep`),Bicep;bicep,Rouge's maintainers (the sample's name: a lexer tag),rouge@16e6ecd,,,,sample;in-linguist,programming,spec/visual/samples/bicep
rouge:48dff9c55a42,gold,,e4d5f68d8783ea16dd92114a8e111c00fc69dafb,,swh:1:cnt:e4d5f68d8783ea16dd92114a8e111c00fc69dafb;origin=https://github.com/rouge-ruby/rouge;path=/spec/visual/samples/biml,BIML,BIML (Rouge lexer `biml`),BIML;biml,Rouge's maintainers (the sample's name: a lexer tag),rouge@16e6ecd,,,,sample;not-in-linguist,,spec/visual/samples/biml
rouge:37acf8c519ba,gold,,3c55db2d89decbb9b1ecfa0ccb129e10bfecef99,,swh:1:cnt:3c55db2d89decbb9b1ecfa0ccb129e10bfecef99;origin=https://github.com/rouge-ruby/rouge;path=/spec/visual/samples/bpf,BPF,BPF (Rouge lexer `bpf`),BPF;bpf,Rouge's maintainers (the sample's name: a lexer tag),rouge@16e6ecd,,,,sample;not-in-linguist,,spec/visual/samples/bpf
rouge:c1ebcda11176,gold,,9126a6cd4c8522d839fbf98118dddd9f19f69298,,swh:1:cnt:9126a6cd4c8522d839fbf98118dddd9f19f69298;origin=https://github.com/rouge-ruby/rouge;path=/spec/visual/samples/brainfuck,Brainfuck,Brainfuck (Rouge lexer `brainfuck`),Brainfuck;brainfuck,Rouge's maintainers (the sample's name: a lexer tag),rouge@16e6ecd,,,,sample;in-linguist,programming,spec/visual/samples/brainfuck
rouge:a73705edb543,gold,,090d9c0221dac6bee6d214116b69aae619730c49,,swh:1:cnt:090d9c0221dac6bee6d214116b69aae619730c49;origin=https://github.com/rouge-ruby/rouge;path=/spec/visual/samples/brightscript,Brightscript,BrightScript (Rouge lexer `brightscript`),Brightscript;BrightScript;brightscript,Rouge's maintainers (the sample's name: a lexer tag),rouge@16e6ecd,,,,sample;in-linguist,programming,spec/visual/samples/brightscript
rouge:6bb3070da446,gold,,ce43c0b229f972451a8227c825713db58d79e674,,swh:1:cnt:ce43c0b229f972451a8227c825713db58d79e674;origin=https://github.com/rouge-ruby/rouge;path=/spec/visual/samples/bsl,1C Enterprise,1C (BSL) (Rouge lexer `bsl`),1C Enterprise;1C (BSL);bsl,Rouge's maintainers (the sample's name: a lexer tag),rouge@16e6ecd,,,,sample;in-linguist,programming,spec/visual/samples/bsl
rouge:36896e8eaba4,gold,,73dacff22f09ac2a1505b34dd7a24c1f9f7408ab,,swh:1:cnt:73dacff22f09ac2a1505b34dd7a24c1f9f7408ab;origin=https://github.com/rouge-ruby/rouge;path=/spec/visual/samples/c,C,C (Rouge lexer `c`),C;c,Rouge's maintainers (the sample's name: a lexer tag),rouge@16e6ecd,,,,sample;in-linguist,programming,spec/visual/samples/c
rouge:c548ca2acf02,gold,,20cf46083cae03c7ab211fc8d4930a1c866b4941,,swh:1:cnt:20cf46083cae03c7ab211fc8d4930a1c866b4941;origin=https://github.com/rouge-ruby/rouge;path=/spec/visual/samples/ceylon,Ceylon,Ceylon (Rouge lexer `ceylon`),Ceylon;ceylon,Rouge's maintainers (the sample's name: a lexer tag),rouge@16e6ecd,,,,sample;in-linguist,programming,spec/visual/samples/ceylon
rouge:95448cfa44dc,gold,,a32427e8ea24da3b6e495f29380c0fb963976b91,,swh:1:cnt:a32427e8ea24da3b6e495f29380c0fb963976b91;origin=https://github.com/rouge-ruby/rouge;path=/spec/visual/samples/cfscript,CFScript,CFScript (Rouge lexer `cfscript`),CFScript;cfscript,Rouge's maintainers (the sample's name: a lexer tag),rouge@16e6ecd,,,,sample;not-in-linguist,,spec/visual/samples/cfscript
rouge:6b31633726b0,gold,,83ea52add770fa55caee9cd8750c4260af2b6397,,swh:1:cnt:83ea52add770fa55caee9cd8750c4260af2b6397;origin=https://github.com/rouge-ruby/rouge;path=/spec/visual/samples/cisco_ios,Cisco IOS,Cisco IOS (Rouge lexer `cisco_ios`),Cisco IOS;cisco_ios,Rouge's maintainers (the sample's name: a lexer tag),rouge@16e6ecd,,,,sample;not-in-linguist,,spec/visual/samples/cisco_ios
rouge:9dcb661ef22d,gold,,3a5fae037e611697274f9073ee013be07270d080,,swh:1:cnt:3a5fae037e611697274f9073ee013be07270d080;origin=https://github.com/rouge-ruby/rouge;path=/spec/visual/samples/clean,Clean,Clean (Rouge lexer `clean`),Clean;clean,Rouge's maintainers (the sample's name: a lexer tag),rouge@16e6ecd,,,,sample;in-linguist,programming,spec/visual/samples/clean
rouge:87daa6070a81,gold,,6d718a3acd7042eb99c1925ac0127a0b5f974b41,,swh:1:cnt:6d718a3acd7042eb99c1925ac0127a0b5f974b41;origin=https://github.com/rouge-ruby/rouge;path=/spec/visual/samples/clojure,Clojure,Clojure (Rouge lexer `clojure`),Clojure;clojure,Rouge's maintainers (the sample's name: a lexer tag),rouge@16e6ecd,,,,sample;in-linguist,programming,spec/visual/samples/clojure
rouge:bb813d33b31b,gold,,d4ea03941a5840ad05edb9ad43589caad59f2a0e,,swh:1:cnt:d4ea03941a5840ad05edb9ad43589caad59f2a0e;origin=https://github.com/rouge-ruby/rouge;path=/spec/visual/samples/cmake,CMake,CMake (Rouge lexer `cmake`),CMake;cmake,Rouge's maintainers (the sample's name: a lexer tag),rouge@16e6ecd,,,,sample;in-linguist,programming,spec/visual/samples/cmake
rouge:bad2e0b0db27,gold,,90b388cde5b131babff50ff1935dbd3231d66f56,,swh:1:cnt:90b388cde5b131babff50ff1935dbd3231d66f56;origin=https://github.com/rouge-ruby/rouge;path=/spec/visual/samples/cmhg,CMHG,CMHG (Rouge lexer `cmhg`),CMHG;cmhg,Rouge's maintainers (the sample's name: a lexer tag),rouge@16e6ecd,,,,sample;not-in-linguist,,spec/visual/samples/cmhg
rouge:b83c525b4939,gold,,3f674457a229e9514b075e88b7d1a82170a61cc1,,swh:1:cnt:3f674457a229e9514b075e88b7d1a82170a61cc1;origin=https://github.com/rouge-ruby/rouge;path=/spec/visual/samples/cobol,COBOL,COBOL (Rouge lexer `cobol`),COBOL;cobol,Rouge's maintainers (the sample's name: a lexer tag),rouge@16e6ecd,,,,sample;in-linguist,programming,spec/visual/samples/cobol
rouge:fe8d2278fe33,gold,,da02f4dc8dee821cacaedf4698c9b47f9d961fc4,,swh:1:cnt:da02f4dc8dee821cacaedf4698c9b47f9d961fc4;origin=https://github.com/rouge-ruby/rouge;path=/spec/visual/samples/codeowners,CODEOWNERS,CODEOWNERS (Rouge lexer `codeowners`),CODEOWNERS;codeowners,Rouge's maintainers (the sample's name: a lexer tag),rouge@16e6ecd,,,,sample;in-linguist,data,spec/visual/samples/codeowners
rouge:2e8bfe6e9e00,gold,,8039be4bfd8b6827bac85d10360410b44efc6700,,swh:1:cnt:8039be4bfd8b6827bac85d10360410b44efc6700;origin=https://github.com/rouge-ruby/rouge;path=/spec/visual/samples/coffeescript,CoffeeScript,CoffeeScript (Rouge lexer `coffeescript`),CoffeeScript;coffee;coffee-script;coffeescript,Rouge's maintainers (the sample's name: a lexer tag),rouge@16e6ecd,,,,sample;in-linguist,programming,spec/visual/samples/coffeescript
rouge:48c3e48d9ad2,gold,,06c88db1937338ee668d4b29cc7b0f7376158948,,swh:1:cnt:06c88db1937338ee668d4b29cc7b0f7376158948;origin=https://github.com/rouge-ruby/rouge;path=/spec/visual/samples/common_lisp,Common Lisp,Common Lisp (Rouge lexer `common_lisp`),Common Lisp;lisp;common_lisp,Rouge's maintainers (the sample's name: a lexer tag),rouge@16e6ecd,,,,sample;in-linguist,programming,spec/visual/samples/common_lisp
rouge:a775aad5fd68,gold,,73af79340dfef364a881cb10da7c6960cb87f8c0,,swh:1:cnt:73af79340dfef364a881cb10da7c6960cb87f8c0;origin=https://github.com/rouge-ruby/rouge;path=/spec/visual/samples/conf,Config File,Config File (Rouge lexer `conf`),Config File;conf,Rouge's maintainers (the sample's name: a lexer tag),rouge@16e6ecd,,,,sample;not-in-linguist,,spec/visual/samples/conf
rouge:d0eec9b4d028,gold,,050b06dcaca86b31f67874aef476a4efb1f1b94a,,swh:1:cnt:050b06dcaca86b31f67874aef476a4efb1f1b94a;origin=https://github.com/rouge-ruby/rouge;path=/spec/visual/samples/console,ShellSession,Console (Rouge lexer `console`),ShellSession;bash session;console;Console,Rouge's maintainers (the sample's name: a lexer tag),rouge@16e6ecd,,,,sample;in-linguist,programming,spec/visual/samples/console
rouge:fdadf74e58d0,gold,,12bdc8c2b798c9e4b8a282d8f89c85d5d868dd0d,,swh:1:cnt:12bdc8c2b798c9e4b8a282d8f89c85d5d868dd0d;origin=https://github.com/rouge-ruby/rouge;path=/spec/visual/samples/cpp,C++,C++ (Rouge lexer `cpp`),C++;cpp,Rouge's maintainers (the sample's name: a lexer tag),rouge@16e6ecd,,,,sample;in-linguist,programming,spec/visual/samples/cpp
rouge:1a8e81140fd9,gold,,b0a3c5d3eb3bb2d6d2a29801dd83a9c6d26b8331,,swh:1:cnt:b0a3c5d3eb3bb2d6d2a29801dd83a9c6d26b8331;origin=https://github.com/rouge-ruby/rouge;path=/spec/visual/samples/crystal,Crystal,Crystal (Rouge lexer `crystal`),Crystal;crystal,Rouge's maintainers (the sample's name: a lexer tag),rouge@16e6ecd,,,,sample;in-linguist,programming,spec/visual/samples/crystal
rouge:2a1e3741a0c9,gold,,9f2a9475a928af34ac82c065986c44193a614327,,swh:1:cnt:9f2a9475a928af34ac82c065986c44193a614327;origin=https://github.com/rouge-ruby/rouge;path=/spec/visual/samples/csharp,C#,C# (Rouge lexer `csharp`),C#;csharp;cake;cakescript,Rouge's maintainers (the sample's name: a lexer tag),rouge@16e6ecd,,,,sample;in-linguist,programming,spec/visual/samples/csharp
rouge:74df19b6be79,gold,,6c622df7b0ad37bc7f7ddb8a6a3119fb6797fa9d,,swh:1:cnt:6c622df7b0ad37bc7f7ddb8a6a3119fb6797fa9d;origin=https://github.com/rouge-ruby/rouge;path=/spec/visual/samples/css,CSS,CSS (Rouge lexer `css`),CSS;css,Rouge's maintainers (the sample's name: a lexer tag),rouge@16e6ecd,,,,sample;in-linguist,markup,spec/visual/samples/css
rouge:d57c67e2bf47,gold,,f5a7453f4fa6b3d5b82f17c8de706caa4a86d0d5,,swh:1:cnt:f5a7453f4fa6b3d5b82f17c8de706caa4a86d0d5;origin=https://github.com/rouge-ruby/rouge;path=/spec/visual/samples/csvs,csvs,csvs (Rouge lexer `csvs`),csvs,Rouge's maintainers (the sample's name: a lexer tag),rouge@16e6ecd,,,,sample;not-in-linguist,,spec/visual/samples/csvs
rouge:3590a9f739fc,gold,,15ebc66e5d48e10485f563fb72d5066358a2532e,,swh:1:cnt:15ebc66e5d48e10485f563fb72d5066358a2532e;origin=https://github.com/rouge-ruby/rouge;path=/spec/visual/samples/cuda,Cuda,CUDA (Rouge lexer `cuda`),Cuda;CUDA;cuda,Rouge's maintainers (the sample's name: a lexer tag),rouge@16e6ecd,,,,sample;in-linguist,programming,spec/visual/samples/cuda
rouge:9a443d5d5027,gold,,781957e111c6fbae2132a5064aa3b24adc8ffcbd,,swh:1:cnt:781957e111c6fbae2132a5064aa3b24adc8ffcbd;origin=https://github.com/rouge-ruby/rouge;path=/spec/visual/samples/cypher,Cypher,Cypher (Rouge lexer `cypher`),Cypher;cypher,Rouge's maintainers (the sample's name: a lexer tag),rouge@16e6ecd,,,,sample;in-linguist,programming,spec/visual/samples/cypher
rouge:06f0c2b0cab4,gold,,a3ce5b8067ff7f9478c23daa3dac45e4f2f0b0a2,,swh:1:cnt:a3ce5b8067ff7f9478c23daa3dac45e4f2f0b0a2;origin=https://github.com/rouge-ruby/rouge;path=/spec/visual/samples/cython,Cython,Cython (Rouge lexer `cython`),Cython;pyrex;cython,Rouge's maintainers (the sample's name: a lexer tag),rouge@16e6ecd,,,,sample;in-linguist,programming,spec/visual/samples/cython
rouge:f6227e6815ce,gold,,eedce6fe2677a796910103197cc4d74eba0c9b24,,swh:1:cnt:eedce6fe2677a796910103197cc4d74eba0c9b24;origin=https://github.com/rouge-ruby/rouge;path=/spec/visual/samples/d,D,D (Rouge lexer `d`),D;Dlang;d,Rouge's maintainers (the sample's name: a lexer tag),rouge@16e6ecd,,,,sample;in-linguist,programming,spec/visual/samples/d
rouge:7f02e34171e1,gold,,6dc72a714de8518a267b9150914a7e623aaf275a,,swh:1:cnt:6dc72a714de8518a267b9150914a7e623aaf275a;origin=https://github.com/rouge-ruby/rouge;path=/spec/visual/samples/dafny,Dafny,Dafny (Rouge lexer `dafny`),Dafny;dafny,Rouge's maintainers (the sample's name: a lexer tag),rouge@16e6ecd,,,,sample;in-linguist,programming,spec/visual/samples/dafny
rouge:091b43ffc3a5,gold,,9e8b1f7edbcb0634dfb750acfa6f090805c443fb,,swh:1:cnt:9e8b1f7edbcb0634dfb750acfa6f090805c443fb;origin=https://github.com/rouge-ruby/rouge;path=/spec/visual/samples/dart,Dart,Dart (Rouge lexer `dart`),Dart;dart,Rouge's maintainers (the sample's name: a lexer tag),rouge@16e6ecd,,,,sample;in-linguist,programming,spec/visual/samples/dart
rouge:8ffa75407b9d,gold,,f9af6e719c64bb2380a1c7d0b4ba3140fbf85e16,,swh:1:cnt:f9af6e719c64bb2380a1c7d0b4ba3140fbf85e16;origin=https://github.com/rouge-ruby/rouge;path=/spec/visual/samples/datastudio,Datastudio,Datastudio (Rouge lexer `datastudio`),Datastudio;datastudio,Rouge's maintainers (the sample's name: a lexer tag),rouge@16e6ecd,,,,sample;not-in-linguist,,spec/visual/samples/datastudio
rouge:d3336dc27e16,gold,,730123d77771027078a73353900a63d31cc158a5,,swh:1:cnt:730123d77771027078a73353900a63d31cc158a5;origin=https://github.com/rouge-ruby/rouge;path=/spec/visual/samples/diff,Diff,diff (Rouge lexer `diff`),Diff;udiff;diff,Rouge's maintainers (the sample's name: a lexer tag),rouge@16e6ecd,,,,sample;in-linguist,data,spec/visual/samples/diff
rouge:7e606729d80b,gold,,4e0fb0562b4e4dd0ee8d6811972d4e557854dea4,,swh:1:cnt:4e0fb0562b4e4dd0ee8d6811972d4e557854dea4;origin=https://github.com/rouge-ruby/rouge;path=/spec/visual/samples/digdag,digdag,digdag (Rouge lexer `digdag`),digdag,Rouge's maintainers (the sample's name: a lexer tag),rouge@16e6ecd,,,,sample;not-in-linguist,,spec/visual/samples/digdag
rouge:83e4cd430f8f,gold,,34604f22ebd270d7aa03fb696d8970fd96bad127,,swh:1:cnt:34604f22ebd270d7aa03fb696d8970fd96bad127;origin=https://github.com/rouge-ruby/rouge;path=/spec/visual/samples/docker,Dockerfile,Docker (Rouge lexer `docker`),Dockerfile;Containerfile;Docker;docker,Rouge's maintainers (the sample's name: a lexer tag),rouge@16e6ecd,,,,sample;in-linguist,programming,spec/visual/samples/docker
rouge:1fb25e596a04,gold,,4c2e41e5bc2ee64d9de2f7e649dcffa9970e1a14,,swh:1:cnt:4c2e41e5bc2ee64d9de2f7e649dcffa9970e1a14;origin=https://github.com/rouge-ruby/rouge;path=/spec/visual/samples/dot,Graphviz (DOT),DOT (Rouge lexer `dot`),Graphviz (DOT);DOT;dot,Rouge's maintainers (the sample's name: a lexer tag),rouge@16e6ecd,,,,sample;in-linguist,data,spec/visual/samples/dot
rouge:97a350eda455,gold,,51a2b27017c7b9efdc21b88b491edb53cae42b09,,swh:1:cnt:51a2b27017c7b9efdc21b88b491edb53cae42b09;origin=https://github.com/rouge-ruby/rouge;path=/spec/visual/samples/dylan,Dylan,Dylan (Rouge lexer `dylan`),Dylan;dylan,Rouge's maintainers (the sample's name: a lexer tag),rouge@16e6ecd,,,,sample;in-linguist,programming,spec/visual/samples/dylan
rouge:7c860247255e,gold,,95bc5e99f165cfdd1e1278638fae8878159a37d2,,swh:1:cnt:95bc5e99f165cfdd1e1278638fae8878159a37d2;origin=https://github.com/rouge-ruby/rouge;path=/spec/visual/samples/ecl,ECL,ECL (Rouge lexer `ecl`),ECL;ecl,Rouge's maintainers (the sample's name: a lexer tag),rouge@16e6ecd,,,,sample;in-linguist,programming,spec/visual/samples/ecl
rouge:15369afb5c16,gold,,9dbbe277cbb30c26dc5f592f5f8c94f601592454,,swh:1:cnt:9dbbe277cbb30c26dc5f592f5f8c94f601592454;origin=https://github.com/rouge-ruby/rouge;path=/spec/visual/samples/eex,HTML+EEX,EEX (Rouge lexer `eex`),HTML+EEX;eex;heex;leex;EEX,Rouge's maintainers (the sample's name: a lexer tag),rouge@16e6ecd,,,,sample;in-linguist,markup,spec/visual/samples/eex
rouge:f16c30b2be56,gold,,91a02d5f74bcc6c0831f4523d3b5365da138ad8d,,swh:1:cnt:91a02d5f74bcc6c0831f4523d3b5365da138ad8d;origin=https://github.com/rouge-ruby/rouge;path=/spec/visual/samples/eiffel,Eiffel,Eiffel (Rouge lexer `eiffel`),Eiffel;eiffel,Rouge's maintainers (the sample's name: a lexer tag),rouge@16e6ecd,,,,sample;in-linguist,programming,spec/visual/samples/eiffel
rouge:80b387ced698,gold,,51c53c16c287938a80002ec60e059711b8a2a8df,,swh:1:cnt:51c53c16c287938a80002ec60e059711b8a2a8df;origin=https://github.com/rouge-ruby/rouge;path=/spec/visual/samples/elixir,Elixir,Elixir (Rouge lexer `elixir`),Elixir;elixir,Rouge's maintainers (the sample's name: a lexer tag),rouge@16e6ecd,,,,sample;in-linguist,programming,spec/visual/samples/elixir
rouge:49c7ea5f2afc,gold,,3a52819d022ae15c9ccbe1103d98ff08bddf7ff4,,swh:1:cnt:3a52819d022ae15c9ccbe1103d98ff08bddf7ff4;origin=https://github.com/rouge-ruby/rouge;path=/spec/visual/samples/elm,Elm,Elm (Rouge lexer `elm`),Elm;elm,Rouge's maintainers (the sample's name: a lexer tag),rouge@16e6ecd,,,,sample;in-linguist,programming,spec/visual/samples/elm
rouge:002a4fff1156,gold,,8d46f7e8719a070a14d10bb5d7464a6f00046063,,swh:1:cnt:8d46f7e8719a070a14d10bb5d7464a6f00046063;origin=https://github.com/rouge-ruby/rouge;path=/spec/visual/samples/email,E-mail,Email (Rouge lexer `email`),E-mail;email;eml;mail;mbox;Email,Rouge's maintainers (the sample's name: a lexer tag),rouge@16e6ecd,,,,sample;in-linguist,data,spec/visual/samples/email
rouge:03ba74f85c37,gold,,a33b3fa6996a14b6efcc21a2d999a880e267dbe3,,swh:1:cnt:a33b3fa6996a14b6efcc21a2d999a880e267dbe3;origin=https://github.com/rouge-ruby/rouge;path=/spec/visual/samples/epp,EPP,EPP (Rouge lexer `epp`),EPP;epp,Rouge's maintainers (the sample's name: a lexer tag),rouge@16e6ecd,,,,sample;not-in-linguist,,spec/visual/samples/epp
rouge:4562573910d0,gold,,67ade6e4bb29e8bd694064af9e7f82b0ae61aa69,,swh:1:cnt:67ade6e4bb29e8bd694064af9e7f82b0ae61aa69;origin=https://github.com/rouge-ruby/rouge;path=/spec/visual/samples/erb,HTML+ERB,ERB (Rouge lexer `erb`),HTML+ERB;erb;rhtml;html+ruby;ERB,Rouge's maintainers (the sample's name: a lexer tag),rouge@16e6ecd,,,,sample;in-linguist,markup,spec/visual/samples/erb
rouge:2f3181eb44ab,gold,,8fe4a130bcd2dc8caaca500cfcfbe5713ef1e4a3,,swh:1:cnt:8fe4a130bcd2dc8caaca500cfcfbe5713ef1e4a3;origin=https://github.com/rouge-ruby/rouge;path=/spec/visual/samples/erlang,Erlang,Erlang (Rouge lexer `erlang`),Erlang;erlang,Rouge's maintainers (the sample's name: a lexer tag),rouge@16e6ecd,,,,sample;in-linguist,programming,spec/visual/samples/erlang
rouge:865528190302,gold,,f3a3784465d254d80882184e872913fed901e8a3,,swh:1:cnt:f3a3784465d254d80882184e872913fed901e8a3;origin=https://github.com/rouge-ruby/rouge;path=/spec/visual/samples/factor,Factor,Factor (Rouge lexer `factor`),Factor;factor,Rouge's maintainers (the sample's name: a lexer tag),rouge@16e6ecd,,,,sample;in-linguist,programming,spec/visual/samples/factor
rouge:77bfc52f137d,gold,,4d8c4f67c2e9686fcd5b70ed5ae48867e600664e,,swh:1:cnt:4d8c4f67c2e9686fcd5b70ed5ae48867e600664e;origin=https://github.com/rouge-ruby/rouge;path=/spec/visual/samples/fluent,Fluent,Fluent (Rouge lexer `fluent`),Fluent;fluent,Rouge's maintainers (the sample's name: a lexer tag),rouge@16e6ecd,,,,sample;in-linguist,programming,spec/visual/samples/fluent
rouge:6f39e5ef7b78,gold,,1a00a2fe77a817f0677a632864b49a5a3c265f7d,,swh:1:cnt:1a00a2fe77a817f0677a632864b49a5a3c265f7d;origin=https://github.com/rouge-ruby/rouge;path=/spec/visual/samples/fortran,Fortran,Fortran (Rouge lexer `fortran`),Fortran;fortran,Rouge's maintainers (the sample's name: a lexer tag),rouge@16e6ecd,,,,sample;in-linguist,programming,spec/visual/samples/fortran
rouge:985303653161,gold,,eba82a2c97ade7b464024b7e23e39121bf2bda06,,swh:1:cnt:eba82a2c97ade7b464024b7e23e39121bf2bda06;origin=https://github.com/rouge-ruby/rouge;path=/spec/visual/samples/freefem,FreeFEM,FreeFEM (Rouge lexer `freefem`),FreeFEM;freefem,Rouge's maintainers (the sample's name: a lexer tag),rouge@16e6ecd,,,,sample;not-in-linguist,,spec/visual/samples/freefem
rouge:5032d29de681,gold,,2cb6df62c6d48a659976fe0d1991e7d84384786c,,swh:1:cnt:2cb6df62c6d48a659976fe0d1991e7d84384786c;origin=https://github.com/rouge-ruby/rouge;path=/spec/visual/samples/fsharp,F#,FSharp (Rouge lexer `fsharp`),F#;fsharp;FSharp,Rouge's maintainers (the sample's name: a lexer tag),rouge@16e6ecd,,,,sample;in-linguist,programming,spec/visual/samples/fsharp
rouge:a16dbcd7546e,gold,,0df156fdc7826974800c3cdb10cfaefbaedd2dfe,,swh:1:cnt:0df156fdc7826974800c3cdb10cfaefbaedd2dfe;origin=https://github.com/rouge-ruby/rouge;path=/spec/visual/samples/gdscript,GDScript,GDScript (Rouge lexer `gdscript`),GDScript;gdscript,Rouge's maintainers (the sample's name: a lexer tag),rouge@16e6ecd,,,,sample;in-linguist,programming,spec/visual/samples/gdscript
rouge:990c26201d3a,gold,,1c047969c2411bf066d75d8d2b03c6a1feccb684,,swh:1:cnt:1c047969c2411bf066d75d8d2b03c6a1feccb684;origin=https://github.com/rouge-ruby/rouge;path=/spec/visual/samples/ghc-cmm,GHC Cmm (C--),GHC Cmm (C--) (Rouge lexer `ghc-cmm`),GHC Cmm (C--);ghc-cmm,Rouge's maintainers (the sample's name: a lexer tag),rouge@16e6ecd,,,,sample;not-in-linguist,,spec/visual/samples/ghc-cmm
rouge:b0a336ec68ff,gold,,471f28eb5e6672a97e1bdee24b72c181d0a71e1e,,swh:1:cnt:471f28eb5e6672a97e1bdee24b72c181d0a71e1e;origin=https://github.com/rouge-ruby/rouge;path=/spec/visual/samples/ghc-core,GHC Core,GHC Core (Rouge lexer `ghc-core`),GHC Core;ghc-core,Rouge's maintainers (the sample's name: a lexer tag),rouge@16e6ecd,,,,sample;not-in-linguist,,spec/visual/samples/ghc-core
rouge:951f754b93e6,gold,,39ff064476a9f3ff61be512f6ea1caa1d4401de6,,swh:1:cnt:39ff064476a9f3ff61be512f6ea1caa1d4401de6;origin=https://github.com/rouge-ruby/rouge;path=/spec/visual/samples/gherkin,Gherkin,Gherkin (Rouge lexer `gherkin`),Gherkin;cucumber;gherkin,Rouge's maintainers (the sample's name: a lexer tag),rouge@16e6ecd,,,,sample;in-linguist,programming,spec/visual/samples/gherkin
rouge:c89a363691da,gold,,ecd29833c8e7e029e21bac3695c2afaf900a73ce,,swh:1:cnt:ecd29833c8e7e029e21bac3695c2afaf900a73ce;origin=https://github.com/rouge-ruby/rouge;path=/spec/visual/samples/gjs,Glimmer JS,Template Tag (gjs) (Rouge lexer `gjs`),Glimmer JS;gjs;Template Tag (gjs),Rouge's maintainers (the sample's name: a lexer tag),rouge@16e6ecd,,,,sample;in-linguist,programming,spec/visual/samples/gjs
rouge:967386e2d9d5,gold,,8d5ee8178c4f1fb7f6aa5fa72f48c53840cf5186,,swh:1:cnt:8d5ee8178c4f1fb7f6aa5fa72f48c53840cf5186;origin=https://github.com/rouge-ruby/rouge;path=/spec/visual/samples/glsl,GLSL,GLSL (Rouge lexer `glsl`),GLSL;glsl,Rouge's maintainers (the sample's name: a lexer tag),rouge@16e6ecd,,,,sample;in-linguist,programming,spec/visual/samples/glsl
rouge:63d07d118273,gold,,a29fd7bf49b8f513d93751e0d89799d1df4a690f,,swh:1:cnt:a29fd7bf49b8f513d93751e0d89799d1df4a690f;origin=https://github.com/rouge-ruby/rouge;path=/spec/visual/samples/go,Go,Go (Rouge lexer `go`),Go;golang;go,Rouge's maintainers (the sample's name: a lexer tag),rouge@16e6ecd,,,,sample;in-linguist,programming,spec/visual/samples/go
rouge:f94826545320,gold,,63fc865bbac884f84df3726b75aede666e3a3e28,,swh:1:cnt:63fc865bbac884f84df3726b75aede666e3a3e28;origin=https://github.com/rouge-ruby/rouge;path=/spec/visual/samples/gradle,Gradle,Gradle (Rouge lexer `gradle`),Gradle;gradle,Rouge's maintainers (the sample's name: a lexer tag),rouge@16e6ecd,,,,sample;in-linguist,data,spec/visual/samples/gradle
rouge:60eeae13c2b3,gold,,6821c05081ca315d4082a4faf55de8d22f9637c4,,swh:1:cnt:6821c05081ca315d4082a4faf55de8d22f9637c4;origin=https://github.com/rouge-ruby/rouge;path=/spec/visual/samples/graphql,GraphQL,Graphql (Rouge lexer `graphql`),GraphQL;Graphql;graphql,Rouge's maintainers (the sample's name: a lexer tag),rouge@16e6ecd,,,,sample;in-linguist,data,spec/visual/samples/graphql
rouge:a8eb5ec6afc3,gold,,91816b204b8739662106ba9dd23935f21658cee0,,swh:1:cnt:91816b204b8739662106ba9dd23935f21658cee0;origin=https://github.com/rouge-ruby/rouge;path=/spec/visual/samples/groovy,Groovy,Groovy (Rouge lexer `groovy`),Groovy;groovy,Rouge's maintainers (the sample's name: a lexer tag),rouge@16e6ecd,,,,sample;in-linguist,programming,spec/visual/samples/groovy
rouge:2bdeee126412,gold,,e2e96002e494ca92859802e2e030bf27b1037436,,swh:1:cnt:e2e96002e494ca92859802e2e030bf27b1037436;origin=https://github.com/rouge-ruby/rouge;path=/spec/visual/samples/gts,Glimmer TS,Template Tag (gts) (Rouge lexer `gts`),Glimmer TS;gts;Template Tag (gts),Rouge's maintainers (the sample's name: a lexer tag),rouge@16e6ecd,,,,sample;in-linguist,programming,spec/visual/samples/gts
rouge:7ad1971cb7a7,gold,,0dd595617827b057436ee46f32e4653de74b228e,,swh:1:cnt:0dd595617827b057436ee46f32e4653de74b228e;origin=https://github.com/rouge-ruby/rouge;path=/spec/visual/samples/hack,Hack,Hack (Rouge lexer `hack`),Hack;hack,Rouge's maintainers (the sample's name: a lexer tag),rouge@16e6ecd,,,,sample;in-linguist,programming,spec/visual/samples/hack
rouge:0bee7e026532,gold,,7ce3005eae5de19f9ce5e1f47e39c3ff58962cf8,,swh:1:cnt:7ce3005eae5de19f9ce5e1f47e39c3ff58962cf8;origin=https://github.com/rouge-ruby/rouge;path=/spec/visual/samples/haml,Haml,Haml (Rouge lexer `haml`),Haml;haml,Rouge's maintainers (the sample's name: a lexer tag),rouge@16e6ecd,,,,sample;in-linguist,markup,spec/visual/samples/haml
rouge:88cd6bd5713c,gold,,3981b5728374bb98f038ef8d7abe192fd971f7f6,,swh:1:cnt:3981b5728374bb98f038ef8d7abe192fd971f7f6;origin=https://github.com/rouge-ruby/rouge;path=/spec/visual/samples/handlebars,Handlebars,Handlebars (Rouge lexer `handlebars`),Handlebars;hbs;htmlbars;handlebars,Rouge's maintainers (the sample's name: a lexer tag),rouge@16e6ecd,,,,sample;in-linguist,markup,spec/visual/samples/handlebars
rouge:6833f22bda0c,gold,,29a965645a3de6bf3db80ed80d4e13c44ee1c96a,,swh:1:cnt:29a965645a3de6bf3db80ed80d4e13c44ee1c96a;origin=https://github.com/rouge-ruby/rouge;path=/spec/visual/samples/haskell,Haskell,Haskell (Rouge lexer `haskell`),Haskell;haskell,Rouge's maintainers (the sample's name: a lexer tag),rouge@16e6ecd,,,,sample;in-linguist,programming,spec/visual/samples/haskell
rouge:a29254bd1468,gold,,f466eeae5f284fcceb756a8fbe29321d98cdc6db,,swh:1:cnt:f466eeae5f284fcceb756a8fbe29321d98cdc6db;origin=https://github.com/rouge-ruby/rouge;path=/spec/visual/samples/haxe,Haxe,Haxe (Rouge lexer `haxe`),Haxe;haxe,Rouge's maintainers (the sample's name: a lexer tag),rouge@16e6ecd,,,,sample;in-linguist,programming,spec/visual/samples/haxe
rouge:0a29697c5f6a,gold,,072e01a4975298e24f22e12c149de7ed89deb6b1,,swh:1:cnt:072e01a4975298e24f22e12c149de7ed89deb6b1;origin=https://github.com/rouge-ruby/rouge;path=/spec/visual/samples/hcl,HCL,Hashicorp Configuration Language (Rouge lexer `hcl`),HCL;HashiCorp Configuration Language;opentofu;terraform;Hashicorp Configuration Language;hcl,Rouge's maintainers (the sample's name: a lexer tag),rouge@16e6ecd,,,,sample;in-linguist,programming,spec/visual/samples/hcl
rouge:02581116d1ae,gold,,b473d2b007024fadbf42627115cb89d7493ff3bd,,swh:1:cnt:b473d2b007024fadbf42627115cb89d7493ff3bd;origin=https://github.com/rouge-ruby/rouge;path=/spec/visual/samples/hlsl,HLSL,HLSL (Rouge lexer `hlsl`),HLSL;hlsl,Rouge's maintainers (the sample's name: a lexer tag),rouge@16e6ecd,,,,sample;in-linguist,programming,spec/visual/samples/hlsl
rouge:831479fa12c4,gold,,62a4726addb397eb373d803c823e261d0dc332c9,,swh:1:cnt:62a4726addb397eb373d803c823e261d0dc332c9;origin=https://github.com/rouge-ruby/rouge;path=/spec/visual/samples/hocon,HOCON,HOCON (Rouge lexer `hocon`),HOCON;hocon,Rouge's maintainers (the sample's name: a lexer tag),rouge@16e6ecd,,,,sample;in-linguist,data,spec/visual/samples/hocon
rouge:7f24b36bfe25,gold,,a0ee7ef1de5ce722f04360105a1bffb1e1bf0c0e,,swh:1:cnt:a0ee7ef1de5ce722f04360105a1bffb1e1bf0c0e;origin=https://github.com/rouge-ruby/rouge;path=/spec/visual/samples/hql,HiveQL,HQL (Rouge lexer `hql`),HiveQL;HQL;hql,Rouge's maintainers (the sample's name: a lexer tag),rouge@16e6ecd,,,,sample;in-linguist,programming,spec/visual/samples/hql
rouge:1623d9027113,gold,,5f20c756d2c265ae7aa918d4fb5aa867e4211e40,,swh:1:cnt:5f20c756d2c265ae7aa918d4fb5aa867e4211e40;origin=https://github.com/rouge-ruby/rouge;path=/spec/visual/samples/html,HTML,HTML (Rouge lexer `html`),HTML;xhtml;html,Rouge's maintainers (the sample's name: a lexer tag),rouge@16e6ecd,,,,sample;in-linguist,markup,spec/visual/samples/html
rouge:7c47d6bdd95b,gold,,bf6ac8bbda2c36dd3626ddb4f2d6b900541a574a,,swh:1:cnt:bf6ac8bbda2c36dd3626ddb4f2d6b900541a574a;origin=https://github.com/rouge-ruby/rouge;path=/spec/visual/samples/http,HTTP,HTTP (Rouge lexer `http`),HTTP;http,Rouge's maintainers (the sample's name: a lexer tag),rouge@16e6ecd,,,,sample;in-linguist,data,spec/visual/samples/http
rouge:f449bc305611,gold,,170b8a9de24019b5c906360c04cb908377104730,,swh:1:cnt:170b8a9de24019b5c906360c04cb908377104730;origin=https://github.com/rouge-ruby/rouge;path=/spec/visual/samples/hylang,Hy,HyLang (Rouge lexer `hylang`),Hy;hylang;HyLang,Rouge's maintainers (the sample's name: a lexer tag),rouge@16e6ecd,,,,sample;in-linguist,programming,spec/visual/samples/hylang
rouge:04dc2822376f,gold,,9967800e3b53f93d66d4ebb3d77bfd2afbbd3f44,,swh:1:cnt:9967800e3b53f93d66d4ebb3d77bfd2afbbd3f44;origin=https://github.com/rouge-ruby/rouge;path=/spec/visual/samples/idlang,IDL,IDL (Rouge lexer `idlang`),IDL;idlang,Rouge's maintainers (the sample's name: a lexer tag),rouge@16e6ecd,,,,sample;in-linguist,programming,spec/visual/samples/idlang
rouge:cdcee1eb0f51,gold,,e99577c336a62c92bb8ca4736a5074288f3bf70d,,swh:1:cnt:e99577c336a62c92bb8ca4736a5074288f3bf70d;origin=https://github.com/rouge-ruby/rouge;path=/spec/visual/samples/idris,Idris,Idris (Rouge lexer `idris`),Idris;idris,Rouge's maintainers (the sample's name: a lexer tag),rouge@16e6ecd,,,,sample;in-linguist,programming,spec/visual/samples/idris
rouge:6f1118d190ff,gold,,c8ac2874f1a30f63a123eefd4f77fbc4394404d9,,swh:1:cnt:c8ac2874f1a30f63a123eefd4f77fbc4394404d9;origin=https://github.com/rouge-ruby/rouge;path=/spec/visual/samples/iecst,IEC 61131-3 Structured Text,IEC 61131-3 Structured Text (Rouge lexer `iecst`),IEC 61131-3 Structured Text;iecst,Rouge's maintainers (the sample's name: a lexer tag),rouge@16e6ecd,,,,sample;not-in-linguist,,spec/visual/samples/iecst
rouge:7169643a95c9,gold,,badf11008ffc1f1903a58e4c11f146f5c1b5a18d,,swh:1:cnt:badf11008ffc1f1903a58e4c11f146f5c1b5a18d;origin=https://github.com/rouge-ruby/rouge;path=/spec/visual/samples/igorpro,IGOR Pro,IgorPro (Rouge lexer `igorpro`),IGOR Pro;igor;igorpro;IgorPro,Rouge's maintainers (the sample's name: a lexer tag),rouge@16e6ecd,,,,sample;in-linguist,programming,spec/visual/samples/igorpro
rouge:bbfdf5e2da37,gold,,a55a6fe6683be16eeb1beb63de212c3380ae16ee,,swh:1:cnt:a55a6fe6683be16eeb1beb63de212c3380ae16ee;origin=https://github.com/rouge-ruby/rouge;path=/spec/visual/samples/ini,INI,INI (Rouge lexer `ini`),INI;conf;dosini;ini,Rouge's maintainers (the sample's name: a lexer tag),rouge@16e6ecd,,,,sample;in-linguist,data,spec/visual/samples/ini
rouge:c6ba1cdbacbd,gold,,c4a2930686c322be19def2304b86e3ce1583d2c3,,swh:1:cnt:c4a2930686c322be19def2304b86e3ce1583d2c3;origin=https://github.com/rouge-ruby/rouge;path=/spec/visual/samples/io,Io,Io (Rouge lexer `io`),Io;io,Rouge's maintainers (the sample's name: a lexer tag),rouge@16e6ecd,,,,sample;in-linguist,programming,spec/visual/samples/io
rouge:ebef8cb90f8e,gold,,e90ca33645756f4b51bd8362a7fc0be7c3bf97a6,,swh:1:cnt:e90ca33645756f4b51bd8362a7fc0be7c3bf97a6;origin=https://github.com/rouge-ruby/rouge;path=/spec/visual/samples/isabelle,Isabelle,Isabelle (Rouge lexer `isabelle`),Isabelle;isabelle,Rouge's maintainers (the sample's name: a lexer tag),rouge@16e6ecd,,,,sample;in-linguist,programming,spec/visual/samples/isabelle
rouge:92dc9f27095a,gold,,8c7a34362425c669bb2fd4dc43f3bb20f9121860,,swh:1:cnt:8c7a34362425c669bb2fd4dc43f3bb20f9121860;origin=https://github.com/rouge-ruby/rouge;path=/spec/visual/samples/isbl,ISBL,ISBL (Rouge lexer `isbl`),ISBL;isbl,Rouge's maintainers (the sample's name: a lexer tag),rouge@16e6ecd,,,,sample;not-in-linguist,,spec/visual/samples/isbl
rouge:14dd69080763,gold,,113d541572b6804c4873ddfe4c457ea621cba665,,swh:1:cnt:113d541572b6804c4873ddfe4c457ea621cba665;origin=https://github.com/rouge-ruby/rouge;path=/spec/visual/samples/j,J,J (Rouge lexer `j`),J;j,Rouge's maintainers (the sample's name: a lexer tag),rouge@16e6ecd,,,,sample;in-linguist,programming,spec/visual/samples/j
rouge:ccfcaea0892e,gold,,4b346669810fd32edabc90be675653dbfe2322a2,,swh:1:cnt:4b346669810fd32edabc90be675653dbfe2322a2;origin=https://github.com/rouge-ruby/rouge;path=/spec/visual/samples/janet,Janet,Janet (Rouge lexer `janet`),Janet;janet,Rouge's maintainers (the sample's name: a lexer tag),rouge@16e6ecd,,,,sample;in-linguist,programming,spec/visual/samples/janet
rouge:bced521ac4ca,gold,,f46778f2e41de04b6baf6e9164c7e9e2d7e4cc03,,swh:1:cnt:f46778f2e41de04b6baf6e9164c7e9e2d7e4cc03;origin=https://github.com/rouge-ruby/rouge;path=/spec/visual/samples/java,Java,Java (Rouge lexer `java`),Java;java,Rouge's maintainers (the sample's name: a lexer tag),rouge@16e6ecd,,,,sample;in-linguist,programming,spec/visual/samples/java
rouge:d33e09234c3e,gold,,ae77e18311b35a6676be13d4db9df41293085657,,swh:1:cnt:ae77e18311b35a6676be13d4db9df41293085657;origin=https://github.com/rouge-ruby/rouge;path=/spec/visual/samples/javascript,JavaScript,JavaScript (Rouge lexer `javascript`),JavaScript;js;node;javascript,Rouge's maintainers (the sample's name: a lexer tag),rouge@16e6ecd,,,,sample;in-linguist,programming,spec/visual/samples/javascript
rouge:0b2aaf63f527,gold,,1247c70937d2d601aced17b8cd5b2db70704fdc8,,swh:1:cnt:1247c70937d2d601aced17b8cd5b2db70704fdc8;origin=https://github.com/rouge-ruby/rouge;path=/spec/visual/samples/jinja,Jinja,Jinja (Rouge lexer `jinja`),Jinja;django;html+django;html+jinja;htmldjango;jinja,Rouge's maintainers (the sample's name: a lexer tag),rouge@16e6ecd,,,,sample;in-linguist,markup,spec/visual/samples/jinja
rouge:39a57a091017,gold,,2980af2e5caca1ce4d89c81934e62ac602858289,,swh:1:cnt:2980af2e5caca1ce4d89c81934e62ac602858289;origin=https://github.com/rouge-ruby/rouge;path=/spec/visual/samples/jq,jq,jq (Rouge lexer `jq`),jq,Rouge's maintainers (the sample's name: a lexer tag),rouge@16e6ecd,,,,sample;in-linguist,programming,spec/visual/samples/jq
rouge:9b4162263560,gold,,72dc7d220343794ef76da09499a3030714fbd072,,swh:1:cnt:72dc7d220343794ef76da09499a3030714fbd072;origin=https://github.com/rouge-ruby/rouge;path=/spec/visual/samples/jsl,JSL,JSL (Rouge lexer `jsl`),JSL;jsl,Rouge's maintainers (the sample's name: a lexer tag),rouge@16e6ecd,,,,sample;not-in-linguist,,spec/visual/samples/jsl
rouge:07c95d8571c8,gold,,83b3dccff37a28f433864cdf2dea4f9f034019eb,,swh:1:cnt:83b3dccff37a28f433864cdf2dea4f9f034019eb;origin=https://github.com/rouge-ruby/rouge;path=/spec/visual/samples/json,JSON,JSON (Rouge lexer `json`),JSON;geojson;jsonl;sarif;topojson;json,Rouge's maintainers (the sample's name: a lexer tag),rouge@16e6ecd,,,,sample;in-linguist,data,spec/visual/samples/json
rouge:17632e6816cc,gold,,1e840e777a6e18846d12413f162e0accf0f329f8,,swh:1:cnt:1e840e777a6e18846d12413f162e0accf0f329f8;origin=https://github.com/rouge-ruby/rouge;path=/spec/visual/samples/json-doc,Json-doc,Json-doc (Rouge lexer `json-doc`),Json-doc;json-doc,Rouge's maintainers (the sample's name: a lexer tag),rouge@16e6ecd,,,,sample;not-in-linguist,,spec/visual/samples/json-doc
rouge:65f39bc96c66,gold,,90c725d32ed321cd776a0f4921dc82c3c4b0e60e,,swh:1:cnt:90c725d32ed321cd776a0f4921dc82c3c4b0e60e;origin=https://github.com/rouge-ruby/rouge;path=/spec/visual/samples/json5,JSON5,JSON 5 (Rouge lexer `json5`),JSON5;JSON 5;json5,Rouge's maintainers (the sample's name: a lexer tag),rouge@16e6ecd,,,,sample;in-linguist,data,spec/visual/samples/json5
rouge:4c1ad9c09d07,gold,,14e8b83e9abd9cb9d109376c20cd7c1dc970506b,,swh:1:cnt:14e8b83e9abd9cb9d109376c20cd7c1dc970506b;origin=https://github.com/rouge-ruby/rouge;path=/spec/visual/samples/jsonnet,Jsonnet,Jsonnet (Rouge lexer `jsonnet`),Jsonnet;jsonnet,Rouge's maintainers (the sample's name: a lexer tag),rouge@16e6ecd,,,,sample;in-linguist,programming,spec/visual/samples/jsonnet
rouge:2e60c0a1c70d,gold,,6001e35e43731f91155c8acd5cb23737e0843f59,,swh:1:cnt:6001e35e43731f91155c8acd5cb23737e0843f59;origin=https://github.com/rouge-ruby/rouge;path=/spec/visual/samples/jsp,Java Server Pages,Jsp (Rouge lexer `jsp`),Java Server Pages;jsp;Jsp,Rouge's maintainers (the sample's name: a lexer tag),rouge@16e6ecd,,,,sample;in-linguist,programming,spec/visual/samples/jsp
rouge:0a23465e69a3,gold,,121270aea625a2aa8366c6b6ba17bdb3d4a496f3,,swh:1:cnt:121270aea625a2aa8366c6b6ba17bdb3d4a496f3;origin=https://github.com/rouge-ruby/rouge;path=/spec/visual/samples/jsx,JSX,JSX (Rouge lexer `jsx`),JSX;jsx,Rouge's maintainers (the sample's name: a lexer tag),rouge@16e6ecd,,,,sample;not-in-linguist,,spec/visual/samples/jsx
rouge:b101b87a9a59,gold,,bf8e68c1deeb3f8cb00f418c4a63f02f40cf1743,,swh:1:cnt:bf8e68c1deeb3f8cb00f418c4a63f02f40cf1743;origin=https://github.com/rouge-ruby/rouge;path=/spec/visual/samples/julia,Julia,Julia (Rouge lexer `julia`),Julia;julia,Rouge's maintainers (the sample's name: a lexer tag),rouge@16e6ecd,,,,sample;in-linguist,programming,spec/visual/samples/julia
rouge:2c9cf21c1f97,gold,,74f57b91a97f911c4eefbeace3e3256cd9b4f2f5,,swh:1:cnt:74f57b91a97f911c4eefbeace3e3256cd9b4f2f5;origin=https://github.com/rouge-ruby/rouge;path=/spec/visual/samples/kick_assembler,KickAssembler,KickAssembler (Rouge lexer `kick_assembler`),KickAssembler;kick_assembler,Rouge's maintainers (the sample's name: a lexer tag),rouge@16e6ecd,,,,sample;not-in-linguist,,spec/visual/samples/kick_assembler
rouge:48c9cd542ea1,gold,,76a5c129c594e9ff24850d980237645768801ddb,,swh:1:cnt:76a5c129c594e9ff24850d980237645768801ddb;origin=https://github.com/rouge-ruby/rouge;path=/spec/visual/samples/kotlin,Kotlin,Kotlin (Rouge lexer `kotlin`),Kotlin;kotlin,Rouge's maintainers (the sample's name: a lexer tag),rouge@16e6ecd,,,,sample;in-linguist,programming,spec/visual/samples/kotlin
rouge:e37861c168a0,gold,,64057a3d7ca206a9d1bd1ddeb309d3056b05dc28,,swh:1:cnt:64057a3d7ca206a9d1bd1ddeb309d3056b05dc28;origin=https://github.com/rouge-ruby/rouge;path=/spec/visual/samples/lasso,Lasso,Lasso (Rouge lexer `lasso`),Lasso;lassoscript;lasso,Rouge's maintainers (the sample's name: a lexer tag),rouge@16e6ecd,,,,sample;in-linguist,programming,spec/visual/samples/lasso
rouge:bbb0f5887a88,gold,,2b77b09d0e5a6beddaad34f067323ce440e44e85,,swh:1:cnt:2b77b09d0e5a6beddaad34f067323ce440e44e85;origin=https://github.com/rouge-ruby/rouge;path=/spec/visual/samples/lean,Lean,Lean (Rouge lexer `lean`),Lean;lean,Rouge's maintainers (the sample's name: a lexer tag),rouge@16e6ecd,,,,sample;in-linguist,programming,spec/visual/samples/lean
rouge:48958da0339b,gold,,414f57445f4426c4418a4f80c12e468f5b32e91f,,swh:1:cnt:414f57445f4426c4418a4f80c12e468f5b32e91f;origin=https://github.com/rouge-ruby/rouge;path=/spec/visual/samples/liquid,Liquid,Liquid (Rouge lexer `liquid`),Liquid;liquid,Rouge's maintainers (the sample's name: a lexer tag),rouge@16e6ecd,,,,sample;in-linguist,markup,spec/visual/samples/liquid
rouge:0cd1ededfa92,gold,,06a2407a33b6df10eb0bff491f4d2dd99a1c4543,,swh:1:cnt:06a2407a33b6df10eb0bff491f4d2dd99a1c4543;origin=https://github.com/rouge-ruby/rouge;path=/spec/visual/samples/literate_coffeescript,Literate CoffeeScript,Literate CoffeeScript (Rouge lexer `literate_coffeescript`),Literate CoffeeScript;litcoffee;literate_coffeescript,Rouge's maintainers (the sample's name: a lexer tag),rouge@16e6ecd,,,,sample;in-linguist,programming,spec/visual/samples/literate_coffeescript
rouge:e791f112f671,gold,,2f9bbbeb48b552bd8f7987233ebf9de953ac79ed,,swh:1:cnt:2f9bbbeb48b552bd8f7987233ebf9de953ac79ed;origin=https://github.com/rouge-ruby/rouge;path=/spec/visual/samples/literate_haskell,Literate Haskell,Literate Haskell (Rouge lexer `literate_haskell`),Literate Haskell;lhaskell;lhs;literate_haskell,Rouge's maintainers (the sample's name: a lexer tag),rouge@16e6ecd,,,,sample;in-linguist,programming,spec/visual/samples/literate_haskell
rouge:05f69d1b0832,gold,,dcf89d533a6840e5c2f661be9d3aec134d7105e5,,swh:1:cnt:dcf89d533a6840e5c2f661be9d3aec134d7105e5;origin=https://github.com/rouge-ruby/rouge;path=/spec/visual/samples/livescript,LiveScript,LiveScript (Rouge lexer `livescript`),LiveScript;live-script;ls;livescript,Rouge's maintainers (the sample's name: a lexer tag),rouge@16e6ecd,,,,sample;in-linguist,programming,spec/visual/samples/livescript
rouge:951c5c8bde2c,gold,,d7aad85ff2dbd78e6f76ec2ab1262495a50d8087,,swh:1:cnt:d7aad85ff2dbd78e6f76ec2ab1262495a50d8087;origin=https://github.com/rouge-ruby/rouge;path=/spec/visual/samples/llvm,LLVM,LLVM (Rouge lexer `llvm`),LLVM;llvm,Rouge's maintainers (the sample's name: a lexer tag),rouge@16e6ecd,,,,sample;in-linguist,programming,spec/visual/samples/llvm
rouge:af4e54aa2d86,gold,,a4841c195b1383f2d94ad413bf82a56d16779b09,,swh:1:cnt:a4841c195b1383f2d94ad413bf82a56d16779b09;origin=https://github.com/rouge-ruby/rouge;path=/spec/visual/samples/lua,Lua,Lua (Rouge lexer `lua`),Lua;lua,Rouge's maintainers (the sample's name: a lexer tag),rouge@16e6ecd,,,,sample;in-linguist,programming,spec/visual/samples/lua
rouge:05836ce3f65f,gold,,ab3248d08bfe1b2d7c5e8803d9d23afd3676cb3d,,swh:1:cnt:ab3248d08bfe1b2d7c5e8803d9d23afd3676cb3d;origin=https://github.com/rouge-ruby/rouge;path=/spec/visual/samples/lustre,Lustre,Lustre (Rouge lexer `lustre`),Lustre;lustre,Rouge's maintainers (the sample's name: a lexer tag),rouge@16e6ecd,,,,sample;not-in-linguist,,spec/visual/samples/lustre
rouge:b0b7f2e8204c,gold,,d1011173628e2079a0f25dcb6be2ac69d08207e3,,swh:1:cnt:d1011173628e2079a0f25dcb6be2ac69d08207e3;origin=https://github.com/rouge-ruby/rouge;path=/spec/visual/samples/lutin,Lutin,Lutin (Rouge lexer `lutin`),Lutin;lutin,Rouge's maintainers (the sample's name: a lexer tag),rouge@16e6ecd,,,,sample;not-in-linguist,,spec/visual/samples/lutin
rouge:aad34fd08173,gold,,aa9b6aee2ee68478ba4abcccd187746097eb2a8f,,swh:1:cnt:aa9b6aee2ee68478ba4abcccd187746097eb2a8f;origin=https://github.com/rouge-ruby/rouge;path=/spec/visual/samples/m68k,Motorola 68K Assembly,M68k (Rouge lexer `m68k`),Motorola 68K Assembly;m68k;M68k,Rouge's maintainers (the sample's name: a lexer tag),rouge@16e6ecd,,,,sample;in-linguist,programming,spec/visual/samples/m68k
rouge:fbffe7e7700f,gold,,b54238adb5f5531c2141b1c7c37d29b7d02ccf17,,swh:1:cnt:b54238adb5f5531c2141b1c7c37d29b7d02ccf17;origin=https://github.com/rouge-ruby/rouge;path=/spec/visual/samples/magik,Magik,Magik (Rouge lexer `magik`),Magik;magik,Rouge's maintainers (the sample's name: a lexer tag),rouge@16e6ecd,,,,sample;not-in-linguist,,spec/visual/samples/magik
rouge:0fe310645e7a,gold,,7c0447cd2a9c1af74d77c2a7d12cfb467d1f26fb,,swh:1:cnt:7c0447cd2a9c1af74d77c2a7d12cfb467d1f26fb;origin=https://github.com/rouge-ruby/rouge;path=/spec/visual/samples/make,Makefile,Make (Rouge lexer `make`),Makefile;bsdmake;make;mf;Make,Rouge's maintainers (the sample's name: a lexer tag),rouge@16e6ecd,,,,sample;in-linguist,programming,spec/visual/samples/make
rouge:9f0085719863,gold,,086673dc63703227f287a95e920a856e0603e9ad,,swh:1:cnt:086673dc63703227f287a95e920a856e0603e9ad;origin=https://github.com/rouge-ruby/rouge;path=/spec/visual/samples/markdown,Markdown,Markdown (Rouge lexer `markdown`),Markdown;md;pandoc;markdown,Rouge's maintainers (the sample's name: a lexer tag),rouge@16e6ecd,,,,sample;in-linguist,prose,spec/visual/samples/markdown
rouge:2589370da71a,gold,,7f2c606938bd65c6efb181ff61248cf13d73f705,,swh:1:cnt:7f2c606938bd65c6efb181ff61248cf13d73f705;origin=https://github.com/rouge-ruby/rouge;path=/spec/visual/samples/mason,Mason,Mason (Rouge lexer `mason`),Mason;mason,Rouge's maintainers (the sample's name: a lexer tag),rouge@16e6ecd,,,,sample;not-in-linguist,,spec/visual/samples/mason
rouge:9db65f10e4bb,gold,,020beb50f5b5324825eb3e365904b137d1710350,,swh:1:cnt:020beb50f5b5324825eb3e365904b137d1710350;origin=https://github.com/rouge-ruby/rouge;path=/spec/visual/samples/mathematica,Wolfram Language,Mathematica (Rouge lexer `mathematica`),Wolfram Language;mathematica;mma;wolfram;wolfram lang;wl;Mathematica,Rouge's maintainers (the sample's name: a lexer tag),rouge@16e6ecd,,,,sample;in-linguist,programming,spec/visual/samples/mathematica
rouge:9743637b8732,gold,,4b9f6c84314c196d0ff3676ce3409cb0b4e3b0c0,,swh:1:cnt:4b9f6c84314c196d0ff3676ce3409cb0b4e3b0c0;origin=https://github.com/rouge-ruby/rouge;path=/spec/visual/samples/matlab,MATLAB,MATLAB (Rouge lexer `matlab`),MATLAB;octave;matlab,Rouge's maintainers (the sample's name: a lexer tag),rouge@16e6ecd,,,,sample;in-linguist,programming,spec/visual/samples/matlab
rouge:e328d254960d,gold,,a10a60c9c6f9a926f3af80052de22d1f50c1c136,,swh:1:cnt:a10a60c9c6f9a926f3af80052de22d1f50c1c136;origin=https://github.com/rouge-ruby/rouge;path=/spec/visual/samples/meson,Meson,Meson (Rouge lexer `meson`),Meson;meson,Rouge's maintainers (the sample's name: a lexer tag),rouge@16e6ecd,,,,sample;in-linguist,programming,spec/visual/samples/meson
rouge:e31876216991,gold,,b6fca0374d9eae6ca4e58db45a65755e1340432d,,swh:1:cnt:b6fca0374d9eae6ca4e58db45a65755e1340432d;origin=https://github.com/rouge-ruby/rouge;path=/spec/visual/samples/minizinc,MiniZinc,MiniZinc (Rouge lexer `minizinc`),MiniZinc;minizinc,Rouge's maintainers (the sample's name: a lexer tag),rouge@16e6ecd,,,,sample;in-linguist,programming,spec/visual/samples/minizinc
rouge:975bd1bb806c,gold,,1642018adac8e42f83492eedbe4d6046cc9f497f,,swh:1:cnt:1642018adac8e42f83492eedbe4d6046cc9f497f;origin=https://github.com/rouge-ruby/rouge;path=/spec/visual/samples/mojo,Mojo,Mojo (Rouge lexer `mojo`),Mojo;mojo,Rouge's maintainers (the sample's name: a lexer tag),rouge@16e6ecd,,,,sample;in-linguist,programming,spec/visual/samples/mojo
rouge:06212315c3da,gold,,630e94158ec7f072c3c78985d8b087ddd1c032a9,,swh:1:cnt:630e94158ec7f072c3c78985d8b087ddd1c032a9;origin=https://github.com/rouge-ruby/rouge;path=/spec/visual/samples/moonscript,MoonScript,MoonScript (Rouge lexer `moonscript`),MoonScript;moonscript,Rouge's maintainers (the sample's name: a lexer tag),rouge@16e6ecd,,,,sample;in-linguist,programming,spec/visual/samples/moonscript
rouge:1eba59a9649f,gold,,338ee8dae375274a20f7805cb36e5be081b09cb0,,swh:1:cnt:338ee8dae375274a20f7805cb36e5be081b09cb0;origin=https://github.com/rouge-ruby/rouge;path=/spec/visual/samples/mosel,Mosel,Mosel (Rouge lexer `mosel`),Mosel;mosel,Rouge's maintainers (the sample's name: a lexer tag),rouge@16e6ecd,,,,sample;not-in-linguist,,spec/visual/samples/mosel
rouge:27d9f3a14f68,gold,,9e55496d2b70b9717a8601abd4662d51bf435ac9,,swh:1:cnt:9e55496d2b70b9717a8601abd4662d51bf435ac9;origin=https://github.com/rouge-ruby/rouge;path=/spec/visual/samples/msgtrans,MessageTrans,MessageTrans (Rouge lexer `msgtrans`),MessageTrans;msgtrans,Rouge's maintainers (the sample's name: a lexer tag),rouge@16e6ecd,,,,sample;not-in-linguist,,spec/visual/samples/msgtrans
rouge:d2f6ec074dd1,gold,,d56edd16a4bf71f2622c9c7ad7a0a5af81ca66a7,,swh:1:cnt:d56edd16a4bf71f2622c9c7ad7a0a5af81ca66a7;origin=https://github.com/rouge-ruby/rouge;path=/spec/visual/samples/mxml,MXML,MXML (Rouge lexer `mxml`),MXML;mxml,Rouge's maintainers (the sample's name: a lexer tag),rouge@16e6ecd,,,,sample;not-in-linguist,,spec/visual/samples/mxml
rouge:7473525a28a9,gold,,7e95ea333dac840b5ce9753b1e9b303178b86afd,,swh:1:cnt:7e95ea333dac840b5ce9753b1e9b303178b86afd;origin=https://github.com/rouge-ruby/rouge;path=/spec/visual/samples/nasm,Assembly,Nasm (Rouge lexer `nasm`),Assembly;asm;nasm;Nasm,Rouge's maintainers (the sample's name: a lexer tag),rouge@16e6ecd,,,,sample;in-linguist,programming,spec/visual/samples/nasm
rouge:fa461df70e88,gold,,efcd0b83285ab89d529ef8b1a9af7653100bce44,,swh:1:cnt:efcd0b83285ab89d529ef8b1a9af7653100bce44;origin=https://github.com/rouge-ruby/rouge;path=/spec/visual/samples/nesasm,NesAsm,NesAsm (Rouge lexer `nesasm`),NesAsm;nesasm,Rouge's maintainers (the sample's name: a lexer tag),rouge@16e6ecd,,,,sample;not-in-linguist,,spec/visual/samples/nesasm
rouge:06456eeff3f6,gold,,dfda3fd8ad5a0e3d2cba8ee62397593c690ffd69,,swh:1:cnt:dfda3fd8ad5a0e3d2cba8ee62397593c690ffd69;origin=https://github.com/rouge-ruby/rouge;path=/spec/visual/samples/nginx,Nginx,nginx (Rouge lexer `nginx`),Nginx;nginx configuration file;nginx,Rouge's maintainers (the sample's name: a lexer tag),rouge@16e6ecd,,,,sample;in-linguist,data,spec/visual/samples/nginx
rouge:a4b689940e73,gold,,b2e367295c167ac62de320a4d3d32240edc3a62d,,swh:1:cnt:b2e367295c167ac62de320a4d3d32240edc3a62d;origin=https://github.com/rouge-ruby/rouge;path=/spec/visual/samples/nial,Nial,Nial (Rouge lexer `nial`),Nial;nial,Rouge's maintainers (the sample's name: a lexer tag),rouge@16e6ecd,,,,sample;not-in-linguist,,spec/visual/samples/nial
rouge:3c9639c8e71d,gold,,32fc332c1b2134f1df21e93d7e788c0a4d9377e6,,swh:1:cnt:32fc332c1b2134f1df21e93d7e788c0a4d9377e6;origin=https://github.com/rouge-ruby/rouge;path=/spec/visual/samples/nim,Nim,Nim (Rouge lexer `nim`),Nim;nim,Rouge's maintainers (the sample's name: a lexer tag),rouge@16e6ecd,,,,sample;in-linguist,programming,spec/visual/samples/nim
rouge:26633fccb5be,gold,,83fef89e17c66e0460e8b438afb945ca4b3ce0b1,,swh:1:cnt:83fef89e17c66e0460e8b438afb945ca4b3ce0b1;origin=https://github.com/rouge-ruby/rouge;path=/spec/visual/samples/nix,Nix,Nix (Rouge lexer `nix`),Nix;nixos;nix,Rouge's maintainers (the sample's name: a lexer tag),rouge@16e6ecd,,,,sample;in-linguist,programming,spec/visual/samples/nix
rouge:5b1c71f9387a,gold,,280dbcf91123ad76d2617159e65558fd396e515d,,swh:1:cnt:280dbcf91123ad76d2617159e65558fd396e515d;origin=https://github.com/rouge-ruby/rouge;path=/spec/visual/samples/objective_c,Objective-C,Objective-C (Rouge lexer `objective_c`),Objective-C;obj-c;objc;objectivec;objective_c,Rouge's maintainers (the sample's name: a lexer tag),rouge@16e6ecd,,,,sample;in-linguist,programming,spec/visual/samples/objective_c
rouge:f31d5947d29e,gold,,d0b7596c87ba0e776a16b914c4dfc1e485316b7b,,swh:1:cnt:d0b7596c87ba0e776a16b914c4dfc1e485316b7b;origin=https://github.com/rouge-ruby/rouge;path=/spec/visual/samples/objective_cpp,Objective-C++,Objective-C++ (Rouge lexer `objective_cpp`),Objective-C++;obj-c++;objc++;objectivec++;objective_cpp,Rouge's maintainers (the sample's name: a lexer tag),rouge@16e6ecd,,,,sample;in-linguist,programming,spec/visual/samples/objective_cpp
rouge:60167df3e117,gold,,224ef7f77ca3dd1ea0c7491f19a89f70d67419ce,,swh:1:cnt:224ef7f77ca3dd1ea0c7491f19a89f70d67419ce;origin=https://github.com/rouge-ruby/rouge;path=/spec/visual/samples/ocaml,OCaml,OCaml (Rouge lexer `ocaml`),OCaml;ocaml,Rouge's maintainers (the sample's name: a lexer tag),rouge@16e6ecd,,,,sample;in-linguist,programming,spec/visual/samples/ocaml
rouge:d88a98d2b493,gold,,eed7a7a50fc03031cf81e00df8ebc77b4f24fb6e,,swh:1:cnt:eed7a7a50fc03031cf81e00df8ebc77b4f24fb6e;origin=https://github.com/rouge-ruby/rouge;path=/spec/visual/samples/ocl,OCL,OCL (Rouge lexer `ocl`),OCL;ocl,Rouge's maintainers (the sample's name: a lexer tag),rouge@16e6ecd,,,,sample;not-in-linguist,,spec/visual/samples/ocl
rouge:dc07382948fb,gold,,fae56f29da6b58720262fc8b551da575e6319310,,swh:1:cnt:fae56f29da6b58720262fc8b551da575e6319310;origin=https://github.com/rouge-ruby/rouge;path=/spec/visual/samples/openedge,OpenEdge ABL,OpenEdge ABL (Rouge lexer `openedge`),OpenEdge ABL;progress;openedge;abl,Rouge's maintainers (the sample's name: a lexer tag),rouge@16e6ecd,,,,sample;in-linguist,programming,spec/visual/samples/openedge
rouge:7bf6530fd46a,gold,,9623625f7afbdfaed7e734513d1921c2a27b9b71,,swh:1:cnt:9623625f7afbdfaed7e734513d1921c2a27b9b71;origin=https://github.com/rouge-ruby/rouge;path=/spec/visual/samples/opentype_feature_file,OpenType Feature File,OpenType Feature File (Rouge lexer `opentype_feature_file`),OpenType Feature File;AFDKO;opentype_feature_file,Rouge's maintainers (the sample's name: a lexer tag),rouge@16e6ecd,,,,sample;in-linguist,data,spec/visual/samples/opentype_feature_file
rouge:d0d678dab408,gold,,bf280e9a8296280c5b82912d06e0c672c8004207,,swh:1:cnt:bf280e9a8296280c5b82912d06e0c672c8004207;origin=https://github.com/rouge-ruby/rouge;path=/spec/visual/samples/p4,P4,P4 (Rouge lexer `p4`),P4;p4,Rouge's maintainers (the sample's name: a lexer tag),rouge@16e6ecd,,,,sample;in-linguist,programming,spec/visual/samples/p4
rouge:63ce71bf65a8,gold,,fa509f7070230b50e2316213e601e048a2e7bd88,,swh:1:cnt:fa509f7070230b50e2316213e601e048a2e7bd88;origin=https://github.com/rouge-ruby/rouge;path=/spec/visual/samples/pascal,Pascal,Pascal (Rouge lexer `pascal`),Pascal;delphi;objectpascal;pascal,Rouge's maintainers (the sample's name: a lexer tag),rouge@16e6ecd,,,,sample;in-linguist,programming,spec/visual/samples/pascal
rouge:d84ce94b844d,gold,,10da023287f214dc5fd56ebe4d0bb5937b20dda1,,swh:1:cnt:10da023287f214dc5fd56ebe4d0bb5937b20dda1;origin=https://github.com/rouge-ruby/rouge;path=/spec/visual/samples/pdf,PDF,PDF (Rouge lexer `pdf`),PDF;pdf,Rouge's maintainers (the sample's name: a lexer tag),rouge@16e6ecd,,,,sample;not-in-linguist,,spec/visual/samples/pdf
rouge:83336251c915,gold,,9db25ab349123edd712d97a68bb36c5be5b71c9f,,swh:1:cnt:9db25ab349123edd712d97a68bb36c5be5b71c9f;origin=https://github.com/rouge-ruby/rouge;path=/spec/visual/samples/perl,Perl,Perl (Rouge lexer `perl`),Perl;cperl;perl,Rouge's maintainers (the sample's name: a lexer tag),rouge@16e6ecd,,,,sample;in-linguist,programming,spec/visual/samples/perl
rouge:82b88e22783f,gold,,6380680ac2851b3e8b1348fa3e4b1868c059e553,,swh:1:cnt:6380680ac2851b3e8b1348fa3e4b1868c059e553;origin=https://github.com/rouge-ruby/rouge;path=/spec/visual/samples/php,PHP,PHP (Rouge lexer `php`),PHP;inc;php,Rouge's maintainers (the sample's name: a lexer tag),rouge@16e6ecd,,,,sample;in-linguist,programming,spec/visual/samples/php
rouge:6934df9c5150,gold,,ef733e7d5e6c259c1bc48474d12aa980435e4999,,swh:1:cnt:ef733e7d5e6c259c1bc48474d12aa980435e4999;origin=https://github.com/rouge-ruby/rouge;path=/spec/visual/samples/plist,OpenStep Property List,Plist (Rouge lexer `plist`),OpenStep Property List;Plist;plist,Rouge's maintainers (the sample's name: a lexer tag),rouge@16e6ecd,,,,sample;in-linguist,data,spec/visual/samples/plist
rouge:da716f9aca9e,gold,,b0649c27b11326f5251acc71a74f228dd80f332d,,swh:1:cnt:b0649c27b11326f5251acc71a74f228dd80f332d;origin=https://github.com/rouge-ruby/rouge;path=/spec/visual/samples/plsql,PLSQL,PLSQL (Rouge lexer `plsql`),PLSQL;plsql,Rouge's maintainers (the sample's name: a lexer tag),rouge@16e6ecd,,,,sample;in-linguist,programming,spec/visual/samples/plsql
rouge:a4270bef6eba,gold,,71bfd0a7256322955739968c968bb8021a5f8d7c,,swh:1:cnt:71bfd0a7256322955739968c968bb8021a5f8d7c;origin=https://github.com/rouge-ruby/rouge;path=/spec/visual/samples/pony,Pony,Pony (Rouge lexer `pony`),Pony;pony,Rouge's maintainers (the sample's name: a lexer tag),rouge@16e6ecd,,,,sample;in-linguist,programming,spec/visual/samples/pony
rouge:953ade251f2d,gold,,6a2fc20c35bc41838b8216821533bf87f4378e15,,swh:1:cnt:6a2fc20c35bc41838b8216821533bf87f4378e15;origin=https://github.com/rouge-ruby/rouge;path=/spec/visual/samples/postscript,PostScript,PostScript (Rouge lexer `postscript`),PostScript;postscr;postscript,Rouge's maintainers (the sample's name: a lexer tag),rouge@16e6ecd,,,,sample;in-linguist,markup,spec/visual/samples/postscript
rouge:872aba44bb66,gold,,1dd5932660e883687584285d3ada93d6a6ca16ab,,swh:1:cnt:1dd5932660e883687584285d3ada93d6a6ca16ab;origin=https://github.com/rouge-ruby/rouge;path=/spec/visual/samples/powershell,PowerShell,powershell (Rouge lexer `powershell`),PowerShell;posh;pwsh;powershell,Rouge's maintainers (the sample's name: a lexer tag),rouge@16e6ecd,,,,sample;in-linguist,programming,spec/visual/samples/powershell
rouge:b1da66c508f5,gold,,2d6849f3395d212d19d46a4c5f4a3232ad4fccb8,,swh:1:cnt:2d6849f3395d212d19d46a4c5f4a3232ad4fccb8;origin=https://github.com/rouge-ruby/rouge;path=/spec/visual/samples/praat,Praat,Praat (Rouge lexer `praat`),Praat;praat,Rouge's maintainers (the sample's name: a lexer tag),rouge@16e6ecd,,,,sample;in-linguist,programming,spec/visual/samples/praat
rouge:4eedf0eb91d5,gold,,55ec6dc32f2d34824a9550e9f4574d0771c1ed27,,swh:1:cnt:55ec6dc32f2d34824a9550e9f4574d0771c1ed27;origin=https://github.com/rouge-ruby/rouge;path=/spec/visual/samples/prolog,Prolog,Prolog (Rouge lexer `prolog`),Prolog;prolog,Rouge's maintainers (the sample's name: a lexer tag),rouge@16e6ecd,,,,sample;in-linguist,programming,spec/visual/samples/prolog
rouge:3cb9289c5b95,gold,,140126ed46dc7f224fa071daab2291c46c775429,,swh:1:cnt:140126ed46dc7f224fa071daab2291c46c775429;origin=https://github.com/rouge-ruby/rouge;path=/spec/visual/samples/prometheus,Prometheus,Prometheus (Rouge lexer `prometheus`),Prometheus;prometheus,Rouge's maintainers (the sample's name: a lexer tag),rouge@16e6ecd,,,,sample;not-in-linguist,,spec/visual/samples/prometheus
rouge:bafd16e5678b,gold,,9a5fb6dd286bfa638f5eeb6c5c51f56334bcdfed,,swh:1:cnt:9a5fb6dd286bfa638f5eeb6c5c51f56334bcdfed;origin=https://github.com/rouge-ruby/rouge;path=/spec/visual/samples/properties,Java Properties,.properties (Rouge lexer `properties`),Java Properties;.properties;properties,Rouge's maintainers (the sample's name: a lexer tag),rouge@16e6ecd,,,,sample;in-linguist,data,spec/visual/samples/properties
rouge:ac4ca792f7d1,gold,,2638683c7540b386bcc5160338df341d2fc41fef,,swh:1:cnt:2638683c7540b386bcc5160338df341d2fc41fef;origin=https://github.com/rouge-ruby/rouge;path=/spec/visual/samples/protobuf,Protocol Buffer,Protobuf (Rouge lexer `protobuf`),Protocol Buffer;proto;protobuf;Protocol Buffers;Protobuf,Rouge's maintainers (the sample's name: a lexer tag),rouge@16e6ecd,,,,sample;in-linguist,data,spec/visual/samples/protobuf
rouge:e14cc8e9ae8c,gold,,a3843f751929e603b7db74dee104406d84195447,,swh:1:cnt:a3843f751929e603b7db74dee104406d84195447;origin=https://github.com/rouge-ruby/rouge;path=/spec/visual/samples/puppet,Puppet,Puppet (Rouge lexer `puppet`),Puppet;puppet,Rouge's maintainers (the sample's name: a lexer tag),rouge@16e6ecd,,,,sample;in-linguist,programming,spec/visual/samples/puppet
rouge:5506e2058cc2,gold,,d44f1cbc6c248b9c99bcf57bd4a7720632560ac6,,swh:1:cnt:d44f1cbc6c248b9c99bcf57bd4a7720632560ac6;origin=https://github.com/rouge-ruby/rouge;path=/spec/visual/samples/python,Python,Python (Rouge lexer `python`),Python;py;py3;python3;rusthon;python,Rouge's maintainers (the sample's name: a lexer tag),rouge@16e6ecd,,,,sample;in-linguist,programming,spec/visual/samples/python
rouge:14b9c912de2c,gold,,ba1b63c250ec735f4947afaaf4d26b55e8bc4e02,,swh:1:cnt:ba1b63c250ec735f4947afaaf4d26b55e8bc4e02;origin=https://github.com/rouge-ruby/rouge;path=/spec/visual/samples/q,q,Q (Rouge lexer `q`),q;Q,Rouge's maintainers (the sample's name: a lexer tag),rouge@16e6ecd,,,,sample;in-linguist,programming,spec/visual/samples/q
rouge:60c55ba19988,gold,,e88dd12b9fdfc180ce18740017599144695a40aa,,swh:1:cnt:e88dd12b9fdfc180ce18740017599144695a40aa;origin=https://github.com/rouge-ruby/rouge;path=/spec/visual/samples/qml,QML,QML (Rouge lexer `qml`),QML;qml,Rouge's maintainers (the sample's name: a lexer tag),rouge@16e6ecd,,,,sample;in-linguist,programming,spec/visual/samples/qml
rouge:dc7dac453ee9,gold,,7febfb89a8a2ca6dd0997e395cba06eb1aa186a4,,swh:1:cnt:7febfb89a8a2ca6dd0997e395cba06eb1aa186a4;origin=https://github.com/rouge-ruby/rouge;path=/spec/visual/samples/r,R,R (Rouge lexer `r`),R;Rscript;splus;r,Rouge's maintainers (the sample's name: a lexer tag),rouge@16e6ecd,,,,sample;in-linguist,programming,spec/visual/samples/r
rouge:46253b0e166b,gold,,448a6557712a82600d3e148d62711c56f7ac002b,,swh:1:cnt:448a6557712a82600d3e148d62711c56f7ac002b;origin=https://github.com/rouge-ruby/rouge;path=/spec/visual/samples/racket,Racket,Racket (Rouge lexer `racket`),Racket;racket,Rouge's maintainers (the sample's name: a lexer tag),rouge@16e6ecd,,,,sample;in-linguist,programming,spec/visual/samples/racket
rouge:30ed238dedfa,gold,,c246beb9b206137c83a96b6397bf71aa61349442,,swh:1:cnt:c246beb9b206137c83a96b6397bf71aa61349442;origin=https://github.com/rouge-ruby/rouge;path=/spec/visual/samples/reasonml,Reason,ReasonML (Rouge lexer `reasonml`),Reason;ReasonML;reasonml,Rouge's maintainers (the sample's name: a lexer tag),rouge@16e6ecd,,,,sample;in-linguist,programming,spec/visual/samples/reasonml
rouge:84d421653978,gold,,f53957cf9976e0ec5f477b706551a303b6814a58,,swh:1:cnt:f53957cf9976e0ec5f477b706551a303b6814a58;origin=https://github.com/rouge-ruby/rouge;path=/spec/visual/samples/rego,Open Policy Agent,Rego (Rouge lexer `rego`),Open Policy Agent;Rego;rego,Rouge's maintainers (the sample's name: a lexer tag),rouge@16e6ecd,,,,sample;in-linguist,programming,spec/visual/samples/rego
rouge:4eb0df8a1bf7,gold,,18cc8080517a6254340b345c8578b6e2a97b6c56,,swh:1:cnt:18cc8080517a6254340b345c8578b6e2a97b6c56;origin=https://github.com/rouge-ruby/rouge;path=/spec/visual/samples/rescript,ReScript,ReScript (Rouge lexer `rescript`),ReScript;rescript,Rouge's maintainers (the sample's name: a lexer tag),rouge@16e6ecd,,,,sample;in-linguist,programming,spec/visual/samples/rescript
rouge:7199ad349ac3,gold,,44535eaf421509b115673ab66b2d4f5e19a5a7c2,,swh:1:cnt:44535eaf421509b115673ab66b2d4f5e19a5a7c2;origin=https://github.com/rouge-ruby/rouge;path=/spec/visual/samples/rml,RML,RML (Rouge lexer `rml`),RML;rml,Rouge's maintainers (the sample's name: a lexer tag),rouge@16e6ecd,,,,sample;not-in-linguist,,spec/visual/samples/rml
rouge:3e2d7b96e686,gold,,5a20b8780ab5bd8511fca15acbda999e2d3d7721,,swh:1:cnt:5a20b8780ab5bd8511fca15acbda999e2d3d7721;origin=https://github.com/rouge-ruby/rouge;path=/spec/visual/samples/robot_framework,RobotFramework,Robot Framework (Rouge lexer `robot_framework`),RobotFramework;Robot Framework;robot_framework,Rouge's maintainers (the sample's name: a lexer tag),rouge@16e6ecd,,,,sample;in-linguist,programming,spec/visual/samples/robot_framework
rouge:8f0c2bc3dd77,gold,,9d93245f888fff73ab512de021342b1fe0e1735b,,swh:1:cnt:9d93245f888fff73ab512de021342b1fe0e1735b;origin=https://github.com/rouge-ruby/rouge;path=/spec/visual/samples/rocq,Rocq Prover,Rocq (Rouge lexer `rocq`),Rocq Prover;coq;rocq;Rocq,Rouge's maintainers (the sample's name: a lexer tag),rouge@16e6ecd,,,,sample;in-linguist,programming,spec/visual/samples/rocq
rouge:2da05e94a91f,gold,,9b1061fb01c60854f3fd2845137cfe92eff379fa,,swh:1:cnt:9b1061fb01c60854f3fd2845137cfe92eff379fa;origin=https://github.com/rouge-ruby/rouge;path=/spec/visual/samples/ruby,Ruby,Ruby (Rouge lexer `ruby`),Ruby;jruby;macruby;rake;rb;rbx;ruby,Rouge's maintainers (the sample's name: a lexer tag),rouge@16e6ecd,,,,sample;in-linguist,programming,spec/visual/samples/ruby
rouge:1b7ec9071e11,gold,,4f72e2db8487ae65100c7d14460ba92cff5c48b5,,swh:1:cnt:4f72e2db8487ae65100c7d14460ba92cff5c48b5;origin=https://github.com/rouge-ruby/rouge;path=/spec/visual/samples/rust,Rust,Rust (Rouge lexer `rust`),Rust;rs;rust,Rouge's maintainers (the sample's name: a lexer tag),rouge@16e6ecd,,,,sample;in-linguist,programming,spec/visual/samples/rust
rouge:ed69a124d029,gold,,e99d0f1aaf51db66721ef7924155be545ea3bbdc,,swh:1:cnt:e99d0f1aaf51db66721ef7924155be545ea3bbdc;origin=https://github.com/rouge-ruby/rouge;path=/spec/visual/samples/sas,SAS,SAS (Rouge lexer `sas`),SAS;sas,Rouge's maintainers (the sample's name: a lexer tag),rouge@16e6ecd,,,,sample;in-linguist,programming,spec/visual/samples/sas
rouge:3f3826e173c9,gold,,6fff51cc36a19cef56eb32263b22613b12cbd846,,swh:1:cnt:6fff51cc36a19cef56eb32263b22613b12cbd846;origin=https://github.com/rouge-ruby/rouge;path=/spec/visual/samples/sass,Sass,Sass (Rouge lexer `sass`),Sass;sass,Rouge's maintainers (the sample's name: a lexer tag),rouge@16e6ecd,,,,sample;in-linguist,markup,spec/visual/samples/sass
rouge:6cb45e00e780,gold,,3fd6cfc5796f72d44ea7382523391bcf35adf87c,,swh:1:cnt:3fd6cfc5796f72d44ea7382523391bcf35adf87c;origin=https://github.com/rouge-ruby/rouge;path=/spec/visual/samples/scala,Scala,Scala (Rouge lexer `scala`),Scala;scala,Rouge's maintainers (the sample's name: a lexer tag),rouge@16e6ecd,,,,sample;in-linguist,programming,spec/visual/samples/scala
rouge:12bcc8403ac1,gold,,044549bff82443211ddf24bb25358f4672a928a3,,swh:1:cnt:044549bff82443211ddf24bb25358f4672a928a3;origin=https://github.com/rouge-ruby/rouge;path=/spec/visual/samples/scheme,Scheme,Scheme (Rouge lexer `scheme`),Scheme;scheme,Rouge's maintainers (the sample's name: a lexer tag),rouge@16e6ecd,,,,sample;in-linguist,programming,spec/visual/samples/scheme
rouge:5746a5313f0d,gold,,d7724dd5f2471dbfc7766d7d1514abc375c6db4b,,swh:1:cnt:d7724dd5f2471dbfc7766d7d1514abc375c6db4b;origin=https://github.com/rouge-ruby/rouge;path=/spec/visual/samples/scss,SCSS,SCSS (Rouge lexer `scss`),SCSS;scss,Rouge's maintainers (the sample's name: a lexer tag),rouge@16e6ecd,,,,sample;in-linguist,markup,spec/visual/samples/scss
rouge:7a19256afec8,gold,,5f6d4f2d8921ba9bd59b7749546ab3085936d30f,,swh:1:cnt:5f6d4f2d8921ba9bd59b7749546ab3085936d30f;origin=https://github.com/rouge-ruby/rouge;path=/spec/visual/samples/sed,sed,sed (Rouge lexer `sed`),sed,Rouge's maintainers (the sample's name: a lexer tag),rouge@16e6ecd,,,,sample;in-linguist,programming,spec/visual/samples/sed
rouge:c78d0e1f178e,gold,,1e2a014ae998257326928f727fdb8226ecb27082,,swh:1:cnt:1e2a014ae998257326928f727fdb8226ecb27082;origin=https://github.com/rouge-ruby/rouge;path=/spec/visual/samples/shell,Shell,shell (Rouge lexer `shell`),Shell;sh;shell-script;bash;zsh;envrc;shell,Rouge's maintainers (the sample's name: a lexer tag),rouge@16e6ecd,,,,sample;in-linguist,programming,spec/visual/samples/shell
rouge:ffb0994aab2e,gold,,0c7c01bab6e29bf91b6cac78526e330c1254ac65,,swh:1:cnt:0c7c01bab6e29bf91b6cac78526e330c1254ac65;origin=https://github.com/rouge-ruby/rouge;path=/spec/visual/samples/sieve,Sieve,Sieve (Rouge lexer `sieve`),Sieve;sieve,Rouge's maintainers (the sample's name: a lexer tag),rouge@16e6ecd,,,,sample;in-linguist,programming,spec/visual/samples/sieve
rouge:5ba51d47c5e9,gold,,0e3733731bb622ca524848334b141e4d888e9970,,swh:1:cnt:0e3733731bb622ca524848334b141e4d888e9970;origin=https://github.com/rouge-ruby/rouge;path=/spec/visual/samples/slice,Slice,Slice (Rouge lexer `slice`),Slice;slice,Rouge's maintainers (the sample's name: a lexer tag),rouge@16e6ecd,,,,sample;in-linguist,programming,spec/visual/samples/slice
rouge:51d38f4be30c,gold,,72e3772dcb6da42c588aae3c5e4eb9f9716406de,,swh:1:cnt:72e3772dcb6da42c588aae3c5e4eb9f9716406de;origin=https://github.com/rouge-ruby/rouge;path=/spec/visual/samples/slim,Slim,Slim (Rouge lexer `slim`),Slim;slim,Rouge's maintainers (the sample's name: a lexer tag),rouge@16e6ecd,,,,sample;in-linguist,markup,spec/visual/samples/slim
rouge:8bb2d03c9f48,gold,,ca0286281af9c69987801080aca03d076f498dfc,,swh:1:cnt:ca0286281af9c69987801080aca03d076f498dfc;origin=https://github.com/rouge-ruby/rouge;path=/spec/visual/samples/smalltalk,Smalltalk,Smalltalk (Rouge lexer `smalltalk`),Smalltalk;squeak;smalltalk,Rouge's maintainers (the sample's name: a lexer tag),rouge@16e6ecd,,,,sample;in-linguist,programming,spec/visual/samples/smalltalk
rouge:13132948fc67,gold,,b74e48687c7d5eb335277b0d1200b5773b541cf0,,swh:1:cnt:b74e48687c7d5eb335277b0d1200b5773b541cf0;origin=https://github.com/rouge-ruby/rouge;path=/spec/visual/samples/smarty,Smarty,Smarty (Rouge lexer `smarty`),Smarty;smarty,Rouge's maintainers (the sample's name: a lexer tag),rouge@16e6ecd,,,,sample;in-linguist,programming,spec/visual/samples/smarty
rouge:c3ce4e02a695,gold,,06d8e84d3fefc9c76a687cc94c1d940e48ff94a6,,swh:1:cnt:06d8e84d3fefc9c76a687cc94c1d940e48ff94a6;origin=https://github.com/rouge-ruby/rouge;path=/spec/visual/samples/sml,Standard ML,SML (Rouge lexer `sml`),Standard ML;sml;SML,Rouge's maintainers (the sample's name: a lexer tag),rouge@16e6ecd,,,,sample;in-linguist,programming,spec/visual/samples/sml
rouge:a4854bac516b,gold,,30c8633bf6dc527b91f171f235d7a7aa46037c12,,swh:1:cnt:30c8633bf6dc527b91f171f235d7a7aa46037c12;origin=https://github.com/rouge-ruby/rouge;path=/spec/visual/samples/sparql,SPARQL,SPARQL (Rouge lexer `sparql`),SPARQL;sparql,Rouge's maintainers (the sample's name: a lexer tag),rouge@16e6ecd,,,,sample;in-linguist,data,spec/visual/samples/sparql
rouge:34161985d3a4,gold,,67027ccfd3c24e81dd0453beeb8f4f2394c49687,,swh:1:cnt:67027ccfd3c24e81dd0453beeb8f4f2394c49687;origin=https://github.com/rouge-ruby/rouge;path=/spec/visual/samples/sqf,SQF,SQF (Rouge lexer `sqf`),SQF;sqf,Rouge's maintainers (the sample's name: a lexer tag),rouge@16e6ecd,,,,sample;in-linguist,programming,spec/visual/samples/sqf
rouge:3aafd25bdedb,gold,,03157bae7cc4c71ee2f82f381dbfda2f32d38025,,swh:1:cnt:03157bae7cc4c71ee2f82f381dbfda2f32d38025;origin=https://github.com/rouge-ruby/rouge;path=/spec/visual/samples/sql,SQL,SQL (Rouge lexer `sql`),SQL;sql,Rouge's maintainers (the sample's name: a lexer tag),rouge@16e6ecd,,,,sample;in-linguist,data,spec/visual/samples/sql
rouge:ae39bb333297,gold,,eb03513b750e750a33015bfb8ec53155e96546e8,,swh:1:cnt:eb03513b750e750a33015bfb8ec53155e96546e8;origin=https://github.com/rouge-ruby/rouge;path=/spec/visual/samples/ssh,SSH Config,SSH Config File (Rouge lexer `ssh`),SSH Config;sshconfig;sshdconfig;ssh_config;sshd_config;SSH Config File;ssh,Rouge's maintainers (the sample's name: a lexer tag),rouge@16e6ecd,,,,sample;in-linguist,data,spec/visual/samples/ssh
rouge:6d2238da9b13,gold,,f9880357ab18dac36ffba8a9fd2b4c13d75f1535,,swh:1:cnt:f9880357ab18dac36ffba8a9fd2b4c13d75f1535;origin=https://github.com/rouge-ruby/rouge;path=/spec/visual/samples/stan,Stan,Stan (Rouge lexer `stan`),Stan;stan,Rouge's maintainers (the sample's name: a lexer tag),rouge@16e6ecd,,,,sample;in-linguist,programming,spec/visual/samples/stan
rouge:4e1489936b52,gold,,3e91ed94e65f6a3856b2776b1ae92b0c306da145,,swh:1:cnt:3e91ed94e65f6a3856b2776b1ae92b0c306da145;origin=https://github.com/rouge-ruby/rouge;path=/spec/visual/samples/stata,Stata,Stata (Rouge lexer `stata`),Stata;stata,Rouge's maintainers (the sample's name: a lexer tag),rouge@16e6ecd,,,,sample;in-linguist,programming,spec/visual/samples/stata
rouge:5a84915bda26,gold,,fd3c29beabd8393f5595805ea5ff65d1ce287437,,swh:1:cnt:fd3c29beabd8393f5595805ea5ff65d1ce287437;origin=https://github.com/rouge-ruby/rouge;path=/spec/visual/samples/supercollider,SuperCollider,SuperCollider (Rouge lexer `supercollider`),SuperCollider;supercollider,Rouge's maintainers (the sample's name: a lexer tag),rouge@16e6ecd,,,,sample;in-linguist,programming,spec/visual/samples/supercollider
rouge:0dfe658b1ca3,gold,,b394d8f9c31eb0cc23142154b8e5448648e032fc,,swh:1:cnt:b394d8f9c31eb0cc23142154b8e5448648e032fc;origin=https://github.com/rouge-ruby/rouge;path=/spec/visual/samples/svelte,Svelte,Svelte (Rouge lexer `svelte`),Svelte;svelte,Rouge's maintainers (the sample's name: a lexer tag),rouge@16e6ecd,,,,sample;in-linguist,markup,spec/visual/samples/svelte
rouge:f708a48bc63d,gold,,e4e0ef56fa39c5342e239069791731a2bfc00926,,swh:1:cnt:e4e0ef56fa39c5342e239069791731a2bfc00926;origin=https://github.com/rouge-ruby/rouge;path=/spec/visual/samples/swift,Swift,Swift (Rouge lexer `swift`),Swift;swift,Rouge's maintainers (the sample's name: a lexer tag),rouge@16e6ecd,,,,sample;in-linguist,programming,spec/visual/samples/swift
rouge:df2219e1bb74,gold,,0f2aee635f518848073dbd1b551078dcb5d82e9f,,swh:1:cnt:0f2aee635f518848073dbd1b551078dcb5d82e9f;origin=https://github.com/rouge-ruby/rouge;path=/spec/visual/samples/systemd,Systemd,Systemd (Rouge lexer `systemd`),Systemd;systemd,Rouge's maintainers (the sample's name: a lexer tag),rouge@16e6ecd,,,,sample;not-in-linguist,,spec/visual/samples/systemd
rouge:f859f999cbc0,gold,,ccc270a4bc45f7c5c9d9d95361bcefb1f510d986,,swh:1:cnt:ccc270a4bc45f7c5c9d9d95361bcefb1f510d986;origin=https://github.com/rouge-ruby/rouge;path=/spec/visual/samples/syzlang,Syzlang,Syzlang (Rouge lexer `syzlang`),Syzlang;syzlang,Rouge's maintainers (the sample's name: a lexer tag),rouge@16e6ecd,,,,sample;not-in-linguist,,spec/visual/samples/syzlang
rouge:dcd881fe8fc3,gold,,92ef89539475cf73f769b81f39af6c342ac51942,,swh:1:cnt:92ef89539475cf73f769b81f39af6c342ac51942;origin=https://github.com/rouge-ruby/rouge;path=/spec/visual/samples/syzprog,Syzprog,Syzprog (Rouge lexer `syzprog`),Syzprog;syzprog,Rouge's maintainers (the sample's name: a lexer tag),rouge@16e6ecd,,,,sample;not-in-linguist,,spec/visual/samples/syzprog
rouge:8bd5c91bcdcd,gold,,eb3ec14d3dadd4ec3da7774e98409c967edca2d2,,swh:1:cnt:eb3ec14d3dadd4ec3da7774e98409c967edca2d2;origin=https://github.com/rouge-ruby/rouge;path=/spec/visual/samples/tcl,Tcl,Tcl (Rouge lexer `tcl`),Tcl;sdc;xdc;tcl,Rouge's maintainers (the sample's name: a lexer tag),rouge@16e6ecd,,,,sample;in-linguist,programming,spec/visual/samples/tcl
rouge:c4bc482677e2,gold,,8b188efdf20708ff9183040e03939f9b3e78fe98,,swh:1:cnt:8b188efdf20708ff9183040e03939f9b3e78fe98;origin=https://github.com/rouge-ruby/rouge;path=/spec/visual/samples/terraform,HCL,Terraform (Rouge lexer `terraform`),HCL;HashiCorp Configuration Language;opentofu;terraform;Terraform,Rouge's maintainers (the sample's name: a lexer tag),rouge@16e6ecd,,,,sample;in-linguist,programming,spec/visual/samples/terraform
rouge:9c426c577dbb,gold,,37a140b4d22f591820cd33563a90220e4775e097,,swh:1:cnt:37a140b4d22f591820cd33563a90220e4775e097;origin=https://github.com/rouge-ruby/rouge;path=/spec/visual/samples/tex,TeX,TeX (Rouge lexer `tex`),TeX;latex;tex,Rouge's maintainers (the sample's name: a lexer tag),rouge@16e6ecd,,,,sample;in-linguist,markup,spec/visual/samples/tex
rouge:6e3f539171ca,gold,,f1e291297ddd28d4a1cc7c5a25c5372e35e6acc3,,swh:1:cnt:f1e291297ddd28d4a1cc7c5a25c5372e35e6acc3;origin=https://github.com/rouge-ruby/rouge;path=/spec/visual/samples/thrift,Thrift,Thrift (Rouge lexer `thrift`),Thrift;thrift,Rouge's maintainers (the sample's name: a lexer tag),rouge@16e6ecd,,,,sample;in-linguist,programming,spec/visual/samples/thrift
rouge:1255b31e5224,gold,,c63d3101f15fb84b4d119a9803e3507957377dbd,,swh:1:cnt:c63d3101f15fb84b4d119a9803e3507957377dbd;origin=https://github.com/rouge-ruby/rouge;path=/spec/visual/samples/toml,TOML,TOML (Rouge lexer `toml`),TOML;toml,Rouge's maintainers (the sample's name: a lexer tag),rouge@16e6ecd,,,,sample;in-linguist,data,spec/visual/samples/toml
rouge:77474232af86,gold,,5c3d97d27e87a46f8c0bf54febfa13c0bd27fc73,,swh:1:cnt:5c3d97d27e87a46f8c0bf54febfa13c0bd27fc73;origin=https://github.com/rouge-ruby/rouge;path=/spec/visual/samples/tsx,TSX,TSX (Rouge lexer `tsx`),TSX;typescriptreact;tsx,Rouge's maintainers (the sample's name: a lexer tag),rouge@16e6ecd,,,,sample;in-linguist,programming,spec/visual/samples/tsx
rouge:ddb0aea61a68,gold,,034926f0d9e9281ceaf8062806ef841b8fe8ed85,,swh:1:cnt:034926f0d9e9281ceaf8062806ef841b8fe8ed85;origin=https://github.com/rouge-ruby/rouge;path=/spec/visual/samples/ttcn3,TTCN3,TTCN3 (Rouge lexer `ttcn3`),TTCN3;ttcn3,Rouge's maintainers (the sample's name: a lexer tag),rouge@16e6ecd,,,,sample;not-in-linguist,,spec/visual/samples/ttcn3
rouge:d94856f33012,gold,,40cc041299c89d9d0fca04b68bde62ecc011b7f7,,swh:1:cnt:40cc041299c89d9d0fca04b68bde62ecc011b7f7;origin=https://github.com/rouge-ruby/rouge;path=/spec/visual/samples/tulip,Tulip,Tulip (Rouge lexer `tulip`),Tulip;tulip,Rouge's maintainers (the sample's name: a lexer tag),rouge@16e6ecd,,,,sample;not-in-linguist,,spec/visual/samples/tulip
rouge:44064513f352,gold,,7cb8ee11888e3f75d7f2a851f3afad8b7065bae5,,swh:1:cnt:7cb8ee11888e3f75d7f2a851f3afad8b7065bae5;origin=https://github.com/rouge-ruby/rouge;path=/spec/visual/samples/turtle,Turtle,Turtle/TriG (Rouge lexer `turtle`),Turtle;Turtle/TriG;turtle,Rouge's maintainers (the sample's name: a lexer tag),rouge@16e6ecd,,,,sample;in-linguist,data,spec/visual/samples/turtle
rouge:7fe20b5a09b9,gold,,cb34c8a1e390787b6e0cbf91ad9bcbad8942b6c2,,swh:1:cnt:cb34c8a1e390787b6e0cbf91ad9bcbad8942b6c2;origin=https://github.com/rouge-ruby/rouge;path=/spec/visual/samples/twig,Twig,Twig (Rouge lexer `twig`),Twig;twig,Rouge's maintainers (the sample's name: a lexer tag),rouge@16e6ecd,,,,sample;in-linguist,markup,spec/visual/samples/twig
rouge:3d11bd44bcc4,gold,,cbca43c4a9f12b88f1ee3add3a846b5099b44e1a,,swh:1:cnt:cbca43c4a9f12b88f1ee3add3a846b5099b44e1a;origin=https://github.com/rouge-ruby/rouge;path=/spec/visual/samples/typescript,TypeScript,TypeScript (Rouge lexer `typescript`),TypeScript;ts;typescript,Rouge's maintainers (the sample's name: a lexer tag),rouge@16e6ecd,,,,sample;in-linguist,programming,spec/visual/samples/typescript
rouge:0e0f35a72a9b,gold,,979bdc251932349303e180d8b8fb746449a562dc,,swh:1:cnt:979bdc251932349303e180d8b8fb746449a562dc;origin=https://github.com/rouge-ruby/rouge;path=/spec/visual/samples/vala,Vala,Vala (Rouge lexer `vala`),Vala;vala,Rouge's maintainers (the sample's name: a lexer tag),rouge@16e6ecd,,,,sample;in-linguist,programming,spec/visual/samples/vala
rouge:836f5dee273d,gold,,e7252e90c819895428b175b8417ccc8fac61b5bd,,swh:1:cnt:e7252e90c819895428b175b8417ccc8fac61b5bd;origin=https://github.com/rouge-ruby/rouge;path=/spec/visual/samples/vb,Visual Basic .NET,Visual Basic (Rouge lexer `vb`),Visual Basic .NET;visual basic;vbnet;vb .net;vb.net;Visual Basic;vb,Rouge's maintainers (the sample's name: a lexer tag),rouge@16e6ecd,,,,sample;in-linguist,programming,spec/visual/samples/vb
rouge:3220dcde4da3,gold,,97497dd490e9082c88f72037498e1c8f4dea4e22,,swh:1:cnt:97497dd490e9082c88f72037498e1c8f4dea4e22;origin=https://github.com/rouge-ruby/rouge;path=/spec/visual/samples/vcl,VCL,VCL: Varnish Configuration Language (Rouge lexer `vcl`),VCL;VCL: Varnish Configuration Language;vcl,Rouge's maintainers (the sample's name: a lexer tag),rouge@16e6ecd,,,,sample;in-linguist,programming,spec/visual/samples/vcl
rouge:a566b8df9128,gold,,1d9d87ba0fb33cfb2db261f2d9ff1f77cbc53bd4,,swh:1:cnt:1d9d87ba0fb33cfb2db261f2d9ff1f77cbc53bd4;origin=https://github.com/rouge-ruby/rouge;path=/spec/visual/samples/velocity,Velocity Template Language,Velocity (Rouge lexer `velocity`),Velocity Template Language;vtl;velocity;Velocity,Rouge's maintainers (the sample's name: a lexer tag),rouge@16e6ecd,,,,sample;in-linguist,markup,spec/visual/samples/velocity
rouge:f47f52540849,gold,,c28983142e2e2cff60a91263d9fe6bfc263b8232,,swh:1:cnt:c28983142e2e2cff60a91263d9fe6bfc263b8232;origin=https://github.com/rouge-ruby/rouge;path=/spec/visual/samples/verilog,Verilog,Verilog and System Verilog (Rouge lexer `verilog`),Verilog;SystemVerilog;Verilog and System Verilog;verilog,Rouge's maintainers (the sample's name: a lexer tag),rouge@16e6ecd,,,,sample;in-linguist,programming,spec/visual/samples/verilog
rouge:a2bcc9bcbada,gold,,d94a448315ce1a8010be7fc3064213976c60ee81,,swh:1:cnt:d94a448315ce1a8010be7fc3064213976c60ee81;origin=https://github.com/rouge-ruby/rouge;path=/spec/visual/samples/veryl,Veryl,Veryl (Rouge lexer `veryl`),Veryl;veryl,Rouge's maintainers (the sample's name: a lexer tag),rouge@16e6ecd,,,,sample;not-in-linguist,,spec/visual/samples/veryl
rouge:ebb9cf289caf,gold,,f4be333acab984480dea8a2e991c299583afa46b,,swh:1:cnt:f4be333acab984480dea8a2e991c299583afa46b;origin=https://github.com/rouge-ruby/rouge;path=/spec/visual/samples/vhdl,VHDL,VHDL 2008 (Rouge lexer `vhdl`),VHDL;VHDL 2008;vhdl,Rouge's maintainers (the sample's name: a lexer tag),rouge@16e6ecd,,,,sample;in-linguist,programming,spec/visual/samples/vhdl
rouge:440da10c15df,gold,,eb9c247d1468dc31ff3b98eb42ecbe56dcdb13de,,swh:1:cnt:eb9c247d1468dc31ff3b98eb42ecbe56dcdb13de;origin=https://github.com/rouge-ruby/rouge;path=/spec/visual/samples/viml,Vim script,VimL (Rouge lexer `viml`),Vim script;vim;viml;nvim;vimscript;VimL,Rouge's maintainers (the sample's name: a lexer tag),rouge@16e6ecd,,,,sample;in-linguist,programming,spec/visual/samples/viml
rouge:21a314a5d05b,gold,,87656f16ee0ee3cfd05e2fcc8b62a29a047ff243,,swh:1:cnt:87656f16ee0ee3cfd05e2fcc8b62a29a047ff243;origin=https://github.com/rouge-ruby/rouge;path=/spec/visual/samples/vue,Vue,Vue (Rouge lexer `vue`),Vue;vue,Rouge's maintainers (the sample's name: a lexer tag),rouge@16e6ecd,,,,sample;in-linguist,markup,spec/visual/samples/vue
rouge:2c4a301eb8f7,gold,,e547f313491857ee93400e36c7798d8e1a1a1481,,swh:1:cnt:e547f313491857ee93400e36c7798d8e1a1a1481;origin=https://github.com/rouge-ruby/rouge;path=/spec/visual/samples/wollok,Wollok,Wollok (Rouge lexer `wollok`),Wollok;wollok,Rouge's maintainers (the sample's name: a lexer tag),rouge@16e6ecd,,,,sample;in-linguist,programming,spec/visual/samples/wollok
rouge:46d888a7c381,gold,,3540d6ec6083af32feb562db466d026c408eb959,,swh:1:cnt:3540d6ec6083af32feb562db466d026c408eb959;origin=https://github.com/rouge-ruby/rouge;path=/spec/visual/samples/xml,XML,XML (Rouge lexer `xml`),XML;rss;xsd;wsdl;xml,Rouge's maintainers (the sample's name: a lexer tag),rouge@16e6ecd,,,,sample;in-linguist,data,spec/visual/samples/xml
rouge:4e25b172bb98,gold,,1d431c8cf39eca844d3bfaeb2a85c162ed47e438,,swh:1:cnt:1d431c8cf39eca844d3bfaeb2a85c162ed47e438;origin=https://github.com/rouge-ruby/rouge;path=/spec/visual/samples/xojo,Xojo,Xojo (Rouge lexer `xojo`),Xojo;xojo,Rouge's maintainers (the sample's name: a lexer tag),rouge@16e6ecd,,,,sample;in-linguist,programming,spec/visual/samples/xojo
rouge:c79b5fa46085,gold,,846ff215ba47734091ba1bba444f70925758054f,,swh:1:cnt:846ff215ba47734091ba1bba444f70925758054f;origin=https://github.com/rouge-ruby/rouge;path=/spec/visual/samples/xpath,XPath,XPath (Rouge lexer `xpath`),XPath;xpath,Rouge's maintainers (the sample's name: a lexer tag),rouge@16e6ecd,,,,sample;not-in-linguist,,spec/visual/samples/xpath
rouge:79c51734247d,gold,,f2333fdd63be1a3337000cbff77d270ddcb592ea,,swh:1:cnt:f2333fdd63be1a3337000cbff77d270ddcb592ea;origin=https://github.com/rouge-ruby/rouge;path=/spec/visual/samples/xquery,XQuery,XQuery (Rouge lexer `xquery`),XQuery;xquery,Rouge's maintainers (the sample's name: a lexer tag),rouge@16e6ecd,,,,sample;in-linguist,programming,spec/visual/samples/xquery
rouge:315b7f482c8d,gold,,3ecc415f4e25c8561d22c420563b0c5c3127809d,,swh:1:cnt:3ecc415f4e25c8561d22c420563b0c5c3127809d;origin=https://github.com/rouge-ruby/rouge;path=/spec/visual/samples/yaml,YAML,YAML (Rouge lexer `yaml`),YAML;yml;yaml,Rouge's maintainers (the sample's name: a lexer tag),rouge@16e6ecd,,,,sample;in-linguist,data,spec/visual/samples/yaml
rouge:a83e00f217e5,gold,,2751130c0dd5a76da1372350d60258fe1bf6c11c,,swh:1:cnt:2751130c0dd5a76da1372350d60258fe1bf6c11c;origin=https://github.com/rouge-ruby/rouge;path=/spec/visual/samples/yang,YANG,YANG (Rouge lexer `yang`),YANG;yang,Rouge's maintainers (the sample's name: a lexer tag),rouge@16e6ecd,,,,sample;in-linguist,data,spec/visual/samples/yang
rouge:225734b28a8e,gold,,abb7e07ba316a58b04f732ad1761b3341f71d9e1,,swh:1:cnt:abb7e07ba316a58b04f732ad1761b3341f71d9e1;origin=https://github.com/rouge-ruby/rouge;path=/spec/visual/samples/zig,Zig,Zig (Rouge lexer `zig`),Zig;zig,Rouge's maintainers (the sample's name: a lexer tag),rouge@16e6ecd,,,,sample;in-linguist,programming,spec/visual/samples/zig
rouge:7ce9da1fe29b,gold,,b17330740b5f32a88bca4c8b4983b7d1a08c9e6b,,swh:1:cnt:b17330740b5f32a88bca4c8b4983b7d1a08c9e6b;origin=https://github.com/rouge-ruby/rouge;path=/lib/rouge/demos/abap,ABAP,ABAP (Rouge lexer `abap`),ABAP;abap,Rouge's maintainers (the demo's name: a lexer tag),rouge@16e6ecd,,,,demo;in-linguist,programming,lib/rouge/demos/abap
rouge:b88872e2ddf6,gold,,f081e25cc9d88840243ea8380398bdec27a2e955,,swh:1:cnt:f081e25cc9d88840243ea8380398bdec27a2e955;origin=https://github.com/rouge-ruby/rouge;path=/lib/rouge/demos/actionscript,ActionScript,ActionScript (Rouge lexer `actionscript`),ActionScript;actionscript 3;actionscript3;as3;actionscript,Rouge's maintainers (the demo's name: a lexer tag),rouge@16e6ecd,,,,demo;in-linguist;tiny,programming,lib/rouge/demos/actionscript
rouge:08214e91d91a,gold,,36182fbc4c4a147669dbdeb432dffe37ae60b61b,,swh:1:cnt:36182fbc4c4a147669dbdeb432dffe37ae60b61b;origin=https://github.com/rouge-ruby/rouge;path=/lib/rouge/demos/ada,Ada,Ada (Rouge lexer `ada`),Ada;ada95;ada2005;ada,Rouge's maintainers (the demo's name: a lexer tag),rouge@16e6ecd,,,,demo;in-linguist,programming,lib/rouge/demos/ada
rouge:7db4020b81fe,gold,,6ffa593d8289b4201300212a7ab66eb05f55b821,,swh:1:cnt:6ffa593d8289b4201300212a7ab66eb05f55b821;origin=https://github.com/rouge-ruby/rouge;path=/lib/rouge/demos/addmusick,AddmusicK,AddmusicK (Rouge lexer `addmusick`),AddmusicK;addmusick,Rouge's maintainers (the demo's name: a lexer tag),rouge@16e6ecd,,,,demo;not-in-linguist,,lib/rouge/demos/addmusick
rouge:8ff74d5cbcdb,gold,,5b23b00e7dc15c019bac9177c79b72ccd7dce465,,swh:1:cnt:5b23b00e7dc15c019bac9177c79b72ccd7dce465;origin=https://github.com/rouge-ruby/rouge;path=/lib/rouge/demos/apex,Apex,Apex (Rouge lexer `apex`),Apex;apex,Rouge's maintainers (the demo's name: a lexer tag),rouge@16e6ecd,,,,demo;in-linguist,programming,lib/rouge/demos/apex
rouge:75b4338d6385,gold,,c824919abd3608f233c3646ecf802f43dbf4afc4,,swh:1:cnt:c824919abd3608f233c3646ecf802f43dbf4afc4;origin=https://github.com/rouge-ruby/rouge;path=/lib/rouge/demos/apple_script,AppleScript,AppleScript (Rouge lexer `apple_script`),AppleScript;apples;osascript;apple_script,Rouge's maintainers (the demo's name: a lexer tag),rouge@16e6ecd,,,,demo;in-linguist;tiny,programming,lib/rouge/demos/apple_script
rouge:8b4826157cd6,gold,,b8bdf654b95c132517e5e9ae79a86719213bffaa,,swh:1:cnt:b8bdf654b95c132517e5e9ae79a86719213bffaa;origin=https://github.com/rouge-ruby/rouge;path=/lib/rouge/demos/armasm,ArmAsm,ArmAsm (Rouge lexer `armasm`),ArmAsm;armasm,Rouge's maintainers (the demo's name: a lexer tag),rouge@16e6ecd,,,,demo;not-in-linguist,,lib/rouge/demos/armasm
rouge:53585a82cc77,gold,,8f0ab0c4292cd277999ce024fc8d8a16b35c9c58,,swh:1:cnt:8f0ab0c4292cd277999ce024fc8d8a16b35c9c58;origin=https://github.com/rouge-ruby/rouge;path=/lib/rouge/demos/augeas,Augeas,Augeas (Rouge lexer `augeas`),Augeas;augeas,Rouge's maintainers (the demo's name: a lexer tag),rouge@16e6ecd,,,,demo;in-linguist,programming,lib/rouge/demos/augeas
rouge:998fa0088992,gold,,fb6ca7219fec2dcd5b6a5af065eb7201f0465ab1,,swh:1:cnt:fb6ca7219fec2dcd5b6a5af065eb7201f0465ab1;origin=https://github.com/rouge-ruby/rouge;path=/lib/rouge/demos/awk,Awk,Awk (Rouge lexer `awk`),Awk;awk,Rouge's maintainers (the demo's name: a lexer tag),rouge@16e6ecd,,,,demo;in-linguist;tiny,programming,lib/rouge/demos/awk
rouge:ce5ac02766e8,gold,,9426eb47ad61f7ea0b2c7f76f4797719edaf9cda,,swh:1:cnt:9426eb47ad61f7ea0b2c7f76f4797719edaf9cda;origin=https://github.com/rouge-ruby/rouge;path=/lib/rouge/demos/batchfile,Batchfile,Batchfile (Rouge lexer `batchfile`),Batchfile;bat;batch;dosbatch;winbatch;batchfile,Rouge's maintainers (the demo's name: a lexer tag),rouge@16e6ecd,,,,demo;in-linguist;tiny,programming,lib/rouge/demos/batchfile
rouge:999cac73d131,gold,,5737a5f458159fe892dce1518f272389a297c884,,swh:1:cnt:5737a5f458159fe892dce1518f272389a297c884;origin=https://github.com/rouge-ruby/rouge;path=/lib/rouge/demos/bbcbasic,BBCBASIC,BBCBASIC (Rouge lexer `bbcbasic`),BBCBASIC;bbcbasic,Rouge's maintainers (the demo's name: a lexer tag),rouge@16e6ecd,,,,demo;not-in-linguist,,lib/rouge/demos/bbcbasic
rouge:843c85487001,gold,,e029265881a42c5bbc355f71043479cae856917f,,swh:1:cnt:e029265881a42c5bbc355f71043479cae856917f;origin=https://github.com/rouge-ruby/rouge;path=/lib/rouge/demos/bibtex,BibTeX,BibTeX (Rouge lexer `bibtex`),BibTeX;bibtex,Rouge's maintainers (the demo's name: a lexer tag),rouge@16e6ecd,,,,demo;in-linguist,markup,lib/rouge/demos/bibtex
rouge:d863d3a91c46,gold,,63e9b2386d43940484e17fba306c1dd0a05ae253,,swh:1:cnt:63e9b2386d43940484e17fba306c1dd0a05ae253;origin=https://github.com/rouge-ruby/rouge;path=/lib/rouge/demos/bicep,Bicep,Bicep (Rouge lexer `bicep`),Bicep;bicep,Rouge's maintainers (the demo's name: a lexer tag),rouge@16e6ecd,,,,demo;in-linguist,programming,lib/rouge/demos/bicep
rouge:762bb96ea92e,gold,,45c208325a02f3258c6ca71068f54efbfb924083,,swh:1:cnt:45c208325a02f3258c6ca71068f54efbfb924083;origin=https://github.com/rouge-ruby/rouge;path=/lib/rouge/demos/bpf,BPF,BPF (Rouge lexer `bpf`),BPF;bpf,Rouge's maintainers (the demo's name: a lexer tag),rouge@16e6ecd,,,,demo;not-in-linguist,,lib/rouge/demos/bpf
rouge:016873eed7db,gold,,87cc69f695f065d4095f94d7c34972c6fcba0581,,swh:1:cnt:87cc69f695f065d4095f94d7c34972c6fcba0581;origin=https://github.com/rouge-ruby/rouge;path=/lib/rouge/demos/brainfuck,Brainfuck,Brainfuck (Rouge lexer `brainfuck`),Brainfuck;brainfuck,Rouge's maintainers (the demo's name: a lexer tag),rouge@16e6ecd,,,,demo;in-linguist,programming,lib/rouge/demos/brainfuck
rouge:87f768167240,gold,,72224eba172a3e712923f6c197170ebd35d58d26,,swh:1:cnt:72224eba172a3e712923f6c197170ebd35d58d26;origin=https://github.com/rouge-ruby/rouge;path=/lib/rouge/demos/brightscript,Brightscript,BrightScript (Rouge lexer `brightscript`),Brightscript;BrightScript;brightscript,Rouge's maintainers (the demo's name: a lexer tag),rouge@16e6ecd,,,,demo;in-linguist,programming,lib/rouge/demos/brightscript
rouge:114f1e9e6c5b,gold,,8a6a8d9a6a70ad4761cf026fb76b1c19dfeee608,,swh:1:cnt:8a6a8d9a6a70ad4761cf026fb76b1c19dfeee608;origin=https://github.com/rouge-ruby/rouge;path=/lib/rouge/demos/bsl,1C Enterprise,1C (BSL) (Rouge lexer `bsl`),1C Enterprise;1C (BSL);bsl,Rouge's maintainers (the demo's name: a lexer tag),rouge@16e6ecd,,,,demo;in-linguist,programming,lib/rouge/demos/bsl
rouge:2a4ba61419b3,gold,,34771c8c2c0d8691aa1ccd7a9eaf8d68224853d4,,swh:1:cnt:34771c8c2c0d8691aa1ccd7a9eaf8d68224853d4;origin=https://github.com/rouge-ruby/rouge;path=/lib/rouge/demos/c,C,C (Rouge lexer `c`),C;c,Rouge's maintainers (the demo's name: a lexer tag),rouge@16e6ecd,,,,demo;in-linguist,programming,lib/rouge/demos/c
rouge:0dfca8d4d9ea,gold,,fcf19e0b734e400fa6d26cf71f8417372b9b8d77,,swh:1:cnt:fcf19e0b734e400fa6d26cf71f8417372b9b8d77;origin=https://github.com/rouge-ruby/rouge;path=/lib/rouge/demos/ceylon,Ceylon,Ceylon (Rouge lexer `ceylon`),Ceylon;ceylon,Rouge's maintainers (the demo's name: a lexer tag),rouge@16e6ecd,,,,demo;in-linguist,programming,lib/rouge/demos/ceylon
rouge:c5563dcd0ad2,gold,,b91d82d676a209e4d15c69dea085ef3ee41f3e0d,,swh:1:cnt:b91d82d676a209e4d15c69dea085ef3ee41f3e0d;origin=https://github.com/rouge-ruby/rouge;path=/lib/rouge/demos/cfscript,CFScript,CFScript (Rouge lexer `cfscript`),CFScript;cfscript,Rouge's maintainers (the demo's name: a lexer tag),rouge@16e6ecd,,,,demo;not-in-linguist,,lib/rouge/demos/cfscript
rouge:fbb89fbcc634,gold,,c4d4e6960c5ca9d146b7fd4c9e8afd6d1f21850e,,swh:1:cnt:c4d4e6960c5ca9d146b7fd4c9e8afd6d1f21850e;origin=https://github.com/rouge-ruby/rouge;path=/lib/rouge/demos/cisco_ios,Cisco IOS,Cisco IOS (Rouge lexer `cisco_ios`),Cisco IOS;cisco_ios,Rouge's maintainers (the demo's name: a lexer tag),rouge@16e6ecd,,,,demo;not-in-linguist,,lib/rouge/demos/cisco_ios
rouge:7005715b39ff,gold,,9f947f6388ac1310d42253669f56946aced38560,,swh:1:cnt:9f947f6388ac1310d42253669f56946aced38560;origin=https://github.com/rouge-ruby/rouge;path=/lib/rouge/demos/clean,Clean,Clean (Rouge lexer `clean`),Clean;clean,Rouge's maintainers (the demo's name: a lexer tag),rouge@16e6ecd,,,,demo;in-linguist,programming,lib/rouge/demos/clean
rouge:03ca96f04678,gold,,a9b682e7e27a4b392cb0210d79b20646d77f0dfc,,swh:1:cnt:a9b682e7e27a4b392cb0210d79b20646d77f0dfc;origin=https://github.com/rouge-ruby/rouge;path=/lib/rouge/demos/clojure,Clojure,Clojure (Rouge lexer `clojure`),Clojure;clojure,Rouge's maintainers (the demo's name: a lexer tag),rouge@16e6ecd,,,,demo;in-linguist,programming,lib/rouge/demos/clojure
rouge:dd337f79adb5,gold,,89fcc51570e6c38780a92d85ae28342d91482a36,,swh:1:cnt:89fcc51570e6c38780a92d85ae28342d91482a36;origin=https://github.com/rouge-ruby/rouge;path=/lib/rouge/demos/cmake,CMake,CMake (Rouge lexer `cmake`),CMake;cmake,Rouge's maintainers (the demo's name: a lexer tag),rouge@16e6ecd,,,,demo;in-linguist,programming,lib/rouge/demos/cmake
rouge:00bb12c7d966,gold,,76eeaf9190aa464d653d18d9acdf0d055f99724b,,swh:1:cnt:76eeaf9190aa464d653d18d9acdf0d055f99724b;origin=https://github.com/rouge-ruby/rouge;path=/lib/rouge/demos/cmhg,CMHG,CMHG (Rouge lexer `cmhg`),CMHG;cmhg,Rouge's maintainers (the demo's name: a lexer tag),rouge@16e6ecd,,,,demo;not-in-linguist,,lib/rouge/demos/cmhg
rouge:1e8333b83fa6,gold,,ad2691affe6141c075dbfbfb4fdc87dedc0479f3,,swh:1:cnt:ad2691affe6141c075dbfbfb4fdc87dedc0479f3;origin=https://github.com/rouge-ruby/rouge;path=/lib/rouge/demos/cobol,COBOL,COBOL (Rouge lexer `cobol`),COBOL;cobol,Rouge's maintainers (the demo's name: a lexer tag),rouge@16e6ecd,,,,demo;in-linguist,programming,lib/rouge/demos/cobol
rouge:58e6a09027ee,gold,,e4d88dcf69f574b803f23d2b770b14fdd1dde581,,swh:1:cnt:e4d88dcf69f574b803f23d2b770b14fdd1dde581;origin=https://github.com/rouge-ruby/rouge;path=/lib/rouge/demos/codeowners,CODEOWNERS,CODEOWNERS (Rouge lexer `codeowners`),CODEOWNERS;codeowners,Rouge's maintainers (the demo's name: a lexer tag),rouge@16e6ecd,,,,demo;in-linguist;tiny,data,lib/rouge/demos/codeowners
rouge:cdaff70f8036,gold,,a562db64154f5ff9addc5c17625afffff91c5a9d,,swh:1:cnt:a562db64154f5ff9addc5c17625afffff91c5a9d;origin=https://github.com/rouge-ruby/rouge;path=/lib/rouge/demos/coffeescript,CoffeeScript,CoffeeScript (Rouge lexer `coffeescript`),CoffeeScript;coffee;coffee-script;coffeescript,Rouge's maintainers (the demo's name: a lexer tag),rouge@16e6ecd,,,,demo;in-linguist,programming,lib/rouge/demos/coffeescript
rouge:5b0e3304f899,gold,,c6d2861c1906ebb1211a76f158120eee288b4412,,swh:1:cnt:c6d2861c1906ebb1211a76f158120eee288b4412;origin=https://github.com/rouge-ruby/rouge;path=/lib/rouge/demos/common_lisp,Common Lisp,Common Lisp (Rouge lexer `common_lisp`),Common Lisp;lisp;common_lisp,Rouge's maintainers (the demo's name: a lexer tag),rouge@16e6ecd,,,,demo;in-linguist;tiny,programming,lib/rouge/demos/common_lisp
rouge:d7a101a48325,gold,,5386d4ed15d92a4c548e033407ede392c26f153f,,swh:1:cnt:5386d4ed15d92a4c548e033407ede392c26f153f;origin=https://github.com/rouge-ruby/rouge;path=/lib/rouge/demos/conf,Config File,Config File (Rouge lexer `conf`),Config File;conf,Rouge's maintainers (the demo's name: a lexer tag),rouge@16e6ecd,,,,demo;not-in-linguist;tiny,,lib/rouge/demos/conf
rouge:6eb9b2036531,gold,,9d6ed1c9e68146467d66d006a8e73d2ace0b8d15,,swh:1:cnt:9d6ed1c9e68146467d66d006a8e73d2ace0b8d15;origin=https://github.com/rouge-ruby/rouge;path=/lib/rouge/demos/console,ShellSession,Console (Rouge lexer `console`),ShellSession;bash session;console;Console,Rouge's maintainers (the demo's name: a lexer tag),rouge@16e6ecd,,,,demo;in-linguist,programming,lib/rouge/demos/console
rouge:deddbe3d36de,gold,,c20cf27c7c7cd7329d752d12ff56e238baacf558,,swh:1:cnt:c20cf27c7c7cd7329d752d12ff56e238baacf558;origin=https://github.com/rouge-ruby/rouge;path=/lib/rouge/demos/cpp,C++,C++ (Rouge lexer `cpp`),C++;cpp,Rouge's maintainers (the demo's name: a lexer tag),rouge@16e6ecd,,,,demo;in-linguist,programming,lib/rouge/demos/cpp
rouge:c7d385755289,gold,,988753e96dc127ffd128494c8b5beb4ae5d1ff41,,swh:1:cnt:988753e96dc127ffd128494c8b5beb4ae5d1ff41;origin=https://github.com/rouge-ruby/rouge;path=/lib/rouge/demos/crystal,Crystal,Crystal (Rouge lexer `crystal`),Crystal;crystal,Rouge's maintainers (the demo's name: a lexer tag),rouge@16e6ecd,,,,demo;in-linguist,programming,lib/rouge/demos/crystal
rouge:b804db968d00,gold,,04e4a8ee7b4d0d14f11b989106cd5a95445bb0c6,,swh:1:cnt:04e4a8ee7b4d0d14f11b989106cd5a95445bb0c6;origin=https://github.com/rouge-ruby/rouge;path=/lib/rouge/demos/csharp,C#,C# (Rouge lexer `csharp`),C#;csharp;cake;cakescript,Rouge's maintainers (the demo's name: a lexer tag),rouge@16e6ecd,,,,demo;in-linguist,programming,lib/rouge/demos/csharp
rouge:ef951deeb55e,gold,,0d1fe74b9cb993e08d1cbd6a591c22dc89d6194b,,swh:1:cnt:0d1fe74b9cb993e08d1cbd6a591c22dc89d6194b;origin=https://github.com/rouge-ruby/rouge;path=/lib/rouge/demos/css,CSS,CSS (Rouge lexer `css`),CSS;css,Rouge's maintainers (the demo's name: a lexer tag),rouge@16e6ecd,,,,demo;in-linguist;tiny,markup,lib/rouge/demos/css
rouge:c042f9f86ceb,gold,,6112b7cd86c9259f0540381177ee6bff7a1a2e20,,swh:1:cnt:6112b7cd86c9259f0540381177ee6bff7a1a2e20;origin=https://github.com/rouge-ruby/rouge;path=/lib/rouge/demos/csvs,csvs,csvs (Rouge lexer `csvs`),csvs,Rouge's maintainers (the demo's name: a lexer tag),rouge@16e6ecd,,,,demo;not-in-linguist,,lib/rouge/demos/csvs
rouge:3472a5d0158b,gold,,6f9fa56fcf8801248eb20157343f78422832bb50,,swh:1:cnt:6f9fa56fcf8801248eb20157343f78422832bb50;origin=https://github.com/rouge-ruby/rouge;path=/lib/rouge/demos/cuda,Cuda,CUDA (Rouge lexer `cuda`),Cuda;CUDA;cuda,Rouge's maintainers (the demo's name: a lexer tag),rouge@16e6ecd,,,,demo;in-linguist,programming,lib/rouge/demos/cuda
rouge:aa78b99452d7,gold,,098df7c9ad9dbfa52e965ecaa9495cecf115bbb5,,swh:1:cnt:098df7c9ad9dbfa52e965ecaa9495cecf115bbb5;origin=https://github.com/rouge-ruby/rouge;path=/lib/rouge/demos/cypher,Cypher,Cypher (Rouge lexer `cypher`),Cypher;cypher,Rouge's maintainers (the demo's name: a lexer tag),rouge@16e6ecd,,,,demo;in-linguist,programming,lib/rouge/demos/cypher
rouge:6a7ebf240da3,gold,,be57661074ecc93cbb13d1a5dfe7b1e45161bb03,,swh:1:cnt:be57661074ecc93cbb13d1a5dfe7b1e45161bb03;origin=https://github.com/rouge-ruby/rouge;path=/lib/rouge/demos/cython,Cython,Cython (Rouge lexer `cython`),Cython;pyrex;cython,Rouge's maintainers (the demo's name: a lexer tag),rouge@16e6ecd,,,,demo;in-linguist,programming,lib/rouge/demos/cython
rouge:f4e6b5c3f3b3,gold,,65d494503f0e0e3b529574543b924eec3446b9de,,swh:1:cnt:65d494503f0e0e3b529574543b924eec3446b9de;origin=https://github.com/rouge-ruby/rouge;path=/lib/rouge/demos/d,D,D (Rouge lexer `d`),D;Dlang;d,Rouge's maintainers (the demo's name: a lexer tag),rouge@16e6ecd,,,,demo;in-linguist,programming,lib/rouge/demos/d
rouge:f7f220e44362,gold,,66415a7dca1870303fbd496c3347602d8fc589ba,,swh:1:cnt:66415a7dca1870303fbd496c3347602d8fc589ba;origin=https://github.com/rouge-ruby/rouge;path=/lib/rouge/demos/dafny,Dafny,Dafny (Rouge lexer `dafny`),Dafny;dafny,Rouge's maintainers (the demo's name: a lexer tag),rouge@16e6ecd,,,,demo;in-linguist,programming,lib/rouge/demos/dafny
rouge:1683f02385a3,gold,,4b40da537f4057ddefc112ee454070827db5beca,,swh:1:cnt:4b40da537f4057ddefc112ee454070827db5beca;origin=https://github.com/rouge-ruby/rouge;path=/lib/rouge/demos/dart,Dart,Dart (Rouge lexer `dart`),Dart;dart,Rouge's maintainers (the demo's name: a lexer tag),rouge@16e6ecd,,,,demo;in-linguist,programming,lib/rouge/demos/dart
rouge:73ee14f50b58,gold,,17db7a5d438cdfddfb4d8937614dc2a00f9df6b2,,swh:1:cnt:17db7a5d438cdfddfb4d8937614dc2a00f9df6b2;origin=https://github.com/rouge-ruby/rouge;path=/lib/rouge/demos/datastudio,Datastudio,Datastudio (Rouge lexer `datastudio`),Datastudio;datastudio,Rouge's maintainers (the demo's name: a lexer tag),rouge@16e6ecd,,,,demo;not-in-linguist,,lib/rouge/demos/datastudio
rouge:27627019d492,gold,,ab4f3162f171569dd185f464ddb0f2a186e06391,,swh:1:cnt:ab4f3162f171569dd185f464ddb0f2a186e06391;origin=https://github.com/rouge-ruby/rouge;path=/lib/rouge/demos/diff,Diff,diff (Rouge lexer `diff`),Diff;udiff;diff,Rouge's maintainers (the demo's name: a lexer tag),rouge@16e6ecd,,,,demo;in-linguist,data,lib/rouge/demos/diff
rouge:89892de66f50,gold,,f7dbad0a4fe8669b27347985df2641c7e27fcb0b,,swh:1:cnt:f7dbad0a4fe8669b27347985df2641c7e27fcb0b;origin=https://github.com/rouge-ruby/rouge;path=/lib/rouge/demos/digdag,digdag,digdag (Rouge lexer `digdag`),digdag,Rouge's maintainers (the demo's name: a lexer tag),rouge@16e6ecd,,,,demo;not-in-linguist,,lib/rouge/demos/digdag
rouge:075f4cf76f08,gold,,656d2bc1d8af1c213cb6784cf79485d32ba1f90d,,swh:1:cnt:656d2bc1d8af1c213cb6784cf79485d32ba1f90d;origin=https://github.com/rouge-ruby/rouge;path=/lib/rouge/demos/docker,Dockerfile,Docker (Rouge lexer `docker`),Dockerfile;Containerfile;Docker;docker,Rouge's maintainers (the demo's name: a lexer tag),rouge@16e6ecd,,,,demo;in-linguist,programming,lib/rouge/demos/docker
rouge:9498c586c2c1,gold,,243ee731d2d34abb08ae1fb561c27b825e14a8bb,,swh:1:cnt:243ee731d2d34abb08ae1fb561c27b825e14a8bb;origin=https://github.com/rouge-ruby/rouge;path=/lib/rouge/demos/dot,Graphviz (DOT),DOT (Rouge lexer `dot`),Graphviz (DOT);DOT;dot,Rouge's maintainers (the demo's name: a lexer tag),rouge@16e6ecd,,,,demo;in-linguist,data,lib/rouge/demos/dot
rouge:44869591abb4,gold,,9e4aef2dfa6f3d2fc554122602d71fc98a793463,,swh:1:cnt:9e4aef2dfa6f3d2fc554122602d71fc98a793463;origin=https://github.com/rouge-ruby/rouge;path=/lib/rouge/demos/dylan,Dylan,Dylan (Rouge lexer `dylan`),Dylan;dylan,Rouge's maintainers (the demo's name: a lexer tag),rouge@16e6ecd,,,,demo;in-linguist,programming,lib/rouge/demos/dylan
rouge:1ed8f393cd91,gold,,b63b3200b8903871229811597841bb432c9f41b1,,swh:1:cnt:b63b3200b8903871229811597841bb432c9f41b1;origin=https://github.com/rouge-ruby/rouge;path=/lib/rouge/demos/ecl,ECL,ECL (Rouge lexer `ecl`),ECL;ecl,Rouge's maintainers (the demo's name: a lexer tag),rouge@16e6ecd,,,,demo;in-linguist,programming,lib/rouge/demos/ecl
rouge:c0d4cc87ab9b,gold,,1f922b6743f01fb1e5f4ba7092960792d3a83e4a,,swh:1:cnt:1f922b6743f01fb1e5f4ba7092960792d3a83e4a;origin=https://github.com/rouge-ruby/rouge;path=/lib/rouge/demos/eex,HTML+EEX,EEX (Rouge lexer `eex`),HTML+EEX;eex;heex;leex;EEX,Rouge's maintainers (the demo's name: a lexer tag),rouge@16e6ecd,,,,demo;in-linguist;tiny,markup,lib/rouge/demos/eex
rouge:a599fbead9e7,gold,,ec025cc9e104c8047b2adc4547cda1f45c9aee10,,swh:1:cnt:ec025cc9e104c8047b2adc4547cda1f45c9aee10;origin=https://github.com/rouge-ruby/rouge;path=/lib/rouge/demos/eiffel,Eiffel,Eiffel (Rouge lexer `eiffel`),Eiffel;eiffel,Rouge's maintainers (the demo's name: a lexer tag),rouge@16e6ecd,,,,demo;in-linguist,programming,lib/rouge/demos/eiffel
rouge:706708412648,gold,,f81d641399b2d0aba867b91b5454c0524c49552b,,swh:1:cnt:f81d641399b2d0aba867b91b5454c0524c49552b;origin=https://github.com/rouge-ruby/rouge;path=/lib/rouge/demos/elixir,Elixir,Elixir (Rouge lexer `elixir`),Elixir;elixir,Rouge's maintainers (the demo's name: a lexer tag),rouge@16e6ecd,,,,demo;in-linguist;tiny,programming,lib/rouge/demos/elixir
rouge:42c84000728e,gold,,8d38380514f5c7c9f2600210deb7c1a09d17ecbb,,swh:1:cnt:8d38380514f5c7c9f2600210deb7c1a09d17ecbb;origin=https://github.com/rouge-ruby/rouge;path=/lib/rouge/demos/elm,Elm,Elm (Rouge lexer `elm`),Elm;elm,Rouge's maintainers (the demo's name: a lexer tag),rouge@16e6ecd,,,,demo;in-linguist;tiny,programming,lib/rouge/demos/elm
rouge:cac49484329e,gold,,b355729347f1edab160d5b81655e6f5c18ed98ef,,swh:1:cnt:b355729347f1edab160d5b81655e6f5c18ed98ef;origin=https://github.com/rouge-ruby/rouge;path=/lib/rouge/demos/email,E-mail,Email (Rouge lexer `email`),E-mail;email;eml;mail;mbox;Email,Rouge's maintainers (the demo's name: a lexer tag),rouge@16e6ecd,,,,demo;in-linguist,data,lib/rouge/demos/email
rouge:db9bb5312565,gold,,e8dececdd89db29a510cb5d6e76b56998b5a9d2a,,swh:1:cnt:e8dececdd89db29a510cb5d6e76b56998b5a9d2a;origin=https://github.com/rouge-ruby/rouge;path=/lib/rouge/demos/epp,EPP,EPP (Rouge lexer `epp`),EPP;epp,Rouge's maintainers (the demo's name: a lexer tag),rouge@16e6ecd,,,,demo;not-in-linguist;tiny,,lib/rouge/demos/epp
rouge:4c41f522aec9,gold,,1f922b6743f01fb1e5f4ba7092960792d3a83e4a,,swh:1:cnt:1f922b6743f01fb1e5f4ba7092960792d3a83e4a;origin=https://github.com/rouge-ruby/rouge;path=/lib/rouge/demos/erb,HTML+ERB,ERB (Rouge lexer `erb`),HTML+ERB;erb;rhtml;html+ruby;ERB,Rouge's maintainers (the demo's name: a lexer tag),rouge@16e6ecd,,,,demo;in-linguist;tiny,markup,lib/rouge/demos/erb
rouge:5732f77cc11d,gold,,4c3cb99b7a0780cfe8bd3df3040bfdc8bff0b8da,,swh:1:cnt:4c3cb99b7a0780cfe8bd3df3040bfdc8bff0b8da;origin=https://github.com/rouge-ruby/rouge;path=/lib/rouge/demos/erlang,Erlang,Erlang (Rouge lexer `erlang`),Erlang;erlang,Rouge's maintainers (the demo's name: a lexer tag),rouge@16e6ecd,,,,demo;in-linguist,programming,lib/rouge/demos/erlang
rouge:969bc09b03ae,gold,,2538dff29b21cab660cd8adcd35c790f25f54bc2,,swh:1:cnt:2538dff29b21cab660cd8adcd35c790f25f54bc2;origin=https://github.com/rouge-ruby/rouge;path=/lib/rouge/demos/factor,Factor,Factor (Rouge lexer `factor`),Factor;factor,Rouge's maintainers (the demo's name: a lexer tag),rouge@16e6ecd,,,,demo;in-linguist;tiny,programming,lib/rouge/demos/factor
rouge:6f7b6f7195e2,gold,,2e7ac8f1b3b1b0af5448b16556d722f70ceeb286,,swh:1:cnt:2e7ac8f1b3b1b0af5448b16556d722f70ceeb286;origin=https://github.com/rouge-ruby/rouge;path=/lib/rouge/demos/fluent,Fluent,Fluent (Rouge lexer `fluent`),Fluent;fluent,Rouge's maintainers (the demo's name: a lexer tag),rouge@16e6ecd,,,,demo;in-linguist;linguist-sample,programming,lib/rouge/demos/fluent
rouge:b7fd0a5b57df,gold,,4fc52c510a720eb1fb09bccdbc780d7fa5cf576f,,swh:1:cnt:4fc52c510a720eb1fb09bccdbc780d7fa5cf576f;origin=https://github.com/rouge-ruby/rouge;path=/lib/rouge/demos/fortran,Fortran,Fortran (Rouge lexer `fortran`),Fortran;fortran,Rouge's maintainers (the demo's name: a lexer tag),rouge@16e6ecd,,,,demo;in-linguist,programming,lib/rouge/demos/fortran
rouge:07527bcd919d,gold,,9205675dd884b2ef5bb0a6d2c54c354281db5597,,swh:1:cnt:9205675dd884b2ef5bb0a6d2c54c354281db5597;origin=https://github.com/rouge-ruby/rouge;path=/lib/rouge/demos/freefem,FreeFEM,FreeFEM (Rouge lexer `freefem`),FreeFEM;freefem,Rouge's maintainers (the demo's name: a lexer tag),rouge@16e6ecd,,,,demo;not-in-linguist,,lib/rouge/demos/freefem
rouge:c1eca42bdc2d,gold,,2e58e033c4b36a93c7baddb7b2c4fa79da78a3d5,,swh:1:cnt:2e58e033c4b36a93c7baddb7b2c4fa79da78a3d5;origin=https://github.com/rouge-ruby/rouge;path=/lib/rouge/demos/fsharp,F#,FSharp (Rouge lexer `fsharp`),F#;fsharp;FSharp,Rouge's maintainers (the demo's name: a lexer tag),rouge@16e6ecd,,,,demo;in-linguist,programming,lib/rouge/demos/fsharp
rouge:003918b74696,gold,,72ba52c44415beb42e44db76ec9a5bb94a10e8db,,swh:1:cnt:72ba52c44415beb42e44db76ec9a5bb94a10e8db;origin=https://github.com/rouge-ruby/rouge;path=/lib/rouge/demos/gdscript,GDScript,GDScript (Rouge lexer `gdscript`),GDScript;gdscript,Rouge's maintainers (the demo's name: a lexer tag),rouge@16e6ecd,,,,demo;in-linguist,programming,lib/rouge/demos/gdscript
rouge:6591560dd28b,gold,,72b764e81db52e18ab00f753511327b5752486ee,,swh:1:cnt:72b764e81db52e18ab00f753511327b5752486ee;origin=https://github.com/rouge-ruby/rouge;path=/lib/rouge/demos/ghc-cmm,GHC Cmm (C--),GHC Cmm (C--) (Rouge lexer `ghc-cmm`),GHC Cmm (C--);ghc-cmm,Rouge's maintainers (the demo's name: a lexer tag),rouge@16e6ecd,,,,demo;not-in-linguist,,lib/rouge/demos/ghc-cmm
rouge:f60ab0fa7497,gold,,a421f796eb3def3a090144d03cb11ff97e1c076c,,swh:1:cnt:a421f796eb3def3a090144d03cb11ff97e1c076c;origin=https://github.com/rouge-ruby/rouge;path=/lib/rouge/demos/ghc-core,GHC Core,GHC Core (Rouge lexer `ghc-core`),GHC Core;ghc-core,Rouge's maintainers (the demo's name: a lexer tag),rouge@16e6ecd,,,,demo;not-in-linguist,,lib/rouge/demos/ghc-core
rouge:e19c89de451a,gold,,78e4ba6e87c96b2d7115f3abb5a1efbe0b3e3d2f,,swh:1:cnt:78e4ba6e87c96b2d7115f3abb5a1efbe0b3e3d2f;origin=https://github.com/rouge-ruby/rouge;path=/lib/rouge/demos/gherkin,Gherkin,Gherkin (Rouge lexer `gherkin`),Gherkin;cucumber;gherkin,Rouge's maintainers (the demo's name: a lexer tag),rouge@16e6ecd,,,,demo;in-linguist,programming,lib/rouge/demos/gherkin
rouge:4c5643f054c0,gold,,efeca8b2d9633f23d0d0f3e191a16f789fd93dc7,,swh:1:cnt:efeca8b2d9633f23d0d0f3e191a16f789fd93dc7;origin=https://github.com/rouge-ruby/rouge;path=/lib/rouge/demos/gjs,Glimmer JS,Template Tag (gjs) (Rouge lexer `gjs`),Glimmer JS;gjs;Template Tag (gjs),Rouge's maintainers (the demo's name: a lexer tag),rouge@16e6ecd,,,,demo;in-linguist,programming,lib/rouge/demos/gjs
rouge:af4720bfb965,gold,,3383e90ee3a770e955bdbb1a39d4fa38d69fa426,,swh:1:cnt:3383e90ee3a770e955bdbb1a39d4fa38d69fa426;origin=https://github.com/rouge-ruby/rouge;path=/lib/rouge/demos/glsl,GLSL,GLSL (Rouge lexer `glsl`),GLSL;glsl,Rouge's maintainers (the demo's name: a lexer tag),rouge@16e6ecd,,,,demo;in-linguist,programming,lib/rouge/demos/glsl
rouge:6425d7448033,gold,,078ddff8f414f4fca4bac1fad017cedafd6681b1,,swh:1:cnt:078ddff8f414f4fca4bac1fad017cedafd6681b1;origin=https://github.com/rouge-ruby/rouge;path=/lib/rouge/demos/go,Go,Go (Rouge lexer `go`),Go;golang;go,Rouge's maintainers (the demo's name: a lexer tag),rouge@16e6ecd,,,,demo;in-linguist,programming,lib/rouge/demos/go
rouge:39ca27c80b05,gold,,5a191f92cbeab0af14b0a8271a62cae6102deb1b,,swh:1:cnt:5a191f92cbeab0af14b0a8271a62cae6102deb1b;origin=https://github.com/rouge-ruby/rouge;path=/lib/rouge/demos/gradle,Gradle,Gradle (Rouge lexer `gradle`),Gradle;gradle,Rouge's maintainers (the demo's name: a lexer tag),rouge@16e6ecd,,,,demo;in-linguist,data,lib/rouge/demos/gradle
rouge:c29c3d70022f,gold,,2fe9ec174d6df5df6e4adff4b521ade2810d84d0,,swh:1:cnt:2fe9ec174d6df5df6e4adff4b521ade2810d84d0;origin=https://github.com/rouge-ruby/rouge;path=/lib/rouge/demos/graphql,GraphQL,Graphql (Rouge lexer `graphql`),GraphQL;Graphql;graphql,Rouge's maintainers (the demo's name: a lexer tag),rouge@16e6ecd,,,,demo;in-linguist,data,lib/rouge/demos/graphql
rouge:903d03e77bea,gold,,6be7311c20c88ab70fab3ed8959c3d22bec5f31f,,swh:1:cnt:6be7311c20c88ab70fab3ed8959c3d22bec5f31f;origin=https://github.com/rouge-ruby/rouge;path=/lib/rouge/demos/groovy,Groovy,Groovy (Rouge lexer `groovy`),Groovy;groovy,Rouge's maintainers (the demo's name: a lexer tag),rouge@16e6ecd,,,,demo;in-linguist,programming,lib/rouge/demos/groovy
rouge:ff0fa0e83c77,gold,,9ea0c2705aade5a9bea5726fd97d121a4f8d93da,,swh:1:cnt:9ea0c2705aade5a9bea5726fd97d121a4f8d93da;origin=https://github.com/rouge-ruby/rouge;path=/lib/rouge/demos/gts,Glimmer TS,Template Tag (gts) (Rouge lexer `gts`),Glimmer TS;gts;Template Tag (gts),Rouge's maintainers (the demo's name: a lexer tag),rouge@16e6ecd,,,,demo;in-linguist,programming,lib/rouge/demos/gts
rouge:ef6dd1f7230a,gold,,1e695eaed5dfe2997a5501353cb203c6b2a4b83c,,swh:1:cnt:1e695eaed5dfe2997a5501353cb203c6b2a4b83c;origin=https://github.com/rouge-ruby/rouge;path=/lib/rouge/demos/hack,Hack,Hack (Rouge lexer `hack`),Hack;hack,Rouge's maintainers (the demo's name: a lexer tag),rouge@16e6ecd,,,,demo;in-linguist;tiny,programming,lib/rouge/demos/hack
rouge:e4ac0dfbd97a,gold,,4dcb687a5050bcc87e3b99c7cb49093ea2e3c348,,swh:1:cnt:4dcb687a5050bcc87e3b99c7cb49093ea2e3c348;origin=https://github.com/rouge-ruby/rouge;path=/lib/rouge/demos/haml,Haml,Haml (Rouge lexer `haml`),Haml;haml,Rouge's maintainers (the demo's name: a lexer tag),rouge@16e6ecd,,,,demo;in-linguist,markup,lib/rouge/demos/haml
rouge:0664d4d2bdd3,gold,,6dc4a7e2d96d6fde3b61fe912f657cd63876e619,,swh:1:cnt:6dc4a7e2d96d6fde3b61fe912f657cd63876e619;origin=https://github.com/rouge-ruby/rouge;path=/lib/rouge/demos/handlebars,Handlebars,Handlebars (Rouge lexer `handlebars`),Handlebars;hbs;htmlbars;handlebars,Rouge's maintainers (the demo's name: a lexer tag),rouge@16e6ecd,,,,demo;in-linguist,markup,lib/rouge/demos/handlebars
rouge:e6856c96ac49,gold,,2672159070cd45ed9bcf6628b35320b322ffed68,,swh:1:cnt:2672159070cd45ed9bcf6628b35320b322ffed68;origin=https://github.com/rouge-ruby/rouge;path=/lib/rouge/demos/haskell,Haskell,Haskell (Rouge lexer `haskell`),Haskell;haskell,Rouge's maintainers (the demo's name: a lexer tag),rouge@16e6ecd,,,,demo;in-linguist,programming,lib/rouge/demos/haskell
rouge:c0c2b09a04a9,gold,,89f75a70ee93e60ff9235862a819fbcb14c9c16a,,swh:1:cnt:89f75a70ee93e60ff9235862a819fbcb14c9c16a;origin=https://github.com/rouge-ruby/rouge;path=/lib/rouge/demos/haxe,Haxe,Haxe (Rouge lexer `haxe`),Haxe;haxe,Rouge's maintainers (the demo's name: a lexer tag),rouge@16e6ecd,,,,demo;in-linguist;tiny,programming,lib/rouge/demos/haxe
rouge:30667328b4e0,gold,,42287dae543518a13f8f65523980758f84b61b57,,swh:1:cnt:42287dae543518a13f8f65523980758f84b61b57;origin=https://github.com/rouge-ruby/rouge;path=/lib/rouge/demos/hcl,HCL,Hashicorp Configuration Language (Rouge lexer `hcl`),HCL;HashiCorp Configuration Language;opentofu;terraform;Hashicorp Configuration Language;hcl,Rouge's maintainers (the demo's name: a lexer tag),rouge@16e6ecd,,,,demo;in-linguist,programming,lib/rouge/demos/hcl
rouge:dd8e27b26aa5,gold,,487aee0e1cb94607abf9b4c87bacaa2d61896a39,,swh:1:cnt:487aee0e1cb94607abf9b4c87bacaa2d61896a39;origin=https://github.com/rouge-ruby/rouge;path=/lib/rouge/demos/hlsl,HLSL,HLSL (Rouge lexer `hlsl`),HLSL;hlsl,Rouge's maintainers (the demo's name: a lexer tag),rouge@16e6ecd,,,,demo;in-linguist,programming,lib/rouge/demos/hlsl
rouge:e9547fcc51ad,gold,,c2dbf5ff65e145be28a6304975832a9e81b07c50,,swh:1:cnt:c2dbf5ff65e145be28a6304975832a9e81b07c50;origin=https://github.com/rouge-ruby/rouge;path=/lib/rouge/demos/hocon,HOCON,HOCON (Rouge lexer `hocon`),HOCON;hocon,Rouge's maintainers (the demo's name: a lexer tag),rouge@16e6ecd,,,,demo;in-linguist,data,lib/rouge/demos/hocon
rouge:6fca5c43b1de,gold,,5a344d809382e96dd0c9ac45500e8034ba8abc22,,swh:1:cnt:5a344d809382e96dd0c9ac45500e8034ba8abc22;origin=https://github.com/rouge-ruby/rouge;path=/lib/rouge/demos/hql,HiveQL,HQL (Rouge lexer `hql`),HiveQL;HQL;hql,Rouge's maintainers (the demo's name: a lexer tag),rouge@16e6ecd,,,,demo;in-linguist;tiny,programming,lib/rouge/demos/hql
rouge:34842bdd6232,gold,,9329a3708cf5502f08e220d4ca797a97f4005c63,,swh:1:cnt:9329a3708cf5502f08e220d4ca797a97f4005c63;origin=https://github.com/rouge-ruby/rouge;path=/lib/rouge/demos/html,HTML,HTML (Rouge lexer `html`),HTML;xhtml;html,Rouge's maintainers (the demo's name: a lexer tag),rouge@16e6ecd,,,,demo;in-linguist,markup,lib/rouge/demos/html
rouge:d406eca5a1d9,gold,,28bc750b3e0bebce5fcc4284eb0a5a5320a43d25,,swh:1:cnt:28bc750b3e0bebce5fcc4284eb0a5a5320a43d25;origin=https://github.com/rouge-ruby/rouge;path=/lib/rouge/demos/http,HTTP,HTTP (Rouge lexer `http`),HTTP;http,Rouge's maintainers (the demo's name: a lexer tag),rouge@16e6ecd,,,,demo;in-linguist,data,lib/rouge/demos/http
rouge:9ebffc98102a,gold,,bf9db3b4133440856bd89941af3b62dd69ededeb,,swh:1:cnt:bf9db3b4133440856bd89941af3b62dd69ededeb;origin=https://github.com/rouge-ruby/rouge;path=/lib/rouge/demos/hylang,Hy,HyLang (Rouge lexer `hylang`),Hy;hylang;HyLang,Rouge's maintainers (the demo's name: a lexer tag),rouge@16e6ecd,,,,demo;in-linguist,programming,lib/rouge/demos/hylang
rouge:12a50591d910,gold,,49f16afcb3a62b22a977e26b076185513ecc8941,,swh:1:cnt:49f16afcb3a62b22a977e26b076185513ecc8941;origin=https://github.com/rouge-ruby/rouge;path=/lib/rouge/demos/idlang,IDL,IDL (Rouge lexer `idlang`),IDL;idlang,Rouge's maintainers (the demo's name: a lexer tag),rouge@16e6ecd,,,,demo;in-linguist,programming,lib/rouge/demos/idlang
rouge:ad530c65590b,gold,,58e0301573b830996e8e5f8c31809225839b50a9,,swh:1:cnt:58e0301573b830996e8e5f8c31809225839b50a9;origin=https://github.com/rouge-ruby/rouge;path=/lib/rouge/demos/idris,Idris,Idris (Rouge lexer `idris`),Idris;idris,Rouge's maintainers (the demo's name: a lexer tag),rouge@16e6ecd,,,,demo;in-linguist,programming,lib/rouge/demos/idris
rouge:ddf8e4a78fb4,gold,,16a0371a1fa8c53dfd087f201aca73ca6b3e43e7,,swh:1:cnt:16a0371a1fa8c53dfd087f201aca73ca6b3e43e7;origin=https://github.com/rouge-ruby/rouge;path=/lib/rouge/demos/iecst,IEC 61131-3 Structured Text,IEC 61131-3 Structured Text (Rouge lexer `iecst`),IEC 61131-3 Structured Text;iecst,Rouge's maintainers (the demo's name: a lexer tag),rouge@16e6ecd,,,,demo;not-in-linguist,,lib/rouge/demos/iecst
rouge:2d45826c7deb,gold,,d4c0feb98d9fce02ecffb1e44bbf24192958fc4c,,swh:1:cnt:d4c0feb98d9fce02ecffb1e44bbf24192958fc4c;origin=https://github.com/rouge-ruby/rouge;path=/lib/rouge/demos/igorpro,IGOR Pro,IgorPro (Rouge lexer `igorpro`),IGOR Pro;igor;igorpro;IgorPro,Rouge's maintainers (the demo's name: a lexer tag),rouge@16e6ecd,,,,demo;in-linguist,programming,lib/rouge/demos/igorpro
rouge:9ce859def7d4,gold,,f600c915d7c6e1bd7e9f4926461ef97979d14208,,swh:1:cnt:f600c915d7c6e1bd7e9f4926461ef97979d14208;origin=https://github.com/rouge-ruby/rouge;path=/lib/rouge/demos/ini,INI,INI (Rouge lexer `ini`),INI;conf;dosini;ini,Rouge's maintainers (the demo's name: a lexer tag),rouge@16e6ecd,,,,demo;in-linguist;tiny,data,lib/rouge/demos/ini
rouge:82f82b9376f6,gold,,05f0a2096c942cc55632ccea9fedb25824892351,,swh:1:cnt:05f0a2096c942cc55632ccea9fedb25824892351;origin=https://github.com/rouge-ruby/rouge;path=/lib/rouge/demos/io,Io,Io (Rouge lexer `io`),Io;io,Rouge's maintainers (the demo's name: a lexer tag),rouge@16e6ecd,,,,demo;in-linguist,programming,lib/rouge/demos/io
rouge:964585b4875d,gold,,8024ce925a88ab7ebea58a35fa737ddbd273b50b,,swh:1:cnt:8024ce925a88ab7ebea58a35fa737ddbd273b50b;origin=https://github.com/rouge-ruby/rouge;path=/lib/rouge/demos/isabelle,Isabelle,Isabelle (Rouge lexer `isabelle`),Isabelle;isabelle,Rouge's maintainers (the demo's name: a lexer tag),rouge@16e6ecd,,,,demo;in-linguist,programming,lib/rouge/demos/isabelle
rouge:195c34b4be68,gold,,78605aab7e233a3d9b7423fddfb67a2bea8722a4,,swh:1:cnt:78605aab7e233a3d9b7423fddfb67a2bea8722a4;origin=https://github.com/rouge-ruby/rouge;path=/lib/rouge/demos/isbl,ISBL,ISBL (Rouge lexer `isbl`),ISBL;isbl,Rouge's maintainers (the demo's name: a lexer tag),rouge@16e6ecd,,,,demo;not-in-linguist;tiny,,lib/rouge/demos/isbl
rouge:662b5d4ef755,gold,,44f96f45726434c74d08c4f7ded7f46568f111a8,,swh:1:cnt:44f96f45726434c74d08c4f7ded7f46568f111a8;origin=https://github.com/rouge-ruby/rouge;path=/lib/rouge/demos/j,J,J (Rouge lexer `j`),J;j,Rouge's maintainers (the demo's name: a lexer tag),rouge@16e6ecd,,,,demo;in-linguist,programming,lib/rouge/demos/j
rouge:4e888af6a85e,gold,,fbf89a071d7faec83a76360c04fccd935841a63e,,swh:1:cnt:fbf89a071d7faec83a76360c04fccd935841a63e;origin=https://github.com/rouge-ruby/rouge;path=/lib/rouge/demos/janet,Janet,Janet (Rouge lexer `janet`),Janet;janet,Rouge's maintainers (the demo's name: a lexer tag),rouge@16e6ecd,,,,demo;in-linguist;tiny,programming,lib/rouge/demos/janet
rouge:77e42250f62f,gold,,d8428fe7328d1947fd83c1576df4e38709c74cb1,,swh:1:cnt:d8428fe7328d1947fd83c1576df4e38709c74cb1;origin=https://github.com/rouge-ruby/rouge;path=/lib/rouge/demos/java,Java,Java (Rouge lexer `java`),Java;java,Rouge's maintainers (the demo's name: a lexer tag),rouge@16e6ecd,,,,demo;in-linguist,programming,lib/rouge/demos/java
rouge:4057b3aa76d1,gold,,134a70e877145f675f3f33c2fe5382d1713f36c8,,swh:1:cnt:134a70e877145f675f3f33c2fe5382d1713f36c8;origin=https://github.com/rouge-ruby/rouge;path=/lib/rouge/demos/javascript,JavaScript,JavaScript (Rouge lexer `javascript`),JavaScript;js;node;javascript,Rouge's maintainers (the demo's name: a lexer tag),rouge@16e6ecd,,,,demo;in-linguist;tiny,programming,lib/rouge/demos/javascript
rouge:52458bec39d0,gold,,808cf77c48847512d86a857a9a6f877e151a14f6,,swh:1:cnt:808cf77c48847512d86a857a9a6f877e151a14f6;origin=https://github.com/rouge-ruby/rouge;path=/lib/rouge/demos/jinja,Jinja,Jinja (Rouge lexer `jinja`),Jinja;django;html+django;html+jinja;htmldjango;jinja,Rouge's maintainers (the demo's name: a lexer tag),rouge@16e6ecd,,,,demo;in-linguist,markup,lib/rouge/demos/jinja
rouge:31d37c922950,gold,,a6b8ff67465c7063807e9255bf9b2dfb74881a07,,swh:1:cnt:a6b8ff67465c7063807e9255bf9b2dfb74881a07;origin=https://github.com/rouge-ruby/rouge;path=/lib/rouge/demos/jq,jq,jq (Rouge lexer `jq`),jq,Rouge's maintainers (the demo's name: a lexer tag),rouge@16e6ecd,,,,demo;in-linguist;tiny,programming,lib/rouge/demos/jq
rouge:6446e16a6c8e,gold,,6c3c39f9145bc298fde1fa31a46ca096323b822e,,swh:1:cnt:6c3c39f9145bc298fde1fa31a46ca096323b822e;origin=https://github.com/rouge-ruby/rouge;path=/lib/rouge/demos/jsl,JSL,JSL (Rouge lexer `jsl`),JSL;jsl,Rouge's maintainers (the demo's name: a lexer tag),rouge@16e6ecd,,,,demo;not-in-linguist;tiny,,lib/rouge/demos/jsl
rouge:750bf22603a0,gold,,eead967ca71bbe0d3ab9de3d9a475d26a27fb12e,,swh:1:cnt:eead967ca71bbe0d3ab9de3d9a475d26a27fb12e;origin=https://github.com/rouge-ruby/rouge;path=/lib/rouge/demos/json,JSON,JSON (Rouge lexer `json`),JSON;geojson;jsonl;sarif;topojson;json,Rouge's maintainers (the demo's name: a lexer tag),rouge@16e6ecd,,,,demo;in-linguist;tiny,data,lib/rouge/demos/json
rouge:42b5bf214ab3,gold,,a2a57fe0b116ed307e62d516fdb553c811c293fa,,swh:1:cnt:a2a57fe0b116ed307e62d516fdb553c811c293fa;origin=https://github.com/rouge-ruby/rouge;path=/lib/rouge/demos/json-doc,Json-doc,Json-doc (Rouge lexer `json-doc`),Json-doc;json-doc,Rouge's maintainers (the demo's name: a lexer tag),rouge@16e6ecd,,,,demo;not-in-linguist;tiny,,lib/rouge/demos/json-doc
rouge:3d1d8cc77023,gold,,0e72c64622744257cc46e5e5d6f957578a4a4bfe,,swh:1:cnt:0e72c64622744257cc46e5e5d6f957578a4a4bfe;origin=https://github.com/rouge-ruby/rouge;path=/lib/rouge/demos/json5,JSON5,JSON 5 (Rouge lexer `json5`),JSON5;JSON 5;json5,Rouge's maintainers (the demo's name: a lexer tag),rouge@16e6ecd,,,,demo;in-linguist,data,lib/rouge/demos/json5
rouge:613dd6ccdce6,gold,,510441fee988674b740b929a9074a4b2d6e7bf75,,swh:1:cnt:510441fee988674b740b929a9074a4b2d6e7bf75;origin=https://github.com/rouge-ruby/rouge;path=/lib/rouge/demos/jsonnet,Jsonnet,Jsonnet (Rouge lexer `jsonnet`),Jsonnet;jsonnet,Rouge's maintainers (the demo's name: a lexer tag),rouge@16e6ecd,,,,demo;in-linguist,programming,lib/rouge/demos/jsonnet
rouge:4070e1fd0c65,gold,,9f4fb8d1c958f06ae05c7ea5fa4e89e68a26869b,,swh:1:cnt:9f4fb8d1c958f06ae05c7ea5fa4e89e68a26869b;origin=https://github.com/rouge-ruby/rouge;path=/lib/rouge/demos/jsp,Java Server Pages,Jsp (Rouge lexer `jsp`),Java Server Pages;jsp;Jsp,Rouge's maintainers (the demo's name: a lexer tag),rouge@16e6ecd,,,,demo;in-linguist,programming,lib/rouge/demos/jsp
rouge:84c3b27df6ad,gold,,1bf7872db4ea2d7fcfb0e47c90a87f8e5315484b,,swh:1:cnt:1bf7872db4ea2d7fcfb0e47c90a87f8e5315484b;origin=https://github.com/rouge-ruby/rouge;path=/lib/rouge/demos/jsx,JSX,JSX (Rouge lexer `jsx`),JSX;jsx,Rouge's maintainers (the demo's name: a lexer tag),rouge@16e6ecd,,,,demo;not-in-linguist,,lib/rouge/demos/jsx
rouge:421513a6c6ea,gold,,fe0e9e8eccba8dc52c8d244dcc6620164f610fc1,,swh:1:cnt:fe0e9e8eccba8dc52c8d244dcc6620164f610fc1;origin=https://github.com/rouge-ruby/rouge;path=/lib/rouge/demos/julia,Julia,Julia (Rouge lexer `julia`),Julia;julia,Rouge's maintainers (the demo's name: a lexer tag),rouge@16e6ecd,,,,demo;in-linguist,programming,lib/rouge/demos/julia
rouge:1acbd8edefd1,gold,,f2a784bdbf612eaa5eee9366a8e70caac61a4942,,swh:1:cnt:f2a784bdbf612eaa5eee9366a8e70caac61a4942;origin=https://github.com/rouge-ruby/rouge;path=/lib/rouge/demos/kick_assembler,KickAssembler,KickAssembler (Rouge lexer `kick_assembler`),KickAssembler;kick_assembler,Rouge's maintainers (the demo's name: a lexer tag),rouge@16e6ecd,,,,demo;not-in-linguist,,lib/rouge/demos/kick_assembler
rouge:8a89e2e3b65b,gold,,a27b0db02321723dd32c32a024a806391b3f66bb,,swh:1:cnt:a27b0db02321723dd32c32a024a806391b3f66bb;origin=https://github.com/rouge-ruby/rouge;path=/lib/rouge/demos/kotlin,Kotlin,Kotlin (Rouge lexer `kotlin`),Kotlin;kotlin,Rouge's maintainers (the demo's name: a lexer tag),rouge@16e6ecd,,,,demo;in-linguist;tiny,programming,lib/rouge/demos/kotlin
rouge:143cd91564fb,gold,,625112fe5714acadd4b5b3ad0251ddbec0c8de4c,,swh:1:cnt:625112fe5714acadd4b5b3ad0251ddbec0c8de4c;origin=https://github.com/rouge-ruby/rouge;path=/lib/rouge/demos/lasso,Lasso,Lasso (Rouge lexer `lasso`),Lasso;lassoscript;lasso,Rouge's maintainers (the demo's name: a lexer tag),rouge@16e6ecd,,,,demo;in-linguist,programming,lib/rouge/demos/lasso
rouge:798f746c8117,gold,,74f45c7bf64e90eeb0f01640d9583d4a77eb6d90,,swh:1:cnt:74f45c7bf64e90eeb0f01640d9583d4a77eb6d90;origin=https://github.com/rouge-ruby/rouge;path=/lib/rouge/demos/lean,Lean,Lean (Rouge lexer `lean`),Lean;lean,Rouge's maintainers (the demo's name: a lexer tag),rouge@16e6ecd,,,,demo;in-linguist,programming,lib/rouge/demos/lean
rouge:071d4b386e36,gold,,19ed3af281ec460864893aeb458b1bb23f7506a2,,swh:1:cnt:19ed3af281ec460864893aeb458b1bb23f7506a2;origin=https://github.com/rouge-ruby/rouge;path=/lib/rouge/demos/liquid,Liquid,Liquid (Rouge lexer `liquid`),Liquid;liquid,Rouge's maintainers (the demo's name: a lexer tag),rouge@16e6ecd,,,,demo;in-linguist,markup,lib/rouge/demos/liquid
rouge:c03539c345fe,gold,,0e5f25f77521644c1d0009eec5d8f96cc9e0dc4e,,swh:1:cnt:0e5f25f77521644c1d0009eec5d8f96cc9e0dc4e;origin=https://github.com/rouge-ruby/rouge;path=/lib/rouge/demos/literate_coffeescript,Literate CoffeeScript,Literate CoffeeScript (Rouge lexer `literate_coffeescript`),Literate CoffeeScript;litcoffee;literate_coffeescript,Rouge's maintainers (the demo's name: a lexer tag),rouge@16e6ecd,,,,demo;in-linguist;tiny,programming,lib/rouge/demos/literate_coffeescript
rouge:4516df27b6b3,gold,,10e7535659522dd5c336bca7c12f20dbbae86085,,swh:1:cnt:10e7535659522dd5c336bca7c12f20dbbae86085;origin=https://github.com/rouge-ruby/rouge;path=/lib/rouge/demos/literate_haskell,Literate Haskell,Literate Haskell (Rouge lexer `literate_haskell`),Literate Haskell;lhaskell;lhs;literate_haskell,Rouge's maintainers (the demo's name: a lexer tag),rouge@16e6ecd,,,,demo;in-linguist,programming,lib/rouge/demos/literate_haskell
rouge:68c44691dd3a,gold,,9daf4db300f9b4504f79734153d1c1c58d84c04b,,swh:1:cnt:9daf4db300f9b4504f79734153d1c1c58d84c04b;origin=https://github.com/rouge-ruby/rouge;path=/lib/rouge/demos/livescript,LiveScript,LiveScript (Rouge lexer `livescript`),LiveScript;live-script;ls;livescript,Rouge's maintainers (the demo's name: a lexer tag),rouge@16e6ecd,,,,demo;in-linguist,programming,lib/rouge/demos/livescript
rouge:39085e54d805,gold,,c4596a80021f4402ea788f508ae844872771e09c,,swh:1:cnt:c4596a80021f4402ea788f508ae844872771e09c;origin=https://github.com/rouge-ruby/rouge;path=/lib/rouge/demos/llvm,LLVM,LLVM (Rouge lexer `llvm`),LLVM;llvm,Rouge's maintainers (the demo's name: a lexer tag),rouge@16e6ecd,,,,demo;in-linguist,programming,lib/rouge/demos/llvm
rouge:daf6e1dd0797,gold,,2abebae99de3b57137b7f52042cb09026eae7062,,swh:1:cnt:2abebae99de3b57137b7f52042cb09026eae7062;origin=https://github.com/rouge-ruby/rouge;path=/lib/rouge/demos/lua,Lua,Lua (Rouge lexer `lua`),Lua;lua,Rouge's maintainers (the demo's name: a lexer tag),rouge@16e6ecd,,,,demo;in-linguist,programming,lib/rouge/demos/lua
rouge:8a473a7ca8e5,gold,,789bd580bc781c2ea89ac220f71809dda51a1007,,swh:1:cnt:789bd580bc781c2ea89ac220f71809dda51a1007;origin=https://github.com/rouge-ruby/rouge;path=/lib/rouge/demos/lustre,Lustre,Lustre (Rouge lexer `lustre`),Lustre;lustre,Rouge's maintainers (the demo's name: a lexer tag),rouge@16e6ecd,,,,demo;not-in-linguist,,lib/rouge/demos/lustre
rouge:118c87eb47bf,gold,,b031cee1ee953bd38f01376ffa27648dabe64dfe,,swh:1:cnt:b031cee1ee953bd38f01376ffa27648dabe64dfe;origin=https://github.com/rouge-ruby/rouge;path=/lib/rouge/demos/lutin,Lutin,Lutin (Rouge lexer `lutin`),Lutin;lutin,Rouge's maintainers (the demo's name: a lexer tag),rouge@16e6ecd,,,,demo;not-in-linguist,,lib/rouge/demos/lutin
rouge:ab5470864cb2,gold,,bf41adb9dea924b8f9d026b7b64e557efce4825e,,swh:1:cnt:bf41adb9dea924b8f9d026b7b64e557efce4825e;origin=https://github.com/rouge-ruby/rouge;path=/lib/rouge/demos/m68k,Motorola 68K Assembly,M68k (Rouge lexer `m68k`),Motorola 68K Assembly;m68k;M68k,Rouge's maintainers (the demo's name: a lexer tag),rouge@16e6ecd,,,,demo;in-linguist,programming,lib/rouge/demos/m68k
rouge:5a92572de6fe,gold,,80dfe262c9bd608e94e5e5f45cf1b9f9d707264e,,swh:1:cnt:80dfe262c9bd608e94e5e5f45cf1b9f9d707264e;origin=https://github.com/rouge-ruby/rouge;path=/lib/rouge/demos/magik,Magik,Magik (Rouge lexer `magik`),Magik;magik,Rouge's maintainers (the demo's name: a lexer tag),rouge@16e6ecd,,,,demo;not-in-linguist,,lib/rouge/demos/magik
rouge:8eb99881bd69,gold,,cdac71548dd91d2195dfbc5ff2d870ea7a72dd6f,,swh:1:cnt:cdac71548dd91d2195dfbc5ff2d870ea7a72dd6f;origin=https://github.com/rouge-ruby/rouge;path=/lib/rouge/demos/make,Makefile,Make (Rouge lexer `make`),Makefile;bsdmake;make;mf;Make,Rouge's maintainers (the demo's name: a lexer tag),rouge@16e6ecd,,,,demo;in-linguist,programming,lib/rouge/demos/make
rouge:994099a0c2d8,gold,,5e36314238141fc4e9f47a5a58ba484415a0cc96,,swh:1:cnt:5e36314238141fc4e9f47a5a58ba484415a0cc96;origin=https://github.com/rouge-ruby/rouge;path=/lib/rouge/demos/markdown,Markdown,Markdown (Rouge lexer `markdown`),Markdown;md;pandoc;markdown,Rouge's maintainers (the demo's name: a lexer tag),rouge@16e6ecd,,,,demo;in-linguist;tiny,prose,lib/rouge/demos/markdown
rouge:fe8e1d563534,gold,,70d4338db36ce0678111664d72037a4733c2ed9e,,swh:1:cnt:70d4338db36ce0678111664d72037a4733c2ed9e;origin=https://github.com/rouge-ruby/rouge;path=/lib/rouge/demos/mason,Mason,Mason (Rouge lexer `mason`),Mason;mason,Rouge's maintainers (the demo's name: a lexer tag),rouge@16e6ecd,,,,demo;not-in-linguist,,lib/rouge/demos/mason
rouge:252af00f6357,gold,,b650247f428d324b7d3f40226f9661a725d7e99e,,swh:1:cnt:b650247f428d324b7d3f40226f9661a725d7e99e;origin=https://github.com/rouge-ruby/rouge;path=/lib/rouge/demos/mathematica,Wolfram Language,Mathematica (Rouge lexer `mathematica`),Wolfram Language;mathematica;mma;wolfram;wolfram lang;wl;Mathematica,Rouge's maintainers (the demo's name: a lexer tag),rouge@16e6ecd,,,,demo;in-linguist,programming,lib/rouge/demos/mathematica
rouge:11e67ba80af8,gold,,3777fb5385d98072f85683fbcca00fb112bc1acd,,swh:1:cnt:3777fb5385d98072f85683fbcca00fb112bc1acd;origin=https://github.com/rouge-ruby/rouge;path=/lib/rouge/demos/matlab,MATLAB,MATLAB (Rouge lexer `matlab`),MATLAB;octave;matlab,Rouge's maintainers (the demo's name: a lexer tag),rouge@16e6ecd,,,,demo;in-linguist,programming,lib/rouge/demos/matlab
rouge:0a473663f1c8,gold,,9429d7b11bd6c42b5ecd96abd32d6e153c75d1e4,,swh:1:cnt:9429d7b11bd6c42b5ecd96abd32d6e153c75d1e4;origin=https://github.com/rouge-ruby/rouge;path=/lib/rouge/demos/minizinc,MiniZinc,MiniZinc (Rouge lexer `minizinc`),MiniZinc;minizinc,Rouge's maintainers (the demo's name: a lexer tag),rouge@16e6ecd,,,,demo;in-linguist,programming,lib/rouge/demos/minizinc
rouge:94798b89f211,gold,,dacbefa104a9eecd10bdf903fceafd3f5db940d0,,swh:1:cnt:dacbefa104a9eecd10bdf903fceafd3f5db940d0;origin=https://github.com/rouge-ruby/rouge;path=/lib/rouge/demos/mojo,Mojo,Mojo (Rouge lexer `mojo`),Mojo;mojo,Rouge's maintainers (the demo's name: a lexer tag),rouge@16e6ecd,,,,demo;in-linguist,programming,lib/rouge/demos/mojo
rouge:c3b65f085180,gold,,4c8511ddcf6c5025ed432a2e2ac51662b248989a,,swh:1:cnt:4c8511ddcf6c5025ed432a2e2ac51662b248989a;origin=https://github.com/rouge-ruby/rouge;path=/lib/rouge/demos/moonscript,MoonScript,MoonScript (Rouge lexer `moonscript`),MoonScript;moonscript,Rouge's maintainers (the demo's name: a lexer tag),rouge@16e6ecd,,,,demo;in-linguist,programming,lib/rouge/demos/moonscript
rouge:c39af2dfb80a,gold,,e1b81d6b9f96bd74c502b371b88a55d0ccdad559,,swh:1:cnt:e1b81d6b9f96bd74c502b371b88a55d0ccdad559;origin=https://github.com/rouge-ruby/rouge;path=/lib/rouge/demos/mosel,Mosel,Mosel (Rouge lexer `mosel`),Mosel;mosel,Rouge's maintainers (the demo's name: a lexer tag),rouge@16e6ecd,,,,demo;not-in-linguist,,lib/rouge/demos/mosel
rouge:7f18cfd2dc4c,gold,,3660beddb56123dd7520615592c1658f6805b59b,,swh:1:cnt:3660beddb56123dd7520615592c1658f6805b59b;origin=https://github.com/rouge-ruby/rouge;path=/lib/rouge/demos/msgtrans,MessageTrans,MessageTrans (Rouge lexer `msgtrans`),MessageTrans;msgtrans,Rouge's maintainers (the demo's name: a lexer tag),rouge@16e6ecd,,,,demo;not-in-linguist;tiny,,lib/rouge/demos/msgtrans
rouge:43be9d388c7a,gold,,a5deedbfa43941e82c54890cc0c792a3a022c460,,swh:1:cnt:a5deedbfa43941e82c54890cc0c792a3a022c460;origin=https://github.com/rouge-ruby/rouge;path=/lib/rouge/demos/mxml,MXML,MXML (Rouge lexer `mxml`),MXML;mxml,Rouge's maintainers (the demo's name: a lexer tag),rouge@16e6ecd,,,,demo;not-in-linguist,,lib/rouge/demos/mxml
rouge:eebad9c0d57c,gold,,ed0e8b88e5659cb2914b82f6ad0f2d56a08156b9,,swh:1:cnt:ed0e8b88e5659cb2914b82f6ad0f2d56a08156b9;origin=https://github.com/rouge-ruby/rouge;path=/lib/rouge/demos/nasm,Assembly,Nasm (Rouge lexer `nasm`),Assembly;asm;nasm;Nasm,Rouge's maintainers (the demo's name: a lexer tag),rouge@16e6ecd,,,,demo;in-linguist,programming,lib/rouge/demos/nasm
rouge:ef9c20ea8582,gold,,2529dfc1fc3b2f214565ccceb2c9ec2e58e15afc,,swh:1:cnt:2529dfc1fc3b2f214565ccceb2c9ec2e58e15afc;origin=https://github.com/rouge-ruby/rouge;path=/lib/rouge/demos/nesasm,NesAsm,NesAsm (Rouge lexer `nesasm`),NesAsm;nesasm,Rouge's maintainers (the demo's name: a lexer tag),rouge@16e6ecd,,,,demo;not-in-linguist,,lib/rouge/demos/nesasm
rouge:4034efc6de5e,gold,,028877078434fa621295e18bc1b1bfe1177c42e4,,swh:1:cnt:028877078434fa621295e18bc1b1bfe1177c42e4;origin=https://github.com/rouge-ruby/rouge;path=/lib/rouge/demos/nginx,Nginx,nginx (Rouge lexer `nginx`),Nginx;nginx configuration file;nginx,Rouge's maintainers (the demo's name: a lexer tag),rouge@16e6ecd,,,,demo;in-linguist,data,lib/rouge/demos/nginx
rouge:7c6de253209e,gold,,b987c8be21f8db48de3c29a57fca51dfa45c101b,,swh:1:cnt:b987c8be21f8db48de3c29a57fca51dfa45c101b;origin=https://github.com/rouge-ruby/rouge;path=/lib/rouge/demos/nial,Nial,Nial (Rouge lexer `nial`),Nial;nial,Rouge's maintainers (the demo's name: a lexer tag),rouge@16e6ecd,,,,demo;not-in-linguist,,lib/rouge/demos/nial
rouge:15481c8a9b46,gold,,74498cdc416be1439b2864757b30481b6f647dea,,swh:1:cnt:74498cdc416be1439b2864757b30481b6f647dea;origin=https://github.com/rouge-ruby/rouge;path=/lib/rouge/demos/nim,Nim,Nim (Rouge lexer `nim`),Nim;nim,Rouge's maintainers (the demo's name: a lexer tag),rouge@16e6ecd,,,,demo;in-linguist,programming,lib/rouge/demos/nim
rouge:3d086814fa67,gold,,abb561d6f90f9bb39f93df21cc488f5417a06dbf,,swh:1:cnt:abb561d6f90f9bb39f93df21cc488f5417a06dbf;origin=https://github.com/rouge-ruby/rouge;path=/lib/rouge/demos/nix,Nix,Nix (Rouge lexer `nix`),Nix;nixos;nix,Rouge's maintainers (the demo's name: a lexer tag),rouge@16e6ecd,,,,demo;in-linguist,programming,lib/rouge/demos/nix
rouge:e546a226f9f9,gold,,c0856262c167c116d86e08e152e50a432c71eaa3,,swh:1:cnt:c0856262c167c116d86e08e152e50a432c71eaa3;origin=https://github.com/rouge-ruby/rouge;path=/lib/rouge/demos/objective_c,Objective-C,Objective-C (Rouge lexer `objective_c`),Objective-C;obj-c;objc;objectivec;objective_c,Rouge's maintainers (the demo's name: a lexer tag),rouge@16e6ecd,,,,demo;in-linguist,programming,lib/rouge/demos/objective_c
rouge:36c3f62dfaa3,gold,,9b6890fc68213d20a75dc8048dc5d39b4e5eb736,,swh:1:cnt:9b6890fc68213d20a75dc8048dc5d39b4e5eb736;origin=https://github.com/rouge-ruby/rouge;path=/lib/rouge/demos/objective_cpp,Objective-C++,Objective-C++ (Rouge lexer `objective_cpp`),Objective-C++;obj-c++;objc++;objectivec++;objective_cpp,Rouge's maintainers (the demo's name: a lexer tag),rouge@16e6ecd,,,,demo;in-linguist,programming,lib/rouge/demos/objective_cpp
rouge:0caae5e54f40,gold,,e09cf09bd8974fc668f43943f2000464e5a0fcb1,,swh:1:cnt:e09cf09bd8974fc668f43943f2000464e5a0fcb1;origin=https://github.com/rouge-ruby/rouge;path=/lib/rouge/demos/ocaml,OCaml,OCaml (Rouge lexer `ocaml`),OCaml;ocaml,Rouge's maintainers (the demo's name: a lexer tag),rouge@16e6ecd,,,,demo;in-linguist,programming,lib/rouge/demos/ocaml
rouge:a0e43bdf38c5,gold,,cb6846b3677c2ce0f1d5339b0db0a62ebba490ba,,swh:1:cnt:cb6846b3677c2ce0f1d5339b0db0a62ebba490ba;origin=https://github.com/rouge-ruby/rouge;path=/lib/rouge/demos/ocl,OCL,OCL (Rouge lexer `ocl`),OCL;ocl,Rouge's maintainers (the demo's name: a lexer tag),rouge@16e6ecd,,,,demo;not-in-linguist;tiny,,lib/rouge/demos/ocl
rouge:b328ede82987,gold,,a2bbcbafca85cd0cc3c9e38754f5c2e496836bb9,,swh:1:cnt:a2bbcbafca85cd0cc3c9e38754f5c2e496836bb9;origin=https://github.com/rouge-ruby/rouge;path=/lib/rouge/demos/openedge,OpenEdge ABL,OpenEdge ABL (Rouge lexer `openedge`),OpenEdge ABL;progress;openedge;abl,Rouge's maintainers (the demo's name: a lexer tag),rouge@16e6ecd,,,,demo;in-linguist;tiny,programming,lib/rouge/demos/openedge
rouge:3872966ec3f2,gold,,aec38db92e4698490c138ac35d176ed288224935,,swh:1:cnt:aec38db92e4698490c138ac35d176ed288224935;origin=https://github.com/rouge-ruby/rouge;path=/lib/rouge/demos/opentype_feature_file,OpenType Feature File,OpenType Feature File (Rouge lexer `opentype_feature_file`),OpenType Feature File;AFDKO;opentype_feature_file,Rouge's maintainers (the demo's name: a lexer tag),rouge@16e6ecd,,,,demo;in-linguist;tiny,data,lib/rouge/demos/opentype_feature_file
rouge:35942b601e14,gold,,ed4992b075909183ab7ff335344a77e40f143b95,,swh:1:cnt:ed4992b075909183ab7ff335344a77e40f143b95;origin=https://github.com/rouge-ruby/rouge;path=/lib/rouge/demos/p4,P4,P4 (Rouge lexer `p4`),P4;p4,Rouge's maintainers (the demo's name: a lexer tag),rouge@16e6ecd,,,,demo;in-linguist,programming,lib/rouge/demos/p4
rouge:b80f9017c107,gold,,16be5373456bba7f7aa44d97d24e160d7fff5085,,swh:1:cnt:16be5373456bba7f7aa44d97d24e160d7fff5085;origin=https://github.com/rouge-ruby/rouge;path=/lib/rouge/demos/pascal,Pascal,Pascal (Rouge lexer `pascal`),Pascal;delphi;objectpascal;pascal,Rouge's maintainers (the demo's name: a lexer tag),rouge@16e6ecd,,,,demo;in-linguist,programming,lib/rouge/demos/pascal
rouge:e31bb2bb8942,gold,,9c8c326987cf23f3543a972e4c84c762cfb871e8,,swh:1:cnt:9c8c326987cf23f3543a972e4c84c762cfb871e8;origin=https://github.com/rouge-ruby/rouge;path=/lib/rouge/demos/pdf,PDF,PDF (Rouge lexer `pdf`),PDF;pdf,Rouge's maintainers (the demo's name: a lexer tag),rouge@16e6ecd,,,,demo;not-in-linguist,,lib/rouge/demos/pdf
rouge:53788f8a930b,gold,,a9664453b61debc937b7c65a511a28f4b5dc75c9,,swh:1:cnt:a9664453b61debc937b7c65a511a28f4b5dc75c9;origin=https://github.com/rouge-ruby/rouge;path=/lib/rouge/demos/perl,Perl,Perl (Rouge lexer `perl`),Perl;cperl;perl,Rouge's maintainers (the demo's name: a lexer tag),rouge@16e6ecd,,,,demo;in-linguist,programming,lib/rouge/demos/perl
rouge:b0dbc394448f,gold,,7ca7fe69cdba6d4946098c87c476126dfa4c0589,,swh:1:cnt:7ca7fe69cdba6d4946098c87c476126dfa4c0589;origin=https://github.com/rouge-ruby/rouge;path=/lib/rouge/demos/php,PHP,PHP (Rouge lexer `php`),PHP;inc;php,Rouge's maintainers (the demo's name: a lexer tag),rouge@16e6ecd,,,,demo;in-linguist;tiny,programming,lib/rouge/demos/php
rouge:2d4e04373697,gold,,7684a3ce4e514593b01af2c603f1512e3fce8ab3,,swh:1:cnt:7684a3ce4e514593b01af2c603f1512e3fce8ab3;origin=https://github.com/rouge-ruby/rouge;path=/lib/rouge/demos/plist,OpenStep Property List,Plist (Rouge lexer `plist`),OpenStep Property List;Plist;plist,Rouge's maintainers (the demo's name: a lexer tag),rouge@16e6ecd,,,,demo;in-linguist,data,lib/rouge/demos/plist
rouge:472acc74f9ba,gold,,636986419537bbcd3aefd57ee9b2438f8b0372ea,,swh:1:cnt:636986419537bbcd3aefd57ee9b2438f8b0372ea;origin=https://github.com/rouge-ruby/rouge;path=/lib/rouge/demos/plsql,PLSQL,PLSQL (Rouge lexer `plsql`),PLSQL;plsql,Rouge's maintainers (the demo's name: a lexer tag),rouge@16e6ecd,,,,demo;in-linguist;tiny,programming,lib/rouge/demos/plsql
rouge:ffe972c03eba,gold,,9b584fd385c87693eb207a49845435959fa55c2d,,swh:1:cnt:9b584fd385c87693eb207a49845435959fa55c2d;origin=https://github.com/rouge-ruby/rouge;path=/lib/rouge/demos/pony,Pony,Pony (Rouge lexer `pony`),Pony;pony,Rouge's maintainers (the demo's name: a lexer tag),rouge@16e6ecd,,,,demo;in-linguist,programming,lib/rouge/demos/pony
rouge:2a66399ddc50,gold,,377753d99556f80209dd1454e31fb69c23494539,,swh:1:cnt:377753d99556f80209dd1454e31fb69c23494539;origin=https://github.com/rouge-ruby/rouge;path=/lib/rouge/demos/postscript,PostScript,PostScript (Rouge lexer `postscript`),PostScript;postscr;postscript,Rouge's maintainers (the demo's name: a lexer tag),rouge@16e6ecd,,,,demo;in-linguist,markup,lib/rouge/demos/postscript
rouge:89750e8f0620,gold,,98de97b7880471342f6ffe75d84bc5dba62b6a57,,swh:1:cnt:98de97b7880471342f6ffe75d84bc5dba62b6a57;origin=https://github.com/rouge-ruby/rouge;path=/lib/rouge/demos/powershell,PowerShell,powershell (Rouge lexer `powershell`),PowerShell;posh;pwsh;powershell,Rouge's maintainers (the demo's name: a lexer tag),rouge@16e6ecd,,,,demo;in-linguist,programming,lib/rouge/demos/powershell
rouge:25654415945a,gold,,f1af35bf3131e6a06cc1ab378074dffd6842232a,,swh:1:cnt:f1af35bf3131e6a06cc1ab378074dffd6842232a;origin=https://github.com/rouge-ruby/rouge;path=/lib/rouge/demos/praat,Praat,Praat (Rouge lexer `praat`),Praat;praat,Rouge's maintainers (the demo's name: a lexer tag),rouge@16e6ecd,,,,demo;in-linguist,programming,lib/rouge/demos/praat
rouge:34286e15b621,gold,,8430e6b36a4e68ef6e1891a2096872c190f40f45,,swh:1:cnt:8430e6b36a4e68ef6e1891a2096872c190f40f45;origin=https://github.com/rouge-ruby/rouge;path=/lib/rouge/demos/prolog,Prolog,Prolog (Rouge lexer `prolog`),Prolog;prolog,Rouge's maintainers (the demo's name: a lexer tag),rouge@16e6ecd,,,,demo;in-linguist,programming,lib/rouge/demos/prolog
rouge:d5600424fe11,gold,,3cdab0856bfece7db7d40eaa1406d7ed2ec5380f,,swh:1:cnt:3cdab0856bfece7db7d40eaa1406d7ed2ec5380f;origin=https://github.com/rouge-ruby/rouge;path=/lib/rouge/demos/prometheus,Prometheus,Prometheus (Rouge lexer `prometheus`),Prometheus;prometheus,Rouge's maintainers (the demo's name: a lexer tag),rouge@16e6ecd,,,,demo;not-in-linguist,,lib/rouge/demos/prometheus
rouge:f7f6dc176ff2,gold,,b5b717df7ed21252fc01d1f60ed298faf88e8541,,swh:1:cnt:b5b717df7ed21252fc01d1f60ed298faf88e8541;origin=https://github.com/rouge-ruby/rouge;path=/lib/rouge/demos/properties,Java Properties,.properties (Rouge lexer `properties`),Java Properties;.properties;properties,Rouge's maintainers (the demo's name: a lexer tag),rouge@16e6ecd,,,,demo;in-linguist,data,lib/rouge/demos/properties
rouge:be737d4fd4d4,gold,,fdab9e9780dcada915b1a43406496f9a174fdd38,,swh:1:cnt:fdab9e9780dcada915b1a43406496f9a174fdd38;origin=https://github.com/rouge-ruby/rouge;path=/lib/rouge/demos/protobuf,Protocol Buffer,Protobuf (Rouge lexer `protobuf`),Protocol Buffer;proto;protobuf;Protocol Buffers;Protobuf,Rouge's maintainers (the demo's name: a lexer tag),rouge@16e6ecd,,,,demo;in-linguist,data,lib/rouge/demos/protobuf
rouge:2bedb3b27d4b,gold,,621d9c9c6a5bfca4afa2c327e4087bf6dd11a112,,swh:1:cnt:621d9c9c6a5bfca4afa2c327e4087bf6dd11a112;origin=https://github.com/rouge-ruby/rouge;path=/lib/rouge/demos/puppet,Puppet,Puppet (Rouge lexer `puppet`),Puppet;puppet,Rouge's maintainers (the demo's name: a lexer tag),rouge@16e6ecd,,,,demo;in-linguist,programming,lib/rouge/demos/puppet
rouge:d0e3b32b6a85,gold,,77a5cb3111f87fc63fd4c9d8aed08f7e80c87b91,,swh:1:cnt:77a5cb3111f87fc63fd4c9d8aed08f7e80c87b91;origin=https://github.com/rouge-ruby/rouge;path=/lib/rouge/demos/python,Python,Python (Rouge lexer `python`),Python;py;py3;python3;rusthon;python,Rouge's maintainers (the demo's name: a lexer tag),rouge@16e6ecd,,,,demo;in-linguist,programming,lib/rouge/demos/python
rouge:cbf10b034fb3,gold,,b7ff469e2e9780e55804b98227d44925df9469d7,,swh:1:cnt:b7ff469e2e9780e55804b98227d44925df9469d7;origin=https://github.com/rouge-ruby/rouge;path=/lib/rouge/demos/q,q,Q (Rouge lexer `q`),q;Q,Rouge's maintainers (the demo's name: a lexer tag),rouge@16e6ecd,,,,demo;in-linguist,programming,lib/rouge/demos/q
rouge:da0e3061d6f0,gold,,9aacda6cf0951f1742dd4e1e31da9cbff9b62808,,swh:1:cnt:9aacda6cf0951f1742dd4e1e31da9cbff9b62808;origin=https://github.com/rouge-ruby/rouge;path=/lib/rouge/demos/qml,QML,QML (Rouge lexer `qml`),QML;qml,Rouge's maintainers (the demo's name: a lexer tag),rouge@16e6ecd,,,,demo;in-linguist,programming,lib/rouge/demos/qml
rouge:ac912f02d0be,gold,,b6804b0735adbd774177b93efe10c785def1f0aa,,swh:1:cnt:b6804b0735adbd774177b93efe10c785def1f0aa;origin=https://github.com/rouge-ruby/rouge;path=/lib/rouge/demos/r,R,R (Rouge lexer `r`),R;Rscript;splus;r,Rouge's maintainers (the demo's name: a lexer tag),rouge@16e6ecd,,,,demo;in-linguist,programming,lib/rouge/demos/r
rouge:d0e406e32716,gold,,bd99818643c216f82eaf5f5682f532912b666a4b,,swh:1:cnt:bd99818643c216f82eaf5f5682f532912b666a4b;origin=https://github.com/rouge-ruby/rouge;path=/lib/rouge/demos/racket,Racket,Racket (Rouge lexer `racket`),Racket;racket,Rouge's maintainers (the demo's name: a lexer tag),rouge@16e6ecd,,,,demo;in-linguist,programming,lib/rouge/demos/racket
rouge:fe52a3119577,gold,,db29f2cce550218fdadbbe74a9a02a838d852853,,swh:1:cnt:db29f2cce550218fdadbbe74a9a02a838d852853;origin=https://github.com/rouge-ruby/rouge;path=/lib/rouge/demos/reasonml,Reason,ReasonML (Rouge lexer `reasonml`),Reason;ReasonML;reasonml,Rouge's maintainers (the demo's name: a lexer tag),rouge@16e6ecd,,,,demo;in-linguist,programming,lib/rouge/demos/reasonml
rouge:16abf3577b25,gold,,34b142206008a63162954d7e7c83518e35ead58c,,swh:1:cnt:34b142206008a63162954d7e7c83518e35ead58c;origin=https://github.com/rouge-ruby/rouge;path=/lib/rouge/demos/rego,Open Policy Agent,Rego (Rouge lexer `rego`),Open Policy Agent;Rego;rego,Rouge's maintainers (the demo's name: a lexer tag),rouge@16e6ecd,,,,demo;in-linguist,programming,lib/rouge/demos/rego
rouge:ba63cab67f82,gold,,a27fa9383b33f0409cb383865b4c06e848e2bb90,,swh:1:cnt:a27fa9383b33f0409cb383865b4c06e848e2bb90;origin=https://github.com/rouge-ruby/rouge;path=/lib/rouge/demos/rescript,ReScript,ReScript (Rouge lexer `rescript`),ReScript;rescript,Rouge's maintainers (the demo's name: a lexer tag),rouge@16e6ecd,,,,demo;in-linguist,programming,lib/rouge/demos/rescript
rouge:c4701f9a8b2f,gold,,5a09810f9f1c8f29f28603baa12691ba7ff86183,,swh:1:cnt:5a09810f9f1c8f29f28603baa12691ba7ff86183;origin=https://github.com/rouge-ruby/rouge;path=/lib/rouge/demos/rml,RML,RML (Rouge lexer `rml`),RML;rml,Rouge's maintainers (the demo's name: a lexer tag),rouge@16e6ecd,,,,demo;not-in-linguist,,lib/rouge/demos/rml
rouge:b2ff2d5e2641,gold,,3ba3fdc5a1cb41536b9cef577aa37967129d718e,,swh:1:cnt:3ba3fdc5a1cb41536b9cef577aa37967129d718e;origin=https://github.com/rouge-ruby/rouge;path=/lib/rouge/demos/robot_framework,RobotFramework,Robot Framework (Rouge lexer `robot_framework`),RobotFramework;Robot Framework;robot_framework,Rouge's maintainers (the demo's name: a lexer tag),rouge@16e6ecd,,,,demo;in-linguist,programming,lib/rouge/demos/robot_framework
rouge:35e861a783a3,gold,,eadd44aacc65f53774324e9033851d722094b95f,,swh:1:cnt:eadd44aacc65f53774324e9033851d722094b95f;origin=https://github.com/rouge-ruby/rouge;path=/lib/rouge/demos/rocq,Rocq Prover,Rocq (Rouge lexer `rocq`),Rocq Prover;coq;rocq;Rocq,Rouge's maintainers (the demo's name: a lexer tag),rouge@16e6ecd,,,,demo;in-linguist,programming,lib/rouge/demos/rocq
rouge:ae72ac08b2c0,gold,,be609a17c1a05d9ef7cc444ea45416b7d3410130,,swh:1:cnt:be609a17c1a05d9ef7cc444ea45416b7d3410130;origin=https://github.com/rouge-ruby/rouge;path=/lib/rouge/demos/ruby,Ruby,Ruby (Rouge lexer `ruby`),Ruby;jruby;macruby;rake;rb;rbx;ruby,Rouge's maintainers (the demo's name: a lexer tag),rouge@16e6ecd,,,,demo;in-linguist,programming,lib/rouge/demos/ruby
rouge:4fc6df94221a,gold,,b73b162b6669ae6a8783e05c121a5350daadb12d,,swh:1:cnt:b73b162b6669ae6a8783e05c121a5350daadb12d;origin=https://github.com/rouge-ruby/rouge;path=/lib/rouge/demos/rust,Rust,Rust (Rouge lexer `rust`),Rust;rs;rust,Rouge's maintainers (the demo's name: a lexer tag),rouge@16e6ecd,,,,demo;in-linguist,programming,lib/rouge/demos/rust
rouge:c53a3e0ae37f,gold,,1eee876ed8425db3f0a5dc2c56db599ae33c15c4,,swh:1:cnt:1eee876ed8425db3f0a5dc2c56db599ae33c15c4;origin=https://github.com/rouge-ruby/rouge;path=/lib/rouge/demos/sas,SAS,SAS (Rouge lexer `sas`),SAS;sas,Rouge's maintainers (the demo's name: a lexer tag),rouge@16e6ecd,,,,demo;in-linguist,programming,lib/rouge/demos/sas
rouge:24b49319b1dd,gold,,1e768de3d39a38119971f857efd820b115d7e6cc,,swh:1:cnt:1e768de3d39a38119971f857efd820b115d7e6cc;origin=https://github.com/rouge-ruby/rouge;path=/lib/rouge/demos/sass,Sass,Sass (Rouge lexer `sass`),Sass;sass,Rouge's maintainers (the demo's name: a lexer tag),rouge@16e6ecd,,,,demo;in-linguist;tiny,markup,lib/rouge/demos/sass
rouge:789b41c40744,gold,,75f19ee7a48167e8ab306861e72f8558858e1f09,,swh:1:cnt:75f19ee7a48167e8ab306861e72f8558858e1f09;origin=https://github.com/rouge-ruby/rouge;path=/lib/rouge/demos/scala,Scala,Scala (Rouge lexer `scala`),Scala;scala,Rouge's maintainers (the demo's name: a lexer tag),rouge@16e6ecd,,,,demo;in-linguist;tiny,programming,lib/rouge/demos/scala
rouge:3d3bb0ddb98e,gold,,c9c4dbd40ccb325f5b3b70ef3298fc04a9f64214,,swh:1:cnt:c9c4dbd40ccb325f5b3b70ef3298fc04a9f64214;origin=https://github.com/rouge-ruby/rouge;path=/lib/rouge/demos/scheme,Scheme,Scheme (Rouge lexer `scheme`),Scheme;scheme,Rouge's maintainers (the demo's name: a lexer tag),rouge@16e6ecd,,,,demo;in-linguist;tiny,programming,lib/rouge/demos/scheme
rouge:a7c8643c6742,gold,,3f259a7677a641c5fcdc8277575bfdb6b29ba9d5,,swh:1:cnt:3f259a7677a641c5fcdc8277575bfdb6b29ba9d5;origin=https://github.com/rouge-ruby/rouge;path=/lib/rouge/demos/scss,SCSS,SCSS (Rouge lexer `scss`),SCSS;scss,Rouge's maintainers (the demo's name: a lexer tag),rouge@16e6ecd,,,,demo;in-linguist,markup,lib/rouge/demos/scss
rouge:5586fbc8953a,gold,,4683cd32fcdc5ac821b79c38dcea553d87f96db7,,swh:1:cnt:4683cd32fcdc5ac821b79c38dcea553d87f96db7;origin=https://github.com/rouge-ruby/rouge;path=/lib/rouge/demos/sed,sed,sed (Rouge lexer `sed`),sed,Rouge's maintainers (the demo's name: a lexer tag),rouge@16e6ecd,,,,demo;in-linguist;tiny,programming,lib/rouge/demos/sed
rouge:1059c5b1b523,gold,,f01fe48ec239add0728bb7c4a169ca0566a5b9eb,,swh:1:cnt:f01fe48ec239add0728bb7c4a169ca0566a5b9eb;origin=https://github.com/rouge-ruby/rouge;path=/lib/rouge/demos/shell,Shell,shell (Rouge lexer `shell`),Shell;sh;shell-script;bash;zsh;envrc;shell,Rouge's maintainers (the demo's name: a lexer tag),rouge@16e6ecd,,,,demo;in-linguist;tiny,programming,lib/rouge/demos/shell
rouge:f5e5ae93ea95,gold,,5f6889d4734492836be2173a97f02c617f218bab,,swh:1:cnt:5f6889d4734492836be2173a97f02c617f218bab;origin=https://github.com/rouge-ruby/rouge;path=/lib/rouge/demos/sieve,Sieve,Sieve (Rouge lexer `sieve`),Sieve;sieve,Rouge's maintainers (the demo's name: a lexer tag),rouge@16e6ecd,,,,demo;in-linguist,programming,lib/rouge/demos/sieve
rouge:e83721a3fc90,gold,,7c382201d1635e17e890bc5eeb4680294221913e,,swh:1:cnt:7c382201d1635e17e890bc5eeb4680294221913e;origin=https://github.com/rouge-ruby/rouge;path=/lib/rouge/demos/slice,Slice,Slice (Rouge lexer `slice`),Slice;slice,Rouge's maintainers (the demo's name: a lexer tag),rouge@16e6ecd,,,,demo;in-linguist,programming,lib/rouge/demos/slice
rouge:2ff51d0879e0,gold,,215a4e28750e9eec4a7db2ac3dc5b45b60282354,,swh:1:cnt:215a4e28750e9eec4a7db2ac3dc5b45b60282354;origin=https://github.com/rouge-ruby/rouge;path=/lib/rouge/demos/slim,Slim,Slim (Rouge lexer `slim`),Slim;slim,Rouge's maintainers (the demo's name: a lexer tag),rouge@16e6ecd,,,,demo;in-linguist,markup,lib/rouge/demos/slim
rouge:4411da7e3646,gold,,af97161ee453c06d6eae366247fe0b7e4c6c4515,,swh:1:cnt:af97161ee453c06d6eae366247fe0b7e4c6c4515;origin=https://github.com/rouge-ruby/rouge;path=/lib/rouge/demos/smalltalk,Smalltalk,Smalltalk (Rouge lexer `smalltalk`),Smalltalk;squeak;smalltalk,Rouge's maintainers (the demo's name: a lexer tag),rouge@16e6ecd,,,,demo;in-linguist,programming,lib/rouge/demos/smalltalk
rouge:2e80f46c429c,gold,,cf3648562e056673d025f0aafeb0464f215dd573,,swh:1:cnt:cf3648562e056673d025f0aafeb0464f215dd573;origin=https://github.com/rouge-ruby/rouge;path=/lib/rouge/demos/smarty,Smarty,Smarty (Rouge lexer `smarty`),Smarty;smarty,Rouge's maintainers (the demo's name: a lexer tag),rouge@16e6ecd,,,,demo;in-linguist,programming,lib/rouge/demos/smarty
rouge:c7c0476c83a3,gold,,02a57d343026d0873d78870e70a17c4f069310ff,,swh:1:cnt:02a57d343026d0873d78870e70a17c4f069310ff;origin=https://github.com/rouge-ruby/rouge;path=/lib/rouge/demos/sml,Standard ML,SML (Rouge lexer `sml`),Standard ML;sml;SML,Rouge's maintainers (the demo's name: a lexer tag),rouge@16e6ecd,,,,demo;in-linguist;tiny,programming,lib/rouge/demos/sml
rouge:343fbc639904,gold,,6884bd0182f153aca1d01f4c77cb425e6bd1acb0,,swh:1:cnt:6884bd0182f153aca1d01f4c77cb425e6bd1acb0;origin=https://github.com/rouge-ruby/rouge;path=/lib/rouge/demos/sparql,SPARQL,SPARQL (Rouge lexer `sparql`),SPARQL;sparql,Rouge's maintainers (the demo's name: a lexer tag),rouge@16e6ecd,,,,demo;in-linguist,data,lib/rouge/demos/sparql
rouge:46df2e050559,gold,,9f54383c705bb5cedc973dd550a173c8c00f2206,,swh:1:cnt:9f54383c705bb5cedc973dd550a173c8c00f2206;origin=https://github.com/rouge-ruby/rouge;path=/lib/rouge/demos/sqf,SQF,SQF (Rouge lexer `sqf`),SQF;sqf,Rouge's maintainers (the demo's name: a lexer tag),rouge@16e6ecd,,,,demo;in-linguist,programming,lib/rouge/demos/sqf
rouge:a56fdb57d993,gold,,45a7a17fc26f9994ff0190f200b7eb9a97fbf8ee,,swh:1:cnt:45a7a17fc26f9994ff0190f200b7eb9a97fbf8ee;origin=https://github.com/rouge-ruby/rouge;path=/lib/rouge/demos/sql,SQL,SQL (Rouge lexer `sql`),SQL;sql,Rouge's maintainers (the demo's name: a lexer tag),rouge@16e6ecd,,,,demo;in-linguist;tiny,data,lib/rouge/demos/sql
rouge:19a9fdc73a2a,gold,,47f9cdb2a958b5c03b7943eccc2a4b54a75e23c0,,swh:1:cnt:47f9cdb2a958b5c03b7943eccc2a4b54a75e23c0;origin=https://github.com/rouge-ruby/rouge;path=/lib/rouge/demos/ssh,SSH Config,SSH Config File (Rouge lexer `ssh`),SSH Config;sshconfig;sshdconfig;ssh_config;sshd_config;SSH Config File;ssh,Rouge's maintainers (the demo's name: a lexer tag),rouge@16e6ecd,,,,demo;in-linguist;tiny,data,lib/rouge/demos/ssh
rouge:db803c3cf423,gold,,0eac821cbbe44e7d20e43e93da91df1fb031cb81,,swh:1:cnt:0eac821cbbe44e7d20e43e93da91df1fb031cb81;origin=https://github.com/rouge-ruby/rouge;path=/lib/rouge/demos/stan,Stan,Stan (Rouge lexer `stan`),Stan;stan,Rouge's maintainers (the demo's name: a lexer tag),rouge@16e6ecd,,,,demo;in-linguist,programming,lib/rouge/demos/stan
rouge:7af6b0b98e21,gold,,3d2430dca1ed034fee59a41d7cd7564fdab47265,,swh:1:cnt:3d2430dca1ed034fee59a41d7cd7564fdab47265;origin=https://github.com/rouge-ruby/rouge;path=/lib/rouge/demos/stata,Stata,Stata (Rouge lexer `stata`),Stata;stata,Rouge's maintainers (the demo's name: a lexer tag),rouge@16e6ecd,,,,demo;in-linguist,programming,lib/rouge/demos/stata
rouge:6f6ae36404cd,gold,,23a8e4b70b7aa69a5e4963b828692adddaa72544,,swh:1:cnt:23a8e4b70b7aa69a5e4963b828692adddaa72544;origin=https://github.com/rouge-ruby/rouge;path=/lib/rouge/demos/supercollider,SuperCollider,SuperCollider (Rouge lexer `supercollider`),SuperCollider;supercollider,Rouge's maintainers (the demo's name: a lexer tag),rouge@16e6ecd,,,,demo;in-linguist,programming,lib/rouge/demos/supercollider
rouge:c816aa965771,gold,,8b3bb5c557ebe65e1788e6060402cf5be4f90326,,swh:1:cnt:8b3bb5c557ebe65e1788e6060402cf5be4f90326;origin=https://github.com/rouge-ruby/rouge;path=/lib/rouge/demos/svelte,Svelte,Svelte (Rouge lexer `svelte`),Svelte;svelte,Rouge's maintainers (the demo's name: a lexer tag),rouge@16e6ecd,,,,demo;in-linguist,markup,lib/rouge/demos/svelte
rouge:dfc7875587da,gold,,0c54ed2db002588ef0d701230967763edda387da,,swh:1:cnt:0c54ed2db002588ef0d701230967763edda387da;origin=https://github.com/rouge-ruby/rouge;path=/lib/rouge/demos/swift,Swift,Swift (Rouge lexer `swift`),Swift;swift,Rouge's maintainers (the demo's name: a lexer tag),rouge@16e6ecd,,,,demo;in-linguist,programming,lib/rouge/demos/swift
rouge:975540781273,gold,,e68c72e71aa047cfd1806eac8c49306d787bc427,,swh:1:cnt:e68c72e71aa047cfd1806eac8c49306d787bc427;origin=https://github.com/rouge-ruby/rouge;path=/lib/rouge/demos/systemd,Systemd,Systemd (Rouge lexer `systemd`),Systemd;systemd,Rouge's maintainers (the demo's name: a lexer tag),rouge@16e6ecd,,,,demo;not-in-linguist;tiny,,lib/rouge/demos/systemd
rouge:5b649bca7adc,gold,,bebdb1e68070bee8a3e94c262b932446a7adcead,,swh:1:cnt:bebdb1e68070bee8a3e94c262b932446a7adcead;origin=https://github.com/rouge-ruby/rouge;path=/lib/rouge/demos/syzlang,Syzlang,Syzlang (Rouge lexer `syzlang`),Syzlang;syzlang,Rouge's maintainers (the demo's name: a lexer tag),rouge@16e6ecd,,,,demo;not-in-linguist,,lib/rouge/demos/syzlang
rouge:f89a025b2bb4,gold,,9bbe87c733b44fa368724834263e6cf28ef8b01d,,swh:1:cnt:9bbe87c733b44fa368724834263e6cf28ef8b01d;origin=https://github.com/rouge-ruby/rouge;path=/lib/rouge/demos/tcl,Tcl,Tcl (Rouge lexer `tcl`),Tcl;sdc;xdc;tcl,Rouge's maintainers (the demo's name: a lexer tag),rouge@16e6ecd,,,,demo;in-linguist;tiny,programming,lib/rouge/demos/tcl
rouge:e518f9d79cde,gold,,006e4f87af5349356bd6ed0cb5ebda04e4332b9f,,swh:1:cnt:006e4f87af5349356bd6ed0cb5ebda04e4332b9f;origin=https://github.com/rouge-ruby/rouge;path=/lib/rouge/demos/terraform,HCL,Terraform (Rouge lexer `terraform`),HCL;HashiCorp Configuration Language;opentofu;terraform;Terraform,Rouge's maintainers (the demo's name: a lexer tag),rouge@16e6ecd,,,,demo;in-linguist,programming,lib/rouge/demos/terraform
rouge:a68eabb79ecc,gold,,430510fdb5a07b0f824e341f82932c45c2041dd3,,swh:1:cnt:430510fdb5a07b0f824e341f82932c45c2041dd3;origin=https://github.com/rouge-ruby/rouge;path=/lib/rouge/demos/tex,TeX,TeX (Rouge lexer `tex`),TeX;latex;tex,Rouge's maintainers (the demo's name: a lexer tag),rouge@16e6ecd,,,,demo;in-linguist;tiny,markup,lib/rouge/demos/tex
rouge:90122f32749e,gold,,055c2f95b3c495a9adba651df06efdd662ea6b06,,swh:1:cnt:055c2f95b3c495a9adba651df06efdd662ea6b06;origin=https://github.com/rouge-ruby/rouge;path=/lib/rouge/demos/thrift,Thrift,Thrift (Rouge lexer `thrift`),Thrift;thrift,Rouge's maintainers (the demo's name: a lexer tag),rouge@16e6ecd,,,,demo;in-linguist,programming,lib/rouge/demos/thrift
rouge:5fb0c3665fb8,gold,,40c11c152a9a799ffd7afcc748a917cb373afc8b,,swh:1:cnt:40c11c152a9a799ffd7afcc748a917cb373afc8b;origin=https://github.com/rouge-ruby/rouge;path=/lib/rouge/demos/toml,TOML,TOML (Rouge lexer `toml`),TOML;toml,Rouge's maintainers (the demo's name: a lexer tag),rouge@16e6ecd,,,,demo;in-linguist,data,lib/rouge/demos/toml
rouge:6c2ec62a0cfd,gold,,422d2a732513bdad06090b948462c521a03d293d,,swh:1:cnt:422d2a732513bdad06090b948462c521a03d293d;origin=https://github.com/rouge-ruby/rouge;path=/lib/rouge/demos/tsx,TSX,TSX (Rouge lexer `tsx`),TSX;typescriptreact;tsx,Rouge's maintainers (the demo's name: a lexer tag),rouge@16e6ecd,,,,demo;in-linguist,programming,lib/rouge/demos/tsx
rouge:3900e6ddf6d9,gold,,969107de42a3edb94704746305c814b5d2884d82,,swh:1:cnt:969107de42a3edb94704746305c814b5d2884d82;origin=https://github.com/rouge-ruby/rouge;path=/lib/rouge/demos/ttcn3,TTCN3,TTCN3 (Rouge lexer `ttcn3`),TTCN3;ttcn3,Rouge's maintainers (the demo's name: a lexer tag),rouge@16e6ecd,,,,demo;not-in-linguist,,lib/rouge/demos/ttcn3
rouge:fa591a2c4ebe,gold,,8c18ccf48f1c3a3bc10a769ee6eb2621f7839eeb,,swh:1:cnt:8c18ccf48f1c3a3bc10a769ee6eb2621f7839eeb;origin=https://github.com/rouge-ruby/rouge;path=/lib/rouge/demos/tulip,Tulip,Tulip (Rouge lexer `tulip`),Tulip;tulip,Rouge's maintainers (the demo's name: a lexer tag),rouge@16e6ecd,,,,demo;not-in-linguist,,lib/rouge/demos/tulip
rouge:498e1f439fdb,gold,,8c86d0c87f17834e85f6d3193d8459e3335f125a,,swh:1:cnt:8c86d0c87f17834e85f6d3193d8459e3335f125a;origin=https://github.com/rouge-ruby/rouge;path=/lib/rouge/demos/turtle,Turtle,Turtle/TriG (Rouge lexer `turtle`),Turtle;Turtle/TriG;turtle,Rouge's maintainers (the demo's name: a lexer tag),rouge@16e6ecd,,,,demo;in-linguist,data,lib/rouge/demos/turtle
rouge:64377bbdb275,gold,,2e5e5773345858b24b30b17b10ef83a921a2d4c2,,swh:1:cnt:2e5e5773345858b24b30b17b10ef83a921a2d4c2;origin=https://github.com/rouge-ruby/rouge;path=/lib/rouge/demos/twig,Twig,Twig (Rouge lexer `twig`),Twig;twig,Rouge's maintainers (the demo's name: a lexer tag),rouge@16e6ecd,,,,demo;in-linguist,markup,lib/rouge/demos/twig
rouge:df41324e09f5,gold,,134a70e877145f675f3f33c2fe5382d1713f36c8,,swh:1:cnt:134a70e877145f675f3f33c2fe5382d1713f36c8;origin=https://github.com/rouge-ruby/rouge;path=/lib/rouge/demos/typescript,TypeScript,TypeScript (Rouge lexer `typescript`),TypeScript;ts;typescript,Rouge's maintainers (the demo's name: a lexer tag),rouge@16e6ecd,,,,demo;in-linguist;tiny,programming,lib/rouge/demos/typescript
rouge:e34d91b4a06f,gold,,2989be0592a2adf2b12a42b938a949f057642abd,,swh:1:cnt:2989be0592a2adf2b12a42b938a949f057642abd;origin=https://github.com/rouge-ruby/rouge;path=/lib/rouge/demos/vala,Vala,Vala (Rouge lexer `vala`),Vala;vala,Rouge's maintainers (the demo's name: a lexer tag),rouge@16e6ecd,,,,demo;in-linguist,programming,lib/rouge/demos/vala
rouge:9b2f3d9ad749,gold,,f7e323daaf2da85726ecffb7ec62cd5fe286a5ef,,swh:1:cnt:f7e323daaf2da85726ecffb7ec62cd5fe286a5ef;origin=https://github.com/rouge-ruby/rouge;path=/lib/rouge/demos/vb,Visual Basic .NET,Visual Basic (Rouge lexer `vb`),Visual Basic .NET;visual basic;vbnet;vb .net;vb.net;Visual Basic;vb,Rouge's maintainers (the demo's name: a lexer tag),rouge@16e6ecd,,,,demo;in-linguist;tiny,programming,lib/rouge/demos/vb
rouge:bc50d03092a3,gold,,75c8eea398d317cbacdc83a6fdb6e91b27e0d0fc,,swh:1:cnt:75c8eea398d317cbacdc83a6fdb6e91b27e0d0fc;origin=https://github.com/rouge-ruby/rouge;path=/lib/rouge/demos/vcl,VCL,VCL: Varnish Configuration Language (Rouge lexer `vcl`),VCL;VCL: Varnish Configuration Language;vcl,Rouge's maintainers (the demo's name: a lexer tag),rouge@16e6ecd,,,,demo;in-linguist,programming,lib/rouge/demos/vcl
rouge:490d5c1b64a9,gold,,845776b402c65475ce75557b20eb4da07ad77c4d,,swh:1:cnt:845776b402c65475ce75557b20eb4da07ad77c4d;origin=https://github.com/rouge-ruby/rouge;path=/lib/rouge/demos/velocity,Velocity Template Language,Velocity (Rouge lexer `velocity`),Velocity Template Language;vtl;velocity;Velocity,Rouge's maintainers (the demo's name: a lexer tag),rouge@16e6ecd,,,,demo;in-linguist,markup,lib/rouge/demos/velocity
rouge:2448eadd46ce,gold,,7f752c604346866553809f88806b58c460e6ecfb,,swh:1:cnt:7f752c604346866553809f88806b58c460e6ecfb;origin=https://github.com/rouge-ruby/rouge;path=/lib/rouge/demos/verilog,Verilog,Verilog and System Verilog (Rouge lexer `verilog`),Verilog;SystemVerilog;Verilog and System Verilog;verilog,Rouge's maintainers (the demo's name: a lexer tag),rouge@16e6ecd,,,,demo;in-linguist,programming,lib/rouge/demos/verilog
rouge:4a5092895d96,gold,,8b320f0a8b00d5e7eefc716b239b8ac4190931ff,,swh:1:cnt:8b320f0a8b00d5e7eefc716b239b8ac4190931ff;origin=https://github.com/rouge-ruby/rouge;path=/lib/rouge/demos/veryl,Veryl,Veryl (Rouge lexer `veryl`),Veryl;veryl,Rouge's maintainers (the demo's name: a lexer tag),rouge@16e6ecd,,,,demo;not-in-linguist,,lib/rouge/demos/veryl
rouge:bba83c4cdd76,gold,,9355b50cae92f69de1c1dc86ad1ca81cb5c33d42,,swh:1:cnt:9355b50cae92f69de1c1dc86ad1ca81cb5c33d42;origin=https://github.com/rouge-ruby/rouge;path=/lib/rouge/demos/vhdl,VHDL,VHDL 2008 (Rouge lexer `vhdl`),VHDL;VHDL 2008;vhdl,Rouge's maintainers (the demo's name: a lexer tag),rouge@16e6ecd,,,,demo;in-linguist,programming,lib/rouge/demos/vhdl
rouge:e547fa6a47fc,gold,,93a364b98287066620a2e97fd2d6952c1966c72f,,swh:1:cnt:93a364b98287066620a2e97fd2d6952c1966c72f;origin=https://github.com/rouge-ruby/rouge;path=/lib/rouge/demos/viml,Vim script,VimL (Rouge lexer `viml`),Vim script;vim;viml;nvim;vimscript;VimL,Rouge's maintainers (the demo's name: a lexer tag),rouge@16e6ecd,,,,demo;in-linguist,programming,lib/rouge/demos/viml
rouge:ac8c630ccb71,gold,,8b54b28dde2b7a2d649883ad6879bb3fef951df7,,swh:1:cnt:8b54b28dde2b7a2d649883ad6879bb3fef951df7;origin=https://github.com/rouge-ruby/rouge;path=/lib/rouge/demos/vue,Vue,Vue (Rouge lexer `vue`),Vue;vue,Rouge's maintainers (the demo's name: a lexer tag),rouge@16e6ecd,,,,demo;in-linguist,markup,lib/rouge/demos/vue
rouge:6bae767669fb,gold,,ae467f43b91e0a383def532974fb3cc4382bece8,,swh:1:cnt:ae467f43b91e0a383def532974fb3cc4382bece8;origin=https://github.com/rouge-ruby/rouge;path=/lib/rouge/demos/wollok,Wollok,Wollok (Rouge lexer `wollok`),Wollok;wollok,Rouge's maintainers (the demo's name: a lexer tag),rouge@16e6ecd,,,,demo;in-linguist,programming,lib/rouge/demos/wollok
rouge:6c2d43b24e61,gold,,149844b171cddaeee0e694ec96aa8271f786d173,,swh:1:cnt:149844b171cddaeee0e694ec96aa8271f786d173;origin=https://github.com/rouge-ruby/rouge;path=/lib/rouge/demos/xml,XML,XML (Rouge lexer `xml`),XML;rss;xsd;wsdl;xml,Rouge's maintainers (the demo's name: a lexer tag),rouge@16e6ecd,,,,demo;in-linguist;tiny,data,lib/rouge/demos/xml
rouge:e2995690d77e,gold,,698a92164572fa1cb8e5dc912a13c14e4dae9caa,,swh:1:cnt:698a92164572fa1cb8e5dc912a13c14e4dae9caa;origin=https://github.com/rouge-ruby/rouge;path=/lib/rouge/demos/xojo,Xojo,Xojo (Rouge lexer `xojo`),Xojo;xojo,Rouge's maintainers (the demo's name: a lexer tag),rouge@16e6ecd,,,,demo;in-linguist,programming,lib/rouge/demos/xojo
rouge:9ccf7e6bccaa,gold,,ddc4b6afa59bf2088c6f451c78e843c947ce0959,,swh:1:cnt:ddc4b6afa59bf2088c6f451c78e843c947ce0959;origin=https://github.com/rouge-ruby/rouge;path=/lib/rouge/demos/xpath,XPath,XPath (Rouge lexer `xpath`),XPath;xpath,Rouge's maintainers (the demo's name: a lexer tag),rouge@16e6ecd,,,,demo;not-in-linguist;tiny,,lib/rouge/demos/xpath
rouge:714b21d71b1d,gold,,4f7b3255071fada1e328c68ffd1f7f0c183979a9,,swh:1:cnt:4f7b3255071fada1e328c68ffd1f7f0c183979a9;origin=https://github.com/rouge-ruby/rouge;path=/lib/rouge/demos/xquery,XQuery,XQuery (Rouge lexer `xquery`),XQuery;xquery,Rouge's maintainers (the demo's name: a lexer tag),rouge@16e6ecd,,,,demo;in-linguist,programming,lib/rouge/demos/xquery
rouge:a80ddaa67adf,gold,,2f622dea3eec4e17e5dd649ce4cec183e1775a12,,swh:1:cnt:2f622dea3eec4e17e5dd649ce4cec183e1775a12;origin=https://github.com/rouge-ruby/rouge;path=/lib/rouge/demos/yaml,YAML,YAML (Rouge lexer `yaml`),YAML;yml;yaml,Rouge's maintainers (the demo's name: a lexer tag),rouge@16e6ecd,,,,demo;in-linguist;tiny,data,lib/rouge/demos/yaml
rouge:41b5d39bd83c,gold,,c68ff7bf4503d9f35058850754c5c71672ba118b,,swh:1:cnt:c68ff7bf4503d9f35058850754c5c71672ba118b;origin=https://github.com/rouge-ruby/rouge;path=/lib/rouge/demos/yang,YANG,YANG (Rouge lexer `yang`),YANG;yang,Rouge's maintainers (the demo's name: a lexer tag),rouge@16e6ecd,,,,demo;in-linguist,data,lib/rouge/demos/yang
rouge:dcf70f16bd87,gold,,8374aa402354ed19117fc64b39e9f7aba1f71442,,swh:1:cnt:8374aa402354ed19117fc64b39e9f7aba1f71442;origin=https://github.com/rouge-ruby/rouge;path=/lib/rouge/demos/zig,Zig,Zig (Rouge lexer `zig`),Zig;zig,Rouge's maintainers (the demo's name: a lexer tag),rouge@16e6ecd,,,,demo;in-linguist,programming,lib/rouge/demos/zig
