# bench-pygments/1 — 637 example files of Pygments (156d85f), labelled by the lexer of their directory; generated by build_cases.py; see README.md
case_id,tier,ext,sha1_git,filename,qualified_swhid,expected,expected_detail,accept,reference,provenance,frame,stratum,weight,tags,type,path
pyg:7ea7ab24789e,gold,.abnf,5cd9cd2573bf126f2ee06ddf972857f0ea2f003d,example.abnf,swh:1:cnt:5cd9cd2573bf126f2ee06ddf972857f0ea2f003d;origin=https://github.com/pygments/pygments;path=/tests/examplefiles/abnf/abnf_example1.abnf,ABNF,ABNF (Pygments lexer `abnf`),ABNF,Pygments' maintainers (the example's directory: a lexer alias),pygments@156d85f,,,,in-linguist;renamed,data,tests/examplefiles/abnf/abnf_example1.abnf
pyg:ffe3ecc8c55f,gold,.abnf,8781adfb9e00b984b19237b245e9dc478d4e930f,example.abnf,swh:1:cnt:8781adfb9e00b984b19237b245e9dc478d4e930f;origin=https://github.com/pygments/pygments;path=/tests/examplefiles/abnf/abnf_example2.abnf,ABNF,ABNF (Pygments lexer `abnf`),ABNF,Pygments' maintainers (the example's directory: a lexer alias),pygments@156d85f,,,,in-linguist;renamed,data,tests/examplefiles/abnf/abnf_example2.abnf
pyg:ef7afa29489f,gold,.adb,b79f3a5b6010948273f4a90cf37aa23d1e2a4e8c,test.adb,swh:1:cnt:b79f3a5b6010948273f4a90cf37aa23d1e2a4e8c;origin=https://github.com/pygments/pygments;path=/tests/examplefiles/ada/test.adb,Ada,Ada (Pygments lexer `ada`),Ada;ada95;ada2005,Pygments' maintainers (the example's directory: a lexer alias),pygments@156d85f,,,,in-linguist,programming,tests/examplefiles/ada/test.adb
pyg:8200499bc390,gold,.adb,033c219b98cf9fc2724208cacd13d025656741d1,example.adb,swh:1:cnt:033c219b98cf9fc2724208cacd13d025656741d1;origin=https://github.com/pygments/pygments;path=/tests/examplefiles/ada/test_ada2022.adb,Ada,Ada (Pygments lexer `ada`),Ada;ada95;ada2005,Pygments' maintainers (the example's directory: a lexer alias),pygments@156d85f,,,,in-linguist;renamed,programming,tests/examplefiles/ada/test_ada2022.adb
pyg:b76f81953e31,gold,.ads,c1a763698455486b5e2bf2f936e0c296cd160d08,example.ads,swh:1:cnt:c1a763698455486b5e2bf2f936e0c296cd160d08;origin=https://github.com/pygments/pygments;path=/tests/examplefiles/ada/test_ada_aspects.ads,Ada,Ada (Pygments lexer `ada`),Ada;ada95;ada2005,Pygments' maintainers (the example's directory: a lexer alias),pygments@156d85f,,,,in-linguist;renamed,programming,tests/examplefiles/ada/test_ada_aspects.ads
pyg:6bc3c4b9f4f5,gold,.adls,1cdb2daf4c17224620d70bbffe29c88cb6c761dd,test.adls,swh:1:cnt:1cdb2daf4c17224620d70bbffe29c88cb6c761dd;origin=https://github.com/pygments/pygments;path=/tests/examplefiles/adl/test.adls,ADL,ADL (Pygments lexer `adl`),ADL,Pygments' maintainers (the example's directory: a lexer alias),pygments@156d85f,,,,not-in-linguist,,tests/examplefiles/adl/test.adls
pyg:cb74194131d3,gold,.adls,df5aa74313582827f8459a0085b443fa13c6dedd,test_basic.adls,swh:1:cnt:df5aa74313582827f8459a0085b443fa13c6dedd;origin=https://github.com/pygments/pygments;path=/tests/examplefiles/adl/test_basic.adls,ADL,ADL (Pygments lexer `adl`),ADL,Pygments' maintainers (the example's directory: a lexer alias),pygments@156d85f,,,,not-in-linguist,,tests/examplefiles/adl/test_basic.adls
pyg:3a8d85aa2eeb,gold,.agda,c1ab3ffc6ab8d952283562561b4ee2efa1f977ef,test.agda,swh:1:cnt:c1ab3ffc6ab8d952283562561b4ee2efa1f977ef;origin=https://github.com/pygments/pygments;path=/tests/examplefiles/agda/test.agda,Agda,Agda (Pygments lexer `agda`),Agda,Pygments' maintainers (the example's directory: a lexer alias),pygments@156d85f,,,,in-linguist,programming,tests/examplefiles/agda/test.agda
pyg:d61ebfef3636,gold,.aheui,89654c00dbd3fb3e4572e9fa428fbbbd5684b0e4,durexmania.aheui,swh:1:cnt:89654c00dbd3fb3e4572e9fa428fbbbd5684b0e4;origin=https://github.com/pygments/pygments;path=/tests/examplefiles/aheui/durexmania.aheui,Aheui,Aheui (Pygments lexer `aheui`),Aheui,Pygments' maintainers (the example's directory: a lexer alias),pygments@156d85f,,,,not-in-linguist;tiny,,tests/examplefiles/aheui/durexmania.aheui
pyg:bfbb7667d3a7,gold,.aheui,afa2ca05f56c86f1831e54f8048058320a1b4d07,fibonacci.tokigun.aheui,swh:1:cnt:afa2ca05f56c86f1831e54f8048058320a1b4d07;origin=https://github.com/pygments/pygments;path=/tests/examplefiles/aheui/fibonacci.tokigun.aheui,Aheui,Aheui (Pygments lexer `aheui`),Aheui,Pygments' maintainers (the example's directory: a lexer alias),pygments@156d85f,,,,not-in-linguist;tiny,,tests/examplefiles/aheui/fibonacci.tokigun.aheui
pyg:9693a27c8297,gold,.aheui,e7ef3a62e028dce1f099dddafe72ce50242bce12,hello-world.puzzlet.aheui,swh:1:cnt:e7ef3a62e028dce1f099dddafe72ce50242bce12;origin=https://github.com/pygments/pygments;path=/tests/examplefiles/aheui/hello-world.puzzlet.aheui,Aheui,Aheui (Pygments lexer `aheui`),Aheui,Pygments' maintainers (the example's directory: a lexer alias),pygments@156d85f,,,,not-in-linguist,,tests/examplefiles/aheui/hello-world.puzzlet.aheui
pyg:4171e77e32c5,gold,.ahk,a75a8bf629a59dd38f0f4c718a27c59bbedb0195,demo.ahk,swh:1:cnt:a75a8bf629a59dd38f0f4c718a27c59bbedb0195;origin=https://github.com/pygments/pygments;path=/tests/examplefiles/ahk/demo.ahk,AutoHotkey,autohotkey (Pygments lexer `ahk`),AutoHotkey;ahk;autohotkey,Pygments' maintainers (the example's directory: a lexer alias),pygments@156d85f,,,,in-linguist,programming,tests/examplefiles/ahk/demo.ahk
pyg:9ada4b739dc3,gold,.als,c1a6d27e26a2bf88ca3f85ae613d345b33db92fa,example.als,swh:1:cnt:c1a6d27e26a2bf88ca3f85ae613d345b33db92fa;origin=https://github.com/pygments/pygments;path=/tests/examplefiles/alloy/example.als,Alloy,Alloy (Pygments lexer `alloy`),Alloy,Pygments' maintainers (the example's directory: a lexer alias),pygments@156d85f,,,,in-linguist,programming,tests/examplefiles/alloy/example.als
pyg:d0a311e09f03,gold,.isa,9d28e47ca0673ef277a726a7da199d276cce95e2,example.isa,swh:1:cnt:9d28e47ca0673ef277a726a7da199d276cce95e2;origin=https://github.com/pygments/pygments;path=/tests/examplefiles/amdgpu/amdgpu.isa,AMDGPU,AMDGPU (Pygments lexer `amdgpu`),AMDGPU,Pygments' maintainers (the example's directory: a lexer alias),pygments@156d85f,,,,not-in-linguist;renamed,,tests/examplefiles/amdgpu/amdgpu.isa
pyg:ffbd20bb22bf,gold,.g,fbe6d654afa9222fb524ad9252047368c0e51827,example.g,swh:1:cnt:fbe6d654afa9222fb524ad9252047368c0e51827;origin=https://github.com/pygments/pygments;path=/tests/examplefiles/antlr/antlr_ANTLRv3.g,ANTLR,ANTLR (Pygments lexer `antlr`),ANTLR,Pygments' maintainers (the example's directory: a lexer alias),pygments@156d85f,,,,in-linguist;ambiguous-ext;renamed,programming,tests/examplefiles/antlr/antlr_ANTLRv3.g
pyg:0c69ac5039e3,gold,,816d8914f586fd6903b94fde1a43ef85e5795026,example,swh:1:cnt:816d8914f586fd6903b94fde1a43ef85e5795026;origin=https://github.com/pygments/pygments;path=/tests/examplefiles/antlr/antlr_throws,ANTLR,ANTLR (Pygments lexer `antlr`),ANTLR,Pygments' maintainers (the example's directory: a lexer alias),pygments@156d85f,,,,in-linguist;tiny;renamed,programming,tests/examplefiles/antlr/antlr_throws
pyg:46ec34c16f6d,gold,.conf,5db66b109e62e14f25d68dc001f17ae8ab1df025,apache2.conf,swh:1:cnt:5db66b109e62e14f25d68dc001f17ae8ab1df025;origin=https://github.com/pygments/pygments;path=/tests/examplefiles/apacheconf/apache2.conf,ApacheConf,ApacheConf (Pygments lexer `apacheconf`),ApacheConf;aconf;apache,Pygments' maintainers (the example's directory: a lexer alias),pygments@156d85f,,,,in-linguist,data,tests/examplefiles/apacheconf/apache2.conf
pyg:342e8ab84b4e,gold,.ans,232dbd7a6dc20589ac92b7628042511dc9bd6e14,example.ans,swh:1:cnt:232dbd7a6dc20589ac92b7628042511dc9bd6e14;origin=https://github.com/pygments/pygments;path=/tests/examplefiles/apdl/example1apdl.ans,ANSYS parametric design language,ANSYS parametric design language (Pygments lexer `apdl`),ANSYS parametric design language,Pygments' maintainers (the example's directory: a lexer alias),pygments@156d85f,,,,not-in-linguist;renamed,,tests/examplefiles/apdl/example1apdl.ans
pyg:bb9a42be0e03,gold,.ans,a49039fea9ae794a0913621600e82324ecc1bcb5,example.ans,swh:1:cnt:a49039fea9ae794a0913621600e82324ecc1bcb5;origin=https://github.com/pygments/pygments;path=/tests/examplefiles/apdl/example2apdl.ans,ANSYS parametric design language,ANSYS parametric design language (Pygments lexer `apdl`),ANSYS parametric design language,Pygments' maintainers (the example's directory: a lexer alias),pygments@156d85f,,,,not-in-linguist;renamed,,tests/examplefiles/apdl/example2apdl.ans
pyg:d5536c0e6887,gold,.apl,26ecf971e86a815dd0f498389a87e8bc50cd98a7,test.apl,swh:1:cnt:26ecf971e86a815dd0f498389a87e8bc50cd98a7;origin=https://github.com/pygments/pygments;path=/tests/examplefiles/apl/test.apl,APL,APL (Pygments lexer `apl`),APL,Pygments' maintainers (the example's directory: a lexer alias),pygments@156d85f,,,,in-linguist,programming,tests/examplefiles/apl/test.apl
pyg:3b525b193ecc,gold,.applescript,4cb380e54a37799c51574fba0a1fe89a49b414a6,pppoe.applescript,swh:1:cnt:4cb380e54a37799c51574fba0a1fe89a49b414a6;origin=https://github.com/pygments/pygments;path=/tests/examplefiles/applescript/pppoe.applescript,AppleScript,AppleScript (Pygments lexer `applescript`),AppleScript;apples;osascript,Pygments' maintainers (the example's directory: a lexer alias),pygments@156d85f,,,,in-linguist,programming,tests/examplefiles/applescript/pppoe.applescript
pyg:0b24166871a8,gold,.applescript,8cc6c6fb9af88bd6445ceb4396b5756098ac88f4,unicode.applescript,swh:1:cnt:8cc6c6fb9af88bd6445ceb4396b5756098ac88f4;origin=https://github.com/pygments/pygments;path=/tests/examplefiles/applescript/unicode.applescript,AppleScript,AppleScript (Pygments lexer `applescript`),AppleScript;apples;osascript,Pygments' maintainers (the example's directory: a lexer alias),pygments@156d85f,,,,in-linguist;tiny,programming,tests/examplefiles/applescript/unicode.applescript
pyg:9d0e647f3434,gold,.ino,993bd74365024331c183a779704b90ea66dea162,Blink.ino,swh:1:cnt:993bd74365024331c183a779704b90ea66dea162;origin=https://github.com/pygments/pygments;path=/tests/examplefiles/arduino/Blink.ino,Arduino,Arduino (Pygments lexer `arduino`),Arduino,Pygments' maintainers (the example's directory: a lexer alias),pygments@156d85f,,,,not-in-linguist,,tests/examplefiles/arduino/Blink.ino
pyg:2b4a9f17e434,gold,.arw,74ecce9b58add0a34809265dfd5ea41764b28a41,primesieve.arw,swh:1:cnt:74ecce9b58add0a34809265dfd5ea41764b28a41;origin=https://github.com/pygments/pygments;path=/tests/examplefiles/arrow/primesieve.arw,Arrow,Arrow (Pygments lexer `arrow`),Arrow,Pygments' maintainers (the example's directory: a lexer alias),pygments@156d85f,,,,not-in-linguist,,tests/examplefiles/arrow/primesieve.arw
pyg:4d704fa0d81d,gold,.art,1d2d2580005e553fae5cca3bbab8ed68f269fc83,example.art,swh:1:cnt:1d2d2580005e553fae5cca3bbab8ed68f269fc83;origin=https://github.com/pygments/pygments;path=/tests/examplefiles/arturo/arturo_test.art,Arturo,Arturo (Pygments lexer `arturo`),Arturo,Pygments' maintainers (the example's directory: a lexer alias),pygments@156d85f,,,,not-in-linguist;renamed,,tests/examplefiles/arturo/arturo_test.art
pyg:12971117c499,gold,.as,d6b08424a771c91b6662f492a1e4202fb0046a22,example.as,swh:1:cnt:d6b08424a771c91b6662f492a1e4202fb0046a22;origin=https://github.com/pygments/pygments;path=/tests/examplefiles/as3/as3_test.as,ActionScript,ActionScript 3 (Pygments lexer `as3`),ActionScript;actionscript 3;actionscript3;as3;ActionScript 3,Pygments' maintainers (the example's directory: a lexer alias),pygments@156d85f,,,,in-linguist;ambiguous-ext;renamed,programming,tests/examplefiles/as3/as3_test.as
pyg:233f350e88e1,gold,.as,630ea729ced4fedc42c118d2d0ac7c30c00271b5,example.as,swh:1:cnt:630ea729ced4fedc42c118d2d0ac7c30c00271b5;origin=https://github.com/pygments/pygments;path=/tests/examplefiles/as3/as3_test2.as,ActionScript,ActionScript 3 (Pygments lexer `as3`),ActionScript;actionscript 3;actionscript3;as3;ActionScript 3,Pygments' maintainers (the example's directory: a lexer alias),pygments@156d85f,,,,in-linguist;ambiguous-ext;renamed,programming,tests/examplefiles/as3/as3_test2.as
pyg:d4ba8fa8d040,gold,.as,b695486384e2a32d3e339c0702c675c1c2d71134,example.as,swh:1:cnt:b695486384e2a32d3e339c0702c675c1c2d71134;origin=https://github.com/pygments/pygments;path=/tests/examplefiles/as3/as3_test3.as,ActionScript,ActionScript 3 (Pygments lexer `as3`),ActionScript;actionscript 3;actionscript3;as3;ActionScript 3,Pygments' maintainers (the example's directory: a lexer alias),pygments@156d85f,,,,in-linguist;ambiguous-ext;tiny;renamed,programming,tests/examplefiles/as3/as3_test3.as
pyg:d03641423e82,gold,,b9245e829cad58f14dd96c6dd3cdfd6a17068181,id_ecdsa,swh:1:cnt:b9245e829cad58f14dd96c6dd3cdfd6a17068181;origin=https://github.com/pygments/pygments;path=/tests/examplefiles/asc/id_ecdsa,Public Key,ASCII armored (Pygments lexer `asc`),Public Key;ASCII armored,Pygments' maintainers (the example's directory: a lexer alias),pygments@156d85f,,,,in-linguist,data,tests/examplefiles/asc/id_ecdsa
pyg:8e7f118d12e8,gold,.asn1,5a8089f6098ee2e3ffe1d9de2685fc3fa481db5e,x509.asn1,swh:1:cnt:5a8089f6098ee2e3ffe1d9de2685fc3fa481db5e;origin=https://github.com/pygments/pygments;path=/tests/examplefiles/asn1/x509.asn1,ASN.1,ASN.1 (Pygments lexer `asn1`),ASN.1,Pygments' maintainers (the example's directory: a lexer alias),pygments@156d85f,,,,in-linguist,data,tests/examplefiles/asn1/x509.asn1
pyg:d252ee4232fa,gold,.aspx,01de00e453db747a5f4510b6a86ec0e6ab9b178c,example.aspx,swh:1:cnt:01de00e453db747a5f4510b6a86ec0e6ab9b178c;origin=https://github.com/pygments/pygments;path=/tests/examplefiles/aspx-cs/aspx-cs_example.aspx,ASP.NET,aspx-cs (Pygments lexer `aspx-cs`),ASP.NET;aspx;aspx-vb;aspx-cs,Pygments' maintainers (the example's directory: a lexer alias),pygments@156d85f,,,,in-linguist;renamed,programming,tests/examplefiles/aspx-cs/aspx-cs_example.aspx
pyg:2a474fea3488,gold,.aspx,52b7c00171424e5b7ce5ce2822856a78d288264b,example2.aspx,swh:1:cnt:52b7c00171424e5b7ce5ce2822856a78d288264b;origin=https://github.com/pygments/pygments;path=/tests/examplefiles/aspx-vb/example2.aspx,ASP.NET,aspx-vb (Pygments lexer `aspx-vb`),ASP.NET;aspx;aspx-vb,Pygments' maintainers (the example's directory: a lexer alias),pygments@156d85f,,,,in-linguist,programming,tests/examplefiles/aspx-vb/example2.aspx
pyg:c626bc4b2d5a,gold,.asy,cfcc3d0e98e4807235a4d7d9e3a2922ad6c0a8e2,test.asy,swh:1:cnt:cfcc3d0e98e4807235a4d7d9e3a2922ad6c0a8e2;origin=https://github.com/pygments/pygments;path=/tests/examplefiles/asy/test.asy,Asymptote,Asymptote (Pygments lexer `asy`),Asymptote,Pygments' maintainers (the example's directory: a lexer alias),pygments@156d85f,,,,in-linguist;ambiguous-ext,programming,tests/examplefiles/asy/test.asy
pyg:f79b04818f6f,gold,.at,23af2f2d5ad9f764c42058172e959b1cf5b8da37,hello.at,swh:1:cnt:23af2f2d5ad9f764c42058172e959b1cf5b8da37;origin=https://github.com/pygments/pygments;path=/tests/examplefiles/at/hello.at,AmbientTalk,AmbientTalk (Pygments lexer `at`),AmbientTalk,Pygments' maintainers (the example's directory: a lexer alias),pygments@156d85f,,,,not-in-linguist,,tests/examplefiles/at/hello.at
pyg:b266f04f4694,gold,.au3,18d4ff0f939f79ea5023572b6386ecb0dfb4b6b1,example.au3,swh:1:cnt:18d4ff0f939f79ea5023572b6386ecb0dfb4b6b1;origin=https://github.com/pygments/pygments;path=/tests/examplefiles/autoit/autoit_submit.au3,AutoIt,AutoIt (Pygments lexer `autoit`),AutoIt;au3;AutoIt3;AutoItScript,Pygments' maintainers (the example's directory: a lexer alias),pygments@156d85f,,,,in-linguist;renamed,programming,tests/examplefiles/autoit/autoit_submit.au3
pyg:0eabc6c00979,gold,.awk,9f0e3ec9068df67f6fc291192bc28909c8f67973,test.awk,swh:1:cnt:9f0e3ec9068df67f6fc291192bc28909c8f67973;origin=https://github.com/pygments/pygments;path=/tests/examplefiles/awk/test.awk,Awk,Awk (Pygments lexer `awk`),Awk,Pygments' maintainers (the example's directory: a lexer alias),pygments@156d85f,,,,in-linguist;linguist-sample;seen-in-training,programming,tests/examplefiles/awk/test.awk
pyg:3057c32f1637,gold,.bare,ba2725cee01ed5705d7d300e529707afc2ec1a13,example.bare,swh:1:cnt:ba2725cee01ed5705d7d300e529707afc2ec1a13;origin=https://github.com/pygments/pygments;path=/tests/examplefiles/bare/bare.bare,BARE,BARE (Pygments lexer `bare`),BARE,Pygments' maintainers (the example's directory: a lexer alias),pygments@156d85f,,,,not-in-linguist;renamed,,tests/examplefiles/bare/bare.bare
pyg:91d0666f120c,gold,.sh,716d8ab410f3c7846354810dbf8faca0431c40b5,doif.sh,swh:1:cnt:716d8ab410f3c7846354810dbf8faca0431c40b5;origin=https://github.com/pygments/pygments;path=/tests/examplefiles/bash/doif.sh,Shell,Bash (Pygments lexer `bash`),Shell;sh;shell-script;bash;zsh;envrc;Bash,Pygments' maintainers (the example's directory: a lexer alias),pygments@156d85f,,,,in-linguist,programming,tests/examplefiles/bash/doif.sh
pyg:3a4db9507698,gold,.sh,2112cdd10db8e43e27fb61adde42b359d27e97f8,example.sh,swh:1:cnt:2112cdd10db8e43e27fb61adde42b359d27e97f8;origin=https://github.com/pygments/pygments;path=/tests/examplefiles/bash/example.sh,Shell,Bash (Pygments lexer `bash`),Shell;sh;shell-script;bash;zsh;envrc;Bash,Pygments' maintainers (the example's directory: a lexer alias),pygments@156d85f,,,,in-linguist,programming,tests/examplefiles/bash/example.sh
pyg:8fb351f41725,gold,.sh,5b5f845f2cdc18b26aeee3d5cc3e9e9b34789647,ltmain.sh,swh:1:cnt:5b5f845f2cdc18b26aeee3d5cc3e9e9b34789647;origin=https://github.com/pygments/pygments;path=/tests/examplefiles/bash/ltmain.sh,Shell,Bash (Pygments lexer `bash`),Shell;sh;shell-script;bash;zsh;envrc;Bash,Pygments' maintainers (the example's directory: a lexer alias),pygments@156d85f,,,,in-linguist,programming,tests/examplefiles/bash/ltmain.sh
pyg:70ac4c0072dd,gold,.sh,33e7ff3348605f1b23c7d3314f1306ab32e8dffb,stripheredoc.sh,swh:1:cnt:33e7ff3348605f1b23c7d3314f1306ab32e8dffb;origin=https://github.com/pygments/pygments;path=/tests/examplefiles/bash/stripheredoc.sh,Shell,Bash (Pygments lexer `bash`),Shell;sh;shell-script;bash;zsh;envrc;Bash,Pygments' maintainers (the example's directory: a lexer alias),pygments@156d85f,,,,in-linguist;tiny,programming,tests/examplefiles/bash/stripheredoc.sh
pyg:d4cb3c6e88ae,gold,.bat,2b45d2bc365a9232f757f478b8b35af00e0b0915,example.bat,swh:1:cnt:2b45d2bc365a9232f757f478b8b35af00e0b0915;origin=https://github.com/pygments/pygments;path=/tests/examplefiles/bat/example.bat,Batchfile,Batchfile (Pygments lexer `bat`),Batchfile;bat;batch;dosbatch;winbatch,Pygments' maintainers (the example's directory: a lexer alias),pygments@156d85f,,,,in-linguist,programming,tests/examplefiles/bat/example.bat
pyg:a46ceac3d860,gold,.bbc,ebdb8537342515f922ceec7d4106a65f5d895f72,example.bbc,swh:1:cnt:ebdb8537342515f922ceec7d4106a65f5d895f72;origin=https://github.com/pygments/pygments;path=/tests/examplefiles/bbcbasic/example.bbc,BBC Basic,BBC Basic (Pygments lexer `bbcbasic`),BBC Basic,Pygments' maintainers (the example's directory: a lexer alias),pygments@156d85f,,,,not-in-linguist,,tests/examplefiles/bbcbasic/example.bbc
pyg:19f5b4947526,gold,.bc,6604cd316cccefed5183c488dad9fb26b647d653,example.bc,swh:1:cnt:6604cd316cccefed5183c488dad9fb26b647d653;origin=https://github.com/pygments/pygments;path=/tests/examplefiles/bc/example.bc,BC,BC (Pygments lexer `bc`),BC,Pygments' maintainers (the example's directory: a lexer alias),pygments@156d85f,,,,not-in-linguist,,tests/examplefiles/bc/example.bc
pyg:6f2192f5803b,gold,.feature,e819dd27c586a7c541ad007aab2c27ee3dbfb60c,example.feature,swh:1:cnt:e819dd27c586a7c541ad007aab2c27ee3dbfb60c;origin=https://github.com/pygments/pygments;path=/tests/examplefiles/bdd/example.feature,Bdd,Bdd (Pygments lexer `bdd`),Bdd,Pygments' maintainers (the example's directory: a lexer alias),pygments@156d85f,,,,not-in-linguist,,tests/examplefiles/bdd/example.feature
pyg:3c2dd6fef968,gold,.be,882257854d32948aa1eab38846f6fad746d1be12,example.be,swh:1:cnt:882257854d32948aa1eab38846f6fad746d1be12;origin=https://github.com/pygments/pygments;path=/tests/examplefiles/berry/berry.be,Berry,Berry (Pygments lexer `berry`),Berry;be,Pygments' maintainers (the example's directory: a lexer alias),pygments@156d85f,,,,in-linguist;renamed,programming,tests/examplefiles/berry/berry.be
pyg:db5d8567e9cc,gold,.bib,87e558d84b850dfaedabec6e448b7153c0a6fe8e,test.bib,swh:1:cnt:87e558d84b850dfaedabec6e448b7153c0a6fe8e;origin=https://github.com/pygments/pygments;path=/tests/examplefiles/bib/test.bib,BibTeX,BibTeX (Pygments lexer `bib`),BibTeX,Pygments' maintainers (the example's directory: a lexer alias),pygments@156d85f,,,,in-linguist,markup,tests/examplefiles/bib/test.bib
pyg:97d21ea4d70f,gold,.bbclass,3e8c4cdc9aad2d9e84a6f5042d12179d7e1d7ccf,example.bbclass,swh:1:cnt:3e8c4cdc9aad2d9e84a6f5042d12179d7e1d7ccf;origin=https://github.com/pygments/pygments;path=/tests/examplefiles/bitbake/example.bbclass,BitBake,BitBake (Pygments lexer `bitbake`),BitBake,Pygments' maintainers (the example's directory: a lexer alias),pygments@156d85f,,,,in-linguist,programming,tests/examplefiles/bitbake/example.bbclass
pyg:b6873b0d54d8,gold,.bb,026ef22acd6c0ce61dfcf3b828afbcdbe87b25a1,test.bb,swh:1:cnt:026ef22acd6c0ce61dfcf3b828afbcdbe87b25a1;origin=https://github.com/pygments/pygments;path=/tests/examplefiles/blitzbasic/test.bb,BlitzBasic,BlitzBasic (Pygments lexer `blitzbasic`),BlitzBasic;b3d;blitz3d;blitzplus;bplus,Pygments' maintainers (the example's directory: a lexer alias),pygments@156d85f,,,,in-linguist;ambiguous-ext,programming,tests/examplefiles/blitzbasic/test.bb
pyg:7f88aa4ac82b,gold,.bmx,17b9adaedeedeb304da4158315405d9f9e33acbc,test.bmx,swh:1:cnt:17b9adaedeedeb304da4158315405d9f9e33acbc;origin=https://github.com/pygments/pygments;path=/tests/examplefiles/blitzmax/test.bmx,BlitzMax,BlitzMax (Pygments lexer `blitzmax`),BlitzMax;bmax,Pygments' maintainers (the example's directory: a lexer alias),pygments@156d85f,,,,in-linguist,programming,tests/examplefiles/blitzmax/test.bmx
pyg:2fbe39d767cf,gold,.blp,79d3d8ceceba0a5b8dd63d01ff0f7ffc5e090240,test.blp,swh:1:cnt:79d3d8ceceba0a5b8dd63d01ff0f7ffc5e090240;origin=https://github.com/pygments/pygments;path=/tests/examplefiles/blueprint/test.blp,Blueprint,Blueprint (Pygments lexer `blueprint`),Blueprint;blp,Pygments' maintainers (the example's directory: a lexer alias),pygments@156d85f,,,,in-linguist,markup,tests/examplefiles/blueprint/test.blp
pyg:d8b5386722e2,gold,.bnf,fe041a6e87fda9eb7265e84673f775ba7bedb0ec,example.bnf,swh:1:cnt:fe041a6e87fda9eb7265e84673f775ba7bedb0ec;origin=https://github.com/pygments/pygments;path=/tests/examplefiles/bnf/bnf_example1.bnf,BNF,BNF (Pygments lexer `bnf`),BNF,Pygments' maintainers (the example's directory: a lexer alias),pygments@156d85f,,,,not-in-linguist;renamed,,tests/examplefiles/bnf/bnf_example1.bnf
pyg:358ff3322e09,gold,.boa,a18f1626df11d33d51c76621208980c90c814828,example.boa,swh:1:cnt:a18f1626df11d33d51c76621208980c90c814828;origin=https://github.com/pygments/pygments;path=/tests/examplefiles/boa/example.boa,Boa,Boa (Pygments lexer `boa`),Boa,Pygments' maintainers (the example's directory: a lexer alias),pygments@156d85f,,,,not-in-linguist,,tests/examplefiles/boa/example.boa
pyg:e240bf55c062,gold,.boo,d6107aa7e5a48d22949d5550334f3ed32c539a4c,test.boo,swh:1:cnt:d6107aa7e5a48d22949d5550334f3ed32c539a4c;origin=https://github.com/pygments/pygments;path=/tests/examplefiles/boo/test.boo,Boo,Boo (Pygments lexer `boo`),Boo,Pygments' maintainers (the example's directory: a lexer alias),pygments@156d85f,,,,in-linguist,programming,tests/examplefiles/boo/test.boo
pyg:e04c5d791c82,gold,.bpl,add25e1a6696e27d51c15673f672ecf831aca3d7,test.bpl,swh:1:cnt:add25e1a6696e27d51c15673f672ecf831aca3d7;origin=https://github.com/pygments/pygments;path=/tests/examplefiles/boogie/test.bpl,Boogie,Boogie (Pygments lexer `boogie`),Boogie,Pygments' maintainers (the example's directory: a lexer alias),pygments@156d85f,,,,in-linguist,programming,tests/examplefiles/boogie/test.bpl
pyg:73dc696817bf,gold,.bst,7adf4bb0a34136340a268c0ee49067fa4482baea,plain.bst,swh:1:cnt:7adf4bb0a34136340a268c0ee49067fa4482baea;origin=https://github.com/pygments/pygments;path=/tests/examplefiles/bst/plain.bst,BibTeX Style,BST (Pygments lexer `bst`),BibTeX Style;BST,Pygments' maintainers (the example's directory: a lexer alias),pygments@156d85f,,,,in-linguist;ambiguous-ext,programming,tests/examplefiles/bst/plain.bst
pyg:b93ba4124d91,gold,.bug,9ccd531dd080b2e8f7bc97d7248826c17e0f7cd1,example.bug,swh:1:cnt:9ccd531dd080b2e8f7bc97d7248826c17e0f7cd1;origin=https://github.com/pygments/pygments;path=/tests/examplefiles/bugs/example.bug,BUGS,BUGS (Pygments lexer `bugs`),BUGS,Pygments' maintainers (the example's directory: a lexer alias),pygments@156d85f,,,,not-in-linguist,,tests/examplefiles/bugs/example.bug
pyg:3e11adc21a61,gold,.c,744090acc171daad9832ebee190cee01a72af517,attributes.c,swh:1:cnt:744090acc171daad9832ebee190cee01a72af517;origin=https://github.com/pygments/pygments;path=/tests/examplefiles/c/attributes.c,C,C (Pygments lexer `c`),C,Pygments' maintainers (the example's directory: a lexer alias),pygments@156d85f,,,,in-linguist,programming,tests/examplefiles/c/attributes.c
pyg:a20ffb847083,gold,.c,c673963092efb250887c00a9fd1d67dcd997501f,ceval.c,swh:1:cnt:c673963092efb250887c00a9fd1d67dcd997501f;origin=https://github.com/pygments/pygments;path=/tests/examplefiles/c/ceval.c,C,C (Pygments lexer `c`),C,Pygments' maintainers (the example's directory: a lexer alias),pygments@156d85f,,,,in-linguist,programming,tests/examplefiles/c/ceval.c
pyg:d1e91a714f6a,gold,.c,7bf70149359d523896db6f5acf2cc450f426d898,example.c,swh:1:cnt:7bf70149359d523896db6f5acf2cc450f426d898;origin=https://github.com/pygments/pygments;path=/tests/examplefiles/c/example.c,C,C (Pygments lexer `c`),C,Pygments' maintainers (the example's directory: a lexer alias),pygments@156d85f,,,,in-linguist,programming,tests/examplefiles/c/example.c
pyg:a9935eaf8719,gold,.c,16a652326b25608f458cdef4cae07388411c8401,labels.c,swh:1:cnt:16a652326b25608f458cdef4cae07388411c8401;origin=https://github.com/pygments/pygments;path=/tests/examplefiles/c/labels.c,C,C (Pygments lexer `c`),C,Pygments' maintainers (the example's directory: a lexer alias),pygments@156d85f,,,,in-linguist,programming,tests/examplefiles/c/labels.c
pyg:8730aa829e57,gold,.c,80662eaddf301787ce149065cfe066ac396692fa,numbers.c,swh:1:cnt:80662eaddf301787ce149065cfe066ac396692fa;origin=https://github.com/pygments/pygments;path=/tests/examplefiles/c/numbers.c,C,C (Pygments lexer `c`),C,Pygments' maintainers (the example's directory: a lexer alias),pygments@156d85f,,,,in-linguist,programming,tests/examplefiles/c/numbers.c
pyg:a1b17047ffd4,gold,.s,67c6313e668d538ef03e9d07e65f89e3425fa012,example.s,swh:1:cnt:67c6313e668d538ef03e9d07e65f89e3425fa012;origin=https://github.com/pygments/pygments;path=/tests/examplefiles/ca65/ca65_example.s,ca65 assembler,ca65 assembler (Pygments lexer `ca65`),ca65 assembler,Pygments' maintainers (the example's directory: a lexer alias),pygments@156d85f,,,,not-in-linguist;ambiguous-ext;renamed,,tests/examplefiles/ca65/ca65_example.s
pyg:99867ce6260f,gold,,6a7696cbe9085c3d2909376026140c1cc92dcfea,Caddyfile,swh:1:cnt:6a7696cbe9085c3d2909376026140c1cc92dcfea;origin=https://github.com/pygments/pygments;path=/tests/examplefiles/caddyfile/Caddyfile,Caddyfile,Caddyfile (Pygments lexer `caddyfile`),Caddyfile;Caddy,Pygments' maintainers (the example's directory: a lexer alias),pygments@156d85f,,,,in-linguist,data,tests/examplefiles/caddyfile/Caddyfile
pyg:4e4de28c7001,gold,.cadl,3350fa3bb6310b162bf29a4652269818182746c7,example1.cadl,swh:1:cnt:3350fa3bb6310b162bf29a4652269818182746c7;origin=https://github.com/pygments/pygments;path=/tests/examplefiles/cadl/example1.cadl,cADL,cADL (Pygments lexer `cadl`),cADL,Pygments' maintainers (the example's directory: a lexer alias),pygments@156d85f,,,,not-in-linguist,,tests/examplefiles/cadl/example1.cadl
pyg:692ae7da7811,gold,.cadl,5c3f48811b76d0813ca578a7559b20371a3e4c8f,test.cadl,swh:1:cnt:5c3f48811b76d0813ca578a7559b20371a3e4c8f;origin=https://github.com/pygments/pygments;path=/tests/examplefiles/cadl/test.cadl,cADL,cADL (Pygments lexer `cadl`),cADL,Pygments' maintainers (the example's directory: a lexer alias),pygments@156d85f,,,,not-in-linguist,,tests/examplefiles/cadl/test.cadl
pyg:3cc6ed8c5208,gold,.camkes,43e117322bf59a10c34dee627bdb197571241653,simple.camkes,swh:1:cnt:43e117322bf59a10c34dee627bdb197571241653;origin=https://github.com/pygments/pygments;path=/tests/examplefiles/camkes/simple.camkes,CAmkES,CAmkES (Pygments lexer `camkes`),CAmkES,Pygments' maintainers (the example's directory: a lexer alias),pygments@156d85f,,,,not-in-linguist,,tests/examplefiles/camkes/simple.camkes
pyg:19a5f30df0f2,gold,.cdl,050e56a6dfae25dc1e3f191425a55e6388d6ccd4,example.cdl,swh:1:cnt:050e56a6dfae25dc1e3f191425a55e6388d6ccd4;origin=https://github.com/pygments/pygments;path=/tests/examplefiles/capdl/capdl_example.cdl,CapDL,CapDL (Pygments lexer `capdl`),CapDL,Pygments' maintainers (the example's directory: a lexer alias),pygments@156d85f,,,,not-in-linguist;renamed,,tests/examplefiles/capdl/capdl_example.cdl
pyg:a3eec1ad390b,gold,.capnp,efc5e42617cc25e2454d5194c007b6b7521650be,pets.capnp,swh:1:cnt:efc5e42617cc25e2454d5194c007b6b7521650be;origin=https://github.com/pygments/pygments;path=/tests/examplefiles/capnp/pets.capnp,Cap'n Proto,Cap'n Proto (Pygments lexer `capnp`),Cap'n Proto,Pygments' maintainers (the example's directory: a lexer alias),pygments@156d85f,,,,in-linguist,programming,tests/examplefiles/capnp/pets.capnp
pyg:3f019a76ed90,gold,.carbon,bcb9e05ba32dad387d491d2b3e3c7a211e13b566,declarations.carbon,swh:1:cnt:bcb9e05ba32dad387d491d2b3e3c7a211e13b566;origin=https://github.com/pygments/pygments;path=/tests/examplefiles/carbon/declarations.carbon,Carbon,Carbon (Pygments lexer `carbon`),Carbon,Pygments' maintainers (the example's directory: a lexer alias),pygments@156d85f,,,,in-linguist,programming,tests/examplefiles/carbon/declarations.carbon
pyg:27768c86d0f4,gold,.carbon,13b4a1a6218a21717bdf5ac84a54ba397a9e1a19,example.carbon,swh:1:cnt:13b4a1a6218a21717bdf5ac84a54ba397a9e1a19;origin=https://github.com/pygments/pygments;path=/tests/examplefiles/carbon/example.carbon,Carbon,Carbon (Pygments lexer `carbon`),Carbon,Pygments' maintainers (the example's directory: a lexer alias),pygments@156d85f,,,,in-linguist,programming,tests/examplefiles/carbon/example.carbon
pyg:2ddaaab220b1,gold,.carbon,2bb1c6ac3352e195b885175c6773b59cbae1396b,numbers.carbon,swh:1:cnt:2bb1c6ac3352e195b885175c6773b59cbae1396b;origin=https://github.com/pygments/pygments;path=/tests/examplefiles/carbon/numbers.carbon,Carbon,Carbon (Pygments lexer `carbon`),Carbon,Pygments' maintainers (the example's directory: a lexer alias),pygments@156d85f,,,,in-linguist,programming,tests/examplefiles/carbon/numbers.carbon
pyg:45ecc95b1731,gold,.bas,8d8ded9e7a3b03b65827c98b12f8385c2a99b557,example.bas,swh:1:cnt:8d8ded9e7a3b03b65827c98b12f8385c2a99b557;origin=https://github.com/pygments/pygments;path=/tests/examplefiles/cbmbas/cbmbas_example.bas,CBM BASIC V2,CBM BASIC V2 (Pygments lexer `cbmbas`),CBM BASIC V2,Pygments' maintainers (the example's directory: a lexer alias),pygments@156d85f,,,,not-in-linguist;ambiguous-ext;renamed,,tests/examplefiles/cbmbas/cbmbas_example.bas
pyg:36e45eff789e,gold,.cddl,e9d9712905a32af9634cbb59dacde37f9903074a,example.cddl,swh:1:cnt:e9d9712905a32af9634cbb59dacde37f9903074a;origin=https://github.com/pygments/pygments;path=/tests/examplefiles/cddl/example.cddl,CDDL,CDDL (Pygments lexer `cddl`),CDDL,Pygments' maintainers (the example's directory: a lexer alias),pygments@156d85f,,,,not-in-linguist,,tests/examplefiles/cddl/example.cddl
pyg:43b96785ac8f,gold,.cel,43fb8364a9927c06ff879facc616b39a33c3629f,example.cel,swh:1:cnt:43fb8364a9927c06ff879facc616b39a33c3629f;origin=https://github.com/pygments/pygments;path=/tests/examplefiles/cel/example.cel,CEL,CEL (Pygments lexer `cel`),CEL,Pygments' maintainers (the example's directory: a lexer alias),pygments@156d85f,,,,not-in-linguist,,tests/examplefiles/cel/example.cel
pyg:bad5d3cf3cb2,gold,.ceylon,04223c56453cc6badd9835ecc0dda51b31e04fe7,example.ceylon,swh:1:cnt:04223c56453cc6badd9835ecc0dda51b31e04fe7;origin=https://github.com/pygments/pygments;path=/tests/examplefiles/ceylon/example.ceylon,Ceylon,Ceylon (Pygments lexer `ceylon`),Ceylon,Pygments' maintainers (the example's directory: a lexer alias),pygments@156d85f,,,,in-linguist,programming,tests/examplefiles/ceylon/example.ceylon
pyg:8a919f9f5e5b,gold,.cfc,002acbcdc026ed95b5ac69f3cc1a811a22a3d3de,exampleScript.cfc,swh:1:cnt:002acbcdc026ed95b5ac69f3cc1a811a22a3d3de;origin=https://github.com/pygments/pygments;path=/tests/examplefiles/cfc/exampleScript.cfc,ColdFusion CFC,Coldfusion CFC (Pygments lexer `cfc`),ColdFusion CFC;cfc;Coldfusion CFC,Pygments' maintainers (the example's directory: a lexer alias),pygments@156d85f,,,,in-linguist,programming,tests/examplefiles/cfc/exampleScript.cfc
pyg:ec830ec24789,gold,.cfc,753bb8268c8574967fa5d7795bcb4bb4418cc890,exampleTag.cfc,swh:1:cnt:753bb8268c8574967fa5d7795bcb4bb4418cc890;origin=https://github.com/pygments/pygments;path=/tests/examplefiles/cfc/exampleTag.cfc,ColdFusion CFC,Coldfusion CFC (Pygments lexer `cfc`),ColdFusion CFC;cfc;Coldfusion CFC,Pygments' maintainers (the example's directory: a lexer alias),pygments@156d85f,,,,in-linguist,programming,tests/examplefiles/cfc/exampleTag.cfc
pyg:6275fe60316d,gold,.cfm,78098c0542f1abaf1d3d60d88f22aa83353785c9,demo.cfm,swh:1:cnt:78098c0542f1abaf1d3d60d88f22aa83353785c9;origin=https://github.com/pygments/pygments;path=/tests/examplefiles/cfm/demo.cfm,ColdFusion,Coldfusion HTML (Pygments lexer `cfm`),ColdFusion;cfm;cfml;coldfusion html;Coldfusion HTML,Pygments' maintainers (the example's directory: a lexer alias),pygments@156d85f,,,,in-linguist,programming,tests/examplefiles/cfm/demo.cfm
pyg:670eb606fb15,gold,.chai,85f53c3868b7c629036ecfb1204eaf41b1339880,example.chai,swh:1:cnt:85f53c3868b7c629036ecfb1204eaf41b1339880;origin=https://github.com/pygments/pygments;path=/tests/examplefiles/chai/example.chai,ChaiScript,ChaiScript (Pygments lexer `chai`),ChaiScript,Pygments' maintainers (the example's directory: a lexer alias),pygments@156d85f,,,,not-in-linguist,,tests/examplefiles/chai/example.chai
pyg:48ef1e7cf73b,gold,.chpl,ff50b294faef5ed1cf6dc423f141bf6e0dc1702b,99_bottles_of_beer.chpl,swh:1:cnt:ff50b294faef5ed1cf6dc423f141bf6e0dc1702b;origin=https://github.com/pygments/pygments;path=/tests/examplefiles/chapel/99_bottles_of_beer.chpl,Chapel,Chapel (Pygments lexer `chapel`),Chapel;chpl,Pygments' maintainers (the example's directory: a lexer alias),pygments@156d85f,,,,in-linguist,programming,tests/examplefiles/chapel/99_bottles_of_beer.chpl
pyg:411d8dc9138a,gold,.ci,2e5cd5c6b544b01da63eb650a77749159323f13a,example.ci,swh:1:cnt:2e5cd5c6b544b01da63eb650a77749159323f13a;origin=https://github.com/pygments/pygments;path=/tests/examplefiles/charmci/Charmci.ci,Charmci,Charmci (Pygments lexer `charmci`),Charmci,Pygments' maintainers (the example's directory: a lexer alias),pygments@156d85f,,,,not-in-linguist;renamed,,tests/examplefiles/charmci/Charmci.ci
pyg:c50dd9da39a1,gold,.tmpl,e2a0f4779e806bfe17160697fca9f5c69046f3d6,example.tmpl,swh:1:cnt:e2a0f4779e806bfe17160697fca9f5c69046f3d6;origin=https://github.com/pygments/pygments;path=/tests/examplefiles/cheetah/cheetah_example.tmpl,Cheetah,Cheetah (Pygments lexer `cheetah`),Cheetah,Pygments' maintainers (the example's directory: a lexer alias),pygments@156d85f,,,,not-in-linguist;renamed,,tests/examplefiles/cheetah/cheetah_example.tmpl
pyg:ad080558d77b,gold,.cirru,c3d1a2c6c2cf8f4cbb33c926cc71bf1c040639ed,scope.cirru,swh:1:cnt:c3d1a2c6c2cf8f4cbb33c926cc71bf1c040639ed;origin=https://github.com/pygments/pygments;path=/tests/examplefiles/cirru/scope.cirru,Cirru,Cirru (Pygments lexer `cirru`),Cirru,Pygments' maintainers (the example's directory: a lexer alias),pygments@156d85f,,,,in-linguist,programming,tests/examplefiles/cirru/scope.cirru
pyg:cb6817fe69cb,gold,.clay,784752c64aae3b84c430227cb11e28d84a1f4d62,example.clay,swh:1:cnt:784752c64aae3b84c430227cb11e28d84a1f4d62;origin=https://github.com/pygments/pygments;path=/tests/examplefiles/clay/example.clay,Clay,Clay (Pygments lexer `clay`),Clay,Pygments' maintainers (the example's directory: a lexer alias),pygments@156d85f,,,,not-in-linguist,,tests/examplefiles/clay/example.clay
pyg:6ed0ec30fdac,gold,.icl,891b510a3f708653a739b4495989ee946b71dfed,StdGeneric.icl,swh:1:cnt:891b510a3f708653a739b4495989ee946b71dfed;origin=https://github.com/pygments/pygments;path=/tests/examplefiles/clean/StdGeneric.icl,Clean,Clean (Pygments lexer `clean`),Clean,Pygments' maintainers (the example's directory: a lexer alias),pygments@156d85f,,,,in-linguist,programming,tests/examplefiles/clean/StdGeneric.icl
pyg:93169b46beda,gold,.clj,2d914c599030e26ede56f234158d46ef780bf901,example.clj,swh:1:cnt:2d914c599030e26ede56f234158d46ef780bf901;origin=https://github.com/pygments/pygments;path=/tests/examplefiles/clojure/clojure-weird-keywords.clj,Clojure,Clojure (Pygments lexer `clojure`),Clojure,Pygments' maintainers (the example's directory: a lexer alias),pygments@156d85f,,,,in-linguist;tiny;renamed,programming,tests/examplefiles/clojure/clojure-weird-keywords.clj
pyg:c9d9a769ae45,gold,.clj,b46a85214c59be2d643c94cc6a7ac39fcf6e166a,escape_semicolon.clj,swh:1:cnt:b46a85214c59be2d643c94cc6a7ac39fcf6e166a;origin=https://github.com/pygments/pygments;path=/tests/examplefiles/clojure/escape_semicolon.clj,Clojure,Clojure (Pygments lexer `clojure`),Clojure,Pygments' maintainers (the example's directory: a lexer alias),pygments@156d85f,,,,in-linguist;tiny,programming,tests/examplefiles/clojure/escape_semicolon.clj
pyg:26afd3be1e87,gold,.clj,c63da8fd1244993d10b3bd45cfdff5346e4907da,genclass.clj,swh:1:cnt:c63da8fd1244993d10b3bd45cfdff5346e4907da;origin=https://github.com/pygments/pygments;path=/tests/examplefiles/clojure/genclass.clj,Clojure,Clojure (Pygments lexer `clojure`),Clojure,Pygments' maintainers (the example's directory: a lexer alias),pygments@156d85f,,,,in-linguist,programming,tests/examplefiles/clojure/genclass.clj
pyg:c4a5d98d5c7f,gold,.cljc,d9a6722fd695384a600bd7e6d0e8779099673438,loggers.cljc,swh:1:cnt:d9a6722fd695384a600bd7e6d0e8779099673438;origin=https://github.com/pygments/pygments;path=/tests/examplefiles/clojure/loggers.cljc,Clojure,Clojure (Pygments lexer `clojure`),Clojure,Pygments' maintainers (the example's directory: a lexer alias),pygments@156d85f,,,,in-linguist,programming,tests/examplefiles/clojure/loggers.cljc
pyg:619bd2ffe1ee,gold,.cljs,f135b8322691cc4fadbd3a3827c238f7ba7cee9b,core.cljs,swh:1:cnt:f135b8322691cc4fadbd3a3827c238f7ba7cee9b;origin=https://github.com/pygments/pygments;path=/tests/examplefiles/clojurescript/core.cljs,ClojureScript,ClojureScript (Pygments lexer `clojurescript`),ClojureScript,Pygments' maintainers (the example's directory: a lexer alias),pygments@156d85f,,,,not-in-linguist,,tests/examplefiles/clojurescript/core.cljs
pyg:cb00c204ab55,gold,.cmake,506d0e9c8fe2baed7e61949f997569cdd3385fdd,main.cmake,swh:1:cnt:506d0e9c8fe2baed7e61949f997569cdd3385fdd;origin=https://github.com/pygments/pygments;path=/tests/examplefiles/cmake/main.cmake,CMake,CMake (Pygments lexer `cmake`),CMake,Pygments' maintainers (the example's directory: a lexer alias),pygments@156d85f,,,,in-linguist,programming,tests/examplefiles/cmake/main.cmake
pyg:8e833cc880d9,gold,.cob,92d2e30009173cb35c9e993001ac43a121904a52,example.cob,swh:1:cnt:92d2e30009173cb35c9e993001ac43a121904a52;origin=https://github.com/pygments/pygments;path=/tests/examplefiles/cobol/example.cob,COBOL,COBOL (Pygments lexer `cobol`),COBOL,Pygments' maintainers (the example's directory: a lexer alias),pygments@156d85f,,,,in-linguist,programming,tests/examplefiles/cobol/example.cob
pyg:d6741a47cd7c,gold,.coffee,2cbd1df39610a6939a2fdb28042be6ee8483392d,example.coffee,swh:1:cnt:2cbd1df39610a6939a2fdb28042be6ee8483392d;origin=https://github.com/pygments/pygments;path=/tests/examplefiles/coffee-script/example.coffee,CoffeeScript,CoffeeScript (Pygments lexer `coffee-script`),CoffeeScript;coffee;coffee-script,Pygments' maintainers (the example's directory: a lexer alias),pygments@156d85f,,,,in-linguist,programming,tests/examplefiles/coffee-script/example.coffee
pyg:6e12738c635f,gold,.coffee,a34a1ce8699fcc376acbf4b3a8edb4fcb26085ea,underscore.coffee,swh:1:cnt:a34a1ce8699fcc376acbf4b3a8edb4fcb26085ea;origin=https://github.com/pygments/pygments;path=/tests/examplefiles/coffee-script/underscore.coffee,CoffeeScript,CoffeeScript (Pygments lexer `coffee-script`),CoffeeScript;coffee;coffee-script,Pygments' maintainers (the example's directory: a lexer alias),pygments@156d85f,,,,in-linguist,programming,tests/examplefiles/coffee-script/underscore.coffee
pyg:19f807b9872e,gold,.comal,81ce304727c14c8f1f2120328f7072e633ee6f95,test.comal,swh:1:cnt:81ce304727c14c8f1f2120328f7072e633ee6f95;origin=https://github.com/pygments/pygments;path=/tests/examplefiles/comal80/test.comal,COMAL-80,COMAL-80 (Pygments lexer `comal80`),COMAL-80,Pygments' maintainers (the example's directory: a lexer alias),pygments@156d85f,,,,not-in-linguist,,tests/examplefiles/comal80/test.comal
pyg:2154212ab6fb,gold,.lisp,c02c29df27baa4df7716e05a77f2c3b0535be69f,type.lisp,swh:1:cnt:c02c29df27baa4df7716e05a77f2c3b0535be69f;origin=https://github.com/pygments/pygments;path=/tests/examplefiles/common-lisp/type.lisp,Common Lisp,Common Lisp (Pygments lexer `common-lisp`),Common Lisp;lisp,Pygments' maintainers (the example's directory: a lexer alias),pygments@156d85f,,,,in-linguist;ambiguous-ext,programming,tests/examplefiles/common-lisp/type.lisp
pyg:dffc8a349d55,gold,.sh-session,02f3bb0d0a83c86fd345d9e12d27cc86bcdc5ff1,example.sh-session,swh:1:cnt:02f3bb0d0a83c86fd345d9e12d27cc86bcdc5ff1;origin=https://github.com/pygments/pygments;path=/tests/examplefiles/console/example.sh-session,ShellSession,Bash Session (Pygments lexer `console`),ShellSession;bash session;console;Bash Session,Pygments' maintainers (the example's directory: a lexer alias),pygments@156d85f,,,,in-linguist,programming,tests/examplefiles/console/example.sh-session
pyg:c7eefded248a,gold,.shell-session,66984aa55bd9a66bd191db399d86b68edfcd4612,example.shell-session,swh:1:cnt:66984aa55bd9a66bd191db399d86b68edfcd4612;origin=https://github.com/pygments/pygments;path=/tests/examplefiles/console/example.shell-session,ShellSession,Bash Session (Pygments lexer `console`),ShellSession;bash session;console;Bash Session,Pygments' maintainers (the example's directory: a lexer alias),pygments@156d85f,,,,in-linguist,programming,tests/examplefiles/console/example.shell-session
pyg:24ca2f63e71b,gold,,1175a739d6d98e6f98dee3ed539ddcf6cb2e90e0,control,swh:1:cnt:1175a739d6d98e6f98dee3ed539ddcf6cb2e90e0;origin=https://github.com/pygments/pygments;path=/tests/examplefiles/control/control,Debian Package Control File,Debian Control file (Pygments lexer `control`),Debian Package Control File;Debian Control file,Pygments' maintainers (the example's directory: a lexer alias),pygments@156d85f,,,,in-linguist,data,tests/examplefiles/control/control
pyg:5b87d0d9a2f2,gold,.v,94c51bf1565962cae83bd2cbe4407decf49a7766,example.v,swh:1:cnt:94c51bf1565962cae83bd2cbe4407decf49a7766;origin=https://github.com/pygments/pygments;path=/tests/examplefiles/coq/coq_RelationClasses.v,Rocq Prover,Rocq Prover (Pygments lexer `coq`),Rocq Prover;coq;rocq,Pygments' maintainers (the example's directory: a lexer alias),pygments@156d85f,,,,in-linguist;ambiguous-ext;renamed,programming,tests/examplefiles/coq/coq_RelationClasses.v
pyg:7de276db1cdc,gold,.v,3aeeadbdb7cde296a6943a93affe90d749163d78,example.v,swh:1:cnt:3aeeadbdb7cde296a6943a93affe90d749163d78;origin=https://github.com/pygments/pygments;path=/tests/examplefiles/coq/coq_test.v,Rocq Prover,Rocq Prover (Pygments lexer `coq`),Rocq Prover;coq;rocq,Pygments' maintainers (the example's directory: a lexer alias),pygments@156d85f,,,,in-linguist;ambiguous-ext;renamed,programming,tests/examplefiles/coq/coq_test.v
pyg:32ae11c9e93e,gold,.pl,3beae18238e94b8838b98c42b5d02dcd175de13a,bag_game_mpe.pl,swh:1:cnt:3beae18238e94b8838b98c42b5d02dcd175de13a;origin=https://github.com/pygments/pygments;path=/tests/examplefiles/cplint/bag_game_mpe.pl,cplint,cplint (Pygments lexer `cplint`),cplint,Pygments' maintainers (the example's directory: a lexer alias),pygments@156d85f,,,,not-in-linguist;ambiguous-ext,,tests/examplefiles/cplint/bag_game_mpe.pl
pyg:3cba8c9d5d02,gold,.pl,d7f9b3deee542ca365d9219937d5264b29134319,coin.pl,swh:1:cnt:d7f9b3deee542ca365d9219937d5264b29134319;origin=https://github.com/pygments/pygments;path=/tests/examplefiles/cplint/coin.pl,cplint,cplint (Pygments lexer `cplint`),cplint,Pygments' maintainers (the example's directory: a lexer alias),pygments@156d85f,,,,not-in-linguist;ambiguous-ext,,tests/examplefiles/cplint/coin.pl
pyg:26b953d9a9a6,gold,.pl,f7aa7d39f9ee791653cfb4f6d6f16ba8718ba037,dt_umbrella.pl,swh:1:cnt:f7aa7d39f9ee791653cfb4f6d6f16ba8718ba037;origin=https://github.com/pygments/pygments;path=/tests/examplefiles/cplint/dt_umbrella.pl,cplint,cplint (Pygments lexer `cplint`),cplint,Pygments' maintainers (the example's directory: a lexer alias),pygments@156d85f,,,,not-in-linguist;ambiguous-ext,,tests/examplefiles/cplint/dt_umbrella.pl
pyg:dc83472e95dd,gold,.pl,8c8c743937a392581127d1bd699c762a7735d6cb,gaussian_mixture.pl,swh:1:cnt:8c8c743937a392581127d1bd699c762a7735d6cb;origin=https://github.com/pygments/pygments;path=/tests/examplefiles/cplint/gaussian_mixture.pl,cplint,cplint (Pygments lexer `cplint`),cplint,Pygments' maintainers (the example's directory: a lexer alias),pygments@156d85f,,,,not-in-linguist;ambiguous-ext,,tests/examplefiles/cplint/gaussian_mixture.pl
pyg:42915420b2a1,gold,.pl,6968cab9a98cff36de196524b681e7c9b76d8367,indian_gpadc.pl,swh:1:cnt:6968cab9a98cff36de196524b681e7c9b76d8367;origin=https://github.com/pygments/pygments;path=/tests/examplefiles/cplint/indian_gpadc.pl,cplint,cplint (Pygments lexer `cplint`),cplint,Pygments' maintainers (the example's directory: a lexer alias),pygments@156d85f,,,,not-in-linguist;ambiguous-ext,,tests/examplefiles/cplint/indian_gpadc.pl
pyg:84011e3a51a1,gold,.cpp,70826a93f00d4316b9a44102073e8963a66e652a,attributes.cpp,swh:1:cnt:70826a93f00d4316b9a44102073e8963a66e652a;origin=https://github.com/pygments/pygments;path=/tests/examplefiles/cpp/attributes.cpp,C++,C++ (Pygments lexer `cpp`),C++;cpp,Pygments' maintainers (the example's directory: a lexer alias),pygments@156d85f,,,,in-linguist,programming,tests/examplefiles/cpp/attributes.cpp
pyg:74aa5f7b6eeb,gold,.cpp,c95ff58e5418e990aabec4f9360d5a26be121564,example.cpp,swh:1:cnt:c95ff58e5418e990aabec4f9360d5a26be121564;origin=https://github.com/pygments/pygments;path=/tests/examplefiles/cpp/example.cpp,C++,C++ (Pygments lexer `cpp`),C++;cpp,Pygments' maintainers (the example's directory: a lexer alias),pygments@156d85f,,,,in-linguist,programming,tests/examplefiles/cpp/example.cpp
pyg:bdf9ad06caa3,gold,.cpp,ccd99383f2a0a6ee89e9bf462659eb4bcc66ae1d,example2.cpp,swh:1:cnt:ccd99383f2a0a6ee89e9bf462659eb4bcc66ae1d;origin=https://github.com/pygments/pygments;path=/tests/examplefiles/cpp/example2.cpp,C++,C++ (Pygments lexer `cpp`),C++;cpp,Pygments' maintainers (the example's directory: a lexer alias),pygments@156d85f,,,,in-linguist,programming,tests/examplefiles/cpp/example2.cpp
pyg:0fcf9963d8b1,gold,.cpp,5da17bd6964dfc058e1803b45f207e547bc7648f,functions.cpp,swh:1:cnt:5da17bd6964dfc058e1803b45f207e547bc7648f;origin=https://github.com/pygments/pygments;path=/tests/examplefiles/cpp/functions.cpp,C++,C++ (Pygments lexer `cpp`),C++;cpp,Pygments' maintainers (the example's directory: a lexer alias),pygments@156d85f,,,,in-linguist,programming,tests/examplefiles/cpp/functions.cpp
pyg:6b9b9f59e1e9,gold,.cpp,45d95405331e6ffe0505230cd9a56bfbb8a40576,namespace.cpp,swh:1:cnt:45d95405331e6ffe0505230cd9a56bfbb8a40576;origin=https://github.com/pygments/pygments;path=/tests/examplefiles/cpp/namespace.cpp,C++,C++ (Pygments lexer `cpp`),C++;cpp,Pygments' maintainers (the example's directory: a lexer alias),pygments@156d85f,,,,in-linguist,programming,tests/examplefiles/cpp/namespace.cpp
pyg:9bacc7cec3b5,gold,.cpp,f83e50db4bdeca9f5819181ec9b6b436c50c48eb,noexcept.cpp,swh:1:cnt:f83e50db4bdeca9f5819181ec9b6b436c50c48eb;origin=https://github.com/pygments/pygments;path=/tests/examplefiles/cpp/noexcept.cpp,C++,C++ (Pygments lexer `cpp`),C++;cpp,Pygments' maintainers (the example's directory: a lexer alias),pygments@156d85f,,,,in-linguist,programming,tests/examplefiles/cpp/noexcept.cpp
pyg:ef88a0b96514,gold,.cpsa,3bc918d4387686f67d35fa3bd288187c9fb85959,yahalom.cpsa,swh:1:cnt:3bc918d4387686f67d35fa3bd288187c9fb85959;origin=https://github.com/pygments/pygments;path=/tests/examplefiles/cpsa/yahalom.cpsa,CPSA,CPSA (Pygments lexer `cpsa`),CPSA,Pygments' maintainers (the example's directory: a lexer alias),pygments@156d85f,,,,not-in-linguist,,tests/examplefiles/cpsa/yahalom.cpsa
pyg:d16eca9f87c1,gold,.cr,4cd87fb4439981c4b4017d4ff5b482d528cb940c,test.cr,swh:1:cnt:4cd87fb4439981c4b4017d4ff5b482d528cb940c;origin=https://github.com/pygments/pygments;path=/tests/examplefiles/cr/test.cr,Crystal,Crystal (Pygments lexer `cr`),Crystal,Pygments' maintainers (the example's directory: a lexer alias),pygments@156d85f,,,,in-linguist,programming,tests/examplefiles/cr/test.cr
pyg:5a0bc8d5952c,gold,.pcmk,22cc60e4dcf60e99d4e6183681cc6ae48b1e8258,example.pcmk,swh:1:cnt:22cc60e4dcf60e99d4e6183681cc6ae48b1e8258;origin=https://github.com/pygments/pygments;path=/tests/examplefiles/crmsh/example.pcmk,Crmsh,Crmsh (Pygments lexer `crmsh`),Crmsh,Pygments' maintainers (the example's directory: a lexer alias),pygments@156d85f,,,,not-in-linguist,,tests/examplefiles/crmsh/example.pcmk
pyg:933a8fa42659,gold,.croc,8f12771a9521cde70ec549d7d82e16bae35f948b,simple.croc,swh:1:cnt:8f12771a9521cde70ec549d7d82e16bae35f948b;origin=https://github.com/pygments/pygments;path=/tests/examplefiles/croc/simple.croc,Croc,Croc (Pygments lexer `croc`),Croc,Pygments' maintainers (the example's directory: a lexer alias),pygments@156d85f,,,,not-in-linguist,,tests/examplefiles/croc/simple.croc
pyg:de060be78fb9,gold,.cs,2d4177009bdc1787b5c4e1d4b2bf128c82e92937,numbers.cs,swh:1:cnt:2d4177009bdc1787b5c4e1d4b2bf128c82e92937;origin=https://github.com/pygments/pygments;path=/tests/examplefiles/csharp/numbers.cs,C#,C# (Pygments lexer `csharp`),C#;csharp;cake;cakescript,Pygments' maintainers (the example's directory: a lexer alias),pygments@156d85f,,,,in-linguist;ambiguous-ext,programming,tests/examplefiles/csharp/numbers.cs
pyg:dd6e0ae64120,gold,.cs,faab7e4295f5cd95ad856a3c46bd598fd15ca760,test.cs,swh:1:cnt:faab7e4295f5cd95ad856a3c46bd598fd15ca760;origin=https://github.com/pygments/pygments;path=/tests/examplefiles/csharp/test.cs,C#,C# (Pygments lexer `csharp`),C#;csharp;cake;cakescript,Pygments' maintainers (the example's directory: a lexer alias),pygments@156d85f,,,,in-linguist;ambiguous-ext,programming,tests/examplefiles/csharp/test.cs
pyg:ffbf0d930dc2,gold,.csd,6512d99ea1ac00eaafcd7e8bfb87f0431cf9903e,test.csd,swh:1:cnt:6512d99ea1ac00eaafcd7e8bfb87f0431cf9903e;origin=https://github.com/pygments/pygments;path=/tests/examplefiles/csound-document/test.csd,Csound Document,Csound Document (Pygments lexer `csound-document`),Csound Document;csound-csd,Pygments' maintainers (the example's directory: a lexer alias),pygments@156d85f,,,,in-linguist,programming,tests/examplefiles/csound-document/test.csd
pyg:e5352475ec0d,gold,.sco,4f1298d82dbccd134b8c90316c50ea030e55fe7d,test.sco,swh:1:cnt:4f1298d82dbccd134b8c90316c50ea030e55fe7d;origin=https://github.com/pygments/pygments;path=/tests/examplefiles/csound-score/test.sco,Csound Score,Csound Score (Pygments lexer `csound-score`),Csound Score;csound-sco,Pygments' maintainers (the example's directory: a lexer alias),pygments@156d85f,,,,in-linguist,programming,tests/examplefiles/csound-score/test.sco
pyg:70a0b4306982,gold,.orc,1e9eaa8df3be50efc01dd7ca98b30cf10ae1c203,test.orc,swh:1:cnt:1e9eaa8df3be50efc01dd7ca98b30cf10ae1c203;origin=https://github.com/pygments/pygments;path=/tests/examplefiles/csound/test.orc,Csound,Csound Orchestra (Pygments lexer `csound`),Csound;csound-orc;Csound Orchestra,Pygments' maintainers (the example's directory: a lexer alias),pygments@156d85f,,,,in-linguist,programming,tests/examplefiles/csound/test.orc
pyg:950eb784a484,gold,.in,36330a9db85d4c036d40a01a6064b5d573e3c9cc,demo.css.in,swh:1:cnt:36330a9db85d4c036d40a01a6064b5d573e3c9cc;origin=https://github.com/pygments/pygments;path=/tests/examplefiles/css+mozpreproc/demo.css.in,CSS+mozpreproc,CSS+mozpreproc (Pygments lexer `css+mozpreproc`),CSS+mozpreproc,Pygments' maintainers (the example's directory: a lexer alias),pygments@156d85f,,,,not-in-linguist,,tests/examplefiles/css+mozpreproc/demo.css.in
pyg:299505f873ea,gold,.css,3f9ffb202dffb1899847fad697d82661551565fc,test.css,swh:1:cnt:3f9ffb202dffb1899847fad697d82661551565fc;origin=https://github.com/pygments/pygments;path=/tests/examplefiles/css/test.css,CSS,CSS (Pygments lexer `css`),CSS,Pygments' maintainers (the example's directory: a lexer alias),pygments@156d85f,,,,in-linguist,markup,tests/examplefiles/css/test.css
pyg:e797f7cfaf50,gold,.css,a20b71126fbf6971d36ea9b4acd56d98153e0bc4,webkit-transition.css,swh:1:cnt:a20b71126fbf6971d36ea9b4acd56d98153e0bc4;origin=https://github.com/pygments/pygments;path=/tests/examplefiles/css/webkit-transition.css,CSS,CSS (Pygments lexer `css`),CSS,Pygments' maintainers (the example's directory: a lexer alias),pygments@156d85f,,,,in-linguist;tiny,markup,tests/examplefiles/css/webkit-transition.css
pyg:08d819633282,gold,.feature,a26268da7cb35c405d4a5354f2368b7ad1633d3e,example.feature,swh:1:cnt:a26268da7cb35c405d4a5354f2368b7ad1633d3e;origin=https://github.com/pygments/pygments;path=/tests/examplefiles/cucumber/example.feature,Gherkin,Gherkin (Pygments lexer `cucumber`),Gherkin;cucumber,Pygments' maintainers (the example's directory: a lexer alias),pygments@156d85f,,,,in-linguist,programming,tests/examplefiles/cucumber/example.feature
pyg:5fdd88af5c89,gold,.cu,fe3652dabbeef541310bed8b9c77e16c1d3e2176,test.cu,swh:1:cnt:fe3652dabbeef541310bed8b9c77e16c1d3e2176;origin=https://github.com/pygments/pygments;path=/tests/examplefiles/cuda/test.cu,Cuda,CUDA (Pygments lexer `cuda`),Cuda;CUDA,Pygments' maintainers (the example's directory: a lexer alias),pygments@156d85f,,,,in-linguist,programming,tests/examplefiles/cuda/test.cu
pyg:5f079e656346,gold,.cyp,49c98f8a7efe7ceda633f50ba3c4a854d8531d7c,test.cyp,swh:1:cnt:49c98f8a7efe7ceda633f50ba3c4a854d8531d7c;origin=https://github.com/pygments/pygments;path=/tests/examplefiles/cypher/test.cyp,Cypher,Cypher (Pygments lexer `cypher`),Cypher,Pygments' maintainers (the example's directory: a lexer alias),pygments@156d85f,,,,in-linguist,programming,tests/examplefiles/cypher/test.cyp
pyg:756f5d15201f,gold,.d,288aacc20e5cf89c98a6e75887b6fab1ab6ec4e8,string_delimiters.d,swh:1:cnt:288aacc20e5cf89c98a6e75887b6fab1ab6ec4e8;origin=https://github.com/pygments/pygments;path=/tests/examplefiles/d/string_delimiters.d,D,D (Pygments lexer `d`),D;Dlang,Pygments' maintainers (the example's directory: a lexer alias),pygments@156d85f,,,,in-linguist;ambiguous-ext,programming,tests/examplefiles/d/string_delimiters.d
pyg:0174e4a681cd,gold,.d,02fe8f731c9d8e911aaa5029467aca61e286302e,test.d,swh:1:cnt:02fe8f731c9d8e911aaa5029467aca61e286302e;origin=https://github.com/pygments/pygments;path=/tests/examplefiles/d/test.d,D,D (Pygments lexer `d`),D;Dlang,Pygments' maintainers (the example's directory: a lexer alias),pygments@156d85f,,,,in-linguist;ambiguous-ext,programming,tests/examplefiles/d/test.d
pyg:77f4078e16e1,gold,.dart,aa1fb0ed640e33cf9d4e33e80c195e772ec7cf91,test.dart,swh:1:cnt:aa1fb0ed640e33cf9d4e33e80c195e772ec7cf91;origin=https://github.com/pygments/pygments;path=/tests/examplefiles/dart/test.dart,Dart,Dart (Pygments lexer `dart`),Dart,Pygments' maintainers (the example's directory: a lexer alias),pygments@156d85f,,,,in-linguist,programming,tests/examplefiles/dart/test.dart
pyg:608a535f0b2e,gold,.dax,39b4889162651875c38c00c9b7c806ccacf83bbc,example.dax,swh:1:cnt:39b4889162651875c38c00c9b7c806ccacf83bbc;origin=https://github.com/pygments/pygments;path=/tests/examplefiles/dax/dax_example1.dax,Dax,Dax (Pygments lexer `dax`),Dax,Pygments' maintainers (the example's directory: a lexer alias),pygments@156d85f,,,,not-in-linguist;renamed,,tests/examplefiles/dax/dax_example1.dax
pyg:95ac3bfeb58c,gold,.pas,9fa8307d391776c046f5ffd131a6c61243136d15,example.pas,swh:1:cnt:9fa8307d391776c046f5ffd131a6c61243136d15;origin=https://github.com/pygments/pygments;path=/tests/examplefiles/delphi/example.pas,Pascal,Delphi (Pygments lexer `delphi`),Pascal;delphi;objectpascal;Delphi,Pygments' maintainers (the example's directory: a lexer alias),pygments@156d85f,,,,in-linguist,programming,tests/examplefiles/delphi/example.pas
pyg:27239957e045,gold,.pas,2724bbfdce2d976fc6695081f6585a04055c5c5d,test.pas,swh:1:cnt:2724bbfdce2d976fc6695081f6585a04055c5c5d;origin=https://github.com/pygments/pygments;path=/tests/examplefiles/delphi/test.pas,Pascal,Delphi (Pygments lexer `delphi`),Pascal;delphi;objectpascal;Delphi,Pygments' maintainers (the example's directory: a lexer alias),pygments@156d85f,,,,in-linguist,programming,tests/examplefiles/delphi/test.pas
pyg:57ce9d7f1af6,gold,.dts,99323367dcc209d302011002a496dac56452ab02,example.dts,swh:1:cnt:99323367dcc209d302011002a496dac56452ab02;origin=https://github.com/pygments/pygments;path=/tests/examplefiles/devicetree/example.dts,Devicetree,Devicetree (Pygments lexer `devicetree`),Devicetree,Pygments' maintainers (the example's directory: a lexer alias),pygments@156d85f,,,,not-in-linguist,,tests/examplefiles/devicetree/example.dts
pyg:8ae1c1233860,gold,.dg,3813d5b879d93cce1036d71bc9aa0dfa4e0d2eb3,inet_pton6.dg,swh:1:cnt:3813d5b879d93cce1036d71bc9aa0dfa4e0d2eb3;origin=https://github.com/pygments/pygments;path=/tests/examplefiles/dg/inet_pton6.dg,dg,dg (Pygments lexer `dg`),dg,Pygments' maintainers (the example's directory: a lexer alias),pygments@156d85f,,,,not-in-linguist,,tests/examplefiles/dg/inet_pton6.dg
pyg:45d45994e851,gold,.html+django,b1fdc5ebdb864b5b4696a2f784aedc208da7dd5a,example.html+django,swh:1:cnt:b1fdc5ebdb864b5b4696a2f784aedc208da7dd5a;origin=https://github.com/pygments/pygments;path=/tests/examplefiles/django/django_sample.html+django,Jinja,Django/Jinja (Pygments lexer `django`),Jinja;django;html+django;html+jinja;htmldjango;Django/Jinja,Pygments' maintainers (the example's directory: a lexer alias),pygments@156d85f,,,,in-linguist;renamed,markup,tests/examplefiles/django/django_sample.html+django
pyg:c92ea8810be0,gold,.docker,1ae3c3a156acb8523787c14ea382c04822f6f9ff,example.docker,swh:1:cnt:1ae3c3a156acb8523787c14ea382c04822f6f9ff;origin=https://github.com/pygments/pygments;path=/tests/examplefiles/docker/docker.docker,Dockerfile,Docker (Pygments lexer `docker`),Dockerfile;Containerfile;Docker,Pygments' maintainers (the example's directory: a lexer alias),pygments@156d85f,,,,in-linguist;renamed,programming,tests/examplefiles/docker/docker.docker
pyg:fab384dd45ee,gold,.dtd,639b411ab9940c48e9c46874f50d7f68dfa57630,test.dtd,swh:1:cnt:639b411ab9940c48e9c46874f50d7f68dfa57630;origin=https://github.com/pygments/pygments;path=/tests/examplefiles/dtd/test.dtd,DTD,DTD (Pygments lexer `dtd`),DTD,Pygments' maintainers (the example's directory: a lexer alias),pygments@156d85f,,,,not-in-linguist,,tests/examplefiles/dtd/test.dtd
pyg:db2c74299f49,gold,.jbst,0e7d014f08c0ff5425a360ac1fdc590b72e4226b,example.jbst,swh:1:cnt:0e7d014f08c0ff5425a360ac1fdc590b72e4226b;origin=https://github.com/pygments/pygments;path=/tests/examplefiles/duel/jbst_example1.jbst,Duel,Duel (Pygments lexer `duel`),Duel,Pygments' maintainers (the example's directory: a lexer alias),pygments@156d85f,,,,not-in-linguist;renamed,,tests/examplefiles/duel/jbst_example1.jbst
pyg:4810bdef8677,gold,.jbst,2b5e0489b70ed89f9a2b986aa7bf28e61cbe1d0e,example.jbst,swh:1:cnt:2b5e0489b70ed89f9a2b986aa7bf28e61cbe1d0e;origin=https://github.com/pygments/pygments;path=/tests/examplefiles/duel/jbst_example2.jbst,Duel,Duel (Pygments lexer `duel`),Duel,Pygments' maintainers (the example's directory: a lexer alias),pygments@156d85f,,,,not-in-linguist;renamed,,tests/examplefiles/duel/jbst_example2.jbst
pyg:315be997d5b3,gold,.lid,617fcaa444c184540269dd8c37f927332a9524c1,unix-io.lid,swh:1:cnt:617fcaa444c184540269dd8c37f927332a9524c1;origin=https://github.com/pygments/pygments;path=/tests/examplefiles/dylan-lid/unix-io.lid,DylanLID,DylanLID (Pygments lexer `dylan-lid`),DylanLID,Pygments' maintainers (the example's directory: a lexer alias),pygments@156d85f,,,,not-in-linguist,,tests/examplefiles/dylan-lid/unix-io.lid
pyg:00da029c1fa6,gold,.dylan,83faf69c172a72e10b090e2ebb10cae62bead0f4,classes.dylan,swh:1:cnt:83faf69c172a72e10b090e2ebb10cae62bead0f4;origin=https://github.com/pygments/pygments;path=/tests/examplefiles/dylan/classes.dylan,Dylan,Dylan (Pygments lexer `dylan`),Dylan,Pygments' maintainers (the example's directory: a lexer alias),pygments@156d85f,,,,in-linguist,programming,tests/examplefiles/dylan/classes.dylan
pyg:8fec95d6037a,gold,.intr,d21f62cc186dae73cba7b23a7dac579f3a73a66e,nanomsg.intr,swh:1:cnt:d21f62cc186dae73cba7b23a7dac579f3a73a66e;origin=https://github.com/pygments/pygments;path=/tests/examplefiles/dylan/nanomsg.intr,Dylan,Dylan (Pygments lexer `dylan`),Dylan,Pygments' maintainers (the example's directory: a lexer alias),pygments@156d85f,,,,in-linguist,programming,tests/examplefiles/dylan/nanomsg.intr
pyg:b09d35cf4a64,gold,.eg,e23bf8c84de2edfdb585786e060eefcfb259fb20,eg_example1.eg,swh:1:cnt:e23bf8c84de2edfdb585786e060eefcfb259fb20;origin=https://github.com/pygments/pygments;path=/tests/examplefiles/earl-grey/eg_example1.eg,Earl Grey,Earl Grey (Pygments lexer `earl-grey`),Earl Grey,Pygments' maintainers (the example's directory: a lexer alias),pygments@156d85f,,,,not-in-linguist,,tests/examplefiles/earl-grey/eg_example1.eg
pyg:8ce3ddbe0ebb,gold,.ezt,fec2aa4cb5b485634faf2530aa225cc256871704,example.ezt,swh:1:cnt:fec2aa4cb5b485634faf2530aa225cc256871704;origin=https://github.com/pygments/pygments;path=/tests/examplefiles/easytrieve/example.ezt,Easytrieve,Easytrieve (Pygments lexer `easytrieve`),Easytrieve,Pygments' maintainers (the example's directory: a lexer alias),pygments@156d85f,,,,not-in-linguist,,tests/examplefiles/easytrieve/example.ezt
pyg:6fc17723d66d,gold,.mac,1c3831d1dfd2231fd1328e76eb4e9741e5c2e814,example.mac,swh:1:cnt:1c3831d1dfd2231fd1328e76eb4e9741e5c2e814;origin=https://github.com/pygments/pygments;path=/tests/examplefiles/easytrieve/example.mac,Easytrieve,Easytrieve (Pygments lexer `easytrieve`),Easytrieve,Pygments' maintainers (the example's directory: a lexer alias),pygments@156d85f,,,,not-in-linguist,,tests/examplefiles/easytrieve/example.mac
pyg:888dde56ab2c,gold,.ebnf,a96171b081e0fdc782b9573e790c687de4a0e4c8,test.ebnf,swh:1:cnt:a96171b081e0fdc782b9573e790c687de4a0e4c8;origin=https://github.com/pygments/pygments;path=/tests/examplefiles/ebnf/test.ebnf,EBNF,EBNF (Pygments lexer `ebnf`),EBNF,Pygments' maintainers (the example's directory: a lexer alias),pygments@156d85f,,,,in-linguist,data,tests/examplefiles/ebnf/test.ebnf
pyg:48f7b610e167,gold,.ec,37868b52f44e540f2ee1e7904db5b4431becb45c,test.ec,swh:1:cnt:37868b52f44e540f2ee1e7904db5b4431becb45c;origin=https://github.com/pygments/pygments;path=/tests/examplefiles/ec/test.ec,eC,eC (Pygments lexer `ec`),eC,Pygments' maintainers (the example's directory: a lexer alias),pygments@156d85f,,,,in-linguist,programming,tests/examplefiles/ec/test.ec
pyg:0a82b648ca5f,gold,.eh,1ed173fb916f303ad92dd9c0621858e23cad2699,test.eh,swh:1:cnt:1ed173fb916f303ad92dd9c0621858e23cad2699;origin=https://github.com/pygments/pygments;path=/tests/examplefiles/ec/test.eh,eC,eC (Pygments lexer `ec`),eC,Pygments' maintainers (the example's directory: a lexer alias),pygments@156d85f,,,,in-linguist,programming,tests/examplefiles/ec/test.eh
pyg:aa1122d0b580,gold,.e,2e43954bf21d8b7355ff0545e632ba8ed75124a0,example.e,swh:1:cnt:2e43954bf21d8b7355ff0545e632ba8ed75124a0;origin=https://github.com/pygments/pygments;path=/tests/examplefiles/eiffel/example.e,Eiffel,Eiffel (Pygments lexer `eiffel`),Eiffel,Pygments' maintainers (the example's directory: a lexer alias),pygments@156d85f,,,,in-linguist;ambiguous-ext,programming,tests/examplefiles/eiffel/example.e
pyg:ac4a6faf5e25,gold,.ex,ddca7f606bd7d97a494eebd42b0071af20b2e253,example.ex,swh:1:cnt:ddca7f606bd7d97a494eebd42b0071af20b2e253;origin=https://github.com/pygments/pygments;path=/tests/examplefiles/elixir/example_elixir.ex,Elixir,Elixir (Pygments lexer `elixir`),Elixir,Pygments' maintainers (the example's directory: a lexer alias),pygments@156d85f,,,,in-linguist;ambiguous-ext;renamed,programming,tests/examplefiles/elixir/example_elixir.ex
pyg:0c54659b14c0,gold,.elm,222d46e5fbe7d16917788b4f488fa2f920d29e5b,example.elm,swh:1:cnt:222d46e5fbe7d16917788b4f488fa2f920d29e5b;origin=https://github.com/pygments/pygments;path=/tests/examplefiles/elm/example.elm,Elm,Elm (Pygments lexer `elm`),Elm,Pygments' maintainers (the example's directory: a lexer alias),pygments@156d85f,,,,in-linguist,programming,tests/examplefiles/elm/example.elm
pyg:b3eea8e174f0,gold,.el,deadca6efa0bcd5ece0fc4579ba79506768ada36,subr.el,swh:1:cnt:deadca6efa0bcd5ece0fc4579ba79506768ada36;origin=https://github.com/pygments/pygments;path=/tests/examplefiles/emacs/subr.el,Emacs Lisp,EmacsLisp (Pygments lexer `emacs`),Emacs Lisp;cask;eask;elisp;emacs;EmacsLisp,Pygments' maintainers (the example's directory: a lexer alias),pygments@156d85f,,,,in-linguist,programming,tests/examplefiles/emacs/subr.el
pyg:f4f01f722463,gold,.eml,e25427f2917199a78d1996d3f6593a3446a246fc,example.eml,swh:1:cnt:e25427f2917199a78d1996d3f6593a3446a246fc;origin=https://github.com/pygments/pygments;path=/tests/examplefiles/email/example.eml,E-mail,E-mail (Pygments lexer `email`),E-mail;email;eml;mail;mbox,Pygments' maintainers (the example's directory: a lexer alias),pygments@156d85f,,,,in-linguist,data,tests/examplefiles/email/example.eml
pyg:ac3ac26cabd7,gold,.erl,d4ab482539d29e4875ccb1df1b43462c513caeea,test.erl,swh:1:cnt:d4ab482539d29e4875ccb1df1b43462c513caeea;origin=https://github.com/pygments/pygments;path=/tests/examplefiles/erlang/test.erl,Erlang,Erlang (Pygments lexer `erlang`),Erlang,Pygments' maintainers (the example's directory: a lexer alias),pygments@156d85f,,,,in-linguist,programming,tests/examplefiles/erlang/test.erl
pyg:4f15015c7932,gold,.escript,3fafb80324396e0b5e313947b0417b329e3efc9b,test.escript,swh:1:cnt:3fafb80324396e0b5e313947b0417b329e3efc9b;origin=https://github.com/pygments/pygments;path=/tests/examplefiles/erlang/test.escript,Erlang,Erlang (Pygments lexer `erlang`),Erlang,Pygments' maintainers (the example's directory: a lexer alias),pygments@156d85f,,,,in-linguist;tiny,programming,tests/examplefiles/erlang/test.escript
pyg:1da4913faf1f,gold,.evoque,5a98d3bb83786f95417a1e5f79c35266e586b128,test.evoque,swh:1:cnt:5a98d3bb83786f95417a1e5f79c35266e586b128;origin=https://github.com/pygments/pygments;path=/tests/examplefiles/evoque/test.evoque,Evoque,Evoque (Pygments lexer `evoque`),Evoque,Pygments' maintainers (the example's directory: a lexer alias),pygments@156d85f,,,,not-in-linguist,,tests/examplefiles/evoque/test.evoque
pyg:5a9f0c2c9589,gold,.exec,563bf991100c7a73270d0fd988d4db2a85731183,example.exec,swh:1:cnt:563bf991100c7a73270d0fd988d4db2a85731183;origin=https://github.com/pygments/pygments;path=/tests/examplefiles/execline/example.exec,execline,execline (Pygments lexer `execline`),execline,Pygments' maintainers (the example's directory: a lexer alias),pygments@156d85f,,,,not-in-linguist,,tests/examplefiles/execline/example.exec
pyg:bba56c96eba7,gold,.xtm,927117da4535a4229783127ea06e013ce0a079ea,example.xtm,swh:1:cnt:927117da4535a4229783127ea06e013ce0a079ea;origin=https://github.com/pygments/pygments;path=/tests/examplefiles/extempore/example.xtm,xtlang,xtlang (Pygments lexer `extempore`),xtlang,Pygments' maintainers (the example's directory: a lexer alias),pygments@156d85f,,,,not-in-linguist,,tests/examplefiles/extempore/example.xtm
pyg:bbb583969b14,gold,.n,13390611878c2e8746bc7e8a502a7beac9a0818a,example.n,swh:1:cnt:13390611878c2e8746bc7e8a502a7beac9a0818a;origin=https://github.com/pygments/pygments;path=/tests/examplefiles/ezhil/ezhil_primefactors.n,Ezhil,Ezhil (Pygments lexer `ezhil`),Ezhil,Pygments' maintainers (the example's directory: a lexer alias),pygments@156d85f,,,,not-in-linguist;ambiguous-ext;renamed,,tests/examplefiles/ezhil/ezhil_primefactors.n
pyg:505d285738b0,gold,.factor,d046e91cca4b1dc4fd236ccefcd1882674c998a1,wiki.factor,swh:1:cnt:d046e91cca4b1dc4fd236ccefcd1882674c998a1;origin=https://github.com/pygments/pygments;path=/tests/examplefiles/factor/wiki.factor,Factor,Factor (Pygments lexer `factor`),Factor,Pygments' maintainers (the example's directory: a lexer alias),pygments@156d85f,,,,in-linguist,programming,tests/examplefiles/factor/wiki.factor
pyg:bd621acf1380,gold,.fan,00e80b608b739b9acfc7ca0215602cf8d94b412e,test.fan,swh:1:cnt:00e80b608b739b9acfc7ca0215602cf8d94b412e;origin=https://github.com/pygments/pygments;path=/tests/examplefiles/fan/test.fan,Fantom,Fantom (Pygments lexer `fan`),Fantom,Pygments' maintainers (the example's directory: a lexer alias),pygments@156d85f,,,,in-linguist,programming,tests/examplefiles/fan/test.fan
pyg:d70b9e2fc916,gold,.fy,43e80c1d79972b2df8cae6992cb52a103a1afbd2,example_file.fy,swh:1:cnt:43e80c1d79972b2df8cae6992cb52a103a1afbd2;origin=https://github.com/pygments/pygments;path=/tests/examplefiles/fancy/example_file.fy,Fancy,Fancy (Pygments lexer `fancy`),Fancy,Pygments' maintainers (the example's directory: a lexer alias),pygments@156d85f,,,,in-linguist,programming,tests/examplefiles/fancy/example_file.fy
pyg:0c372a766600,gold,.flx,4c8a667b4c45ea4addbbe30736c0065b0a29bc06,test.flx,swh:1:cnt:4c8a667b4c45ea4addbbe30736c0065b0a29bc06;origin=https://github.com/pygments/pygments;path=/tests/examplefiles/felix/test.flx,Felix,Felix (Pygments lexer `felix`),Felix,Pygments' maintainers (the example's directory: a lexer alias),pygments@156d85f,,,,not-in-linguist,,tests/examplefiles/felix/test.flx
pyg:afe606896cc7,gold,.fnl,19d9c16780787917a878226a349fadf17637a637,example.fnl,swh:1:cnt:19d9c16780787917a878226a349fadf17637a637;origin=https://github.com/pygments/pygments;path=/tests/examplefiles/fennel/fennelview.fnl,Fennel,Fennel (Pygments lexer `fennel`),Fennel,Pygments' maintainers (the example's directory: a lexer alias),pygments@156d85f,,,,in-linguist;renamed,programming,tests/examplefiles/fennel/fennelview.fnl
pyg:f8caf9785021,gold,.fif,af1f94d8bab0a26c09e2b7c05d55c8ca552f027f,new-wallet-v3.fif,swh:1:cnt:af1f94d8bab0a26c09e2b7c05d55c8ca552f027f;origin=https://github.com/pygments/pygments;path=/tests/examplefiles/fift/new-wallet-v3.fif,Fift,Fift (Pygments lexer `fift`),Fift,Pygments' maintainers (the example's directory: a lexer alias),pygments@156d85f,,,,not-in-linguist,,tests/examplefiles/fift/new-wallet-v3.fif
pyg:22279440670c,gold,.fish,2cfd2c8bed81d88a0e3700c7c5df1290b66d3807,example.fish,swh:1:cnt:2cfd2c8bed81d88a0e3700c7c5df1290b66d3807;origin=https://github.com/pygments/pygments;path=/tests/examplefiles/fish/example.fish,fish,Fish (Pygments lexer `fish`),fish;Fish,Pygments' maintainers (the example's directory: a lexer alias),pygments@156d85f,,,,in-linguist,programming,tests/examplefiles/fish/example.fish
pyg:cbf80e3eda24,gold,,5ea73408159cc1b7c854140f7e3aaf85ffb11fc3,example,swh:1:cnt:5ea73408159cc1b7c854140f7e3aaf85ffb11fc3;origin=https://github.com/pygments/pygments;path=/tests/examplefiles/flatline/flatline_example,Flatline,Flatline (Pygments lexer `flatline`),Flatline,Pygments' maintainers (the example's directory: a lexer alias),pygments@156d85f,,,,not-in-linguist;renamed,,tests/examplefiles/flatline/flatline_example
pyg:516ebf4614a2,gold,.flo,2d4ab5e7c8b1d706322de4da04e2533e8083cb36,example.flo,swh:1:cnt:2d4ab5e7c8b1d706322de4da04e2533e8083cb36;origin=https://github.com/pygments/pygments;path=/tests/examplefiles/floscript/example.flo,FloScript,FloScript (Pygments lexer `floscript`),FloScript,Pygments' maintainers (the example's directory: a lexer alias),pygments@156d85f,,,,not-in-linguist,,tests/examplefiles/floscript/example.flo
pyg:4895683866c9,gold,.frt,1b09ebb0cb5356ddc96ad15b866abadbbee401be,demo.frt,swh:1:cnt:1b09ebb0cb5356ddc96ad15b866abadbbee401be;origin=https://github.com/pygments/pygments;path=/tests/examplefiles/forth/demo.frt,Forth,Forth (Pygments lexer `forth`),Forth,Pygments' maintainers (the example's directory: a lexer alias),pygments@156d85f,,,,in-linguist;tiny,programming,tests/examplefiles/forth/demo.frt
pyg:07ada2381bc4,gold,.f90,40462189d7b726810f9cf1d8a23aced280ec0169,example.f90,swh:1:cnt:40462189d7b726810f9cf1d8a23aced280ec0169;origin=https://github.com/pygments/pygments;path=/tests/examplefiles/fortran/example.f90,Fortran Free Form,Fortran (Pygments lexer `fortran`),Fortran Free Form;Fortran,Pygments' maintainers (the example's directory: a lexer alias),pygments@156d85f,,,,in-linguist,programming,tests/examplefiles/fortran/example.f90
pyg:97ed08999805,gold,.f90,441497b3050c7111b9e531636530bfbc7904ad6a,zmlrpc.f90,swh:1:cnt:441497b3050c7111b9e531636530bfbc7904ad6a;origin=https://github.com/pygments/pygments;path=/tests/examplefiles/fortran/zmlrpc.f90,Fortran Free Form,Fortran (Pygments lexer `fortran`),Fortran Free Form;Fortran,Pygments' maintainers (the example's directory: a lexer alias),pygments@156d85f,,,,in-linguist,programming,tests/examplefiles/fortran/zmlrpc.f90
pyg:201a917cd608,gold,.f,48ae920b9383b7b33400a8f26e83fcfccd2080f2,ahcon.f,swh:1:cnt:48ae920b9383b7b33400a8f26e83fcfccd2080f2;origin=https://github.com/pygments/pygments;path=/tests/examplefiles/fortranfixed/ahcon.f,Fortran,FortranFixed (Pygments lexer `fortranfixed`),Fortran;FortranFixed,Pygments' maintainers (the example's directory: a lexer alias),pygments@156d85f,,,,in-linguist;ambiguous-ext,programming,tests/examplefiles/fortranfixed/ahcon.f
pyg:4f891f6b85b4,gold,.prg,b70d9e42f49d1ed93f00c99be0022f68dbbb917a,example.prg,swh:1:cnt:b70d9e42f49d1ed93f00c99be0022f68dbbb917a;origin=https://github.com/pygments/pygments;path=/tests/examplefiles/foxpro/example.prg,xBase,FoxPro (Pygments lexer `foxpro`),xBase;advpl;clipper;foxpro;FoxPro,Pygments' maintainers (the example's directory: a lexer alias),pygments@156d85f,,,,in-linguist,programming,tests/examplefiles/foxpro/example.prg
pyg:0cb3522e7b70,gold,.edp,d4313338c79d33ffb1b76811b7a6f6130a9eecae,example.edp,swh:1:cnt:d4313338c79d33ffb1b76811b7a6f6130a9eecae;origin=https://github.com/pygments/pygments;path=/tests/examplefiles/freefem/freefem.edp,Freefem,Freefem (Pygments lexer `freefem`),Freefem,Pygments' maintainers (the example's directory: a lexer alias),pygments@156d85f,,,,not-in-linguist;renamed,,tests/examplefiles/freefem/freefem.edp
pyg:f2ea7d6daa8d,gold,.fs,7d3680ecdbb97aa4814bab21d275506619a970b6,Deflate.fs,swh:1:cnt:7d3680ecdbb97aa4814bab21d275506619a970b6;origin=https://github.com/pygments/pygments;path=/tests/examplefiles/fsharp/Deflate.fs,F#,F# (Pygments lexer `fsharp`),F#;fsharp,Pygments' maintainers (the example's directory: a lexer alias),pygments@156d85f,,,,in-linguist;ambiguous-ext,programming,tests/examplefiles/fsharp/Deflate.fs
pyg:1faa4c6d8928,gold,.fst,d796a7ee82c365d9c4e11610261ffca3b88ef691,example.fst,swh:1:cnt:d796a7ee82c365d9c4e11610261ffca3b88ef691;origin=https://github.com/pygments/pygments;path=/tests/examplefiles/fstar/example.fst,F*,FStar (Pygments lexer `fstar`),F*;fstar;FStar,Pygments' maintainers (the example's directory: a lexer alias),pygments@156d85f,,,,in-linguist,programming,tests/examplefiles/fstar/example.fst
pyg:6c31d4aefe3f,gold,.fc,b196a6b4916e6c4e90e93df9fadedb53931e0259,test.fc,swh:1:cnt:b196a6b4916e6c4e90e93df9fadedb53931e0259;origin=https://github.com/pygments/pygments;path=/tests/examplefiles/func/test.fc,FunC,FunC (Pygments lexer `func`),FunC,Pygments' maintainers (the example's directory: a lexer alias),pygments@156d85f,,,,not-in-linguist,,tests/examplefiles/func/test.fc
pyg:368861d015c6,gold,.fut,2ad7b9592b5c2bbe10e05703b45da79b20b924f3,example.fut,swh:1:cnt:2ad7b9592b5c2bbe10e05703b45da79b20b924f3;origin=https://github.com/pygments/pygments;path=/tests/examplefiles/futhark/example.fut,Futhark,Futhark (Pygments lexer `futhark`),Futhark,Pygments' maintainers (the example's directory: a lexer alias),pygments@156d85f,,,,in-linguist,programming,tests/examplefiles/futhark/example.fut
pyg:b1ecf5281acd,gold,.gd,c285ea32e5ed5e79157413c4256951c2c1c79f94,example.gd,swh:1:cnt:c285ea32e5ed5e79157413c4256951c2c1c79f94;origin=https://github.com/pygments/pygments;path=/tests/examplefiles/gap/example.gd,GAP,GAP (Pygments lexer `gap`),GAP,Pygments' maintainers (the example's directory: a lexer alias),pygments@156d85f,,,,in-linguist;ambiguous-ext;linguist-sample;seen-in-training,programming,tests/examplefiles/gap/example.gd
pyg:44eb76afcd14,gold,.gi,c9c5e55d3535e918e8f949511decf4a9d5b65032,example.gi,swh:1:cnt:c9c5e55d3535e918e8f949511decf4a9d5b65032;origin=https://github.com/pygments/pygments;path=/tests/examplefiles/gap/example.gi,GAP,GAP (Pygments lexer `gap`),GAP,Pygments' maintainers (the example's directory: a lexer alias),pygments@156d85f,,,,in-linguist;linguist-sample;seen-in-training,programming,tests/examplefiles/gap/example.gi
pyg:606478ffcc6c,gold,.gcode,6d27cda3f2fa56ca735868adfb3d1e8c2c4071d0,SupportLogo.gcode,swh:1:cnt:6d27cda3f2fa56ca735868adfb3d1e8c2c4071d0;origin=https://github.com/pygments/pygments;path=/tests/examplefiles/gcode/SupportLogo.gcode,G-code,g-code (Pygments lexer `gcode`),G-code;g-code,Pygments' maintainers (the example's directory: a lexer alias),pygments@156d85f,,,,in-linguist,programming,tests/examplefiles/gcode/SupportLogo.gcode
pyg:ec0784a755f2,gold,.gcode,91d44da4268d377ad2706646f7a814e7ba567312,boomerangv4.gcode,swh:1:cnt:91d44da4268d377ad2706646f7a814e7ba567312;origin=https://github.com/pygments/pygments;path=/tests/examplefiles/gcode/boomerangv4.gcode,G-code,g-code (Pygments lexer `gcode`),G-code;g-code,Pygments' maintainers (the example's directory: a lexer alias),pygments@156d85f,,,,in-linguist,programming,tests/examplefiles/gcode/boomerangv4.gcode
pyg:976c362cfba5,gold,.gd,9db4489c121a94f64968a80d6054e354e61d4c0d,example.gd,swh:1:cnt:9db4489c121a94f64968a80d6054e354e61d4c0d;origin=https://github.com/pygments/pygments;path=/tests/examplefiles/gdscript/gdscript_example.gd,GDScript,GDScript (Pygments lexer `gdscript`),GDScript,Pygments' maintainers (the example's directory: a lexer alias),pygments@156d85f,,,,in-linguist;ambiguous-ext;renamed,programming,tests/examplefiles/gdscript/gdscript_example.gd
pyg:1dc4f940d4f2,gold,.kid,8576b04237f2b585b7a918fd436ab4df392c64cf,example.kid,swh:1:cnt:8576b04237f2b585b7a918fd436ab4df392c64cf;origin=https://github.com/pygments/pygments;path=/tests/examplefiles/genshi/genshi_example.xml+genshi.kid,Genshi,Genshi (Pygments lexer `genshi`),Genshi;xml+genshi;xml+kid,Pygments' maintainers (the example's directory: a lexer alias),pygments@156d85f,,,,in-linguist;renamed,programming,tests/examplefiles/genshi/genshi_example.xml+genshi.kid
pyg:e925feef5ec0,gold,.genshitext,b82708d283b904bc912696ddfaad82fb025c2ec2,example.genshitext,swh:1:cnt:b82708d283b904bc912696ddfaad82fb025c2ec2;origin=https://github.com/pygments/pygments;path=/tests/examplefiles/genshitext/genshitext_example.genshitext,Genshi Text,Genshi Text (Pygments lexer `genshitext`),Genshi Text,Pygments' maintainers (the example's directory: a lexer alias),pygments@156d85f,,,,not-in-linguist;renamed,,tests/examplefiles/genshitext/genshitext_example.genshitext
pyg:f12ac1149052,gold,.gleam,ea0df6ebae205bab982bcc809a72e33c8d1c822b,example.gleam,swh:1:cnt:ea0df6ebae205bab982bcc809a72e33c8d1c822b;origin=https://github.com/pygments/pygments;path=/tests/examplefiles/gleam/gleam.gleam,Gleam,Gleam (Pygments lexer `gleam`),Gleam,Pygments' maintainers (the example's directory: a lexer alias),pygments@156d85f,,,,in-linguist;renamed,programming,tests/examplefiles/gleam/gleam.gleam
pyg:e807ab90d027,gold,.frag,6f4befabbd1dc0eba50a61927972310876a760d6,example.frag,swh:1:cnt:6f4befabbd1dc0eba50a61927972310876a760d6;origin=https://github.com/pygments/pygments;path=/tests/examplefiles/glsl/glsl.frag,GLSL,GLSL (Pygments lexer `glsl`),GLSL,Pygments' maintainers (the example's directory: a lexer alias),pygments@156d85f,,,,in-linguist;ambiguous-ext;renamed,programming,tests/examplefiles/glsl/glsl.frag
pyg:ddf18748b57d,gold,.vert,e658fd4df4198daf4d3b8835c0361ce2bd20e814,example.vert,swh:1:cnt:e658fd4df4198daf4d3b8835c0361ce2bd20e814;origin=https://github.com/pygments/pygments;path=/tests/examplefiles/glsl/glsl.vert,GLSL,GLSL (Pygments lexer `glsl`),GLSL,Pygments' maintainers (the example's directory: a lexer alias),pygments@156d85f,,,,in-linguist;renamed,programming,tests/examplefiles/glsl/glsl.vert
pyg:f8697ded3dcf,gold,.plot,cef0f908e05f3135061d70fc79cb813f499736a3,test.plot,swh:1:cnt:cef0f908e05f3135061d70fc79cb813f499736a3;origin=https://github.com/pygments/pygments;path=/tests/examplefiles/gnuplot/test.plot,Gnuplot,Gnuplot (Pygments lexer `gnuplot`),Gnuplot,Pygments' maintainers (the example's directory: a lexer alias),pygments@156d85f,,,,in-linguist,programming,tests/examplefiles/gnuplot/test.plot
pyg:d39db06c1d6d,gold,.go,dc423b46e717ea493a6e013049a1e67b9b6d9e21,3199.go,swh:1:cnt:dc423b46e717ea493a6e013049a1e67b9b6d9e21;origin=https://github.com/pygments/pygments;path=/tests/examplefiles/go/3199.go,Go,Go (Pygments lexer `go`),Go;golang,Pygments' maintainers (the example's directory: a lexer alias),pygments@156d85f,,,,in-linguist,programming,tests/examplefiles/go/3199.go
pyg:4d6bdf9e273b,gold,.go,be88160f476ae9b349b7c2e06b0aa49a3412de5a,generics.go,swh:1:cnt:be88160f476ae9b349b7c2e06b0aa49a3412de5a;origin=https://github.com/pygments/pygments;path=/tests/examplefiles/go/generics.go,Go,Go (Pygments lexer `go`),Go;golang,Pygments' maintainers (the example's directory: a lexer alias),pygments@156d85f,,,,in-linguist,programming,tests/examplefiles/go/generics.go
pyg:95439b0e82a3,gold,.go,d4bef4d18af23cfbaac22a2774de006728c82a71,unicode.go,swh:1:cnt:d4bef4d18af23cfbaac22a2774de006728c82a71;origin=https://github.com/pygments/pygments;path=/tests/examplefiles/go/unicode.go,Go,Go (Pygments lexer `go`),Go;golang,Pygments' maintainers (the example's directory: a lexer alias),pygments@156d85f,,,,in-linguist,programming,tests/examplefiles/go/unicode.go
pyg:423fff36cb44,gold,.golo,92ff78b59c9f7ac7ccf6bc22b94c267f12f943c1,example.golo,swh:1:cnt:92ff78b59c9f7ac7ccf6bc22b94c267f12f943c1;origin=https://github.com/pygments/pygments;path=/tests/examplefiles/golo/example.golo,Golo,Golo (Pygments lexer `golo`),Golo,Pygments' maintainers (the example's directory: a lexer alias),pygments@156d85f,,,,in-linguist,programming,tests/examplefiles/golo/example.golo
pyg:5f7cf4a53662,gold,.golo,7e8ca214f5d8f597e68a4afbb021f21e056c0af4,hello.golo,swh:1:cnt:7e8ca214f5d8f597e68a4afbb021f21e056c0af4;origin=https://github.com/pygments/pygments;path=/tests/examplefiles/golo/hello.golo,Golo,Golo (Pygments lexer `golo`),Golo,Pygments' maintainers (the example's directory: a lexer alias),pygments@156d85f,,,,in-linguist;tiny,programming,tests/examplefiles/golo/hello.golo
pyg:fcbea2bd3277,gold,.gdc,c7e36b8132ba0261d3154a20be3769cb838ee1e4,test.gdc,swh:1:cnt:c7e36b8132ba0261d3154a20be3769cb838ee1e4;origin=https://github.com/pygments/pygments;path=/tests/examplefiles/gooddata-cl/test.gdc,GoodData-CL,GoodData-CL (Pygments lexer `gooddata-cl`),GoodData-CL,Pygments' maintainers (the example's directory: a lexer alias),pygments@156d85f,,,,not-in-linguist,,tests/examplefiles/gooddata-cl/test.gdc
pyg:2dbdbba61def,gold,.gs,eb8372d6b3693063edfdcbe0633dd6299dc1cc98,example.gs,swh:1:cnt:eb8372d6b3693063edfdcbe0633dd6299dc1cc98;origin=https://github.com/pygments/pygments;path=/tests/examplefiles/gosu/example.gs,Gosu,Gosu (Pygments lexer `gosu`),Gosu,Pygments' maintainers (the example's directory: a lexer alias),pygments@156d85f,,,,in-linguist;ambiguous-ext;linguist-sample;seen-in-training,programming,tests/examplefiles/gosu/example.gs
pyg:af4c680aa42f,gold,.graphql,d4aef93a1a957b1c600372734741c421871db070,ex01_field1.graphql,swh:1:cnt:d4aef93a1a957b1c600372734741c421871db070;origin=https://github.com/pygments/pygments;path=/tests/examplefiles/graphql/ex01_field1.graphql,GraphQL,GraphQL (Pygments lexer `graphql`),GraphQL,Pygments' maintainers (the example's directory: a lexer alias),pygments@156d85f,,,,in-linguist,data,tests/examplefiles/graphql/ex01_field1.graphql
pyg:b8baf3ebeae6,gold,.graphql,68f1695b726858aaf341d839e18124665de4815f,ex02_field2.graphql,swh:1:cnt:68f1695b726858aaf341d839e18124665de4815f;origin=https://github.com/pygments/pygments;path=/tests/examplefiles/graphql/ex02_field2.graphql,GraphQL,GraphQL (Pygments lexer `graphql`),GraphQL,Pygments' maintainers (the example's directory: a lexer alias),pygments@156d85f,,,,in-linguist,data,tests/examplefiles/graphql/ex02_field2.graphql
pyg:b594a7790b88,gold,.graphql,e46bcbe2a4453d97c3351f76730159ae17943478,ex03_arguments1.graphql,swh:1:cnt:e46bcbe2a4453d97c3351f76730159ae17943478;origin=https://github.com/pygments/pygments;path=/tests/examplefiles/graphql/ex03_arguments1.graphql,GraphQL,GraphQL (Pygments lexer `graphql`),GraphQL,Pygments' maintainers (the example's directory: a lexer alias),pygments@156d85f,,,,in-linguist,data,tests/examplefiles/graphql/ex03_arguments1.graphql
pyg:fa073b34fdac,gold,.graphql,f406f6377e348da0d63b509967006b78dea9a889,ex04_arguments2.graphql,swh:1:cnt:f406f6377e348da0d63b509967006b78dea9a889;origin=https://github.com/pygments/pygments;path=/tests/examplefiles/graphql/ex04_arguments2.graphql,GraphQL,GraphQL (Pygments lexer `graphql`),GraphQL,Pygments' maintainers (the example's directory: a lexer alias),pygments@156d85f,,,,in-linguist,data,tests/examplefiles/graphql/ex04_arguments2.graphql
pyg:52e853061a20,gold,.graphql,a21db69e469e0f8972d3102d612bf498c0ed5ce2,ex05_aliases.graphql,swh:1:cnt:a21db69e469e0f8972d3102d612bf498c0ed5ce2;origin=https://github.com/pygments/pygments;path=/tests/examplefiles/graphql/ex05_aliases.graphql,GraphQL,GraphQL (Pygments lexer `graphql`),GraphQL,Pygments' maintainers (the example's directory: a lexer alias),pygments@156d85f,,,,in-linguist,data,tests/examplefiles/graphql/ex05_aliases.graphql
pyg:da04065ca033,gold,.graphql,7c2783e79aaef4c0a3974e06ed3cefd5123f9311,ex06_fragments1.graphql,swh:1:cnt:7c2783e79aaef4c0a3974e06ed3cefd5123f9311;origin=https://github.com/pygments/pygments;path=/tests/examplefiles/graphql/ex06_fragments1.graphql,GraphQL,GraphQL (Pygments lexer `graphql`),GraphQL,Pygments' maintainers (the example's directory: a lexer alias),pygments@156d85f,,,,in-linguist,data,tests/examplefiles/graphql/ex06_fragments1.graphql
pyg:f3536bfc2b6c,gold,.graphql,f9294954e1fa10eb7af073d2eb9a413559cd1f3d,ex07_fragments2.graphql,swh:1:cnt:f9294954e1fa10eb7af073d2eb9a413559cd1f3d;origin=https://github.com/pygments/pygments;path=/tests/examplefiles/graphql/ex07_fragments2.graphql,GraphQL,GraphQL (Pygments lexer `graphql`),GraphQL,Pygments' maintainers (the example's directory: a lexer alias),pygments@156d85f,,,,in-linguist,data,tests/examplefiles/graphql/ex07_fragments2.graphql
pyg:696870ba1d07,gold,.graphql,13c21a623d9afb8af84358ac79e2ad20551064bb,ex08_operation_name.graphql,swh:1:cnt:13c21a623d9afb8af84358ac79e2ad20551064bb;origin=https://github.com/pygments/pygments;path=/tests/examplefiles/graphql/ex08_operation_name.graphql,GraphQL,GraphQL (Pygments lexer `graphql`),GraphQL,Pygments' maintainers (the example's directory: a lexer alias),pygments@156d85f,,,,in-linguist,data,tests/examplefiles/graphql/ex08_operation_name.graphql
pyg:d3740265278f,gold,.graphql,5f0f4ef1713b19bfaa1cf9d66d43b81d9883c87b,ex09_variables1.graphql,swh:1:cnt:5f0f4ef1713b19bfaa1cf9d66d43b81d9883c87b;origin=https://github.com/pygments/pygments;path=/tests/examplefiles/graphql/ex09_variables1.graphql,GraphQL,GraphQL (Pygments lexer `graphql`),GraphQL,Pygments' maintainers (the example's directory: a lexer alias),pygments@156d85f,,,,in-linguist,data,tests/examplefiles/graphql/ex09_variables1.graphql
pyg:bf2970da5015,gold,.graphql,3db6cc711babe56dc2a6b0a22d14599a687aa6c6,ex10_variables2.graphql,swh:1:cnt:3db6cc711babe56dc2a6b0a22d14599a687aa6c6;origin=https://github.com/pygments/pygments;path=/tests/examplefiles/graphql/ex10_variables2.graphql,GraphQL,GraphQL (Pygments lexer `graphql`),GraphQL,Pygments' maintainers (the example's directory: a lexer alias),pygments@156d85f,,,,in-linguist,data,tests/examplefiles/graphql/ex10_variables2.graphql
pyg:565b1e9f3605,gold,.graphql,9f0b76f189fa724609974b2b6a8330456d5fc2ee,ex11_directives.graphql,swh:1:cnt:9f0b76f189fa724609974b2b6a8330456d5fc2ee;origin=https://github.com/pygments/pygments;path=/tests/examplefiles/graphql/ex11_directives.graphql,GraphQL,GraphQL (Pygments lexer `graphql`),GraphQL,Pygments' maintainers (the example's directory: a lexer alias),pygments@156d85f,,,,in-linguist,data,tests/examplefiles/graphql/ex11_directives.graphql
pyg:70e704536d49,gold,.graphql,c82d383db9dff23df9d681bddfe3e71c6abbf719,ex12_mutations.graphql,swh:1:cnt:c82d383db9dff23df9d681bddfe3e71c6abbf719;origin=https://github.com/pygments/pygments;path=/tests/examplefiles/graphql/ex12_mutations.graphql,GraphQL,GraphQL (Pygments lexer `graphql`),GraphQL,Pygments' maintainers (the example's directory: a lexer alias),pygments@156d85f,,,,in-linguist,data,tests/examplefiles/graphql/ex12_mutations.graphql
pyg:7e9aff84fba7,gold,.graphql,df261926d42be75aa6348ff4b2e87f01c08041b2,ex13_inline_fragments1.graphql,swh:1:cnt:df261926d42be75aa6348ff4b2e87f01c08041b2;origin=https://github.com/pygments/pygments;path=/tests/examplefiles/graphql/ex13_inline_fragments1.graphql,GraphQL,GraphQL (Pygments lexer `graphql`),GraphQL,Pygments' maintainers (the example's directory: a lexer alias),pygments@156d85f,,,,in-linguist,data,tests/examplefiles/graphql/ex13_inline_fragments1.graphql
pyg:36f28a6474ef,gold,.graphql,f756edc452e046e34d29992772fa25d1bcbdbfcc,ex14_inline_fragments2.graphql,swh:1:cnt:f756edc452e046e34d29992772fa25d1bcbdbfcc;origin=https://github.com/pygments/pygments;path=/tests/examplefiles/graphql/ex14_inline_fragments2.graphql,GraphQL,GraphQL (Pygments lexer `graphql`),GraphQL,Pygments' maintainers (the example's directory: a lexer alias),pygments@156d85f,,,,in-linguist,data,tests/examplefiles/graphql/ex14_inline_fragments2.graphql
pyg:a13a6dd7bf58,gold,.gv,7fcec8b0013e2fb1b308098994b4e6e05686f8a8,example.gv,swh:1:cnt:7fcec8b0013e2fb1b308098994b4e6e05686f8a8;origin=https://github.com/pygments/pygments;path=/tests/examplefiles/graphviz/graphviz-dot.gv,Graphviz (DOT),Graphviz (Pygments lexer `graphviz`),Graphviz (DOT);Graphviz,Pygments' maintainers (the example's directory: a lexer alias),pygments@156d85f,,,,in-linguist;renamed,data,tests/examplefiles/graphviz/graphviz-dot.gv
pyg:6a78bc7dabcc,gold,.1,5f80f0d016b5d9876f72ad86432fd4e5c0671491,perlfunc.1,swh:1:cnt:5f80f0d016b5d9876f72ad86432fd4e5c0671491;origin=https://github.com/pygments/pygments;path=/tests/examplefiles/groff/perlfunc.1,Roff,Groff (Pygments lexer `groff`),Roff;groff;man;manpage;man page;man-page;mdoc;nroff;troff;Groff,Pygments' maintainers (the example's directory: a lexer alias),pygments@156d85f,,,,in-linguist;ambiguous-ext,markup,tests/examplefiles/groff/perlfunc.1
pyg:691b7053c1ab,gold,.groovy,25ef2eabf4d396220a19ad3557e493d79f552df5,example.groovy,swh:1:cnt:25ef2eabf4d396220a19ad3557e493d79f552df5;origin=https://github.com/pygments/pygments;path=/tests/examplefiles/groovy/example.groovy,Groovy,Groovy (Pygments lexer `groovy`),Groovy,Pygments' maintainers (the example's directory: a lexer alias),pygments@156d85f,,,,in-linguist;tiny;linguist-sample;seen-in-training,programming,tests/examplefiles/groovy/example.groovy
pyg:93b2be108953,gold,.groovy,a51aee65d5b8018822c6ff015ed1fbcb76fff7b8,quoted.groovy,swh:1:cnt:a51aee65d5b8018822c6ff015ed1fbcb76fff7b8;origin=https://github.com/pygments/pygments;path=/tests/examplefiles/groovy/quoted.groovy,Groovy,Groovy (Pygments lexer `groovy`),Groovy,Pygments' maintainers (the example's directory: a lexer alias),pygments@156d85f,,,,in-linguist;tiny,programming,tests/examplefiles/groovy/quoted.groovy
pyg:944286e76287,gold,.gradle,0bc834c1ea0fe0903894a88db0d71e227623b80e,test.gradle,swh:1:cnt:0bc834c1ea0fe0903894a88db0d71e227623b80e;origin=https://github.com/pygments/pygments;path=/tests/examplefiles/groovy/test.gradle,Groovy,Groovy (Pygments lexer `groovy`),Groovy,Pygments' maintainers (the example's directory: a lexer alias),pygments@156d85f,,,,in-linguist,programming,tests/examplefiles/groovy/test.gradle
pyg:d53996955ed4,gold,.groovy,903863d27c72baa98c948c5fb741f1b6e43bea03,test.groovy,swh:1:cnt:903863d27c72baa98c948c5fb741f1b6e43bea03;origin=https://github.com/pygments/pygments;path=/tests/examplefiles/groovy/test.groovy,Groovy,Groovy (Pygments lexer `groovy`),Groovy,Pygments' maintainers (the example's directory: a lexer alias),pygments@156d85f,,,,in-linguist,programming,tests/examplefiles/groovy/test.groovy
pyg:7000fcb30edc,gold,.gsql,9b8477bf10eb01963df8894709566a6aac304a69,test.gsql,swh:1:cnt:9b8477bf10eb01963df8894709566a6aac304a69;origin=https://github.com/pygments/pygments;path=/tests/examplefiles/gsql/test.gsql,GSQL,GSQL (Pygments lexer `gsql`),GSQL,Pygments' maintainers (the example's directory: a lexer alias),pygments@156d85f,,,,not-in-linguist,,tests/examplefiles/gsql/test.gsql
pyg:b8bf51408e01,gold,.gst,55fedb4fc51e9b23d032e4381f828314ac4ad607,example.gst,swh:1:cnt:55fedb4fc51e9b23d032e4381f828314ac4ad607;origin=https://github.com/pygments/pygments;path=/tests/examplefiles/gst/example.gst,Gosu Template,Gosu Template (Pygments lexer `gst`),Gosu Template,Pygments' maintainers (the example's directory: a lexer alias),pygments@156d85f,,,,not-in-linguist;ambiguous-ext;tiny,,tests/examplefiles/gst/example.gst
pyg:07985a38b483,gold,.hs,9e3e771822ee312245df9fafc2a765b2fa594a95,AcidStateAdvanced.hs,swh:1:cnt:9e3e771822ee312245df9fafc2a765b2fa594a95;origin=https://github.com/pygments/pygments;path=/tests/examplefiles/haskell/AcidStateAdvanced.hs,Haskell,Haskell (Pygments lexer `haskell`),Haskell,Pygments' maintainers (the example's directory: a lexer alias),pygments@156d85f,,,,in-linguist,programming,tests/examplefiles/haskell/AcidStateAdvanced.hs
pyg:710de540ad1b,gold,.hs,36c39efc8b7e2316f57e3c68427358f243547eb7,SmallCheck.hs,swh:1:cnt:36c39efc8b7e2316f57e3c68427358f243547eb7;origin=https://github.com/pygments/pygments;path=/tests/examplefiles/haskell/SmallCheck.hs,Haskell,Haskell (Pygments lexer `haskell`),Haskell,Pygments' maintainers (the example's directory: a lexer alias),pygments@156d85f,,,,in-linguist,programming,tests/examplefiles/haskell/SmallCheck.hs
pyg:c612d1794d72,gold,.hs,8c43b553311cd743a3fd2dd21f27f37f36da008e,example.hs,swh:1:cnt:8c43b553311cd743a3fd2dd21f27f37f36da008e;origin=https://github.com/pygments/pygments;path=/tests/examplefiles/haskell/example.hs,Haskell,Haskell (Pygments lexer `haskell`),Haskell,Pygments' maintainers (the example's directory: a lexer alias),pygments@156d85f,,,,in-linguist,programming,tests/examplefiles/haskell/example.hs
pyg:795241f9bb2c,gold,.hlsl,0d30528953fdeca8dbd0672d461033073b7e0451,example.hlsl,swh:1:cnt:0d30528953fdeca8dbd0672d461033073b7e0451;origin=https://github.com/pygments/pygments;path=/tests/examplefiles/hlsl/example.hlsl,HLSL,HLSL (Pygments lexer `hlsl`),HLSL,Pygments' maintainers (the example's directory: a lexer alias),pygments@156d85f,,,,in-linguist,programming,tests/examplefiles/hlsl/example.hlsl
pyg:471e3a56aa0c,gold,.hsail,f9c250911a8e2612676fac15bef77d4a561084c2,test.hsail,swh:1:cnt:f9c250911a8e2612676fac15bef77d4a561084c2;origin=https://github.com/pygments/pygments;path=/tests/examplefiles/hsail/test.hsail,HSAIL,HSAIL (Pygments lexer `hsail`),HSAIL,Pygments' maintainers (the example's directory: a lexer alias),pygments@156d85f,,,,not-in-linguist,,tests/examplefiles/hsail/test.hsail
pyg:31a81f3195b3,gold,.hbs,ae80cc1b613834904aec7f46ede68c952d68b959,demo.hbs,swh:1:cnt:ae80cc1b613834904aec7f46ede68c952d68b959;origin=https://github.com/pygments/pygments;path=/tests/examplefiles/html+handlebars/demo.hbs,Handlebars,HTML+Handlebars (Pygments lexer `html+handlebars`),Handlebars;hbs;htmlbars;HTML+Handlebars,Pygments' maintainers (the example's directory: a lexer alias),pygments@156d85f,,,,in-linguist,markup,tests/examplefiles/html+handlebars/demo.hbs
pyg:48190c2988bd,gold,.handlebars,515dffbd0ee2af0d215a57d44eae3eafc48aafc8,ember.handlebars,swh:1:cnt:515dffbd0ee2af0d215a57d44eae3eafc48aafc8;origin=https://github.com/pygments/pygments;path=/tests/examplefiles/html+handlebars/ember.handlebars,Handlebars,HTML+Handlebars (Pygments lexer `html+handlebars`),Handlebars;hbs;htmlbars;HTML+Handlebars,Pygments' maintainers (the example's directory: a lexer alias),pygments@156d85f,,,,in-linguist,markup,tests/examplefiles/html+handlebars/ember.handlebars
pyg:1c9cee38c933,gold,.ng2,0f424acad730ebc372f22943ccedd01e03fb30d6,example.ng2,swh:1:cnt:0f424acad730ebc372f22943ccedd01e03fb30d6;origin=https://github.com/pygments/pygments;path=/tests/examplefiles/html+ng2/example.ng2,HTML + Angular2,HTML + Angular2 (Pygments lexer `html+ng2`),HTML + Angular2,Pygments' maintainers (the example's directory: a lexer alias),pygments@156d85f,,,,not-in-linguist,,tests/examplefiles/html+ng2/example.ng2
pyg:837eb6891ddc,gold,.phtml,b3d9bbc7f3711e882119cd6b3af051245d859d04,example.phtml,swh:1:cnt:b3d9bbc7f3711e882119cd6b3af051245d859d04;origin=https://github.com/pygments/pygments;path=/tests/examplefiles/html+php/html+php_faulty.phtml,HTML+PHP,HTML+PHP (Pygments lexer `html+php`),HTML+PHP,Pygments' maintainers (the example's directory: a lexer alias),pygments@156d85f,,,,in-linguist;tiny;renamed,markup,tests/examplefiles/html+php/html+php_faulty.phtml
pyg:c8ce308059d2,gold,.xhtml,5b1c5823be3735cc449fa8b14df35e5cc47ba7db,example.xhtml,swh:1:cnt:5b1c5823be3735cc449fa8b14df35e5cc47ba7db;origin=https://github.com/pygments/pygments;path=/tests/examplefiles/html/example.xhtml,HTML,HTML (Pygments lexer `html`),HTML;xhtml,Pygments' maintainers (the example's directory: a lexer alias),pygments@156d85f,,,,in-linguist,markup,tests/examplefiles/html/example.xhtml
pyg:4a6d8dd47e07,gold,.html,b22f0c61f41b0e4945594ea517f73079fde7de3b,test.html,swh:1:cnt:b22f0c61f41b0e4945594ea517f73079fde7de3b;origin=https://github.com/pygments/pygments;path=/tests/examplefiles/html/test.html,HTML,HTML (Pygments lexer `html`),HTML;xhtml,Pygments' maintainers (the example's directory: a lexer alias),pygments@156d85f,,,,in-linguist;ambiguous-ext,markup,tests/examplefiles/html/test.html
pyg:e7252f122ee4,gold,,675d169191686f997df5453edb048f5868e23156,example,swh:1:cnt:675d169191686f997df5453edb048f5868e23156;origin=https://github.com/pygments/pygments;path=/tests/examplefiles/http/http_request_example,HTTP,HTTP (Pygments lexer `http`),HTTP,Pygments' maintainers (the example's directory: a lexer alias),pygments@156d85f,,,,in-linguist;renamed,data,tests/examplefiles/http/http_request_example
pyg:f641759bbee3,gold,,51340ca4771869ea633695d9387fa5aab8261280,example,swh:1:cnt:51340ca4771869ea633695d9387fa5aab8261280;origin=https://github.com/pygments/pygments;path=/tests/examplefiles/http/http_response_example,HTTP,HTTP (Pygments lexer `http`),HTTP,Pygments' maintainers (the example's directory: a lexer alias),pygments@156d85f,,,,in-linguist;renamed,data,tests/examplefiles/http/http_response_example
pyg:b6af5370c33d,gold,.hx,13b21f260f43ca85707a1ad52d8842e386277921,OrderedMap.hx,swh:1:cnt:13b21f260f43ca85707a1ad52d8842e386277921;origin=https://github.com/pygments/pygments;path=/tests/examplefiles/hx/OrderedMap.hx,Haxe,Haxe (Pygments lexer `hx`),Haxe,Pygments' maintainers (the example's directory: a lexer alias),pygments@156d85f,,,,in-linguist,programming,tests/examplefiles/hx/OrderedMap.hx
pyg:458035212b28,gold,.hx,7584fc81e0e7345cc5e735db1ecf89ff93ce8e7f,example.hx,swh:1:cnt:7584fc81e0e7345cc5e735db1ecf89ff93ce8e7f;origin=https://github.com/pygments/pygments;path=/tests/examplefiles/hx/example.hx,Haxe,Haxe (Pygments lexer `hx`),Haxe,Pygments' maintainers (the example's directory: a lexer alias),pygments@156d85f,,,,in-linguist,programming,tests/examplefiles/hx/example.hx
pyg:4e8cd689232a,gold,.hyb,9c86c641f3eec3145abae2c3ffc2aefd8cb431d8,example.hyb,swh:1:cnt:9c86c641f3eec3145abae2c3ffc2aefd8cb431d8;origin=https://github.com/pygments/pygments;path=/tests/examplefiles/hybris/hybris_File.hyb,Hybris,Hybris (Pygments lexer `hybris`),Hybris,Pygments' maintainers (the example's directory: a lexer alias),pygments@156d85f,,,,not-in-linguist;renamed,,tests/examplefiles/hybris/hybris_File.hyb
pyg:0cbc84e6b256,gold,.hy,d597114e441863237f9d2cc364bb164444661264,language.hy,swh:1:cnt:d597114e441863237f9d2cc364bb164444661264;origin=https://github.com/pygments/pygments;path=/tests/examplefiles/hylang/language.hy,Hy,Hy (Pygments lexer `hylang`),Hy;hylang,Pygments' maintainers (the example's directory: a lexer alias),pygments@156d85f,,,,in-linguist,programming,tests/examplefiles/hylang/language.hy
pyg:51b491935d2d,gold,.i6t,0f41b425db35a2370cc15c019a1980c32ae3fb45,example.i6t,swh:1:cnt:0f41b425db35a2370cc15c019a1980c32ae3fb45;origin=https://github.com/pygments/pygments;path=/tests/examplefiles/i6t/example.i6t,Inform 6 template,Inform 6 template (Pygments lexer `i6t`),Inform 6 template,Pygments' maintainers (the example's directory: a lexer alias),pygments@156d85f,,,,not-in-linguist,,tests/examplefiles/i6t/example.i6t
pyg:e581f73a9b83,gold,.icon,29bc548bc805c81cc2d19703926207c66b498744,example.icon,swh:1:cnt:29bc548bc805c81cc2d19703926207c66b498744;origin=https://github.com/pygments/pygments;path=/tests/examplefiles/icon/example.icon,Icon,Icon (Pygments lexer `icon`),Icon,Pygments' maintainers (the example's directory: a lexer alias),pygments@156d85f,,,,not-in-linguist,,tests/examplefiles/icon/example.icon
pyg:67171ba819b1,gold,.pro,814d510d529dba6ec5436d39e37e5e1b8c66d633,example.pro,swh:1:cnt:814d510d529dba6ec5436d39e37e5e1b8c66d633;origin=https://github.com/pygments/pygments;path=/tests/examplefiles/idl/idl_sample.pro,IDL,IDL (Pygments lexer `idl`),IDL,Pygments' maintainers (the example's directory: a lexer alias),pygments@156d85f,,,,in-linguist;ambiguous-ext;renamed,programming,tests/examplefiles/idl/idl_sample.pro
pyg:28f9a994b251,gold,.idr,fd008d31c81db4dd201b84f11cae5194bfea8d03,test.idr,swh:1:cnt:fd008d31c81db4dd201b84f11cae5194bfea8d03;origin=https://github.com/pygments/pygments;path=/tests/examplefiles/idris/test.idr,Idris,Idris (Pygments lexer `idris`),Idris,Pygments' maintainers (the example's directory: a lexer alias),pygments@156d85f,,,,in-linguist,programming,tests/examplefiles/idris/test.idr
pyg:5a2f9c62799b,gold,.inf,3e8cbd8687cd1b8b05e5c2ce849cbd00166077ee,example.inf,swh:1:cnt:3e8cbd8687cd1b8b05e5c2ce849cbd00166077ee;origin=https://github.com/pygments/pygments;path=/tests/examplefiles/inform6/inform6_example.inf,Inform 6,Inform 6 (Pygments lexer `inform6`),Inform 6,Pygments' maintainers (the example's directory: a lexer alias),pygments@156d85f,,,,not-in-linguist;renamed,,tests/examplefiles/inform6/inform6_example.inf
pyg:42852dcc8fb1,gold,.i7x,ab94ac69533cc6e32bed65a34636b1c83fb0682d,example.i7x,swh:1:cnt:ab94ac69533cc6e32bed65a34636b1c83fb0682d;origin=https://github.com/pygments/pygments;path=/tests/examplefiles/inform7/example.i7x,Inform 7,Inform 7 (Pygments lexer `inform7`),Inform 7;i7;inform7,Pygments' maintainers (the example's directory: a lexer alias),pygments@156d85f,,,,in-linguist,programming,tests/examplefiles/inform7/example.i7x
pyg:b654bb03f891,gold,.ni,32279e80d43cd3dd3a097326e3cc8ed88cf9ca23,example.ni,swh:1:cnt:32279e80d43cd3dd3a097326e3cc8ed88cf9ca23;origin=https://github.com/pygments/pygments;path=/tests/examplefiles/inform7/example.ni,Inform 7,Inform 7 (Pygments lexer `inform7`),Inform 7;i7;inform7,Pygments' maintainers (the example's directory: a lexer alias),pygments@156d85f,,,,in-linguist,programming,tests/examplefiles/inform7/example.ni
pyg:36db0380ba6d,gold,.ini,bd9d4e40c57b98778717e6bf94d04849dca06c2d,2.19-regression.ini,swh:1:cnt:bd9d4e40c57b98778717e6bf94d04849dca06c2d;origin=https://github.com/pygments/pygments;path=/tests/examplefiles/ini/2.19-regression.ini,INI,INI (Pygments lexer `ini`),INI;conf;dosini,Pygments' maintainers (the example's directory: a lexer alias),pygments@156d85f,,,,in-linguist,data,tests/examplefiles/ini/2.19-regression.ini
pyg:afe6ba0c99f6,gold,.ini,c06aee44c13aacb50d791b81780be9eba71f49a2,test.ini,swh:1:cnt:c06aee44c13aacb50d791b81780be9eba71f49a2;origin=https://github.com/pygments/pygments;path=/tests/examplefiles/ini/test.ini,INI,INI (Pygments lexer `ini`),INI;conf;dosini,Pygments' maintainers (the example's directory: a lexer alias),pygments@156d85f,,,,in-linguist,data,tests/examplefiles/ini/test.ini
pyg:afbcaa3ad58b,gold,.ik,03fcee390d97e7816144ebec7e0883fab0aecb5d,intro.ik,swh:1:cnt:03fcee390d97e7816144ebec7e0883fab0aecb5d;origin=https://github.com/pygments/pygments;path=/tests/examplefiles/ioke/intro.ik,Ioke,Ioke (Pygments lexer `ioke`),Ioke,Pygments' maintainers (the example's directory: a lexer alias),pygments@156d85f,,,,in-linguist,programming,tests/examplefiles/ioke/intro.ik
pyg:a85b7ead185d,gold,.weechatlog,15e8130fa88a775b3061cfd7c79dc2b2d3375bbe,example.weechatlog,swh:1:cnt:15e8130fa88a775b3061cfd7c79dc2b2d3375bbe;origin=https://github.com/pygments/pygments;path=/tests/examplefiles/irc/example.weechatlog,IRC log,IRC logs (Pygments lexer `irc`),IRC log;irc;irc logs;IRC logs,Pygments' maintainers (the example's directory: a lexer alias),pygments@156d85f,,,,in-linguist,data,tests/examplefiles/irc/example.weechatlog
pyg:f7b3944f2b15,gold,.thy,61a597f6d6e18f1b1b70723bab3e8daf44284a52,example_ascii.thy,swh:1:cnt:61a597f6d6e18f1b1b70723bab3e8daf44284a52;origin=https://github.com/pygments/pygments;path=/tests/examplefiles/isabelle/example_ascii.thy,Isabelle,Isabelle (Pygments lexer `isabelle`),Isabelle,Pygments' maintainers (the example's directory: a lexer alias),pygments@156d85f,,,,in-linguist,programming,tests/examplefiles/isabelle/example_ascii.thy
pyg:602f6c715f55,gold,.thy,2d7605d67341fab680bf1617278ae9d0707878b1,example_unicode.thy,swh:1:cnt:2d7605d67341fab680bf1617278ae9d0707878b1;origin=https://github.com/pygments/pygments;path=/tests/examplefiles/isabelle/example_unicode.thy,Isabelle,Isabelle (Pygments lexer `isabelle`),Isabelle,Pygments' maintainers (the example's directory: a lexer alias),pygments@156d85f,,,,in-linguist,programming,tests/examplefiles/isabelle/example_unicode.thy
pyg:5c41c01572fd,gold,.ijs,f067b6e28313600d4795618436a88f7e77db5970,pacman.ijs,swh:1:cnt:f067b6e28313600d4795618436a88f7e77db5970;origin=https://github.com/pygments/pygments;path=/tests/examplefiles/j/pacman.ijs,J,J (Pygments lexer `j`),J,Pygments' maintainers (the example's directory: a lexer alias),pygments@156d85f,,,,in-linguist,programming,tests/examplefiles/j/pacman.ijs
pyg:a46722367a34,gold,.jag,cae34beba6a2ce8f2cea9635b1d94ea8cf341bee,example.jag,swh:1:cnt:cae34beba6a2ce8f2cea9635b1d94ea8cf341bee;origin=https://github.com/pygments/pygments;path=/tests/examplefiles/jags/example.jag,JAGS,JAGS (Pygments lexer `jags`),JAGS,Pygments' maintainers (the example's directory: a lexer alias),pygments@156d85f,,,,not-in-linguist,,tests/examplefiles/jags/example.jag
pyg:bb81052f8746,gold,.j,16cdde86fe4bab70172ab690b86dea6b9eebb6e1,example.j,swh:1:cnt:16cdde86fe4bab70172ab690b86dea6b9eebb6e1;origin=https://github.com/pygments/pygments;path=/tests/examplefiles/jasmin/example.j,Jasmin,Jasmin (Pygments lexer `jasmin`),Jasmin,Pygments' maintainers (the example's directory: a lexer alias),pygments@156d85f,,,,in-linguist;ambiguous-ext,programming,tests/examplefiles/jasmin/example.j
pyg:ec526f9845b7,gold,.java,dc9b2e71d4ee0c0401c004dad6689e3244b07fa5,badcase.java,swh:1:cnt:dc9b2e71d4ee0c0401c004dad6689e3244b07fa5;origin=https://github.com/pygments/pygments;path=/tests/examplefiles/java/badcase.java,Java,Java (Pygments lexer `java`),Java,Pygments' maintainers (the example's directory: a lexer alias),pygments@156d85f,,,,in-linguist;tiny,programming,tests/examplefiles/java/badcase.java
pyg:faec23f3cfc3,gold,.java,78f9d727ed8f544ceda7406d9bf2a935228f5d3e,example.java,swh:1:cnt:78f9d727ed8f544ceda7406d9bf2a935228f5d3e;origin=https://github.com/pygments/pygments;path=/tests/examplefiles/java/example.java,Java,Java (Pygments lexer `java`),Java,Pygments' maintainers (the example's directory: a lexer alias),pygments@156d85f,,,,in-linguist,programming,tests/examplefiles/java/example.java
pyg:3a054027181c,gold,.java,bbf97e2fe11ef3501481b027a3e20e30a9622ea1,module-info.java,swh:1:cnt:bbf97e2fe11ef3501481b027a3e20e30a9622ea1;origin=https://github.com/pygments/pygments;path=/tests/examplefiles/java/module-info.java,Java,Java (Pygments lexer `java`),Java,Pygments' maintainers (the example's directory: a lexer alias),pygments@156d85f,,,,in-linguist,programming,tests/examplefiles/java/module-info.java
pyg:086fd65835fc,gold,.java,64c08531fe72c2dd8106b64ea62a9d5500fc6e5c,test.java,swh:1:cnt:64c08531fe72c2dd8106b64ea62a9d5500fc6e5c;origin=https://github.com/pygments/pygments;path=/tests/examplefiles/java/test.java,Java,Java (Pygments lexer `java`),Java,Pygments' maintainers (the example's directory: a lexer alias),pygments@156d85f,,,,in-linguist,programming,tests/examplefiles/java/test.java
pyg:d0cce3b82e52,gold,.in,f44fc53d97260a49ca9cb32dba0175a938c4be38,demo.js.in,swh:1:cnt:f44fc53d97260a49ca9cb32dba0175a938c4be38;origin=https://github.com/pygments/pygments;path=/tests/examplefiles/javascript+mozpreproc/demo.js.in,Javascript+mozpreproc,Javascript+mozpreproc (Pygments lexer `javascript+mozpreproc`),Javascript+mozpreproc,Pygments' maintainers (the example's directory: a lexer alias),pygments@156d85f,,,,not-in-linguist,,tests/examplefiles/javascript+mozpreproc/demo.js.in
pyg:1bb6603ad818,gold,.jcl,18d4ae37dc76e077d04186f307763baf277fbd09,example.jcl,swh:1:cnt:18d4ae37dc76e077d04186f307763baf277fbd09;origin=https://github.com/pygments/pygments;path=/tests/examplefiles/jcl/example.jcl,JCL,JCL (Pygments lexer `jcl`),JCL,Pygments' maintainers (the example's directory: a lexer alias),pygments@156d85f,,,,in-linguist,programming,tests/examplefiles/jcl/example.jcl
pyg:6af043e4f80f,gold,,481b3979f596e77778d4e42064f2400779befc17,console,swh:1:cnt:481b3979f596e77778d4e42064f2400779befc17;origin=https://github.com/pygments/pygments;path=/tests/examplefiles/jlcon/console,Julia REPL,Julia console (Pygments lexer `jlcon`),Julia REPL;Julia console,Pygments' maintainers (the example's directory: a lexer alias),pygments@156d85f,,,,in-linguist,programming,tests/examplefiles/jlcon/console
pyg:0029ff1dd7dc,gold,.jp,4b133b9c67803cbfd7a016b5892c9ec36478cab2,example.jp,swh:1:cnt:4b133b9c67803cbfd7a016b5892c9ec36478cab2;origin=https://github.com/pygments/pygments;path=/tests/examplefiles/jmespath/example.jp,JMESPath,JMESPath (Pygments lexer `jmespath`),JMESPath,Pygments' maintainers (the example's directory: a lexer alias),pygments@156d85f,,,,not-in-linguist,,tests/examplefiles/jmespath/example.jp
pyg:3fab9ca65782,gold,.js,930599c1b4c77dcd30126c3024b2affc2fdda670,BOM.js,swh:1:cnt:930599c1b4c77dcd30126c3024b2affc2fdda670;origin=https://github.com/pygments/pygments;path=/tests/examplefiles/js/BOM.js,JavaScript,JavaScript (Pygments lexer `js`),JavaScript;js;node,Pygments' maintainers (the example's directory: a lexer alias),pygments@156d85f,,,,in-linguist;tiny,programming,tests/examplefiles/js/BOM.js
pyg:330efb3d620f,gold,.js,3839c3f465e9b1c371eb5525b96c1d80012429ee,evil_regex.js,swh:1:cnt:3839c3f465e9b1c371eb5525b96c1d80012429ee;origin=https://github.com/pygments/pygments;path=/tests/examplefiles/js/evil_regex.js,JavaScript,JavaScript (Pygments lexer `js`),JavaScript;js;node,Pygments' maintainers (the example's directory: a lexer alias),pygments@156d85f,,,,in-linguist,programming,tests/examplefiles/js/evil_regex.js
pyg:1e965431b25d,gold,.js,2eea28e47650fe9122cd4c1711f89f8c44d7f49c,general.js,swh:1:cnt:2eea28e47650fe9122cd4c1711f89f8c44d7f49c;origin=https://github.com/pygments/pygments;path=/tests/examplefiles/js/general.js,JavaScript,JavaScript (Pygments lexer `js`),JavaScript;js;node,Pygments' maintainers (the example's directory: a lexer alias),pygments@156d85f,,,,in-linguist,programming,tests/examplefiles/js/general.js
pyg:23672419c6ae,gold,.js,7790cb001a521bed3c13668ad58fa9fb8e2c63fe,regex.js,swh:1:cnt:7790cb001a521bed3c13668ad58fa9fb8e2c63fe;origin=https://github.com/pygments/pygments;path=/tests/examplefiles/js/regex.js,JavaScript,JavaScript (Pygments lexer `js`),JavaScript;js;node,Pygments' maintainers (the example's directory: a lexer alias),pygments@156d85f,,,,in-linguist,programming,tests/examplefiles/js/regex.js
pyg:8cc2e44f27e9,gold,.js,8f553f6f881de732d550a16beb6f33a8acdb9553,unicode.js,swh:1:cnt:8f553f6f881de732d550a16beb6f33a8acdb9553;origin=https://github.com/pygments/pygments;path=/tests/examplefiles/js/unicode.js,JavaScript,JavaScript (Pygments lexer `js`),JavaScript;js;node,Pygments' maintainers (the example's directory: a lexer alias),pygments@156d85f,,,,in-linguist,programming,tests/examplefiles/js/unicode.js
pyg:4c2e72fd1c5d,gold,.jsgf,cd79dbedce27d523b4fb039d24e91d9e92262003,example.jsgf,swh:1:cnt:cd79dbedce27d523b4fb039d24e91d9e92262003;origin=https://github.com/pygments/pygments;path=/tests/examplefiles/jsgf/example.jsgf,JSGF,JSGF (Pygments lexer `jsgf`),JSGF,Pygments' maintainers (the example's directory: a lexer alias),pygments@156d85f,,,,not-in-linguist,,tests/examplefiles/jsgf/example.jsgf
pyg:3e0e96508fb6,gold,.json,c911cbcdaf4844f2d4af9eb3961eb2c1bc5b5c4e,example.json,swh:1:cnt:c911cbcdaf4844f2d4af9eb3961eb2c1bc5b5c4e;origin=https://github.com/pygments/pygments;path=/tests/examplefiles/json/json-with-spaces.json,JSON,JSON (Pygments lexer `json`),JSON;geojson;jsonl;sarif;topojson,Pygments' maintainers (the example's directory: a lexer alias),pygments@156d85f,,,,in-linguist;ambiguous-ext;renamed,data,tests/examplefiles/json/json-with-spaces.json
pyg:92439fee2dbb,gold,.json,7794b9deead2f08a9ad02d85ab55273d7a5d2559,pypi-dump.json,swh:1:cnt:7794b9deead2f08a9ad02d85ab55273d7a5d2559;origin=https://github.com/pygments/pygments;path=/tests/examplefiles/json/pypi-dump.json,JSON,JSON (Pygments lexer `json`),JSON;geojson;jsonl;sarif;topojson,Pygments' maintainers (the example's directory: a lexer alias),pygments@156d85f,,,,in-linguist;ambiguous-ext;tiny,data,tests/examplefiles/json/pypi-dump.json
pyg:1a0248f78dee,gold,.jsonld,48787d751978bb12aaef3d07aa08dfd151b7652c,example.jsonld,swh:1:cnt:48787d751978bb12aaef3d07aa08dfd151b7652c;origin=https://github.com/pygments/pygments;path=/tests/examplefiles/jsonld/example.jsonld,JSONLD,JSON-LD (Pygments lexer `jsonld`),JSONLD;JSON-LD,Pygments' maintainers (the example's directory: a lexer alias),pygments@156d85f,,,,in-linguist,data,tests/examplefiles/jsonld/example.jsonld
pyg:d399da4479e4,gold,.jsonnet,74e2e4599338aa12e04085e8f38d36ed588ac132,example.jsonnet,swh:1:cnt:74e2e4599338aa12e04085e8f38d36ed588ac132;origin=https://github.com/pygments/pygments;path=/tests/examplefiles/jsonnet/example.jsonnet,Jsonnet,Jsonnet (Pygments lexer `jsonnet`),Jsonnet,Pygments' maintainers (the example's directory: a lexer alias),pygments@156d85f,,,,in-linguist,programming,tests/examplefiles/jsonnet/example.jsonnet
pyg:385ba7f3f20a,gold,.jsp,1c6664dab8a8c322abbef459325d4b2a12837c87,test.jsp,swh:1:cnt:1c6664dab8a8c322abbef459325d4b2a12837c87;origin=https://github.com/pygments/pygments;path=/tests/examplefiles/jsp/test.jsp,Java Server Pages,Java Server Page (Pygments lexer `jsp`),Java Server Pages;jsp;Java Server Page,Pygments' maintainers (the example's directory: a lexer alias),pygments@156d85f,,,,in-linguist,programming,tests/examplefiles/jsp/test.jsp
pyg:030d7944e992,gold,.jsx,855fd79fdca400f5c1fb7af19e7302942fe8f597,general.jsx,swh:1:cnt:855fd79fdca400f5c1fb7af19e7302942fe8f597;origin=https://github.com/pygments/pygments;path=/tests/examplefiles/jsx/general.jsx,JSX,JSX (Pygments lexer `jsx`),JSX,Pygments' maintainers (the example's directory: a lexer alias),pygments@156d85f,,,,not-in-linguist,,tests/examplefiles/jsx/general.jsx
pyg:8d0c5fe3a6a7,gold,.jl,99b706fc27ced747776764e008035f53032b102c,string.jl,swh:1:cnt:99b706fc27ced747776764e008035f53032b102c;origin=https://github.com/pygments/pygments;path=/tests/examplefiles/julia/string.jl,Julia,Julia (Pygments lexer `julia`),Julia,Pygments' maintainers (the example's directory: a lexer alias),pygments@156d85f,,,,in-linguist,programming,tests/examplefiles/julia/string.jl
pyg:e59b73605a24,gold,.juttle,ae8619960b585cf1ebe2efceb1fe5bee47f4c6c5,example.juttle,swh:1:cnt:ae8619960b585cf1ebe2efceb1fe5bee47f4c6c5;origin=https://github.com/pygments/pygments;path=/tests/examplefiles/juttle/example.juttle,Juttle,Juttle (Pygments lexer `juttle`),Juttle,Pygments' maintainers (the example's directory: a lexer alias),pygments@156d85f,,,,not-in-linguist,,tests/examplefiles/juttle/example.juttle
pyg:c4e0a5de9b55,gold,.kal,c05c14ca2c1ee5f87ece70b6ce662468fa8007a6,example.kal,swh:1:cnt:c05c14ca2c1ee5f87ece70b6ce662468fa8007a6;origin=https://github.com/pygments/pygments;path=/tests/examplefiles/kal/example.kal,Kal,Kal (Pygments lexer `kal`),Kal,Pygments' maintainers (the example's directory: a lexer alias),pygments@156d85f,,,,not-in-linguist,,tests/examplefiles/kal/example.kal
pyg:14fe102be737,gold,.cache,e2f6ad5d8c1b14d1901820b5c58b365cae402114,Config.in.cache,swh:1:cnt:e2f6ad5d8c1b14d1901820b5c58b365cae402114;origin=https://github.com/pygments/pygments;path=/tests/examplefiles/kconfig/Config.in.cache,Kconfig,Kconfig (Pygments lexer `kconfig`),Kconfig,Pygments' maintainers (the example's directory: a lexer alias),pygments@156d85f,,,,not-in-linguist,,tests/examplefiles/kconfig/Config.in.cache
pyg:437ad6fc2584,gold,.kk,91a01fbebe293164b2a414fbf09a3d42ccad6069,garcia-wachs.kk,swh:1:cnt:91a01fbebe293164b2a414fbf09a3d42ccad6069;origin=https://github.com/pygments/pygments;path=/tests/examplefiles/koka/garcia-wachs.kk,Koka,Koka (Pygments lexer `koka`),Koka,Pygments' maintainers (the example's directory: a lexer alias),pygments@156d85f,,,,in-linguist,programming,tests/examplefiles/koka/garcia-wachs.kk
pyg:cc7fcc45e664,gold,.kt,59291333a9f0f64059dfdcdf463702107effd737,example.kt,swh:1:cnt:59291333a9f0f64059dfdcdf463702107effd737;origin=https://github.com/pygments/pygments;path=/tests/examplefiles/kotlin/example.kt,Kotlin,Kotlin (Pygments lexer `kotlin`),Kotlin,Pygments' maintainers (the example's directory: a lexer alias),pygments@156d85f,,,,in-linguist;linguist-sample;seen-in-training,programming,tests/examplefiles/kotlin/example.kt
pyg:ff9ad76d9e1d,gold,.kn,f3ea1ea2acb556cdd1caf487de8a3904601b281b,example.kn,swh:1:cnt:f3ea1ea2acb556cdd1caf487de8a3904601b281b;origin=https://github.com/pygments/pygments;path=/tests/examplefiles/kuin/example.kn,Kuin,Kuin (Pygments lexer `kuin`),Kuin,Pygments' maintainers (the example's directory: a lexer alias),pygments@156d85f,,,,not-in-linguist,,tests/examplefiles/kuin/example.kn
pyg:576aad2848b9,gold,.kusto,2738295e0be286e71071a9ddf12466f5c61d1023,test.kusto,swh:1:cnt:2738295e0be286e71071a9ddf12466f5c61d1023;origin=https://github.com/pygments/pygments;path=/tests/examplefiles/kusto/test.kusto,Kusto,Kusto (Pygments lexer `kusto`),Kusto,Pygments' maintainers (the example's directory: a lexer alias),pygments@156d85f,,,,in-linguist,data,tests/examplefiles/kusto/test.kusto
pyg:b38c3920aba7,gold,.lagda,b5476fa07d8ee898ea5ad22ac3fb4c68036e6ded,example.lagda,swh:1:cnt:b5476fa07d8ee898ea5ad22ac3fb4c68036e6ded;origin=https://github.com/pygments/pygments;path=/tests/examplefiles/lagda/example.lagda,Literate Agda,Literate Agda (Pygments lexer `lagda`),Literate Agda,Pygments' maintainers (the example's directory: a lexer alias),pygments@156d85f,,,,in-linguist,programming,tests/examplefiles/lagda/example.lagda
pyg:1e6efa4cc42e,gold,.lasso,72926112ebefe8de5832914d36b8ac30c350235c,json.lasso,swh:1:cnt:72926112ebefe8de5832914d36b8ac30c350235c;origin=https://github.com/pygments/pygments;path=/tests/examplefiles/lasso/json.lasso,Lasso,Lasso (Pygments lexer `lasso`),Lasso;lassoscript,Pygments' maintainers (the example's directory: a lexer alias),pygments@156d85f,,,,in-linguist,programming,tests/examplefiles/lasso/json.lasso
pyg:a78d58965ce9,gold,.lasso9,732ab2afbba779e9343c757f08901e317446f6c1,json.lasso9,swh:1:cnt:732ab2afbba779e9343c757f08901e317446f6c1;origin=https://github.com/pygments/pygments;path=/tests/examplefiles/lasso/json.lasso9,Lasso,Lasso (Pygments lexer `lasso`),Lasso;lassoscript,Pygments' maintainers (the example's directory: a lexer alias),pygments@156d85f,,,,in-linguist;linguist-sample;seen-in-training,programming,tests/examplefiles/lasso/json.lasso9
pyg:f0165477476f,gold,,afc246069802dcdc6958697754124296269341cc,ldaprc,swh:1:cnt:afc246069802dcdc6958697754124296269341cc;origin=https://github.com/pygments/pygments;path=/tests/examplefiles/ldaprc/ldaprc,LDAP configuration file,LDAP configuration file (Pygments lexer `ldaprc`),LDAP configuration file,Pygments' maintainers (the example's directory: a lexer alias),pygments@156d85f,,,,not-in-linguist,,tests/examplefiles/ldaprc/ldaprc
pyg:a4736ee32982,gold,.ldif,d9c1a5d03cb889d915bf71597df738f4a914db37,rfc2849.ldif,swh:1:cnt:d9c1a5d03cb889d915bf71597df738f4a914db37;origin=https://github.com/pygments/pygments;path=/tests/examplefiles/ldif/rfc2849.ldif,LDIF,LDIF (Pygments lexer `ldif`),LDIF,Pygments' maintainers (the example's directory: a lexer alias),pygments@156d85f,,,,not-in-linguist,,tests/examplefiles/ldif/rfc2849.ldif
pyg:49e11fc72b15,gold,.lean,7c322b98807f7c4bac696d114bd824db092e839b,test.lean,swh:1:cnt:7c322b98807f7c4bac696d114bd824db092e839b;origin=https://github.com/pygments/pygments;path=/tests/examplefiles/lean/test.lean,Lean,Lean (Pygments lexer `lean`),Lean,Pygments' maintainers (the example's directory: a lexer alias),pygments@156d85f,,,,in-linguist;ambiguous-ext,programming,tests/examplefiles/lean/test.lean
pyg:50a194b1e1d2,gold,.lean,a29ea71cd728ae41ac3585ff076eff74d0b2c517,Test.lean,swh:1:cnt:a29ea71cd728ae41ac3585ff076eff74d0b2c517;origin=https://github.com/pygments/pygments;path=/tests/examplefiles/lean4/Test.lean,Lean 4,Lean4 (Pygments lexer `lean4`),Lean 4;lean4;Lean4,Pygments' maintainers (the example's directory: a lexer alias),pygments@156d85f,,,,in-linguist;ambiguous-ext,programming,tests/examplefiles/lean4/Test.lean
pyg:f5289e5eeb05,gold,.lhs,368ab8e5174a766d83368b0258fc2ddba0f72a91,DancingSudoku.lhs,swh:1:cnt:368ab8e5174a766d83368b0258fc2ddba0f72a91;origin=https://github.com/pygments/pygments;path=/tests/examplefiles/lhs/DancingSudoku.lhs,Literate Haskell,Literate Haskell (Pygments lexer `lhs`),Literate Haskell;lhaskell;lhs,Pygments' maintainers (the example's directory: a lexer alias),pygments@156d85f,,,,in-linguist,programming,tests/examplefiles/lhs/DancingSudoku.lhs
pyg:1429631b639b,gold,.lhs,6829cf6c97f81a9d380214de7ce7197e347b35d3,Sudoku.lhs,swh:1:cnt:6829cf6c97f81a9d380214de7ce7197e347b35d3;origin=https://github.com/pygments/pygments;path=/tests/examplefiles/lhs/Sudoku.lhs,Literate Haskell,Literate Haskell (Pygments lexer `lhs`),Literate Haskell;lhaskell;lhs,Pygments' maintainers (the example's directory: a lexer alias),pygments@156d85f,,,,in-linguist,programming,tests/examplefiles/lhs/Sudoku.lhs
pyg:fd548b3d8684,gold,.conf,8475f378e44a9879d23e7124769dc05f6802614c,lighttpd.conf,swh:1:cnt:8475f378e44a9879d23e7124769dc05f6802614c;origin=https://github.com/pygments/pygments;path=/tests/examplefiles/lighty/lighttpd.conf,Lighttpd configuration file,Lighttpd configuration file (Pygments lexer `lighty`),Lighttpd configuration file,Pygments' maintainers (the example's directory: a lexer alias),pygments@156d85f,,,,not-in-linguist,,tests/examplefiles/lighty/lighttpd.conf
pyg:8c074401c641,gold,.ly,8a2eb1d65935cef1de6bcdb9a839975e35f27715,example.ly,swh:1:cnt:8a2eb1d65935cef1de6bcdb9a839975e35f27715;origin=https://github.com/pygments/pygments;path=/tests/examplefiles/lilypond/example.ly,LilyPond,LilyPond (Pygments lexer `lilypond`),LilyPond,Pygments' maintainers (the example's directory: a lexer alias),pygments@156d85f,,,,in-linguist,programming,tests/examplefiles/lilypond/example.ly
pyg:8d49954b68cc,gold,.b,e55a0a620bbb50c52dfacf728de30c765c8e840b,example.b,swh:1:cnt:e55a0a620bbb50c52dfacf728de30c765c8e840b;origin=https://github.com/pygments/pygments;path=/tests/examplefiles/limbo/limbo.b,Limbo,Limbo (Pygments lexer `limbo`),Limbo,Pygments' maintainers (the example's directory: a lexer alias),pygments@156d85f,,,,in-linguist;ambiguous-ext;renamed,programming,tests/examplefiles/limbo/limbo.b
pyg:01455802d8d5,gold,.liquid,8f3ea9e9a904a9abbe5309e7a3c5c7a8de74edad,example.liquid,swh:1:cnt:8f3ea9e9a904a9abbe5309e7a3c5c7a8de74edad;origin=https://github.com/pygments/pygments;path=/tests/examplefiles/liquid/example.liquid,Liquid,liquid (Pygments lexer `liquid`),Liquid;liquid,Pygments' maintainers (the example's directory: a lexer alias),pygments@156d85f,,,,in-linguist,markup,tests/examplefiles/liquid/example.liquid
pyg:cb137066b228,gold,.ls,03cbcc99d09151d22d2cf2974a2e8fa1d0c055c5,example.ls,swh:1:cnt:03cbcc99d09151d22d2cf2974a2e8fa1d0c055c5;origin=https://github.com/pygments/pygments;path=/tests/examplefiles/live-script/livescript-demo.ls,LiveScript,LiveScript (Pygments lexer `live-script`),LiveScript;live-script;ls,Pygments' maintainers (the example's directory: a lexer alias),pygments@156d85f,,,,in-linguist;ambiguous-ext;renamed,programming,tests/examplefiles/live-script/livescript-demo.ls
pyg:07306da3bfe3,gold,.mir,561296c2ff1164d92236dfce84439be23110f77d,example.mir,swh:1:cnt:561296c2ff1164d92236dfce84439be23110f77d;origin=https://github.com/pygments/pygments;path=/tests/examplefiles/llvm-mir/llvm-mir.mir,LLVM-MIR,LLVM-MIR (Pygments lexer `llvm-mir`),LLVM-MIR,Pygments' maintainers (the example's directory: a lexer alias),pygments@156d85f,,,,not-in-linguist;renamed,,tests/examplefiles/llvm-mir/llvm-mir.mir
pyg:703b0def7539,gold,.xm,39753e23686c393e806fc8b4d116353b5d83e222,example.xm,swh:1:cnt:39753e23686c393e806fc8b4d116353b5d83e222;origin=https://github.com/pygments/pygments;path=/tests/examplefiles/logos/logos_example.xm,Logos,Logos (Pygments lexer `logos`),Logos,Pygments' maintainers (the example's directory: a lexer alias),pygments@156d85f,,,,in-linguist;renamed;linguist-sample;seen-in-training,programming,tests/examplefiles/logos/logos_example.xm
pyg:5f43fdc92cab,gold,.lgt,39bc3e51891d337e344124679e87ff6b57966df2,source.lgt,swh:1:cnt:39bc3e51891d337e344124679e87ff6b57966df2;origin=https://github.com/pygments/pygments;path=/tests/examplefiles/logtalk/source.lgt,Logtalk,Logtalk (Pygments lexer `logtalk`),Logtalk,Pygments' maintainers (the example's directory: a lexer alias),pygments@156d85f,,,,in-linguist,programming,tests/examplefiles/logtalk/source.lgt
pyg:c419bf12fd5a,gold,.lsl,61697e7f11b32dfd22508d536df84479078d3d9e,hello.lsl,swh:1:cnt:61697e7f11b32dfd22508d536df84479078d3d9e;origin=https://github.com/pygments/pygments;path=/tests/examplefiles/lsl/hello.lsl,LSL,LSL (Pygments lexer `lsl`),LSL,Pygments' maintainers (the example's directory: a lexer alias),pygments@156d85f,,,,in-linguist,programming,tests/examplefiles/lsl/hello.lsl
pyg:2695fe2c8aba,gold,.lua,2f619d298eebfc6e0c9ab4a980c2f05f0c8bb586,2.19-regression-1.lua,swh:1:cnt:2f619d298eebfc6e0c9ab4a980c2f05f0c8bb586;origin=https://github.com/pygments/pygments;path=/tests/examplefiles/lua/2.19-regression-1.lua,Lua,Lua (Pygments lexer `lua`),Lua,Pygments' maintainers (the example's directory: a lexer alias),pygments@156d85f,,,,in-linguist,programming,tests/examplefiles/lua/2.19-regression-1.lua
pyg:81d6cb12f64c,gold,.lua,30bd8d1a8a7038a6e771695c98ebce0c8b461f76,2.19-regression-2.lua,swh:1:cnt:30bd8d1a8a7038a6e771695c98ebce0c8b461f76;origin=https://github.com/pygments/pygments;path=/tests/examplefiles/lua/2.19-regression-2.lua,Lua,Lua (Pygments lexer `lua`),Lua,Pygments' maintainers (the example's directory: a lexer alias),pygments@156d85f,,,,in-linguist,programming,tests/examplefiles/lua/2.19-regression-2.lua
pyg:a00b0b11f6a9,gold,.lua,8ecd6a13475fdcfc20f67564f651c6890653f0b1,example.lua,swh:1:cnt:8ecd6a13475fdcfc20f67564f651c6890653f0b1;origin=https://github.com/pygments/pygments;path=/tests/examplefiles/lua/example.lua,Lua,Lua (Pygments lexer `lua`),Lua,Pygments' maintainers (the example's directory: a lexer alias),pygments@156d85f,,,,in-linguist,programming,tests/examplefiles/lua/example.lua
pyg:c750342d7fd3,gold,.luau,17216f4bcfb0c75e46be407b373b3714d5d11967,Guard.luau,swh:1:cnt:17216f4bcfb0c75e46be407b373b3714d5d11967;origin=https://github.com/pygments/pygments;path=/tests/examplefiles/luau/Guard.luau,Luau,Luau (Pygments lexer `luau`),Luau,Pygments' maintainers (the example's directory: a lexer alias),pygments@156d85f,,,,in-linguist,programming,tests/examplefiles/luau/Guard.luau
pyg:d70a23fbdaaf,gold,.luau,2a2cd4c92a81f76679d378ffcd9d5ca7830ffdcf,createSignal.luau,swh:1:cnt:2a2cd4c92a81f76679d378ffcd9d5ca7830ffdcf;origin=https://github.com/pygments/pygments;path=/tests/examplefiles/luau/createSignal.luau,Luau,Luau (Pygments lexer `luau`),Luau,Pygments' maintainers (the example's directory: a lexer alias),pygments@156d85f,,,,in-linguist,programming,tests/examplefiles/luau/createSignal.luau
pyg:5eff366aa94f,gold,.luau,a74641fdbbecc844e32e8c9ec4b2323b5339721d,extraTests.luau,swh:1:cnt:a74641fdbbecc844e32e8c9ec4b2323b5339721d;origin=https://github.com/pygments/pygments;path=/tests/examplefiles/luau/extraTests.luau,Luau,Luau (Pygments lexer `luau`),Luau,Pygments' maintainers (the example's directory: a lexer alias),pygments@156d85f,,,,in-linguist,programming,tests/examplefiles/luau/extraTests.luau
pyg:42b80346f510,gold,.m2,3bf0cf28b1789d341123e505a3570759d81f0c41,test.m2,swh:1:cnt:3bf0cf28b1789d341123e505a3570759d81f0c41;origin=https://github.com/pygments/pygments;path=/tests/examplefiles/macaulay2/test.m2,Macaulay2,Macaulay2 (Pygments lexer `macaulay2`),Macaulay2;m2,Pygments' maintainers (the example's directory: a lexer alias),pygments@156d85f,,,,in-linguist,programming,tests/examplefiles/macaulay2/test.m2
pyg:94d29f20614f,gold,,bf272c5a62ad7cb307c57eed20c3ef3abc27762d,Makefile,swh:1:cnt:bf272c5a62ad7cb307c57eed20c3ef3abc27762d;origin=https://github.com/pygments/pygments;path=/tests/examplefiles/make/Makefile,Makefile,Makefile (Pygments lexer `make`),Makefile;bsdmake;make;mf,Pygments' maintainers (the example's directory: a lexer alias),pygments@156d85f,,,,in-linguist,programming,tests/examplefiles/make/Makefile
pyg:202b01670bff,gold,.mk,47a50a3827baf54b58b7247be14770727f0d091e,example.mk,swh:1:cnt:47a50a3827baf54b58b7247be14770727f0d091e;origin=https://github.com/pygments/pygments;path=/tests/examplefiles/make/automake.mk,Makefile,Makefile (Pygments lexer `make`),Makefile;bsdmake;make;mf,Pygments' maintainers (the example's directory: a lexer alias),pygments@156d85f,,,,in-linguist;renamed,programming,tests/examplefiles/make/automake.mk
pyg:ce0540487ad0,gold,.mak,4dc0f1674e413bd4ba316ab13074316acb96bda6,firefox.mak,swh:1:cnt:4dc0f1674e413bd4ba316ab13074316acb96bda6;origin=https://github.com/pygments/pygments;path=/tests/examplefiles/make/firefox.mak,Makefile,Makefile (Pygments lexer `make`),Makefile;bsdmake;make;mf,Pygments' maintainers (the example's directory: a lexer alias),pygments@156d85f,,,,in-linguist,programming,tests/examplefiles/make/firefox.mak
pyg:e9585cb6c79a,gold,.mak,51c25967ce1cd9448ef42e60e1ec2f2550485926,python25-bsd.mak,swh:1:cnt:51c25967ce1cd9448ef42e60e1ec2f2550485926;origin=https://github.com/pygments/pygments;path=/tests/examplefiles/make/python25-bsd.mak,Makefile,Makefile (Pygments lexer `make`),Makefile;bsdmake;make;mf,Pygments' maintainers (the example's directory: a lexer alias),pygments@156d85f,,,,in-linguist,programming,tests/examplefiles/make/python25-bsd.mak
pyg:f33f7056401f,gold,.mk,a7f18fc3ca1bd4b71623199b1aa6f5c47cb3da41,vpath.mk,swh:1:cnt:a7f18fc3ca1bd4b71623199b1aa6f5c47cb3da41;origin=https://github.com/pygments/pygments;path=/tests/examplefiles/make/vpath.mk,Makefile,Makefile (Pygments lexer `make`),Makefile;bsdmake;make;mf,Pygments' maintainers (the example's directory: a lexer alias),pygments@156d85f,,,,in-linguist,programming,tests/examplefiles/make/vpath.mk
pyg:4b658d6e4513,gold,.mao,6ff797e3054aee4cfcc1c78140c051d05e6bc2a0,test.mao,swh:1:cnt:6ff797e3054aee4cfcc1c78140c051d05e6bc2a0;origin=https://github.com/pygments/pygments;path=/tests/examplefiles/mako/test.mao,Mako,Mako (Pygments lexer `mako`),Mako,Pygments' maintainers (the example's directory: a lexer alias),pygments@156d85f,,,,in-linguist,programming,tests/examplefiles/mako/test.mao
pyg:197fb3ff47d8,gold,.mpl,3d6243469c91622aa40500566a515e0ea665718b,Loop.mpl,swh:1:cnt:3d6243469c91622aa40500566a515e0ea665718b;origin=https://github.com/pygments/pygments;path=/tests/examplefiles/maple/Loop.mpl,Maple,Maple (Pygments lexer `maple`),Maple,Pygments' maintainers (the example's directory: a lexer alias),pygments@156d85f,,,,not-in-linguist,,tests/examplefiles/maple/Loop.mpl
pyg:51830a17a4eb,gold,.mpl,3c348de647906dbf9ff18c68d3610f476cb42b30,To.mpl,swh:1:cnt:3c348de647906dbf9ff18c68d3610f476cb42b30;origin=https://github.com/pygments/pygments;path=/tests/examplefiles/maple/To.mpl,Maple,Maple (Pygments lexer `maple`),Maple,Pygments' maintainers (the example's directory: a lexer alias),pygments@156d85f,,,,not-in-linguist,,tests/examplefiles/maple/To.mpl
pyg:8bb3beee5832,gold,.maql,a44935fd2f143a97258ee32a756e0fe6a1637194,test.maql,swh:1:cnt:a44935fd2f143a97258ee32a756e0fe6a1637194;origin=https://github.com/pygments/pygments;path=/tests/examplefiles/maql/test.maql,MAQL,MAQL (Pygments lexer `maql`),MAQL,Pygments' maintainers (the example's directory: a lexer alias),pygments@156d85f,,,,not-in-linguist,,tests/examplefiles/maql/test.maql
pyg:55cd51cd94f2,gold,.md,fa1fef417824182e88933e90f9264be93090673c,example.md,swh:1:cnt:fa1fef417824182e88933e90f9264be93090673c;origin=https://github.com/pygments/pygments;path=/tests/examplefiles/markdown/example.md,Markdown,Markdown (Pygments lexer `markdown`),Markdown;md;pandoc,Pygments' maintainers (the example's directory: a lexer alias),pygments@156d85f,,,,in-linguist;ambiguous-ext;tiny,prose,tests/examplefiles/markdown/example.md
pyg:ca01ced41c7f,gold,.mask,39134d746ab642395b8993e948ebd28f64097401,test.mask,swh:1:cnt:39134d746ab642395b8993e948ebd28f64097401;origin=https://github.com/pygments/pygments;path=/tests/examplefiles/mask/test.mask,Mask,Mask (Pygments lexer `mask`),Mask,Pygments' maintainers (the example's directory: a lexer alias),pygments@156d85f,,,,in-linguist;ambiguous-ext,markup,tests/examplefiles/mask/test.mask
pyg:f0fd5acc7bca,gold,.ma,a8119ea55ba3ed9b25e171b2b83a26b886e8766a,example.ma,swh:1:cnt:a8119ea55ba3ed9b25e171b2b83a26b886e8766a;origin=https://github.com/pygments/pygments;path=/tests/examplefiles/mathematica/example.ma,Wolfram Language,Mathematica (Pygments lexer `mathematica`),Wolfram Language;mathematica;mma;wolfram;wolfram lang;wl;Mathematica,Pygments' maintainers (the example's directory: a lexer alias),pygments@156d85f,,,,in-linguist,programming,tests/examplefiles/mathematica/example.ma
pyg:79486b3871a0,gold,.m,7802782764dda3c12168c67f4b1534a390394923,example.m,swh:1:cnt:7802782764dda3c12168c67f4b1534a390394923;origin=https://github.com/pygments/pygments;path=/tests/examplefiles/matlab/matlab_noreturn.m,MATLAB,Matlab (Pygments lexer `matlab`),MATLAB;octave;Matlab,Pygments' maintainers (the example's directory: a lexer alias),pygments@156d85f,,,,in-linguist;ambiguous-ext;tiny;renamed,programming,tests/examplefiles/matlab/matlab_noreturn.m
pyg:551e28be1c55,gold,.m,c2e8eeb68e3af1fe075c3043d7c5e37e3fbcebb3,example.m,swh:1:cnt:c2e8eeb68e3af1fe075c3043d7c5e37e3fbcebb3;origin=https://github.com/pygments/pygments;path=/tests/examplefiles/matlab/matlab_sample.m,MATLAB,Matlab (Pygments lexer `matlab`),MATLAB;octave;Matlab,Pygments' maintainers (the example's directory: a lexer alias),pygments@156d85f,,,,in-linguist;ambiguous-ext;renamed,programming,tests/examplefiles/matlab/matlab_sample.m
pyg:7bc682f70bf3,gold,.mac,f3b1060fd95a3f85ceb0ef9069378217c4b816b2,foo.mac,swh:1:cnt:f3b1060fd95a3f85ceb0ef9069378217c4b816b2;origin=https://github.com/pygments/pygments;path=/tests/examplefiles/maxima/foo.mac,Maxima,Maxima (Pygments lexer `maxima`),Maxima,Pygments' maintainers (the example's directory: a lexer alias),pygments@156d85f,,,,not-in-linguist,,tests/examplefiles/maxima/foo.mac
pyg:83fcf85d2692,gold,.mcfunction,47109ff008fc77120620c295c4dab03e492be4fd,main.mcfunction,swh:1:cnt:47109ff008fc77120620c295c4dab03e492be4fd;origin=https://github.com/pygments/pygments;path=/tests/examplefiles/mcfunction/main.mcfunction,mcfunction,MCFunction (Pygments lexer `mcfunction`),mcfunction;MCFunction,Pygments' maintainers (the example's directory: a lexer alias),pygments@156d85f,,,,in-linguist,programming,tests/examplefiles/mcfunction/main.mcfunction
pyg:96d8d05c58ef,gold,.mcschema,e8b229ff95548644a0723aab88f781c4f0ba7a95,actor_animation.mcschema,swh:1:cnt:e8b229ff95548644a0723aab88f781c4f0ba7a95;origin=https://github.com/pygments/pygments;path=/tests/examplefiles/mcschema/actor_animation.mcschema,MCSchema,MCSchema (Pygments lexer `mcschema`),MCSchema,Pygments' maintainers (the example's directory: a lexer alias),pygments@156d85f,,,,not-in-linguist,,tests/examplefiles/mcschema/actor_animation.mcschema
pyg:1d5e632fe779,gold,.mcschema,95cb6151eb7f9ea1e3769de74b34867f09016309,attribute.mcschema,swh:1:cnt:95cb6151eb7f9ea1e3769de74b34867f09016309;origin=https://github.com/pygments/pygments;path=/tests/examplefiles/mcschema/attribute.mcschema,MCSchema,MCSchema (Pygments lexer `mcschema`),MCSchema,Pygments' maintainers (the example's directory: a lexer alias),pygments@156d85f,,,,not-in-linguist,,tests/examplefiles/mcschema/attribute.mcschema
pyg:dce9afd7ef22,gold,.mcschema,d7ee3267cb05bfbe0737984170b41dd3d4604168,geometry.mcschema,swh:1:cnt:d7ee3267cb05bfbe0737984170b41dd3d4604168;origin=https://github.com/pygments/pygments;path=/tests/examplefiles/mcschema/geometry.mcschema,MCSchema,MCSchema (Pygments lexer `mcschema`),MCSchema,Pygments' maintainers (the example's directory: a lexer alias),pygments@156d85f,,,,not-in-linguist,,tests/examplefiles/mcschema/geometry.mcschema
pyg:b17dc9ffcaba,gold,.mcschema,39feb62123e206900151e66164d79c40584e0e86,manifest.mcschema,swh:1:cnt:39feb62123e206900151e66164d79c40584e0e86;origin=https://github.com/pygments/pygments;path=/tests/examplefiles/mcschema/manifest.mcschema,MCSchema,MCSchema (Pygments lexer `mcschema`),MCSchema,Pygments' maintainers (the example's directory: a lexer alias),pygments@156d85f,,,,not-in-linguist,,tests/examplefiles/mcschema/manifest.mcschema
pyg:92dc4b4e0370,gold,.md,2f925729a036f00050870050e5e56d388932890e,example.md,swh:1:cnt:2f925729a036f00050870050e5e56d388932890e;origin=https://github.com/pygments/pygments;path=/tests/examplefiles/md/example.md,Markdown,Markdown (Pygments lexer `md`),Markdown;md;pandoc,Pygments' maintainers (the example's directory: a lexer alias),pygments@156d85f,,,,in-linguist;ambiguous-ext,prose,tests/examplefiles/md/example.md
pyg:1ac8dd431219,gold,.build,1d344bb824224965e03f6884e826a4e33963c976,meson.build,swh:1:cnt:1d344bb824224965e03f6884e826a4e33963c976;origin=https://github.com/pygments/pygments;path=/tests/examplefiles/meson/meson.build,Meson,Meson (Pygments lexer `meson`),Meson,Pygments' maintainers (the example's directory: a lexer alias),pygments@156d85f,,,,in-linguist,programming,tests/examplefiles/meson/meson.build
pyg:4e9526b9a8dd,gold,.eml,e25ef5a6e41fcae2d6dde7a1c52a96d2c31917d6,example.eml,swh:1:cnt:e25ef5a6e41fcae2d6dde7a1c52a96d2c31917d6;origin=https://github.com/pygments/pygments;path=/tests/examplefiles/mime/MIME_example.eml,MIME,MIME (Pygments lexer `mime`),MIME,Pygments' maintainers (the example's directory: a lexer alias),pygments@156d85f,,,,not-in-linguist;renamed,,tests/examplefiles/mime/MIME_example.eml
pyg:76712dd1531f,gold,.mips,b9d606f66e66d5a1caea37e571160ded45b49922,function_with_stack.mips,swh:1:cnt:b9d606f66e66d5a1caea37e571160ded45b49922;origin=https://github.com/pygments/pygments;path=/tests/examplefiles/mips/function_with_stack.mips,MIPS,MIPS (Pygments lexer `mips`),MIPS,Pygments' maintainers (the example's directory: a lexer alias),pygments@156d85f,,,,not-in-linguist,,tests/examplefiles/mips/function_with_stack.mips
pyg:1721a842214a,gold,.mo,a88627766f2dc5faede34c257ebe41fa42a5f91e,Constants.mo,swh:1:cnt:a88627766f2dc5faede34c257ebe41fa42a5f91e;origin=https://github.com/pygments/pygments;path=/tests/examplefiles/modelica/Constants.mo,Modelica,Modelica (Pygments lexer `modelica`),Modelica,Pygments' maintainers (the example's directory: a lexer alias),pygments@156d85f,,,,in-linguist;ambiguous-ext,programming,tests/examplefiles/modelica/Constants.mo
pyg:e9d143615176,gold,.mod,d6a27c1fff3cbf6418e8ddf6551e64b5787faeab,Sorting.mod,swh:1:cnt:d6a27c1fff3cbf6418e8ddf6551e64b5787faeab;origin=https://github.com/pygments/pygments;path=/tests/examplefiles/modula2/Sorting.mod,Modula-2,Modula-2 (Pygments lexer `modula2`),Modula-2,Pygments' maintainers (the example's directory: a lexer alias),pygments@156d85f,,,,in-linguist;ambiguous-ext,programming,tests/examplefiles/modula2/Sorting.mod
pyg:8748797990cc,gold,.def,ce86a55b840b14573454ff584dbf5bdf3c851b17,example.def,swh:1:cnt:ce86a55b840b14573454ff584dbf5bdf3c851b17;origin=https://github.com/pygments/pygments;path=/tests/examplefiles/modula2/modula2_test_cases.def,Modula-2,Modula-2 (Pygments lexer `modula2`),Modula-2,Pygments' maintainers (the example's directory: a lexer alias),pygments@156d85f,,,,in-linguist;renamed,programming,tests/examplefiles/modula2/modula2_test_cases.def
pyg:7e21ca1b06d9,gold,.mod,ba972e3044a17bd05df666e5a83662353324c2eb,test.mod,swh:1:cnt:ba972e3044a17bd05df666e5a83662353324c2eb;origin=https://github.com/pygments/pygments;path=/tests/examplefiles/modula2/test.mod,Modula-2,Modula-2 (Pygments lexer `modula2`),Modula-2,Pygments' maintainers (the example's directory: a lexer alias),pygments@156d85f,,,,in-linguist;ambiguous-ext,programming,tests/examplefiles/modula2/test.mod
pyg:1dafbdb888ed,gold,.mojo,71ac7956760b986c0f622d764c280a0ffb04f6d8,sample.mojo,swh:1:cnt:71ac7956760b986c0f622d764c280a0ffb04f6d8;origin=https://github.com/pygments/pygments;path=/tests/examplefiles/mojo/sample.mojo,Mojo,Mojo (Pygments lexer `mojo`),Mojo,Pygments' maintainers (the example's directory: a lexer alias),pygments@156d85f,,,,in-linguist;ambiguous-ext,programming,tests/examplefiles/mojo/sample.mojo
pyg:04f81ee9b18b,gold,.monkey,facd3a731cf25622eea467e0170c69d3bb6cfbad,example.monkey,swh:1:cnt:facd3a731cf25622eea467e0170c69d3bb6cfbad;origin=https://github.com/pygments/pygments;path=/tests/examplefiles/monkey/example.monkey,Monkey,Monkey (Pygments lexer `monkey`),Monkey,Pygments' maintainers (the example's directory: a lexer alias),pygments@156d85f,,,,in-linguist;linguist-sample;seen-in-training,programming,tests/examplefiles/monkey/example.monkey
pyg:138c49f8be5c,gold,.mt,008dc88e62c1f6541de1f47bf05712dc275a69d2,test.mt,swh:1:cnt:008dc88e62c1f6541de1f47bf05712dc275a69d2;origin=https://github.com/pygments/pygments;path=/tests/examplefiles/monte/test.mt,Monte,Monte (Pygments lexer `monte`),Monte,Pygments' maintainers (the example's directory: a lexer alias),pygments@156d85f,,,,not-in-linguist,,tests/examplefiles/monte/test.mt
pyg:b121a05e6b2e,gold,.moo,1a15914d0b00fa2e91b2abaf2954464cbf0ad0e5,example.moo,swh:1:cnt:1a15914d0b00fa2e91b2abaf2954464cbf0ad0e5;origin=https://github.com/pygments/pygments;path=/tests/examplefiles/moocode/example.moo,Moocode,MOOCode (Pygments lexer `moocode`),Moocode;MOOCode,Pygments' maintainers (the example's directory: a lexer alias),pygments@156d85f,,,,in-linguist;ambiguous-ext,programming,tests/examplefiles/moocode/example.moo
pyg:392405d7b259,gold,.moo,dec71ba8e888b93a865d39af1183e9102d843340,test.moo,swh:1:cnt:dec71ba8e888b93a865d39af1183e9102d843340;origin=https://github.com/pygments/pygments;path=/tests/examplefiles/moocode/test.moo,Moocode,MOOCode (Pygments lexer `moocode`),Moocode;MOOCode,Pygments' maintainers (the example's directory: a lexer alias),pygments@156d85f,,,,in-linguist;ambiguous-ext,programming,tests/examplefiles/moocode/test.moo
pyg:139fd6cc881d,gold,.moon,d4415e3210a99e518bc0b49461bea690279a8eec,example.moon,swh:1:cnt:d4415e3210a99e518bc0b49461bea690279a8eec;origin=https://github.com/pygments/pygments;path=/tests/examplefiles/moon/example.moon,MoonScript,MoonScript (Pygments lexer `moon`),MoonScript,Pygments' maintainers (the example's directory: a lexer alias),pygments@156d85f,,,,in-linguist,programming,tests/examplefiles/moon/example.moon
pyg:273b2434e179,gold,.mos,ccf17f687c86bd0a8a014a9636a9a1a3b9e3db27,test.mos,swh:1:cnt:ccf17f687c86bd0a8a014a9636a9a1a3b9e3db27;origin=https://github.com/pygments/pygments;path=/tests/examplefiles/mosel/test.mos,Mosel,Mosel (Pygments lexer `mosel`),Mosel,Pygments' maintainers (the example's directory: a lexer alias),pygments@156d85f,,,,not-in-linguist,,tests/examplefiles/mosel/test.mos
pyg:dcf82d4032fd,gold,.mq4,54a5fa6082d777e8e776d8f4f7a825cca4e75994,example.mq4,swh:1:cnt:54a5fa6082d777e8e776d8f4f7a825cca4e75994;origin=https://github.com/pygments/pygments;path=/tests/examplefiles/mql/example.mq4,MQL4,MQL (Pygments lexer `mql`),MQL4;MQL5;MQL,Pygments' maintainers (the example's directory: a lexer alias),pygments@156d85f,,,,in-linguist,programming,tests/examplefiles/mql/example.mq4
pyg:a30e9e160f03,gold,.mqh,ee80ed521337ef5dbdd8095fd4893b69ed42d78c,example.mqh,swh:1:cnt:ee80ed521337ef5dbdd8095fd4893b69ed42d78c;origin=https://github.com/pygments/pygments;path=/tests/examplefiles/mql/example.mqh,MQL4,MQL (Pygments lexer `mql`),MQL4;MQL5;MQL,Pygments' maintainers (the example's directory: a lexer alias),pygments@156d85f,,,,in-linguist;ambiguous-ext,programming,tests/examplefiles/mql/example.mqh
pyg:7cf43f356e66,gold,.ms,140a0563c1fa9fa23f3138dc3093f604ace31e9d,example.ms,swh:1:cnt:140a0563c1fa9fa23f3138dc3093f604ace31e9d;origin=https://github.com/pygments/pygments;path=/tests/examplefiles/ms/example.ms,MiniScript,MiniScript (Pygments lexer `ms`),MiniScript,Pygments' maintainers (the example's directory: a lexer alias),pygments@156d85f,,,,in-linguist;ambiguous-ext,programming,tests/examplefiles/ms/example.ms
pyg:c316522762b6,gold,.msc,d51b32a6dea98c7fc444e86248a090c2594e7298,example.msc,swh:1:cnt:d51b32a6dea98c7fc444e86248a090c2594e7298;origin=https://github.com/pygments/pygments;path=/tests/examplefiles/mscgen/example.msc,Mscgen,Mscgen (Pygments lexer `mscgen`),Mscgen,Pygments' maintainers (the example's directory: a lexer alias),pygments@156d85f,,,,not-in-linguist,,tests/examplefiles/mscgen/example.msc
pyg:8b9fe3794a74,gold,.msc,61e2ef837b36fc8b5dca7dfe33f083239662de01,example2.msc,swh:1:cnt:61e2ef837b36fc8b5dca7dfe33f083239662de01;origin=https://github.com/pygments/pygments;path=/tests/examplefiles/mscgen/example2.msc,Mscgen,Mscgen (Pygments lexer `mscgen`),Mscgen,Pygments' maintainers (the example's directory: a lexer alias),pygments@156d85f,,,,not-in-linguist,,tests/examplefiles/mscgen/example2.msc
pyg:bab0cb828070,gold,.mu,0c1f146f9f51ec5f7820a67dfc807ee56fe33564,AlternatingGroup.mu,swh:1:cnt:0c1f146f9f51ec5f7820a67dfc807ee56fe33564;origin=https://github.com/pygments/pygments;path=/tests/examplefiles/mupad/AlternatingGroup.mu,mupad,MuPAD (Pygments lexer `mupad`),mupad;MuPAD,Pygments' maintainers (the example's directory: a lexer alias),pygments@156d85f,,,,in-linguist,programming,tests/examplefiles/mupad/AlternatingGroup.mu
pyg:946c4b03ac3e,gold,.mu,46bb259d5973fd6f9b457eea776176c2c8917179,function.mu,swh:1:cnt:46bb259d5973fd6f9b457eea776176c2c8917179;origin=https://github.com/pygments/pygments;path=/tests/examplefiles/mupad/function.mu,mupad,MuPAD (Pygments lexer `mupad`),mupad;MuPAD,Pygments' maintainers (the example's directory: a lexer alias),pygments@156d85f,,,,in-linguist;tiny,programming,tests/examplefiles/mupad/function.mu
pyg:edeec85b9564,gold,.myt,1668f7a60cb5a4115d29435ecb3c3b696a82a61c,test.myt,swh:1:cnt:1668f7a60cb5a4115d29435ecb3c3b696a82a61c;origin=https://github.com/pygments/pygments;path=/tests/examplefiles/myghty/test.myt,Myghty,Myghty (Pygments lexer `myghty`),Myghty,Pygments' maintainers (the example's directory: a lexer alias),pygments@156d85f,,,,in-linguist,programming,tests/examplefiles/myghty/test.myt
pyg:85e86d846c63,gold,.asm,9fd9727ed993f2847d8bfc899dbdb4b087c284b0,example.asm,swh:1:cnt:9fd9727ed993f2847d8bfc899dbdb4b087c284b0;origin=https://github.com/pygments/pygments;path=/tests/examplefiles/nasm/nasm_aoutso.asm,Assembly,NASM (Pygments lexer `nasm`),Assembly;asm;nasm;NASM,Pygments' maintainers (the example's directory: a lexer alias),pygments@156d85f,,,,in-linguist;ambiguous-ext;renamed,programming,tests/examplefiles/nasm/nasm_aoutso.asm
pyg:0fa8a8e8af62,gold,.asm,dcae5eed25c51ebf16db1ede042e73a898b1689a,example.asm,swh:1:cnt:dcae5eed25c51ebf16db1ede042e73a898b1689a;origin=https://github.com/pygments/pygments;path=/tests/examplefiles/nasm/nasm_objexe.asm,Assembly,NASM (Pygments lexer `nasm`),Assembly;asm;nasm;NASM,Pygments' maintainers (the example's directory: a lexer alias),pygments@156d85f,,,,in-linguist;ambiguous-ext;renamed,programming,tests/examplefiles/nasm/nasm_objexe.asm
pyg:d1eb5d7ed5a7,gold,.asm,587e30e82305526992df615a95af71369b23925f,example.asm,swh:1:cnt:587e30e82305526992df615a95af71369b23925f;origin=https://github.com/pygments/pygments;path=/tests/examplefiles/nasm/nasm_simd.asm,Assembly,NASM (Pygments lexer `nasm`),Assembly;asm;nasm;NASM,Pygments' maintainers (the example's directory: a lexer alias),pygments@156d85f,,,,in-linguist;ambiguous-ext;renamed,programming,tests/examplefiles/nasm/nasm_simd.asm
pyg:367266f8475d,gold,.ncl,f20f81599534787bdb82d8a0d20a20cb40a6e2c6,test.ncl,swh:1:cnt:f20f81599534787bdb82d8a0d20a20cb40a6e2c6;origin=https://github.com/pygments/pygments;path=/tests/examplefiles/ncl/test.ncl,NCL,NCL (Pygments lexer `ncl`),NCL,Pygments' maintainers (the example's directory: a lexer alias),pygments@156d85f,,,,in-linguist;ambiguous-ext,programming,tests/examplefiles/ncl/test.ncl
pyg:6152a7510bc5,gold,.n,5236857df39052d0f151d0bb973e7258f71ea127,example.n,swh:1:cnt:5236857df39052d0f151d0bb973e7258f71ea127;origin=https://github.com/pygments/pygments;path=/tests/examplefiles/nemerle/nemerle_sample.n,Nemerle,Nemerle (Pygments lexer `nemerle`),Nemerle,Pygments' maintainers (the example's directory: a lexer alias),pygments@156d85f,,,,in-linguist;ambiguous-ext;renamed,programming,tests/examplefiles/nemerle/nemerle_sample.n
pyg:093424cbcaf6,gold,.nc,95a61a2c9d2c1ca530658a6e55eb77ae03bd1dcb,IPDispatchC.nc,swh:1:cnt:95a61a2c9d2c1ca530658a6e55eb77ae03bd1dcb;origin=https://github.com/pygments/pygments;path=/tests/examplefiles/nesc/IPDispatchC.nc,nesC,nesC (Pygments lexer `nesc`),nesC,Pygments' maintainers (the example's directory: a lexer alias),pygments@156d85f,,,,in-linguist,programming,tests/examplefiles/nesc/IPDispatchC.nc
pyg:a01df998194b,gold,.nc,628f39a0dd47557398c0d6370fd30c3fdf8d8101,IPDispatchP.nc,swh:1:cnt:628f39a0dd47557398c0d6370fd30c3fdf8d8101;origin=https://github.com/pygments/pygments;path=/tests/examplefiles/nesc/IPDispatchP.nc,nesC,nesC (Pygments lexer `nesc`),nesC,Pygments' maintainers (the example's directory: a lexer alias),pygments@156d85f,,,,in-linguist,programming,tests/examplefiles/nesc/IPDispatchP.nc
pyg:bc584227d829,gold,.lsp,6f45976ae2b6cd7ef27ec34cda4c11d39f030c4b,irc.lsp,swh:1:cnt:6f45976ae2b6cd7ef27ec34cda4c11d39f030c4b;origin=https://github.com/pygments/pygments;path=/tests/examplefiles/newlisp/irc.lsp,NewLisp,NewLisp (Pygments lexer `newlisp`),NewLisp,Pygments' maintainers (the example's directory: a lexer alias),pygments@156d85f,,,,in-linguist;ambiguous-ext,programming,tests/examplefiles/newlisp/irc.lsp
pyg:ce38c3fdcbb3,gold,.lsp,8159082bede5a6e2db2965a696f14dc996b0f40e,markdown.lsp,swh:1:cnt:8159082bede5a6e2db2965a696f14dc996b0f40e;origin=https://github.com/pygments/pygments;path=/tests/examplefiles/newlisp/markdown.lsp,NewLisp,NewLisp (Pygments lexer `newlisp`),NewLisp,Pygments' maintainers (the example's directory: a lexer alias),pygments@156d85f,,,,in-linguist;ambiguous-ext,programming,tests/examplefiles/newlisp/markdown.lsp
pyg:9efc077e3690,gold,.lsp,fa9a333c1dd3b1d94e4cd1ad5806c70025b9ee37,reversi.lsp,swh:1:cnt:fa9a333c1dd3b1d94e4cd1ad5806c70025b9ee37;origin=https://github.com/pygments/pygments;path=/tests/examplefiles/newlisp/reversi.lsp,NewLisp,NewLisp (Pygments lexer `newlisp`),NewLisp,Pygments' maintainers (the example's directory: a lexer alias),pygments@156d85f,,,,in-linguist;ambiguous-ext,programming,tests/examplefiles/newlisp/reversi.lsp
pyg:d94efe07a9cf,gold,.ns2,b1c6b92ef6cbe955b897243cd0cf42bf77bbe44b,example.ns2,swh:1:cnt:b1c6b92ef6cbe955b897243cd0cf42bf77bbe44b;origin=https://github.com/pygments/pygments;path=/tests/examplefiles/newspeak/example.ns2,Newspeak,Newspeak (Pygments lexer `newspeak`),Newspeak,Pygments' maintainers (the example's directory: a lexer alias),pygments@156d85f,,,,not-in-linguist,,tests/examplefiles/newspeak/example.ns2
pyg:475914082767,gold,.ns2,e8a92693a7d7e4a1387fad28b3b06931bd1c0a36,minimal.ns2,swh:1:cnt:e8a92693a7d7e4a1387fad28b3b06931bd1c0a36;origin=https://github.com/pygments/pygments;path=/tests/examplefiles/newspeak/minimal.ns2,Newspeak,Newspeak (Pygments lexer `newspeak`),Newspeak,Pygments' maintainers (the example's directory: a lexer alias),pygments@156d85f,,,,not-in-linguist;tiny,,tests/examplefiles/newspeak/minimal.ns2
pyg:aab840973a2c,gold,.conf,9dcdc8ab2e915f2b4f9db783325c0c391710abcb,nginx.conf,swh:1:cnt:9dcdc8ab2e915f2b4f9db783325c0c391710abcb;origin=https://github.com/pygments/pygments;path=/tests/examplefiles/nginx/nginx.conf,Nginx,Nginx configuration file (Pygments lexer `nginx`),Nginx;nginx configuration file;Nginx configuration file,Pygments' maintainers (the example's directory: a lexer alias),pygments@156d85f,,,,in-linguist,data,tests/examplefiles/nginx/nginx.conf
pyg:e4fa18e6ad4e,gold,.nim,319da01635402d309ace87e2ec25fcda7ae443b1,example.nim,swh:1:cnt:319da01635402d309ace87e2ec25fcda7ae443b1;origin=https://github.com/pygments/pygments;path=/tests/examplefiles/nim/example.nim,Nim,Nimrod (Pygments lexer `nim`),Nim;Nimrod,Pygments' maintainers (the example's directory: a lexer alias),pygments@156d85f,,,,in-linguist,programming,tests/examplefiles/nim/example.nim
pyg:dd02f60d950a,gold,.nim,20610bb69130a6fc8ec7f3c444d59ea7f7133caf,test.nim,swh:1:cnt:20610bb69130a6fc8ec7f3c444d59ea7f7133caf;origin=https://github.com/pygments/pygments;path=/tests/examplefiles/nim/test.nim,Nim,Nimrod (Pygments lexer `nim`),Nim;Nimrod,Pygments' maintainers (the example's directory: a lexer alias),pygments@156d85f,,,,in-linguist,programming,tests/examplefiles/nim/test.nim
pyg:af50031f4bb9,gold,.nit,d4e1ddfa8e02b0ec24dd83879a60a78c2cddf250,all.nit,swh:1:cnt:d4e1ddfa8e02b0ec24dd83879a60a78c2cddf250;origin=https://github.com/pygments/pygments;path=/tests/examplefiles/nit/all.nit,Nit,Nit (Pygments lexer `nit`),Nit,Pygments' maintainers (the example's directory: a lexer alias),pygments@156d85f,,,,in-linguist,programming,tests/examplefiles/nit/all.nit
pyg:5448bff858f6,gold,.nix,388b14d1bd373f566f4d032d1ba491234ccc2dc3,example.nix,swh:1:cnt:388b14d1bd373f566f4d032d1ba491234ccc2dc3;origin=https://github.com/pygments/pygments;path=/tests/examplefiles/nixos/example.nix,Nix,Nix (Pygments lexer `nixos`),Nix;nixos,Pygments' maintainers (the example's directory: a lexer alias),pygments@156d85f,,,,in-linguist,programming,tests/examplefiles/nixos/example.nix
pyg:7cc656da34e7,gold,.nsi,62f5211cf78275d632095f2df51172d1fdb83022,bigtest.nsi,swh:1:cnt:62f5211cf78275d632095f2df51172d1fdb83022;origin=https://github.com/pygments/pygments;path=/tests/examplefiles/nsis/bigtest.nsi,NSIS,NSIS (Pygments lexer `nsis`),NSIS,Pygments' maintainers (the example's directory: a lexer alias),pygments@156d85f,,,,in-linguist;linguist-sample;seen-in-training,programming,tests/examplefiles/nsis/bigtest.nsi
pyg:99707a08b9de,gold,.nt,955fa39f0185a9156025d53d56107b548e10f3fc,test.nt,swh:1:cnt:955fa39f0185a9156025d53d56107b548e10f3fc;origin=https://github.com/pygments/pygments;path=/tests/examplefiles/nt/test.nt,NestedText,NestedText (Pygments lexer `nt`),NestedText,Pygments' maintainers (the example's directory: a lexer alias),pygments@156d85f,,,,not-in-linguist,,tests/examplefiles/nt/test.nt
pyg:bc495a98c578,gold,.nt,3fbfeecfeeaa0a2a59ba4a9c14f17e3f447edbfb,test2.nt,swh:1:cnt:3fbfeecfeeaa0a2a59ba4a9c14f17e3f447edbfb;origin=https://github.com/pygments/pygments;path=/tests/examplefiles/nt/test2.nt,NestedText,NestedText (Pygments lexer `nt`),NestedText,Pygments' maintainers (the example's directory: a lexer alias),pygments@156d85f,,,,not-in-linguist,,tests/examplefiles/nt/test2.nt
pyg:78093e0d3e64,gold,.smv,671d1e1cf4c5bd43081c5dfe75468f10810f25b2,guidance.smv,swh:1:cnt:671d1e1cf4c5bd43081c5dfe75468f10810f25b2;origin=https://github.com/pygments/pygments;path=/tests/examplefiles/nusmv/guidance.smv,NuSMV,NuSMV (Pygments lexer `nusmv`),NuSMV,Pygments' maintainers (the example's directory: a lexer alias),pygments@156d85f,,,,not-in-linguist,,tests/examplefiles/nusmv/guidance.smv
pyg:9615b7605144,gold,.m,f3f85f65063a21bd07822ff4572cd5e382208d8e,example.m,swh:1:cnt:f3f85f65063a21bd07822ff4572cd5e382208d8e;origin=https://github.com/pygments/pygments;path=/tests/examplefiles/objective-c/objc_example.m,Objective-C,Objective-C (Pygments lexer `objective-c`),Objective-C;obj-c;objc;objectivec,Pygments' maintainers (the example's directory: a lexer alias),pygments@156d85f,,,,in-linguist;ambiguous-ext;renamed,programming,tests/examplefiles/objective-c/objc_example.m
pyg:c47c3975c25b,gold,.j,50243f1dfd3b6af97be003fc6e12ad10259da4fc,CPDictionary.j,swh:1:cnt:50243f1dfd3b6af97be003fc6e12ad10259da4fc;origin=https://github.com/pygments/pygments;path=/tests/examplefiles/objective-j/CPDictionary.j,Objective-J,Objective-J (Pygments lexer `objective-j`),Objective-J;obj-j;objectivej;objj,Pygments' maintainers (the example's directory: a lexer alias),pygments@156d85f,,,,in-linguist;ambiguous-ext,programming,tests/examplefiles/objective-j/CPDictionary.j
pyg:9e456c36fd00,gold,.ml,49b4067834d03656ecaa805817213270490f26d0,format.ml,swh:1:cnt:49b4067834d03656ecaa805817213270490f26d0;origin=https://github.com/pygments/pygments;path=/tests/examplefiles/ocaml/format.ml,OCaml,OCaml (Pygments lexer `ocaml`),OCaml,Pygments' maintainers (the example's directory: a lexer alias),pygments@156d85f,,,,in-linguist;ambiguous-ext,programming,tests/examplefiles/ocaml/format.ml
pyg:c8e61161f5d7,gold,.odin,05b01d22f4bdbdfbffa23db1ee0c5ec6270b7f31,test.odin,swh:1:cnt:05b01d22f4bdbdfbffa23db1ee0c5ec6270b7f31;origin=https://github.com/pygments/pygments;path=/tests/examplefiles/odin/test.odin,Odin,ODIN (Pygments lexer `odin`),Odin;odinlang;odin-lang;ODIN,Pygments' maintainers (the example's directory: a lexer alias),pygments@156d85f,,,,in-linguist;ambiguous-ext,programming,tests/examplefiles/odin/test.odin
pyg:acad1b5689fe,gold,.odin,2a6b4517e957775101122ca23a2f061bfb658581,test2.odin,swh:1:cnt:2a6b4517e957775101122ca23a2f061bfb658581;origin=https://github.com/pygments/pygments;path=/tests/examplefiles/odin/test2.odin,Odin,ODIN (Pygments lexer `odin`),Odin;odinlang;odin-lang;ODIN,Pygments' maintainers (the example's directory: a lexer alias),pygments@156d85f,,,,in-linguist;ambiguous-ext,programming,tests/examplefiles/odin/test2.odin
pyg:2225436fcc9b,gold,.idl,84e90df510901647f0ed9118dda96f9e098c683c,example.idl,swh:1:cnt:84e90df510901647f0ed9118dda96f9e098c683c;origin=https://github.com/pygments/pygments;path=/tests/examplefiles/omg-idl/example.idl,OMG Interface Definition Language,OMG Interface Definition Language (Pygments lexer `omg-idl`),OMG Interface Definition Language,Pygments' maintainers (the example's directory: a lexer alias),pygments@156d85f,,,,not-in-linguist,,tests/examplefiles/omg-idl/example.idl
pyg:38baf10b3548,gold,.opa,ec287ac5ee2c840d49674afb7e0dc7e30454c4bd,test.opa,swh:1:cnt:ec287ac5ee2c840d49674afb7e0dc7e30454c4bd;origin=https://github.com/pygments/pygments;path=/tests/examplefiles/opa/test.opa,Opa,Opa (Pygments lexer `opa`),Opa,Pygments' maintainers (the example's directory: a lexer alias),pygments@156d85f,,,,in-linguist,programming,tests/examplefiles/opa/test.opa
pyg:c078d62d5dea,gold,.cls,d36ad6f0d0e68be6d0d6fff4276ef7f4a28cc84c,example.cls,swh:1:cnt:d36ad6f0d0e68be6d0d6fff4276ef7f4a28cc84c;origin=https://github.com/pygments/pygments;path=/tests/examplefiles/openedge/example.cls,OpenEdge ABL,OpenEdge ABL (Pygments lexer `openedge`),OpenEdge ABL;progress;openedge;abl,Pygments' maintainers (the example's directory: a lexer alias),pygments@156d85f,,,,in-linguist;ambiguous-ext,programming,tests/examplefiles/openedge/example.cls
pyg:3fcf03582a4e,gold,.p,e8c17e339e37cecb9c6ec9b42ef04f0dee6536ae,example.p,swh:1:cnt:e8c17e339e37cecb9c6ec9b42ef04f0dee6536ae;origin=https://github.com/pygments/pygments;path=/tests/examplefiles/openedge/openedge_example.p,OpenEdge ABL,OpenEdge ABL (Pygments lexer `openedge`),OpenEdge ABL;progress;openedge;abl,Pygments' maintainers (the example's directory: a lexer alias),pygments@156d85f,,,,in-linguist;ambiguous-ext;renamed,programming,tests/examplefiles/openedge/openedge_example.p
pyg:5b7d36344949,gold,.org,d3867f1410954ef17bdfb3f33135a57ce1b0e513,example.org,swh:1:cnt:d3867f1410954ef17bdfb3f33135a57ce1b0e513;origin=https://github.com/pygments/pygments;path=/tests/examplefiles/org/example.org,Org,Org Mode (Pygments lexer `org`),Org;Org Mode,Pygments' maintainers (the example's directory: a lexer alias),pygments@156d85f,,,,in-linguist,prose,tests/examplefiles/org/example.org
pyg:1294c78da7d6,gold,.conf,78dbf5e15e5bec28a3b0d98c3ec82234704c5726,pacman.conf,swh:1:cnt:78dbf5e15e5bec28a3b0d98c3ec82234704c5726;origin=https://github.com/pygments/pygments;path=/tests/examplefiles/pacmanconf/pacman.conf,PacmanConf,PacmanConf (Pygments lexer `pacmanconf`),PacmanConf,Pygments' maintainers (the example's directory: a lexer alias),pygments@156d85f,,,,not-in-linguist,,tests/examplefiles/pacmanconf/pacman.conf
pyg:a667c491ca6f,gold,.pan,56c8bd6286ccaed43e71826d8e44fdd9479781fa,test.pan,swh:1:cnt:56c8bd6286ccaed43e71826d8e44fdd9479781fa;origin=https://github.com/pygments/pygments;path=/tests/examplefiles/pan/test.pan,Pan,Pan (Pygments lexer `pan`),Pan,Pygments' maintainers (the example's directory: a lexer alias),pygments@156d85f,,,,in-linguist;linguist-sample;seen-in-training,programming,tests/examplefiles/pan/test.pan
pyg:5128fa80916e,gold,.psl,3ac994985cb7c64364b9323720a437aae2446184,test.psl,swh:1:cnt:3ac994985cb7c64364b9323720a437aae2446184;origin=https://github.com/pygments/pygments;path=/tests/examplefiles/parasail/test.psl,ParaSail,ParaSail (Pygments lexer `parasail`),ParaSail,Pygments' maintainers (the example's directory: a lexer alias),pygments@156d85f,,,,not-in-linguist,,tests/examplefiles/parasail/test.psl
pyg:f457d3d88672,gold,.p,ee2ecca2204cdc16ed8ea1f742cadad17659d90c,example.p,swh:1:cnt:ee2ecca2204cdc16ed8ea1f742cadad17659d90c;origin=https://github.com/pygments/pygments;path=/tests/examplefiles/pawn/pawn_example.p,Pawn,Pawn (Pygments lexer `pawn`),Pawn,Pygments' maintainers (the example's directory: a lexer alias),pygments@156d85f,,,,in-linguist;ambiguous-ext;renamed,programming,tests/examplefiles/pawn/pawn_example.p
pyg:455481d17787,gold,.pwn,d64686178f203e6f1de4ca3fd65c38d41d07297f,test.pwn,swh:1:cnt:d64686178f203e6f1de4ca3fd65c38d41d07297f;origin=https://github.com/pygments/pygments;path=/tests/examplefiles/pawn/test.pwn,Pawn,Pawn (Pygments lexer `pawn`),Pawn,Pygments' maintainers (the example's directory: a lexer alias),pygments@156d85f,,,,in-linguist,programming,tests/examplefiles/pawn/test.pwn
pyg:f72bad70254d,gold,.pddl,d4e71bc7dbf9b897747745cccae5f47c8e6823cd,example-domain.pddl,swh:1:cnt:d4e71bc7dbf9b897747745cccae5f47c8e6823cd;origin=https://github.com/pygments/pygments;path=/tests/examplefiles/pddl/example-domain.pddl,PDDL,PDDL (Pygments lexer `pddl`),PDDL,Pygments' maintainers (the example's directory: a lexer alias),pygments@156d85f,,,,in-linguist,programming,tests/examplefiles/pddl/example-domain.pddl
pyg:34bd0c89e1b5,gold,.pddl,05e90751a25053966abdafc28ac2f767a881614b,example-problem.pddl,swh:1:cnt:05e90751a25053966abdafc28ac2f767a881614b;origin=https://github.com/pygments/pygments;path=/tests/examplefiles/pddl/example-problem.pddl,PDDL,PDDL (Pygments lexer `pddl`),PDDL,Pygments' maintainers (the example's directory: a lexer alias),pygments@156d85f,,,,in-linguist,programming,tests/examplefiles/pddl/example-problem.pddl
pyg:5348d5abe858,gold,.pl,e6dbfb28dba0b7d6f3724e5656d3ca1907b88f67,example.pl,swh:1:cnt:e6dbfb28dba0b7d6f3724e5656d3ca1907b88f67;origin=https://github.com/pygments/pygments;path=/tests/examplefiles/perl/perl_misc.pl,Perl,Perl (Pygments lexer `perl`),Perl;cperl,Pygments' maintainers (the example's directory: a lexer alias),pygments@156d85f,,,,in-linguist;ambiguous-ext;renamed,programming,tests/examplefiles/perl/perl_misc.pl
pyg:6a2525f8dd25,gold,.pl,ab9d5e3047fcc03ecd419d60c34938345fcfdc0c,example.pl,swh:1:cnt:ab9d5e3047fcc03ecd419d60c34938345fcfdc0c;origin=https://github.com/pygments/pygments;path=/tests/examplefiles/perl/perl_perl5db.pl,Perl,Perl (Pygments lexer `perl`),Perl;cperl,Pygments' maintainers (the example's directory: a lexer alias),pygments@156d85f,,,,in-linguist;ambiguous-ext;renamed,programming,tests/examplefiles/perl/perl_perl5db.pl
pyg:531c0f94ab3f,gold,.pl,6da5298dc7c573bd916e0204c4dc5da151199db4,example.pl,swh:1:cnt:6da5298dc7c573bd916e0204c4dc5da151199db4;origin=https://github.com/pygments/pygments;path=/tests/examplefiles/perl/perl_regex-delims.pl,Perl,Perl (Pygments lexer `perl`),Perl;cperl,Pygments' maintainers (the example's directory: a lexer alias),pygments@156d85f,,,,in-linguist;ambiguous-ext;renamed,programming,tests/examplefiles/perl/perl_regex-delims.pl
pyg:940444a3dd66,gold,.pm6,9b66bde4f615cb8697da223880997dcbc9675322,RoleQ.pm6,swh:1:cnt:9b66bde4f615cb8697da223880997dcbc9675322;origin=https://github.com/pygments/pygments;path=/tests/examplefiles/perl6/RoleQ.pm6,Raku,Perl6 (Pygments lexer `perl6`),Raku;perl6;perl-6;Perl6,Pygments' maintainers (the example's directory: a lexer alias),pygments@156d85f,,,,in-linguist;linguist-sample;seen-in-training,programming,tests/examplefiles/perl6/RoleQ.pm6
pyg:63f92f0a0f01,gold,.p6,28107f3e422207f3afe68ff751308b669044c749,grammar-test.p6,swh:1:cnt:28107f3e422207f3afe68ff751308b669044c749;origin=https://github.com/pygments/pygments;path=/tests/examplefiles/perl6/grammar-test.p6,Raku,Perl6 (Pygments lexer `perl6`),Raku;perl6;perl-6;Perl6,Pygments' maintainers (the example's directory: a lexer alias),pygments@156d85f,,,,in-linguist;linguist-sample;seen-in-training,programming,tests/examplefiles/perl6/grammar-test.p6
pyg:cda2fe05f9e5,gold,.p6,3d12b56c59d74be81e26db646d6ac0e619c1271d,test.p6,swh:1:cnt:3d12b56c59d74be81e26db646d6ac0e619c1271d;origin=https://github.com/pygments/pygments;path=/tests/examplefiles/perl6/test.p6,Raku,Perl6 (Pygments lexer `perl6`),Raku;perl6;perl-6;Perl6,Pygments' maintainers (the example's directory: a lexer alias),pygments@156d85f,,,,in-linguist,programming,tests/examplefiles/perl6/test.p6
pyg:9b137756f408,gold,.exw,583feed77dc99d80ba1d0aceac634a4cf902dba2,example.exw,swh:1:cnt:583feed77dc99d80ba1d0aceac634a4cf902dba2;origin=https://github.com/pygments/pygments;path=/tests/examplefiles/phix/example.exw,Phix,Phix (Pygments lexer `phix`),Phix,Pygments' maintainers (the example's directory: a lexer alias),pygments@156d85f,,,,not-in-linguist,,tests/examplefiles/phix/example.exw
pyg:dc0a281e393e,gold,.php,516ab2c8251127e92cab96e9688da7a06b753e33,ints.php,swh:1:cnt:516ab2c8251127e92cab96e9688da7a06b753e33;origin=https://github.com/pygments/pygments;path=/tests/examplefiles/php/ints.php,PHP,PHP (Pygments lexer `php`),PHP;inc,Pygments' maintainers (the example's directory: a lexer alias),pygments@156d85f,,,,in-linguist;ambiguous-ext,programming,tests/examplefiles/php/ints.php
pyg:86ec94c422e3,gold,.php,8130856f7198f4dbce085177a71c1ae5d049580d,test.php,swh:1:cnt:8130856f7198f4dbce085177a71c1ae5d049580d;origin=https://github.com/pygments/pygments;path=/tests/examplefiles/php/test.php,PHP,PHP (Pygments lexer `php`),PHP;inc,Pygments' maintainers (the example's directory: a lexer alias),pygments@156d85f,,,,in-linguist;ambiguous-ext,programming,tests/examplefiles/php/test.php
pyg:b3848799d0d7,gold,.pig,f67b0268b17d2bfb6187d69edab43441b7c99eab,test.pig,swh:1:cnt:f67b0268b17d2bfb6187d69edab43441b7c99eab;origin=https://github.com/pygments/pygments;path=/tests/examplefiles/pig/test.pig,PigLatin,Pig (Pygments lexer `pig`),PigLatin;Pig,Pygments' maintainers (the example's directory: a lexer alias),pygments@156d85f,,,,in-linguist,programming,tests/examplefiles/pig/test.pig
pyg:4d6a16f8ee50,gold,.pmod,808ecb0eaf08f6c05c3a803c5cea1a162e68bced,Error.pmod,swh:1:cnt:808ecb0eaf08f6c05c3a803c5cea1a162e68bced;origin=https://github.com/pygments/pygments;path=/tests/examplefiles/pike/Error.pmod,Pike,Pike (Pygments lexer `pike`),Pike,Pygments' maintainers (the example's directory: a lexer alias),pygments@156d85f,,,,in-linguist;linguist-sample;seen-in-training,programming,tests/examplefiles/pike/Error.pmod
pyg:3561ac3f1ce3,gold,.pike,48f3ea64a5d272c31fbaa94c16b21161884b09cc,FakeFile.pike,swh:1:cnt:48f3ea64a5d272c31fbaa94c16b21161884b09cc;origin=https://github.com/pygments/pygments;path=/tests/examplefiles/pike/FakeFile.pike,Pike,Pike (Pygments lexer `pike`),Pike,Pygments' maintainers (the example's directory: a lexer alias),pygments@156d85f,,,,in-linguist;linguist-sample;seen-in-training,programming,tests/examplefiles/pike/FakeFile.pike
pyg:8498acd8d173,gold,.pc,2a59204efa3446090b880803de208392e3e0a3e2,example.pc,swh:1:cnt:2a59204efa3446090b880803de208392e3e0a3e2;origin=https://github.com/pygments/pygments;path=/tests/examplefiles/pkgconfig/pkgconfig_example.pc,pkg-config,PkgConfig (Pygments lexer `pkgconfig`),pkg-config;pkgconf;PkgConfig,Pygments' maintainers (the example's directory: a lexer alias),pygments@156d85f,,,,in-linguist;ambiguous-ext;renamed,data,tests/examplefiles/pkgconfig/pkgconfig_example.pc
pyg:f4e0770e401d,gold,.ptls,f3dc641acc5980ffa7f24fc61a3f18ce20d31c0d,example.ptls,swh:1:cnt:f3dc641acc5980ffa7f24fc61a3f18ce20d31c0d;origin=https://github.com/pygments/pygments;path=/tests/examplefiles/pointless/example.ptls,Pointless,Pointless (Pygments lexer `pointless`),Pointless,Pygments' maintainers (the example's directory: a lexer alias),pygments@156d85f,,,,not-in-linguist,,tests/examplefiles/pointless/example.ptls
pyg:d777057aa9c6,gold,.pony,654f2376c3d11435e921b0080126400ba2722970,example.pony,swh:1:cnt:654f2376c3d11435e921b0080126400ba2722970;origin=https://github.com/pygments/pygments;path=/tests/examplefiles/pony/example.pony,Pony,Pony (Pygments lexer `pony`),Pony,Pygments' maintainers (the example's directory: a lexer alias),pygments@156d85f,,,,in-linguist,programming,tests/examplefiles/pony/example.pony
pyg:27d932557050,gold,.alg,c57545e1c5da41c66d7caeca0f9654f941cb7cdb,example.alg,swh:1:cnt:c57545e1c5da41c66d7caeca0f9654f941cb7cdb;origin=https://github.com/pygments/pygments;path=/tests/examplefiles/portugol/example.alg,Portugol,Portugol (Pygments lexer `portugol`),Portugol,Pygments' maintainers (the example's directory: a lexer alias),pygments@156d85f,,,,in-linguist,programming,tests/examplefiles/portugol/example.alg
pyg:c53355db870a,gold,.txt,28db5ee3762a08febdeb7bbbfaf607377450ef42,example.txt,swh:1:cnt:28db5ee3762a08febdeb7bbbfaf607377450ef42;origin=https://github.com/pygments/pygments;path=/tests/examplefiles/postgresql/postgresql_test.txt,PostgreSQL SQL dialect,PostgreSQL SQL dialect (Pygments lexer `postgresql`),PostgreSQL SQL dialect,Pygments' maintainers (the example's directory: a lexer alias),pygments@156d85f,,,,not-in-linguist;ambiguous-ext;renamed,,tests/examplefiles/postgresql/postgresql_test.txt
pyg:b716cd2833cf,gold,.ps,d5bc325f5c3b6f12457724326afc672225deabbb,cells.ps,swh:1:cnt:d5bc325f5c3b6f12457724326afc672225deabbb;origin=https://github.com/pygments/pygments;path=/tests/examplefiles/postscript/cells.ps,PostScript,PostScript (Pygments lexer `postscript`),PostScript;postscr,Pygments' maintainers (the example's directory: a lexer alias),pygments@156d85f,,,,in-linguist,markup,tests/examplefiles/postscript/cells.ps
pyg:0bac3e011bb6,gold,.po,1574d8bfb48ac0118740d67f35e6f3d842fc0b4c,de.MoinMoin.po,swh:1:cnt:1574d8bfb48ac0118740d67f35e6f3d842fc0b4c;origin=https://github.com/pygments/pygments;path=/tests/examplefiles/pot/de.MoinMoin.po,Gettext Catalog,Gettext Catalog (Pygments lexer `pot`),Gettext Catalog;pot,Pygments' maintainers (the example's directory: a lexer alias),pygments@156d85f,,,,in-linguist,prose,tests/examplefiles/pot/de.MoinMoin.po
pyg:46ca1312f2b6,gold,.pov,1c6a5057ce74c1242ddf8d888ef765df9d630d2b,sphere.pov,swh:1:cnt:1c6a5057ce74c1242ddf8d888ef765df9d630d2b;origin=https://github.com/pygments/pygments;path=/tests/examplefiles/pov/sphere.pov,POV-Ray SDL,POVRay (Pygments lexer `pov`),POV-Ray SDL;pov-ray;povray;POVRay,Pygments' maintainers (the example's directory: a lexer alias),pygments@156d85f,,,,in-linguist,programming,tests/examplefiles/pov/sphere.pov
pyg:364adf18dcf0,gold,.pov,fb182454ceb95b4c6ce7e0a8955e9347665700a2,while.pov,swh:1:cnt:fb182454ceb95b4c6ce7e0a8955e9347665700a2;origin=https://github.com/pygments/pygments;path=/tests/examplefiles/pov/while.pov,POV-Ray SDL,POVRay (Pygments lexer `pov`),POV-Ray SDL;pov-ray;povray;POVRay,Pygments' maintainers (the example's directory: a lexer alias),pygments@156d85f,,,,in-linguist,programming,tests/examplefiles/pov/while.pov
pyg:f2a35939d80e,gold,.ps1,b181955fd9bb0042d871ddbc8038488b7cb53c92,Get-CommandDefinitionHtml.ps1,swh:1:cnt:b181955fd9bb0042d871ddbc8038488b7cb53c92;origin=https://github.com/pygments/pygments;path=/tests/examplefiles/powershell/Get-CommandDefinitionHtml.ps1,PowerShell,PowerShell (Pygments lexer `powershell`),PowerShell;posh;pwsh,Pygments' maintainers (the example's directory: a lexer alias),pygments@156d85f,,,,in-linguist,programming,tests/examplefiles/powershell/Get-CommandDefinitionHtml.ps1
pyg:eeb38d1c112c,gold,.ps1,385fb6f42ce79357281e9c10cb4654f3a8cedf07,test.ps1,swh:1:cnt:385fb6f42ce79357281e9c10cb4654f3a8cedf07;origin=https://github.com/pygments/pygments;path=/tests/examplefiles/powershell/test.ps1,PowerShell,PowerShell (Pygments lexer `powershell`),PowerShell;posh;pwsh,Pygments' maintainers (the example's directory: a lexer alias),pygments@156d85f,,,,in-linguist,programming,tests/examplefiles/powershell/test.ps1
pyg:231bda57c599,gold,.praat,2b782b8d2fde63e60a185a6970fccfd6b8348d51,example.praat,swh:1:cnt:2b782b8d2fde63e60a185a6970fccfd6b8348d51;origin=https://github.com/pygments/pygments;path=/tests/examplefiles/praat/example.praat,Praat,Praat (Pygments lexer `praat`),Praat,Pygments' maintainers (the example's directory: a lexer alias),pygments@156d85f,,,,in-linguist,programming,tests/examplefiles/praat/example.praat
pyg:1063364c9f48,gold,,3778507e79201072dc666c69f312337e455f9947,Procfile,swh:1:cnt:3778507e79201072dc666c69f312337e455f9947;origin=https://github.com/pygments/pygments;path=/tests/examplefiles/procfile/Procfile,Procfile,Procfile (Pygments lexer `procfile`),Procfile,Pygments' maintainers (the example's directory: a lexer alias),pygments@156d85f,,,,in-linguist;tiny,programming,tests/examplefiles/procfile/Procfile
pyg:f15cdf2faee8,gold,.prolog,d78de6f1b1a41a3025f3938bb9e246bba8516f7b,qsort.prolog,swh:1:cnt:d78de6f1b1a41a3025f3938bb9e246bba8516f7b;origin=https://github.com/pygments/pygments;path=/tests/examplefiles/prolog/qsort.prolog,Prolog,Prolog (Pygments lexer `prolog`),Prolog,Pygments' maintainers (the example's directory: a lexer alias),pygments@156d85f,,,,in-linguist,programming,tests/examplefiles/prolog/qsort.prolog
pyg:0c4455a05787,gold,.prolog,bc591502b70089b1f689bc66d7f32ea77c7b1e05,sibling.prolog,swh:1:cnt:bc591502b70089b1f689bc66d7f32ea77c7b1e05;origin=https://github.com/pygments/pygments;path=/tests/examplefiles/prolog/sibling.prolog,Prolog,Prolog (Pygments lexer `prolog`),Prolog,Pygments' maintainers (the example's directory: a lexer alias),pygments@156d85f,,,,in-linguist,programming,tests/examplefiles/prolog/sibling.prolog
pyg:2ce7ca5b1450,gold,.prolog,c7003851905674d4c119bc2d71740391d8c5be71,strings.prolog,swh:1:cnt:c7003851905674d4c119bc2d71740391d8c5be71;origin=https://github.com/pygments/pygments;path=/tests/examplefiles/prolog/strings.prolog,Prolog,Prolog (Pygments lexer `prolog`),Prolog,Pygments' maintainers (the example's directory: a lexer alias),pygments@156d85f,,,,in-linguist;tiny,programming,tests/examplefiles/prolog/strings.prolog
pyg:f03b4defc2d4,gold,.pml,126685eee049de01df9a4b3a6255524cbbeff34a,calc.pml,swh:1:cnt:126685eee049de01df9a4b3a6255524cbbeff34a;origin=https://github.com/pygments/pygments;path=/tests/examplefiles/promela/calc.pml,Promela,Promela (Pygments lexer `promela`),Promela,Pygments' maintainers (the example's directory: a lexer alias),pygments@156d85f,,,,in-linguist,programming,tests/examplefiles/promela/calc.pml
pyg:6d1d04a8f2fc,gold,.pml,7610f403fb44f99402a09b4996bf2fafd62ee12b,sample.pml,swh:1:cnt:7610f403fb44f99402a09b4996bf2fafd62ee12b;origin=https://github.com/pygments/pygments;path=/tests/examplefiles/promela/sample.pml,Promela,Promela (Pygments lexer `promela`),Promela,Pygments' maintainers (the example's directory: a lexer alias),pygments@156d85f,,,,in-linguist,programming,tests/examplefiles/promela/sample.pml
pyg:32faca1c3910,gold,.promql,e2fee08785246eaec05646cf1700882a228f00ef,example.promql,swh:1:cnt:e2fee08785246eaec05646cf1700882a228f00ef;origin=https://github.com/pygments/pygments;path=/tests/examplefiles/promql/example.promql,PromQL,PromQL (Pygments lexer `promql`),PromQL,Pygments' maintainers (the example's directory: a lexer alias),pygments@156d85f,,,,not-in-linguist,,tests/examplefiles/promql/example.promql
pyg:3316fb7bf882,gold,.properties,bdd6b76acb99bfce20e4a2019b9b0dda1ae89876,java.properties,swh:1:cnt:bdd6b76acb99bfce20e4a2019b9b0dda1ae89876;origin=https://github.com/pygments/pygments;path=/tests/examplefiles/properties/java.properties,Java Properties,Properties (Pygments lexer `properties`),Java Properties;Properties,Pygments' maintainers (the example's directory: a lexer alias),pygments@156d85f,,,,in-linguist;ambiguous-ext,data,tests/examplefiles/properties/java.properties
pyg:6355b2e378ec,gold,.proto,b14829e9c30cc48aff2be6d24adc8b356a5daebe,addressbook.proto,swh:1:cnt:b14829e9c30cc48aff2be6d24adc8b356a5daebe;origin=https://github.com/pygments/pygments;path=/tests/examplefiles/protobuf/addressbook.proto,Protocol Buffer,Protocol Buffer (Pygments lexer `protobuf`),Protocol Buffer;proto;protobuf;Protocol Buffers,Pygments' maintainers (the example's directory: a lexer alias),pygments@156d85f,,,,in-linguist,data,tests/examplefiles/protobuf/addressbook.proto
pyg:816fe4bb2bbe,gold,.prql,5387d697b6f9d1171dd3cb1b550fb4512d878c32,example.prql,swh:1:cnt:5387d697b6f9d1171dd3cb1b550fb4512d878c32;origin=https://github.com/pygments/pygments;path=/tests/examplefiles/prql/example.prql,PRQL,PRQL (Pygments lexer `prql`),PRQL,Pygments' maintainers (the example's directory: a lexer alias),pygments@156d85f,,,,not-in-linguist,,tests/examplefiles/prql/example.prql
pyg:8072bb1f344b,gold,.pp,ea697be2928f5b63b9eb5e1be048425af2b7399f,example.pp,swh:1:cnt:ea697be2928f5b63b9eb5e1be048425af2b7399f;origin=https://github.com/pygments/pygments;path=/tests/examplefiles/puppet/example.pp,Puppet,Puppet (Pygments lexer `puppet`),Puppet,Pygments' maintainers (the example's directory: a lexer alias),pygments@156d85f,,,,in-linguist;ambiguous-ext,programming,tests/examplefiles/puppet/example.pp
pyg:83ac2cecbf6e,gold,.purs,c0c437276aee38d07351d2084674ccf1e170523b,Example.purs,swh:1:cnt:c0c437276aee38d07351d2084674ccf1e170523b;origin=https://github.com/pygments/pygments;path=/tests/examplefiles/purescript/Example.purs,PureScript,PureScript (Pygments lexer `purescript`),PureScript,Pygments' maintainers (the example's directory: a lexer alias),pygments@156d85f,,,,in-linguist,programming,tests/examplefiles/purescript/Example.purs
pyg:e300a928ee5d,gold,.py2tb,3525cee2c9b563aa6699406f68e2b46d21ad1847,syntax_error.py2tb,swh:1:cnt:3525cee2c9b563aa6699406f68e2b46d21ad1847;origin=https://github.com/pygments/pygments;path=/tests/examplefiles/py2tb/syntax_error.py2tb,Python traceback,Python 2.x Traceback (Pygments lexer `py2tb`),Python traceback;Python 2.x Traceback,Pygments' maintainers (the example's directory: a lexer alias),pygments@156d85f,,,,in-linguist;tiny,data,tests/examplefiles/py2tb/syntax_error.py2tb
pyg:49d5849dadf9,gold,.py2tb,9a0210028eed2fbf0dcfbaa9058eb51e353652da,syntax_error_caret_code.py2tb,swh:1:cnt:9a0210028eed2fbf0dcfbaa9058eb51e353652da;origin=https://github.com/pygments/pygments;path=/tests/examplefiles/py2tb/syntax_error_caret_code.py2tb,Python traceback,Python 2.x Traceback (Pygments lexer `py2tb`),Python traceback;Python 2.x Traceback,Pygments' maintainers (the example's directory: a lexer alias),pygments@156d85f,,,,in-linguist;tiny,data,tests/examplefiles/py2tb/syntax_error_caret_code.py2tb
pyg:d6a66bc759d6,gold,,4998fd9c83088172eb01a50f79775964a1116017,example,swh:1:cnt:4998fd9c83088172eb01a50f79775964a1116017;origin=https://github.com/pygments/pygments;path=/tests/examplefiles/pycon/pycon_ctrlc_traceback,Python console,Python console session (Pygments lexer `pycon`),Python console;pycon;Python console session,Pygments' maintainers (the example's directory: a lexer alias),pygments@156d85f,,,,in-linguist;renamed,programming,tests/examplefiles/pycon/pycon_ctrlc_traceback
pyg:02040345e396,gold,.pycon,9c4fc3d32790367cb651417289b9a0aff03a7afc,example.pycon,swh:1:cnt:9c4fc3d32790367cb651417289b9a0aff03a7afc;origin=https://github.com/pygments/pygments;path=/tests/examplefiles/pycon/pycon_test.pycon,Python console,Python console session (Pygments lexer `pycon`),Python console;pycon;Python console session,Pygments' maintainers (the example's directory: a lexer alias),pygments@156d85f,,,,in-linguist;renamed,programming,tests/examplefiles/pycon/pycon_test.pycon
pyg:b5bd92101855,gold,.pytb,9138e01bc698fa9d2d43201c6415fb04517bbd71,database.pytb,swh:1:cnt:9138e01bc698fa9d2d43201c6415fb04517bbd71;origin=https://github.com/pygments/pygments;path=/tests/examplefiles/pytb/database.pytb,Python traceback,Python Traceback (Pygments lexer `pytb`),Python traceback;Python Traceback,Pygments' maintainers (the example's directory: a lexer alias),pygments@156d85f,,,,in-linguist,data,tests/examplefiles/pytb/database.pytb
pyg:10437ecc34c0,gold,.pytb,0ed17f9cb3da62b88737e31d271ff86100d1aa68,error_locations.pytb,swh:1:cnt:0ed17f9cb3da62b88737e31d271ff86100d1aa68;origin=https://github.com/pygments/pygments;path=/tests/examplefiles/pytb/error_locations.pytb,Python traceback,Python Traceback (Pygments lexer `pytb`),Python traceback;Python Traceback,Pygments' maintainers (the example's directory: a lexer alias),pygments@156d85f,,,,in-linguist,data,tests/examplefiles/pytb/error_locations.pytb
pyg:b185c97f7773,gold,.py3tb,706a540faefccc910d60dfd4dd17b723e6476798,example.py3tb,swh:1:cnt:706a540faefccc910d60dfd4dd17b723e6476798;origin=https://github.com/pygments/pygments;path=/tests/examplefiles/pytb/py3tb_test.py3tb,Python traceback,Python Traceback (Pygments lexer `pytb`),Python traceback;Python Traceback,Pygments' maintainers (the example's directory: a lexer alias),pygments@156d85f,,,,in-linguist;tiny;renamed,data,tests/examplefiles/pytb/py3tb_test.py3tb
pyg:a02f586fdad2,gold,.pytb,c4d20339bc1a21578d190cef4450e6961794f1d1,example.pytb,swh:1:cnt:c4d20339bc1a21578d190cef4450e6961794f1d1;origin=https://github.com/pygments/pygments;path=/tests/examplefiles/pytb/pytb_test2.pytb,Python traceback,Python Traceback (Pygments lexer `pytb`),Python traceback;Python Traceback,Pygments' maintainers (the example's directory: a lexer alias),pygments@156d85f,,,,in-linguist;tiny;renamed,data,tests/examplefiles/pytb/pytb_test2.pytb
pyg:67155dc1ca79,gold,.pytb,0c602167ebd16b03b29d4fa9d403e3fc69a127cb,example.pytb,swh:1:cnt:0c602167ebd16b03b29d4fa9d403e3fc69a127cb;origin=https://github.com/pygments/pygments;path=/tests/examplefiles/pytb/pytb_test3.pytb,Python traceback,Python Traceback (Pygments lexer `pytb`),Python traceback;Python Traceback,Pygments' maintainers (the example's directory: a lexer alias),pygments@156d85f,,,,in-linguist;renamed,data,tests/examplefiles/pytb/pytb_test3.pytb
pyg:58d56195a6c8,gold,.pytb,3525cee2c9b563aa6699406f68e2b46d21ad1847,syntax_error.pytb,swh:1:cnt:3525cee2c9b563aa6699406f68e2b46d21ad1847;origin=https://github.com/pygments/pygments;path=/tests/examplefiles/pytb/syntax_error.pytb,Python traceback,Python Traceback (Pygments lexer `pytb`),Python traceback;Python Traceback,Pygments' maintainers (the example's directory: a lexer alias),pygments@156d85f,,,,in-linguist;tiny,data,tests/examplefiles/pytb/syntax_error.pytb
pyg:e0afaad71226,gold,.pytb,9a0210028eed2fbf0dcfbaa9058eb51e353652da,syntax_error_caret_code.pytb,swh:1:cnt:9a0210028eed2fbf0dcfbaa9058eb51e353652da;origin=https://github.com/pygments/pygments;path=/tests/examplefiles/pytb/syntax_error_caret_code.pytb,Python traceback,Python Traceback (Pygments lexer `pytb`),Python traceback;Python Traceback,Pygments' maintainers (the example's directory: a lexer alias),pygments@156d85f,,,,in-linguist;tiny,data,tests/examplefiles/pytb/syntax_error_caret_code.pytb
pyg:99643e7a8941,gold,.pytb,ad5b6d492ec773c77cc8f0af2872d198a291ffa7,truncated.pytb,swh:1:cnt:ad5b6d492ec773c77cc8f0af2872d198a291ffa7;origin=https://github.com/pygments/pygments;path=/tests/examplefiles/pytb/truncated.pytb,Python traceback,Python Traceback (Pygments lexer `pytb`),Python traceback;Python Traceback,Pygments' maintainers (the example's directory: a lexer alias),pygments@156d85f,,,,in-linguist,data,tests/examplefiles/pytb/truncated.pytb
pyg:53992fe8bc1d,gold,.py,2a41c31c60ea1390e9498bb5f3ce537412141f02,linecontinuation.py,swh:1:cnt:2a41c31c60ea1390e9498bb5f3ce537412141f02;origin=https://github.com/pygments/pygments;path=/tests/examplefiles/python/linecontinuation.py,Python,Python (Pygments lexer `python`),Python;py;py3;python3;rusthon,Pygments' maintainers (the example's directory: a lexer alias),pygments@156d85f,,,,in-linguist,programming,tests/examplefiles/python/linecontinuation.py
pyg:cdef637104ba,gold,.py,21fea754a60ef84c9a31984e4fde93ec7f3e9658,example.py,swh:1:cnt:21fea754a60ef84c9a31984e4fde93ec7f3e9658;origin=https://github.com/pygments/pygments;path=/tests/examplefiles/python/py3_test.py,Python,Python (Pygments lexer `python`),Python;py;py3;python3;rusthon,Pygments' maintainers (the example's directory: a lexer alias),pygments@156d85f,,,,in-linguist;tiny;renamed,programming,tests/examplefiles/python/py3_test.py
pyg:96872b48d34e,gold,.py,36c34fbd346b3746e1751037df1a587f2585f4f1,switch_case.py,swh:1:cnt:36c34fbd346b3746e1751037df1a587f2585f4f1;origin=https://github.com/pygments/pygments;path=/tests/examplefiles/python/switch_case.py,Python,Python (Pygments lexer `python`),Python;py;py3;python3;rusthon,Pygments' maintainers (the example's directory: a lexer alias),pygments@156d85f,,,,in-linguist,programming,tests/examplefiles/python/switch_case.py
pyg:cf9384da52f4,gold,.py,9d3db0c8686dab92d5f9cb55ea55c66693902ad1,unicodedoc.py,swh:1:cnt:9d3db0c8686dab92d5f9cb55ea55c66693902ad1;origin=https://github.com/pygments/pygments;path=/tests/examplefiles/python/unicodedoc.py,Python,Python (Pygments lexer `python`),Python;py;py3;python3;rusthon,Pygments' maintainers (the example's directory: a lexer alias),pygments@156d85f,,,,in-linguist,programming,tests/examplefiles/python/unicodedoc.py
pyg:be256cabcc33,gold,.q,132b8f9ec1a81337d3405ba7f25b3bce56661935,example.q,swh:1:cnt:132b8f9ec1a81337d3405ba7f25b3bce56661935;origin=https://github.com/pygments/pygments;path=/tests/examplefiles/q/example.q,q,Q (Pygments lexer `q`),q;Q,Pygments' maintainers (the example's directory: a lexer alias),pygments@156d85f,,,,in-linguist;ambiguous-ext,programming,tests/examplefiles/q/example.q
pyg:43bb1612a47e,gold,.bas,27041af61b3c15ee0232362d808a88a59b2cf5b0,example.bas,swh:1:cnt:27041af61b3c15ee0232362d808a88a59b2cf5b0;origin=https://github.com/pygments/pygments;path=/tests/examplefiles/qbasic/qbasic_example.bas,QuickBASIC,QBasic (Pygments lexer `qbasic`),QuickBASIC;qb;qbasic;qb64;classic qbasic;classic quickbasic;QBasic,Pygments' maintainers (the example's directory: a lexer alias),pygments@156d85f,,,,in-linguist;ambiguous-ext;tiny;renamed,programming,tests/examplefiles/qbasic/qbasic_example.bas
pyg:d2562e72a971,gold,.qvs,f83604e204e69cd535138a48dc40484e26eadae5,example.qvs,swh:1:cnt:f83604e204e69cd535138a48dc40484e26eadae5;origin=https://github.com/pygments/pygments;path=/tests/examplefiles/qlik/example.qvs,Qlik,Qlik (Pygments lexer `qlik`),Qlik,Pygments' maintainers (the example's directory: a lexer alias),pygments@156d85f,,,,not-in-linguist,,tests/examplefiles/qlik/example.qvs
pyg:907a07e9c927,gold,.qml,548e7e89cd794abdd61663a77372201126e7acf2,minehunt.qml,swh:1:cnt:548e7e89cd794abdd61663a77372201126e7acf2;origin=https://github.com/pygments/pygments;path=/tests/examplefiles/qml/minehunt.qml,QML,QML (Pygments lexer `qml`),QML,Pygments' maintainers (the example's directory: a lexer alias),pygments@156d85f,,,,in-linguist,programming,tests/examplefiles/qml/minehunt.qml
pyg:7d8a98c796fe,gold,.qvto,6241ee231b4252a92d026bf3e3d06694fb05cc8a,sample.qvto,swh:1:cnt:6241ee231b4252a92d026bf3e3d06694fb05cc8a;origin=https://github.com/pygments/pygments;path=/tests/examplefiles/qvto/sample.qvto,QVTO,QVTO (Pygments lexer `qvto`),QVTO,Pygments' maintainers (the example's directory: a lexer alias),pygments@156d85f,,,,not-in-linguist;tiny,,tests/examplefiles/qvto/sample.qvto
pyg:a2812331c5f4,gold,.rkt,acc0328ed157789f66a2aa3b81d19d997414ecf6,example.rkt,swh:1:cnt:acc0328ed157789f66a2aa3b81d19d997414ecf6;origin=https://github.com/pygments/pygments;path=/tests/examplefiles/racket/example.rkt,Racket,Racket (Pygments lexer `racket`),Racket,Pygments' maintainers (the example's directory: a lexer alias),pygments@156d85f,,,,in-linguist,programming,tests/examplefiles/racket/example.rkt
pyg:b58c24cbf0b2,gold,.rl,4b1463291bf86eb25d6376972debbc7af1370ece,example.rl,swh:1:cnt:4b1463291bf86eb25d6376972debbc7af1370ece;origin=https://github.com/pygments/pygments;path=/tests/examplefiles/ragel-cpp/ragel-cpp_rlscan.rl,Ragel,Ragel in CPP Host (Pygments lexer `ragel-cpp`),Ragel;ragel-rb;ragel-ruby;Ragel in CPP Host,Pygments' maintainers (the example's directory: a lexer alias),pygments@156d85f,,,,in-linguist;renamed,programming,tests/examplefiles/ragel-cpp/ragel-cpp_rlscan.rl
pyg:140b1869ebe6,gold,.rl,203ae28b3a381aa77fb521543872a1ae13cf8551,example.rl,swh:1:cnt:203ae28b3a381aa77fb521543872a1ae13cf8551;origin=https://github.com/pygments/pygments;path=/tests/examplefiles/ragel-cpp/ragel-cpp_snippet.rl,Ragel,Ragel in CPP Host (Pygments lexer `ragel-cpp`),Ragel;ragel-rb;ragel-ruby;Ragel in CPP Host,Pygments' maintainers (the example's directory: a lexer alias),pygments@156d85f,,,,in-linguist;tiny;renamed,programming,tests/examplefiles/ragel-cpp/ragel-cpp_snippet.rl
pyg:45f6ea5de11e,gold,.rb,afe57aaae42aab1ff92aa1e884c9e914d6dd4d07,example.rb,swh:1:cnt:afe57aaae42aab1ff92aa1e884c9e914d6dd4d07;origin=https://github.com/pygments/pygments;path=/tests/examplefiles/rb/condensed_ruby.rb,Ruby,Ruby (Pygments lexer `rb`),Ruby;jruby;macruby;rake;rb;rbx,Pygments' maintainers (the example's directory: a lexer alias),pygments@156d85f,,,,in-linguist;renamed,programming,tests/examplefiles/rb/condensed_ruby.rb
pyg:05d8e56a9ec9,gold,.rb,93f8dc2b31bfe0a9fba87d60137980dff4ff8273,example.rb,swh:1:cnt:93f8dc2b31bfe0a9fba87d60137980dff4ff8273;origin=https://github.com/pygments/pygments;path=/tests/examplefiles/rb/example.rb,Ruby,Ruby (Pygments lexer `rb`),Ruby;jruby;macruby;rake;rb;rbx,Pygments' maintainers (the example's directory: a lexer alias),pygments@156d85f,,,,in-linguist,programming,tests/examplefiles/rb/example.rb
pyg:de5b68753709,gold,.rb,b1d0ee3b8a2353a5813d9c98abf477756edbf6c9,fucked_up.rb,swh:1:cnt:b1d0ee3b8a2353a5813d9c98abf477756edbf6c9;origin=https://github.com/pygments/pygments;path=/tests/examplefiles/rb/fucked_up.rb,Ruby,Ruby (Pygments lexer `rb`),Ruby;jruby;macruby;rake;rb;rbx,Pygments' maintainers (the example's directory: a lexer alias),pygments@156d85f,,,,in-linguist,programming,tests/examplefiles/rb/fucked_up.rb
pyg:4c57bc248f66,gold,.rb,35b27723d9c20af5483f078e81e9e5db5fd03796,hash_syntax.rb,swh:1:cnt:35b27723d9c20af5483f078e81e9e5db5fd03796;origin=https://github.com/pygments/pygments;path=/tests/examplefiles/rb/hash_syntax.rb,Ruby,Ruby (Pygments lexer `rb`),Ruby;jruby;macruby;rake;rb;rbx,Pygments' maintainers (the example's directory: a lexer alias),pygments@156d85f,,,,in-linguist,programming,tests/examplefiles/rb/hash_syntax.rb
pyg:dde8d5a15a7d,gold,.rb,1b1e7612cfc43fb9b9be744d848261590f57f784,multiline_regexes.rb,swh:1:cnt:1b1e7612cfc43fb9b9be744d848261590f57f784;origin=https://github.com/pygments/pygments;path=/tests/examplefiles/rb/multiline_regexes.rb,Ruby,Ruby (Pygments lexer `rb`),Ruby;jruby;macruby;rake;rb;rbx,Pygments' maintainers (the example's directory: a lexer alias),pygments@156d85f,,,,in-linguist,programming,tests/examplefiles/rb/multiline_regexes.rb
pyg:5361abfa105d,gold,.rb,d1dea9f4f97be657c28e8c82af81884d1c4ded17,pleac.in.rb,swh:1:cnt:d1dea9f4f97be657c28e8c82af81884d1c4ded17;origin=https://github.com/pygments/pygments;path=/tests/examplefiles/rb/pleac.in.rb,Ruby,Ruby (Pygments lexer `rb`),Ruby;jruby;macruby;rake;rb;rbx,Pygments' maintainers (the example's directory: a lexer alias),pygments@156d85f,,,,in-linguist,programming,tests/examplefiles/rb/pleac.in.rb
pyg:372ac9d86601,gold,.rb,a820c68fa5b2fa5b7a512f2c5a3f3dbddb2dd75f,example.rb,swh:1:cnt:a820c68fa5b2fa5b7a512f2c5a3f3dbddb2dd75f;origin=https://github.com/pygments/pygments;path=/tests/examplefiles/rb/ruby_func_def.rb,Ruby,Ruby (Pygments lexer `rb`),Ruby;jruby;macruby;rake;rb;rbx,Pygments' maintainers (the example's directory: a lexer alias),pygments@156d85f,,,,in-linguist;renamed,programming,tests/examplefiles/rb/ruby_func_def.rb
pyg:6d5be59a2763,gold,.rb,8ac102e63273a13bba8e1b10a3a065c9411ad1f1,test.rb,swh:1:cnt:8ac102e63273a13bba8e1b10a3a065c9411ad1f1;origin=https://github.com/pygments/pygments;path=/tests/examplefiles/rb/test.rb,Ruby,Ruby (Pygments lexer `rb`),Ruby;jruby;macruby;rake;rb;rbx,Pygments' maintainers (the example's directory: a lexer alias),pygments@156d85f,,,,in-linguist,programming,tests/examplefiles/rb/test.rb
pyg:e9f6852f7363,gold,.Rd,2b8de0b861692419a740e19dd711e85a9a63e500,example.Rd,swh:1:cnt:2b8de0b861692419a740e19dd711e85a9a63e500;origin=https://github.com/pygments/pygments;path=/tests/examplefiles/rd/example.Rd,Rd,Rd (Pygments lexer `rd`),Rd,Pygments' maintainers (the example's directory: a lexer alias),pygments@156d85f,,,,not-in-linguist,,tests/examplefiles/rd/example.Rd
pyg:b8667d0a096c,gold,.re,8f74ff4a6296bd98c4737865c160e6780ba37012,test.re,swh:1:cnt:8f74ff4a6296bd98c4737865c160e6780ba37012;origin=https://github.com/pygments/pygments;path=/tests/examplefiles/reason/test.re,Reason,ReasonML (Pygments lexer `reason`),Reason;ReasonML,Pygments' maintainers (the example's directory: a lexer alias),pygments@156d85f,,,,in-linguist;ambiguous-ext,programming,tests/examplefiles/reason/test.re
pyg:26e60cdbcc50,gold,.r3,f50a0389a655d267f73f96489b750f0be3894255,test.r3,swh:1:cnt:f50a0389a655d267f73f96489b750f0be3894255;origin=https://github.com/pygments/pygments;path=/tests/examplefiles/rebol/test.r3,Rebol,REBOL (Pygments lexer `rebol`),Rebol;REBOL,Pygments' maintainers (the example's directory: a lexer alias),pygments@156d85f,,,,in-linguist,programming,tests/examplefiles/rebol/test.r3
pyg:29330ac349ed,gold,.red,37c17ef8657657485046b4ef3b3cb54b06a3969c,example.red,swh:1:cnt:37c17ef8657657485046b4ef3b3cb54b06a3969c;origin=https://github.com/pygments/pygments;path=/tests/examplefiles/red/example.red,Red,Red (Pygments lexer `red`),Red;red/system,Pygments' maintainers (the example's directory: a lexer alias),pygments@156d85f,,,,in-linguist,programming,tests/examplefiles/red/example.red
pyg:8db8b823873a,gold,.reds,eb92310d67927dfe83e9e0691287c7ec0f4214f0,example.reds,swh:1:cnt:eb92310d67927dfe83e9e0691287c7ec0f4214f0;origin=https://github.com/pygments/pygments;path=/tests/examplefiles/red/example.reds,Red,Red (Pygments lexer `red`),Red;red/system,Pygments' maintainers (the example's directory: a lexer alias),pygments@156d85f,,,,in-linguist;ambiguous-ext,programming,tests/examplefiles/red/example.reds
pyg:b3bd978dcf4f,gold,.cw,ad8bb615a939bc814403596d240fd6a48ca5aea1,dwarf.cw,swh:1:cnt:ad8bb615a939bc814403596d240fd6a48ca5aea1;origin=https://github.com/pygments/pygments;path=/tests/examplefiles/redcode/dwarf.cw,Redcode,Redcode (Pygments lexer `redcode`),Redcode,Pygments' maintainers (the example's directory: a lexer alias),pygments@156d85f,,,,in-linguist,programming,tests/examplefiles/redcode/dwarf.cw
pyg:566a2797d052,gold,.reg,bc4e9df4a38b469db5dae7fe3d90328b6469fb18,example.reg,swh:1:cnt:bc4e9df4a38b469db5dae7fe3d90328b6469fb18;origin=https://github.com/pygments/pygments;path=/tests/examplefiles/registry/example.reg,Windows Registry Entries,reg (Pygments lexer `registry`),Windows Registry Entries;reg,Pygments' maintainers (the example's directory: a lexer alias),pygments@156d85f,,,,in-linguist,data,tests/examplefiles/registry/example.reg
pyg:594163e03701,gold,.rell,27c114e5cef862ec205463c98ddbbd352da59fe2,example.rell,swh:1:cnt:27c114e5cef862ec205463c98ddbbd352da59fe2;origin=https://github.com/pygments/pygments;path=/tests/examplefiles/rell/example.rell,Rell,Rell (Pygments lexer `rell`),Rell,Pygments' maintainers (the example's directory: a lexer alias),pygments@156d85f,,,,not-in-linguist,,tests/examplefiles/rell/example.rell
pyg:7efa6307534d,gold,,e1daa56aad39cffb5dc4b6f72f856a39a2048a41,example,swh:1:cnt:e1daa56aad39cffb5dc4b6f72f856a39a2048a41;origin=https://github.com/pygments/pygments;path=/tests/examplefiles/resource/resourcebundle_demo,ResourceBundle,ResourceBundle (Pygments lexer `resource`),ResourceBundle,Pygments' maintainers (the example's directory: a lexer alias),pygments@156d85f,,,,not-in-linguist;renamed,,tests/examplefiles/resource/resourcebundle_demo
pyg:ffa45d20c0e0,gold,.rexx,ec4da5ad5e3f6397c170329f1ae96e6cee58572f,example.rexx,swh:1:cnt:ec4da5ad5e3f6397c170329f1ae96e6cee58572f;origin=https://github.com/pygments/pygments;path=/tests/examplefiles/rexx/example.rexx,REXX,Rexx (Pygments lexer `rexx`),REXX;arexx;Rexx,Pygments' maintainers (the example's directory: a lexer alias),pygments@156d85f,,,,in-linguist,programming,tests/examplefiles/rexx/example.rexx
pyg:51f9ba16461e,gold,.rhtml,041bec176633cfd1d2b10ef3213a77776852906a,example.rhtml,swh:1:cnt:041bec176633cfd1d2b10ef3213a77776852906a;origin=https://github.com/pygments/pygments;path=/tests/examplefiles/rhtml/example.rhtml,HTML+ERB,RHTML (Pygments lexer `rhtml`),HTML+ERB;erb;rhtml;html+ruby;RHTML,Pygments' maintainers (the example's directory: a lexer alias),pygments@156d85f,,,,in-linguist,markup,tests/examplefiles/rhtml/example.rhtml
pyg:f487d595daf7,gold,.rhtml,d1f615762d7e9e2f3a0a4df4a425690a71367d03,test.rhtml,swh:1:cnt:d1f615762d7e9e2f3a0a4df4a425690a71367d03;origin=https://github.com/pygments/pygments;path=/tests/examplefiles/rhtml/test.rhtml,HTML+ERB,RHTML (Pygments lexer `rhtml`),HTML+ERB;erb;rhtml;html+ruby;RHTML,Pygments' maintainers (the example's directory: a lexer alias),pygments@156d85f,,,,in-linguist,markup,tests/examplefiles/rhtml/test.rhtml
pyg:64b897ff2de3,gold,.ride,53614d99cd92b9e606f01e2c497c6a1a570ebc70,auction.ride,swh:1:cnt:53614d99cd92b9e606f01e2c497c6a1a570ebc70;origin=https://github.com/pygments/pygments;path=/tests/examplefiles/ride/auction.ride,Ride,Ride (Pygments lexer `ride`),Ride,Pygments' maintainers (the example's directory: a lexer alias),pygments@156d85f,,,,not-in-linguist,,tests/examplefiles/ride/auction.ride
pyg:f7e70d9773eb,gold,.rita,fd6e7ef5d2b1bec073e4dafb4f9afe9cad5a393c,example.rita,swh:1:cnt:fd6e7ef5d2b1bec073e4dafb4f9afe9cad5a393c;origin=https://github.com/pygments/pygments;path=/tests/examplefiles/rita/example.rita,Rita,Rita (Pygments lexer `rita`),Rita,Pygments' maintainers (the example's directory: a lexer alias),pygments@156d85f,,,,not-in-linguist,,tests/examplefiles/rita/example.rita
pyg:76e3e4a6108c,gold,.rnc,a14403020c50146693d36a29f660423a053833b1,example.rnc,swh:1:cnt:a14403020c50146693d36a29f660423a053833b1;origin=https://github.com/pygments/pygments;path=/tests/examplefiles/rnc/rnc_example.rnc,Relax-NG Compact,Relax-NG Compact (Pygments lexer `rnc`),Relax-NG Compact,Pygments' maintainers (the example's directory: a lexer alias),pygments@156d85f,,,,not-in-linguist;renamed,,tests/examplefiles/rnc/rnc_example.rnc
pyg:6199928791d1,gold,.graph,e5fdedff616373a7a7840ad4bf94d9a0f789e145,roboconf.graph,swh:1:cnt:e5fdedff616373a7a7840ad4bf94d9a0f789e145;origin=https://github.com/pygments/pygments;path=/tests/examplefiles/roboconf-graph/roboconf.graph,Roboconf Graph,Roboconf Graph (Pygments lexer `roboconf-graph`),Roboconf Graph,Pygments' maintainers (the example's directory: a lexer alias),pygments@156d85f,,,,not-in-linguist,,tests/examplefiles/roboconf-graph/roboconf.graph
pyg:ac83b3285aed,gold,.instances,c69a2ab0874b7d7be03802a305f836452ad26b2a,roboconf.instances,swh:1:cnt:c69a2ab0874b7d7be03802a305f836452ad26b2a;origin=https://github.com/pygments/pygments;path=/tests/examplefiles/roboconf-instances/roboconf.instances,Roboconf Instances,Roboconf Instances (Pygments lexer `roboconf-instances`),Roboconf Instances,Pygments' maintainers (the example's directory: a lexer alias),pygments@156d85f,,,,not-in-linguist,,tests/examplefiles/roboconf-instances/roboconf.instances
pyg:88228f80f89f,gold,.robot,0d8179c091a0aa87e963eea4cd675054feb4d8b2,example.robot,swh:1:cnt:0d8179c091a0aa87e963eea4cd675054feb4d8b2;origin=https://github.com/pygments/pygments;path=/tests/examplefiles/robotframework/robotframework_test.robot,RobotFramework,RobotFramework (Pygments lexer `robotframework`),RobotFramework,Pygments' maintainers (the example's directory: a lexer alias),pygments@156d85f,,,,in-linguist;renamed,programming,tests/examplefiles/robotframework/robotframework_test.robot
pyg:9c76c36dfadd,gold,.rql,1d86df3c2b628af7ad819eaf1bf89c8d2eb0f468,example.rql,swh:1:cnt:1d86df3c2b628af7ad819eaf1bf89c8d2eb0f468;origin=https://github.com/pygments/pygments;path=/tests/examplefiles/rql/rql-queries.rql,RQL,RQL (Pygments lexer `rql`),RQL,Pygments' maintainers (the example's directory: a lexer alias),pygments@156d85f,,,,not-in-linguist;renamed,,tests/examplefiles/rql/rql-queries.rql
pyg:bfb37a234c23,gold,.rsl,d6c9fc9a353bf32657efc66a20672432d062637b,test.rsl,swh:1:cnt:d6c9fc9a353bf32657efc66a20672432d062637b;origin=https://github.com/pygments/pygments;path=/tests/examplefiles/rsl/test.rsl,RSL,RSL (Pygments lexer `rsl`),RSL,Pygments' maintainers (the example's directory: a lexer alias),pygments@156d85f,,,,not-in-linguist,,tests/examplefiles/rsl/test.rsl
pyg:841866b3dc87,gold,.rst,190682729e187e56dbcb36423b1fc6cc0da34f57,functional.rst,swh:1:cnt:190682729e187e56dbcb36423b1fc6cc0da34f57;origin=https://github.com/pygments/pygments;path=/tests/examplefiles/rst/functional.rst,reStructuredText,reStructuredText (Pygments lexer `rst`),reStructuredText;rst,Pygments' maintainers (the example's directory: a lexer alias),pygments@156d85f,,,,in-linguist,prose,tests/examplefiles/rst/functional.rst
pyg:550f0a7fe11a,gold,.rst,b4b6c44b13a076cfcbab10e568a0572fc0f0aa34,jinjadesignerdoc.rst,swh:1:cnt:b4b6c44b13a076cfcbab10e568a0572fc0f0aa34;origin=https://github.com/pygments/pygments;path=/tests/examplefiles/rst/jinjadesignerdoc.rst,reStructuredText,reStructuredText (Pygments lexer `rst`),reStructuredText;rst,Pygments' maintainers (the example's directory: a lexer alias),pygments@156d85f,,,,in-linguist,prose,tests/examplefiles/rst/jinjadesignerdoc.rst
pyg:57f41194e31d,gold,.rts,1f9cfc59c10dc69290d07dd425207e21887de63d,example.rts,swh:1:cnt:1f9cfc59c10dc69290d07dd425207e21887de63d;origin=https://github.com/pygments/pygments;path=/tests/examplefiles/rts/example.rts,TrafficScript,TrafficScript (Pygments lexer `rts`),TrafficScript,Pygments' maintainers (the example's directory: a lexer alias),pygments@156d85f,,,,not-in-linguist,,tests/examplefiles/rts/example.rts
pyg:6a1929746bec,gold,.rs,17e585a04215c95f8df2298046c474d412cf989d,eval.rs,swh:1:cnt:17e585a04215c95f8df2298046c474d412cf989d;origin=https://github.com/pygments/pygments;path=/tests/examplefiles/rust/eval.rs,Rust,Rust (Pygments lexer `rust`),Rust;rs,Pygments' maintainers (the example's directory: a lexer alias),pygments@156d85f,,,,in-linguist;ambiguous-ext,programming,tests/examplefiles/rust/eval.rs
pyg:7d0e525527dc,gold,.savi,e49455066c7779187bf7799a7e9e145f238005ef,example.savi,swh:1:cnt:e49455066c7779187bf7799a7e9e145f238005ef;origin=https://github.com/pygments/pygments;path=/tests/examplefiles/savi/example.savi,Savi,Savi (Pygments lexer `savi`),Savi,Pygments' maintainers (the example's directory: a lexer alias),pygments@156d85f,,,,not-in-linguist,,tests/examplefiles/savi/example.savi
pyg:21d8fa694748,gold,.scd,a27247e9190fe4f7ab7ff8d4f4bd672ae735f968,example.scd,swh:1:cnt:a27247e9190fe4f7ab7ff8d4f4bd672ae735f968;origin=https://github.com/pygments/pygments;path=/tests/examplefiles/sc/example.scd,SuperCollider,SuperCollider (Pygments lexer `sc`),SuperCollider,Pygments' maintainers (the example's directory: a lexer alias),pygments@156d85f,,,,in-linguist;ambiguous-ext,programming,tests/examplefiles/sc/example.scd
pyg:d58f63b18872,gold,.scala,0032612fa9aa2409d1541148dc7fd8a4a630212b,char.scala,swh:1:cnt:0032612fa9aa2409d1541148dc7fd8a4a630212b;origin=https://github.com/pygments/pygments;path=/tests/examplefiles/scala/char.scala,Scala,Scala (Pygments lexer `scala`),Scala,Pygments' maintainers (the example's directory: a lexer alias),pygments@156d85f,,,,in-linguist;tiny,programming,tests/examplefiles/scala/char.scala
pyg:f6619152f4d1,gold,.scala,be712b3029ddfb117db519fca3895b790c8c4de3,comments.scala,swh:1:cnt:be712b3029ddfb117db519fca3895b790c8c4de3;origin=https://github.com/pygments/pygments;path=/tests/examplefiles/scala/comments.scala,Scala,Scala (Pygments lexer `scala`),Scala,Pygments' maintainers (the example's directory: a lexer alias),pygments@156d85f,,,,in-linguist,programming,tests/examplefiles/scala/comments.scala
pyg:7972651b3a94,gold,.scala,f1bd8d9895d409c08737c52c35e7189d613dd127,constants.scala,swh:1:cnt:f1bd8d9895d409c08737c52c35e7189d613dd127;origin=https://github.com/pygments/pygments;path=/tests/examplefiles/scala/constants.scala,Scala,Scala (Pygments lexer `scala`),Scala,Pygments' maintainers (the example's directory: a lexer alias),pygments@156d85f,,,,in-linguist,programming,tests/examplefiles/scala/constants.scala
pyg:034d1e4d3350,gold,.scala,3d690ae41e5d96e82fe6e681aa15c796d9d4daa4,declarations.scala,swh:1:cnt:3d690ae41e5d96e82fe6e681aa15c796d9d4daa4;origin=https://github.com/pygments/pygments;path=/tests/examplefiles/scala/declarations.scala,Scala,Scala (Pygments lexer `scala`),Scala,Pygments' maintainers (the example's directory: a lexer alias),pygments@156d85f,,,,in-linguist,programming,tests/examplefiles/scala/declarations.scala
pyg:c7d23dab7ded,gold,.scala,8ac232b1ae4ebc502968827e32628bd2284bac31,dependent-types.scala,swh:1:cnt:8ac232b1ae4ebc502968827e32628bd2284bac31;origin=https://github.com/pygments/pygments;path=/tests/examplefiles/scala/dependent-types.scala,Scala,Scala (Pygments lexer `scala`),Scala,Pygments' maintainers (the example's directory: a lexer alias),pygments@156d85f,,,,in-linguist,programming,tests/examplefiles/scala/dependent-types.scala
pyg:d3a5002bca09,gold,.scala,f734e423cbd4f2ee5f82ab1a9455c9c8f453a171,end-soft-keyword.scala,swh:1:cnt:f734e423cbd4f2ee5f82ab1a9455c9c8f453a171;origin=https://github.com/pygments/pygments;path=/tests/examplefiles/scala/end-soft-keyword.scala,Scala,Scala (Pygments lexer `scala`),Scala,Pygments' maintainers (the example's directory: a lexer alias),pygments@156d85f,,,,in-linguist;tiny,programming,tests/examplefiles/scala/end-soft-keyword.scala
pyg:36cf53ade985,gold,.scala,b09bf2dc85b0af1d7af1decc0919d83813ec81b3,end.scala,swh:1:cnt:b09bf2dc85b0af1d7af1decc0919d83813ec81b3;origin=https://github.com/pygments/pygments;path=/tests/examplefiles/scala/end.scala,Scala,Scala (Pygments lexer `scala`),Scala,Pygments' maintainers (the example's directory: a lexer alias),pygments@156d85f,,,,in-linguist,programming,tests/examplefiles/scala/end.scala
pyg:55c67c03712b,gold,.scala,3223150bdc1f7e0550ca896574629754d26c9ce5,exports.scala,swh:1:cnt:3223150bdc1f7e0550ca896574629754d26c9ce5;origin=https://github.com/pygments/pygments;path=/tests/examplefiles/scala/exports.scala,Scala,Scala (Pygments lexer `scala`),Scala,Pygments' maintainers (the example's directory: a lexer alias),pygments@156d85f,,,,in-linguist,programming,tests/examplefiles/scala/exports.scala
pyg:24ec85b34741,gold,.scala,25420906bb4758d06ef9a5b9f2e454b470a9c8be,extensions.scala,swh:1:cnt:25420906bb4758d06ef9a5b9f2e454b470a9c8be;origin=https://github.com/pygments/pygments;path=/tests/examplefiles/scala/extensions.scala,Scala,Scala (Pygments lexer `scala`),Scala,Pygments' maintainers (the example's directory: a lexer alias),pygments@156d85f,,,,in-linguist,programming,tests/examplefiles/scala/extensions.scala
pyg:5d8ac5c68c4e,gold,.scala,053e554f7643c53eaaf41f748377baeea1d5c190,for-comprehension.scala,swh:1:cnt:053e554f7643c53eaaf41f748377baeea1d5c190;origin=https://github.com/pygments/pygments;path=/tests/examplefiles/scala/for-comprehension.scala,Scala,Scala (Pygments lexer `scala`),Scala,Pygments' maintainers (the example's directory: a lexer alias),pygments@156d85f,,,,in-linguist;tiny,programming,tests/examplefiles/scala/for-comprehension.scala
pyg:43da2497d53b,gold,.scala,357a2f83d3ab6fe269e12166dc10037f6b2d4859,imports.scala,swh:1:cnt:357a2f83d3ab6fe269e12166dc10037f6b2d4859;origin=https://github.com/pygments/pygments;path=/tests/examplefiles/scala/imports.scala,Scala,Scala (Pygments lexer `scala`),Scala,Pygments' maintainers (the example's directory: a lexer alias),pygments@156d85f,,,,in-linguist,programming,tests/examplefiles/scala/imports.scala
pyg:0a584d66b89b,gold,.scala,a9d249467c1663f9f70e01ed65f81e70a7381e17,inheritance.scala,swh:1:cnt:a9d249467c1663f9f70e01ed65f81e70a7381e17;origin=https://github.com/pygments/pygments;path=/tests/examplefiles/scala/inheritance.scala,Scala,Scala (Pygments lexer `scala`),Scala,Pygments' maintainers (the example's directory: a lexer alias),pygments@156d85f,,,,in-linguist,programming,tests/examplefiles/scala/inheritance.scala
pyg:3af51182876b,gold,.scala,fce07bb40c97f0ff7bc72cbec5a391fac9a15564,inline.scala,swh:1:cnt:fce07bb40c97f0ff7bc72cbec5a391fac9a15564;origin=https://github.com/pygments/pygments;path=/tests/examplefiles/scala/inline.scala,Scala,Scala (Pygments lexer `scala`),Scala,Pygments' maintainers (the example's directory: a lexer alias),pygments@156d85f,,,,in-linguist;tiny,programming,tests/examplefiles/scala/inline.scala
pyg:cb3232a11e4b,gold,.scala,71ab34bb0a5082ba448a940505caeb99446a723f,interpolated-string.scala,swh:1:cnt:71ab34bb0a5082ba448a940505caeb99446a723f;origin=https://github.com/pygments/pygments;path=/tests/examplefiles/scala/interpolated-string.scala,Scala,Scala (Pygments lexer `scala`),Scala,Pygments' maintainers (the example's directory: a lexer alias),pygments@156d85f,,,,in-linguist,programming,tests/examplefiles/scala/interpolated-string.scala
pyg:d598898f603c,gold,.scala,380a598439f7eb2b585821ded93babd0adf41ad5,match-types.scala,swh:1:cnt:380a598439f7eb2b585821ded93babd0adf41ad5;origin=https://github.com/pygments/pygments;path=/tests/examplefiles/scala/match-types.scala,Scala,Scala (Pygments lexer `scala`),Scala,Pygments' maintainers (the example's directory: a lexer alias),pygments@156d85f,,,,in-linguist,programming,tests/examplefiles/scala/match-types.scala
pyg:66ebfc39c091,gold,.scala,df34bf820f0eab5b5ca1bd9b15d7e75c64649d91,new.scala,swh:1:cnt:df34bf820f0eab5b5ca1bd9b15d7e75c64649d91;origin=https://github.com/pygments/pygments;path=/tests/examplefiles/scala/new.scala,Scala,Scala (Pygments lexer `scala`),Scala,Pygments' maintainers (the example's directory: a lexer alias),pygments@156d85f,,,,in-linguist,programming,tests/examplefiles/scala/new.scala
pyg:ee05f3d4fe1c,gold,.scala,632ecfc448cf81e362b7703bc11b10df45d61652,operators.scala,swh:1:cnt:632ecfc448cf81e362b7703bc11b10df45d61652;origin=https://github.com/pygments/pygments;path=/tests/examplefiles/scala/operators.scala,Scala,Scala (Pygments lexer `scala`),Scala,Pygments' maintainers (the example's directory: a lexer alias),pygments@156d85f,,,,in-linguist,programming,tests/examplefiles/scala/operators.scala
pyg:09bddb367a4d,gold,.scala,f27704f80150775f0d8a3a4cf4ab188ea032362a,package.scala,swh:1:cnt:f27704f80150775f0d8a3a4cf4ab188ea032362a;origin=https://github.com/pygments/pygments;path=/tests/examplefiles/scala/package.scala,Scala,Scala (Pygments lexer `scala`),Scala,Pygments' maintainers (the example's directory: a lexer alias),pygments@156d85f,,,,in-linguist;tiny,programming,tests/examplefiles/scala/package.scala
pyg:b0d10f8404a1,gold,.scala,54197c81d3bdc5ef469be2d226e8a0db8e0d20e1,pattern-matching.scala,swh:1:cnt:54197c81d3bdc5ef469be2d226e8a0db8e0d20e1;origin=https://github.com/pygments/pygments;path=/tests/examplefiles/scala/pattern-matching.scala,Scala,Scala (Pygments lexer `scala`),Scala,Pygments' maintainers (the example's directory: a lexer alias),pygments@156d85f,,,,in-linguist,programming,tests/examplefiles/scala/pattern-matching.scala
pyg:13cdb8ee8bda,gold,.scala,cdd3c153bde22e7e8c9f1d1645fd76209c917c75,quoted.scala,swh:1:cnt:cdd3c153bde22e7e8c9f1d1645fd76209c917c75;origin=https://github.com/pygments/pygments;path=/tests/examplefiles/scala/quoted.scala,Scala,Scala (Pygments lexer `scala`),Scala,Pygments' maintainers (the example's directory: a lexer alias),pygments@156d85f,,,,in-linguist;tiny,programming,tests/examplefiles/scala/quoted.scala
pyg:54215a0cc90b,gold,.scala,9092363691f560e04a2c81b7a35042d724ff1af5,singleton-types.scala,swh:1:cnt:9092363691f560e04a2c81b7a35042d724ff1af5;origin=https://github.com/pygments/pygments;path=/tests/examplefiles/scala/singleton-types.scala,Scala,Scala (Pygments lexer `scala`),Scala,Pygments' maintainers (the example's directory: a lexer alias),pygments@156d85f,,,,in-linguist,programming,tests/examplefiles/scala/singleton-types.scala
pyg:100c43c1f332,gold,.scala,187468ad7c275356746d9312140a904e1ec01ed1,soft-keywords.scala,swh:1:cnt:187468ad7c275356746d9312140a904e1ec01ed1;origin=https://github.com/pygments/pygments;path=/tests/examplefiles/scala/soft-keywords.scala,Scala,Scala (Pygments lexer `scala`),Scala,Pygments' maintainers (the example's directory: a lexer alias),pygments@156d85f,,,,in-linguist,programming,tests/examplefiles/scala/soft-keywords.scala
pyg:2748355c5497,gold,.scala,083a59e1c620a2660dd827878a52148b8f620750,storage-modifiers.scala,swh:1:cnt:083a59e1c620a2660dd827878a52148b8f620750;origin=https://github.com/pygments/pygments;path=/tests/examplefiles/scala/storage-modifiers.scala,Scala,Scala (Pygments lexer `scala`),Scala,Pygments' maintainers (the example's directory: a lexer alias),pygments@156d85f,,,,in-linguist,programming,tests/examplefiles/scala/storage-modifiers.scala
pyg:030a6f2bc3ae,gold,.scala,950a972f6381679f8e14ca2c235d6af0a25ec227,symbols.scala,swh:1:cnt:950a972f6381679f8e14ca2c235d6af0a25ec227;origin=https://github.com/pygments/pygments;path=/tests/examplefiles/scala/symbols.scala,Scala,Scala (Pygments lexer `scala`),Scala,Pygments' maintainers (the example's directory: a lexer alias),pygments@156d85f,,,,in-linguist,programming,tests/examplefiles/scala/symbols.scala
pyg:99fa21715782,gold,.scala,d9337fae8fd3bd5e857ca2b1497ba646ebde92b6,type-operators.scala,swh:1:cnt:d9337fae8fd3bd5e857ca2b1497ba646ebde92b6;origin=https://github.com/pygments/pygments;path=/tests/examplefiles/scala/type-operators.scala,Scala,Scala (Pygments lexer `scala`),Scala,Pygments' maintainers (the example's directory: a lexer alias),pygments@156d85f,,,,in-linguist,programming,tests/examplefiles/scala/type-operators.scala
pyg:5e672aed49c1,gold,.scala,e40d49f334a5cf876de68604d83785d5030baf24,using.scala,swh:1:cnt:e40d49f334a5cf876de68604d83785d5030baf24;origin=https://github.com/pygments/pygments;path=/tests/examplefiles/scala/using.scala,Scala,Scala (Pygments lexer `scala`),Scala,Pygments' maintainers (the example's directory: a lexer alias),pygments@156d85f,,,,in-linguist,programming,tests/examplefiles/scala/using.scala
pyg:6544b293e2b8,gold,.scaml,8872a83de8a561d1283d8c07c4fa4fc48eaf3075,test.scaml,swh:1:cnt:8872a83de8a561d1283d8c07c4fa4fc48eaf3075;origin=https://github.com/pygments/pygments;path=/tests/examplefiles/scaml/test.scaml,Scaml,Scaml (Pygments lexer `scaml`),Scaml,Pygments' maintainers (the example's directory: a lexer alias),pygments@156d85f,,,,in-linguist,markup,tests/examplefiles/scaml/test.scaml
pyg:09cf252aa2b8,gold,.scd,65a2b3661042fc89138c65950a60ce85ce5823fd,example.scd,swh:1:cnt:65a2b3661042fc89138c65950a60ce85ce5823fd;origin=https://github.com/pygments/pygments;path=/tests/examplefiles/scdoc/scdoc_manual.scd,scdoc,scdoc (Pygments lexer `scdoc`),scdoc,Pygments' maintainers (the example's directory: a lexer alias),pygments@156d85f,,,,not-in-linguist;ambiguous-ext;renamed,,tests/examplefiles/scdoc/scdoc_manual.scd
pyg:6a8f05ac1146,gold,.scm,1f6ae2467a4686aea49f2beb20b9379050034ebb,boot-9.scm,swh:1:cnt:1f6ae2467a4686aea49f2beb20b9379050034ebb;origin=https://github.com/pygments/pygments;path=/tests/examplefiles/scheme/boot-9.scm,Scheme,Scheme (Pygments lexer `scheme`),Scheme,Pygments' maintainers (the example's directory: a lexer alias),pygments@156d85f,,,,in-linguist;ambiguous-ext,programming,tests/examplefiles/scheme/boot-9.scm
pyg:3d11280ce911,gold,.scm,4c4188f5961fde5583816085835a3576b1ef841c,r6rs-comments.scm,swh:1:cnt:4c4188f5961fde5583816085835a3576b1ef841c;origin=https://github.com/pygments/pygments;path=/tests/examplefiles/scheme/r6rs-comments.scm,Scheme,Scheme (Pygments lexer `scheme`),Scheme,Pygments' maintainers (the example's directory: a lexer alias),pygments@156d85f,,,,in-linguist;ambiguous-ext,programming,tests/examplefiles/scheme/r6rs-comments.scm
pyg:873454aa5dca,gold,.tst,d03eea05d736b300eeb8920baf6432b67a7104c4,bench_chol.tst,swh:1:cnt:d03eea05d736b300eeb8920baf6432b67a7104c4;origin=https://github.com/pygments/pygments;path=/tests/examplefiles/scilab/bench_chol.tst,Scilab,Scilab (Pygments lexer `scilab`),Scilab,Pygments' maintainers (the example's directory: a lexer alias),pygments@156d85f,,,,in-linguist;ambiguous-ext,programming,tests/examplefiles/scilab/bench_chol.tst
pyg:fdadfbb3d8c8,gold,.sce,0e5d6afe52f8c08b5e626eb398c32a64ff119084,foo.sce,swh:1:cnt:0e5d6afe52f8c08b5e626eb398c32a64ff119084;origin=https://github.com/pygments/pygments;path=/tests/examplefiles/scilab/foo.sce,Scilab,Scilab (Pygments lexer `scilab`),Scilab,Pygments' maintainers (the example's directory: a lexer alias),pygments@156d85f,,,,in-linguist;tiny,programming,tests/examplefiles/scilab/foo.sce
pyg:b2bb828ca7bd,gold,.sci,8dea7b9cb96eea89bb1154c7422e65cc15ab206c,example.sci,swh:1:cnt:8dea7b9cb96eea89bb1154c7422e65cc15ab206c;origin=https://github.com/pygments/pygments;path=/tests/examplefiles/scilab/scilab.sci,Scilab,Scilab (Pygments lexer `scilab`),Scilab,Pygments' maintainers (the example's directory: a lexer alias),pygments@156d85f,,,,in-linguist;renamed,programming,tests/examplefiles/scilab/scilab.sci
pyg:787f6b108d11,gold,.sed,433923f8e8e53c82816453d9d7d3f8ab4dbb3f16,all_sorts_of_syntax.sed,swh:1:cnt:433923f8e8e53c82816453d9d7d3f8ab4dbb3f16;origin=https://github.com/pygments/pygments;path=/tests/examplefiles/sed/all_sorts_of_syntax.sed,sed,Sed (Pygments lexer `sed`),sed;Sed,Pygments' maintainers (the example's directory: a lexer alias),pygments@156d85f,,,,in-linguist,programming,tests/examplefiles/sed/all_sorts_of_syntax.sed
pyg:de29bd663039,gold,.sed,b97c2cf49324a9b70f5be554b60869b02061c94f,count_words.sed,swh:1:cnt:b97c2cf49324a9b70f5be554b60869b02061c94f;origin=https://github.com/pygments/pygments;path=/tests/examplefiles/sed/count_words.sed,sed,Sed (Pygments lexer `sed`),sed;Sed,Pygments' maintainers (the example's directory: a lexer alias),pygments@156d85f,,,,in-linguist,programming,tests/examplefiles/sed/count_words.sed
pyg:0b67e0860fa5,gold,.sed,d2fb231056c851bdcfba8e42fee163befe3ae070,increment_number.sed,swh:1:cnt:d2fb231056c851bdcfba8e42fee163befe3ae070;origin=https://github.com/pygments/pygments;path=/tests/examplefiles/sed/increment_number.sed,sed,Sed (Pygments lexer `sed`),sed;Sed,Pygments' maintainers (the example's directory: a lexer alias),pygments@156d85f,,,,in-linguist,programming,tests/examplefiles/sed/increment_number.sed
pyg:e76e4474404d,gold,.sed,718bb47e3dbc1039c8626a14c807c66c404d45bb,reverse.sed,swh:1:cnt:718bb47e3dbc1039c8626a14c807c66c404d45bb;origin=https://github.com/pygments/pygments;path=/tests/examplefiles/sed/reverse.sed,sed,Sed (Pygments lexer `sed`),sed;Sed,Pygments' maintainers (the example's directory: a lexer alias),pygments@156d85f,,,,in-linguist,programming,tests/examplefiles/sed/reverse.sed
pyg:c6029e902cb5,gold,.sgf,024a461ef86d0052e3a65b0bbe92f2552af3f288,example.sgf,swh:1:cnt:024a461ef86d0052e3a65b0bbe92f2552af3f288;origin=https://github.com/pygments/pygments;path=/tests/examplefiles/sgf/example.sgf,SmartGameFormat,SmartGameFormat (Pygments lexer `sgf`),SmartGameFormat,Pygments' maintainers (the example's directory: a lexer alias),pygments@156d85f,,,,not-in-linguist,,tests/examplefiles/sgf/example.sgf
pyg:b5497e72da8d,gold,.shen,7a2543343ec0b9d06a3cdd0289f02073f50f5636,test.shen,swh:1:cnt:7a2543343ec0b9d06a3cdd0289f02073f50f5636;origin=https://github.com/pygments/pygments;path=/tests/examplefiles/shen/test.shen,Shen,Shen (Pygments lexer `shen`),Shen,Pygments' maintainers (the example's directory: a lexer alias),pygments@156d85f,,,,in-linguist,programming,tests/examplefiles/shen/test.shen
pyg:a108b1153cc7,gold,.shex,8fab2c850ee1a96edaa0a660fe256cc30a8f8084,example.shex,swh:1:cnt:8fab2c850ee1a96edaa0a660fe256cc30a8f8084;origin=https://github.com/pygments/pygments;path=/tests/examplefiles/shexc/example.shex,ShExC,ShExC (Pygments lexer `shexc`),ShExC,Pygments' maintainers (the example's directory: a lexer alias),pygments@156d85f,,,,not-in-linguist,,tests/examplefiles/shexc/example.shex
pyg:9fca645a4eb0,gold,.sieve,8abed421945d925c622d39da1452e6b638a15226,example.sieve,swh:1:cnt:8abed421945d925c622d39da1452e6b638a15226;origin=https://github.com/pygments/pygments;path=/tests/examplefiles/sieve/example.sieve,Sieve,Sieve (Pygments lexer `sieve`),Sieve,Pygments' maintainers (the example's directory: a lexer alias),pygments@156d85f,,,,in-linguist,programming,tests/examplefiles/sieve/example.sieve
pyg:a0281500c2cf,gold,.sil,3bcee8352f8cbbf32b888f51871bec3a0e30d267,test.sil,swh:1:cnt:3bcee8352f8cbbf32b888f51871bec3a0e30d267;origin=https://github.com/pygments/pygments;path=/tests/examplefiles/silver/test.sil,Silver,Silver (Pygments lexer `silver`),Silver,Pygments' maintainers (the example's directory: a lexer alias),pygments@156d85f,,,,not-in-linguist,,tests/examplefiles/silver/test.sil
pyg:7c026960ed98,gold,,0056e008700744c661d28faf5dad03a74c4d53c5,Singularity,swh:1:cnt:0056e008700744c661d28faf5dad03a74c4d53c5;origin=https://github.com/pygments/pygments;path=/tests/examplefiles/singularity/Singularity,Singularity,Singularity (Pygments lexer `singularity`),Singularity,Pygments' maintainers (the example's directory: a lexer alias),pygments@156d85f,,,,in-linguist,programming,tests/examplefiles/singularity/Singularity
pyg:fb28e240b946,gold,.slim,0e20920073c20c08b896f14378530993e82a29a8,example.slim,swh:1:cnt:0e20920073c20c08b896f14378530993e82a29a8;origin=https://github.com/pygments/pygments;path=/tests/examplefiles/slim/example.slim,Slim,Slim (Pygments lexer `slim`),Slim,Pygments' maintainers (the example's directory: a lexer alias),pygments@156d85f,,,,in-linguist,markup,tests/examplefiles/slim/example.slim
pyg:7228688ea782,gold,.sl,5fb430de51522934fe0c3fc6ae2e15edac4ab7d7,example.sl,swh:1:cnt:5fb430de51522934fe0c3fc6ae2e15edac4ab7d7;origin=https://github.com/pygments/pygments;path=/tests/examplefiles/slurm/example.sl,Slurm,Slurm (Pygments lexer `slurm`),Slurm,Pygments' maintainers (the example's directory: a lexer alias),pygments@156d85f,,,,not-in-linguist,,tests/examplefiles/slurm/example.sl
pyg:1857fbd7f6ff,gold,.smali,e539f00e0efda6972b51b439fa31612c29d47dca,hello.smali,swh:1:cnt:e539f00e0efda6972b51b439fa31612c29d47dca;origin=https://github.com/pygments/pygments;path=/tests/examplefiles/smali/hello.smali,Smali,Smali (Pygments lexer `smali`),Smali,Pygments' maintainers (the example's directory: a lexer alias),pygments@156d85f,,,,in-linguist,programming,tests/examplefiles/smali/hello.smali
pyg:52bee32be548,gold,.st,4a1ca4c488ad854220eb668203ad49296548b459,Object.st,swh:1:cnt:4a1ca4c488ad854220eb668203ad49296548b459;origin=https://github.com/pygments/pygments;path=/tests/examplefiles/smalltalk/Object.st,Smalltalk,Smalltalk (Pygments lexer `smalltalk`),Smalltalk;squeak,Pygments' maintainers (the example's directory: a lexer alias),pygments@156d85f,,,,in-linguist;ambiguous-ext,programming,tests/examplefiles/smalltalk/Object.st
pyg:f232871559e1,gold,.tpl,cf4ffdc35ec29280069f33799a7fc8ad66796d89,example.tpl,swh:1:cnt:cf4ffdc35ec29280069f33799a7fc8ad66796d89;origin=https://github.com/pygments/pygments;path=/tests/examplefiles/smarty/smarty_example.tpl,Smarty,Smarty (Pygments lexer `smarty`),Smarty,Pygments' maintainers (the example's directory: a lexer alias),pygments@156d85f,,,,in-linguist;ambiguous-ext;renamed,programming,tests/examplefiles/smarty/smarty_example.tpl
pyg:455d23e99ffd,gold,.smithy,9317fee9bbb49381fc4c9f4fdfffa93f304d79f8,test.smithy,swh:1:cnt:9317fee9bbb49381fc4c9f4fdfffa93f304d79f8;origin=https://github.com/pygments/pygments;path=/tests/examplefiles/smithy/test.smithy,Smithy,Smithy (Pygments lexer `smithy`),Smithy,Pygments' maintainers (the example's directory: a lexer alias),pygments@156d85f,,,,in-linguist,programming,tests/examplefiles/smithy/test.smithy
pyg:bbb6269e7e52,gold,.sml,31db47d2f8a9beec5f066e11fcbb46a90ec5c9ed,example.sml,swh:1:cnt:31db47d2f8a9beec5f066e11fcbb46a90ec5c9ed;origin=https://github.com/pygments/pygments;path=/tests/examplefiles/sml/example.sml,Standard ML,Standard ML (Pygments lexer `sml`),Standard ML;sml,Pygments' maintainers (the example's directory: a lexer alias),pygments@156d85f,,,,in-linguist,programming,tests/examplefiles/sml/example.sml
pyg:e98bd5820dc5,gold,.fun,777b0fdb1d06ad797d810c6a3b480e99d77c28ff,intsyn.fun,swh:1:cnt:777b0fdb1d06ad797d810c6a3b480e99d77c28ff;origin=https://github.com/pygments/pygments;path=/tests/examplefiles/sml/intsyn.fun,Standard ML,Standard ML (Pygments lexer `sml`),Standard ML;sml,Pygments' maintainers (the example's directory: a lexer alias),pygments@156d85f,,,,in-linguist,programming,tests/examplefiles/sml/intsyn.fun
pyg:a2be86fd80cb,gold,.sig,ea505362b7f2b870c4e7bb6555f23db5df130636,intsyn.sig,swh:1:cnt:ea505362b7f2b870c4e7bb6555f23db5df130636;origin=https://github.com/pygments/pygments;path=/tests/examplefiles/sml/intsyn.sig,Standard ML,Standard ML (Pygments lexer `sml`),Standard ML;sml,Pygments' maintainers (the example's directory: a lexer alias),pygments@156d85f,,,,in-linguist,programming,tests/examplefiles/sml/intsyn.sig
pyg:daa2d30123eb,gold,.snbt,760122d83b68b54834deeb67536456fcad07f9fb,main.snbt,swh:1:cnt:760122d83b68b54834deeb67536456fcad07f9fb;origin=https://github.com/pygments/pygments;path=/tests/examplefiles/snbt/main.snbt,SNBT,SNBT (Pygments lexer `snbt`),SNBT,Pygments' maintainers (the example's directory: a lexer alias),pygments@156d85f,,,,not-in-linguist,,tests/examplefiles/snbt/main.snbt
pyg:93b4159c65ee,gold,.snobol,26ca5cf4112a9fdbb800a22acff1a1fff71e9e21,example.snobol,swh:1:cnt:26ca5cf4112a9fdbb800a22acff1a1fff71e9e21;origin=https://github.com/pygments/pygments;path=/tests/examplefiles/snobol/example.snobol,Snobol,Snobol (Pygments lexer `snobol`),Snobol,Pygments' maintainers (the example's directory: a lexer alias),pygments@156d85f,,,,not-in-linguist,,tests/examplefiles/snobol/example.snobol
pyg:c58ac9ed4680,gold,.sbl,f5442c55cd66b85bd4a46f9c4b5f378e7f36e52c,example.sbl,swh:1:cnt:f5442c55cd66b85bd4a46f9c4b5f378e7f36e52c;origin=https://github.com/pygments/pygments;path=/tests/examplefiles/snowball/example.sbl,Snowball,Snowball (Pygments lexer `snowball`),Snowball,Pygments' maintainers (the example's directory: a lexer alias),pygments@156d85f,,,,not-in-linguist,,tests/examplefiles/snowball/example.sbl
pyg:951e50a0a18c,gold,.sol,df32d21189bbeb52dd17b7dbae8a0214441e9249,test.sol,swh:1:cnt:df32d21189bbeb52dd17b7dbae8a0214441e9249;origin=https://github.com/pygments/pygments;path=/tests/examplefiles/solidity/test.sol,Solidity,Solidity (Pygments lexer `solidity`),Solidity,Pygments' maintainers (the example's directory: a lexer alias),pygments@156d85f,,,,in-linguist;ambiguous-ext,programming,tests/examplefiles/solidity/test.sol
pyg:19e6c584c478,gold,.aes,fc8dcb4ee120827f2439507b770cc320fe8ee911,test.aes,swh:1:cnt:fc8dcb4ee120827f2439507b770cc320fe8ee911;origin=https://github.com/pygments/pygments;path=/tests/examplefiles/sophia/test.aes,Sophia,Sophia (Pygments lexer `sophia`),Sophia,Pygments' maintainers (the example's directory: a lexer alias),pygments@156d85f,,,,not-in-linguist,,tests/examplefiles/sophia/test.aes
pyg:0eb18da0a089,gold,.list,3f363352dc80b26275500a369386380cf0765f04,sources.list,swh:1:cnt:3f363352dc80b26275500a369386380cf0765f04;origin=https://github.com/pygments/pygments;path=/tests/examplefiles/sourceslist/sources.list,Debian Sourcelist,Debian Sourcelist (Pygments lexer `sourceslist`),Debian Sourcelist,Pygments' maintainers (the example's directory: a lexer alias),pygments@156d85f,,,,not-in-linguist,,tests/examplefiles/sourceslist/sources.list
pyg:0fe2a0faf747,gold,.sp,7102d2734c9499400cb4c15f2650debce2714866,hello.sp,swh:1:cnt:7102d2734c9499400cb4c15f2650debce2714866;origin=https://github.com/pygments/pygments;path=/tests/examplefiles/sp/hello.sp,SourcePawn,SourcePawn (Pygments lexer `sp`),SourcePawn;sourcemod,Pygments' maintainers (the example's directory: a lexer alias),pygments@156d85f,,,,in-linguist,programming,tests/examplefiles/sp/hello.sp
pyg:399718f53878,gold,.rq,d979d2033e6f27f48ca04aad64a9b1f1f0b50ddf,example.rq,swh:1:cnt:d979d2033e6f27f48ca04aad64a9b1f1f0b50ddf;origin=https://github.com/pygments/pygments;path=/tests/examplefiles/sparql/sparql.rq,SPARQL,SPARQL (Pygments lexer `sparql`),SPARQL,Pygments' maintainers (the example's directory: a lexer alias),pygments@156d85f,,,,in-linguist;renamed,data,tests/examplefiles/sparql/sparql.rq
pyg:7bcf96eaab45,gold,.spec,120fbc9234ff7989a643df27f89de8eb8ff3f37e,phpMyAdmin.spec,swh:1:cnt:120fbc9234ff7989a643df27f89de8eb8ff3f37e;origin=https://github.com/pygments/pygments;path=/tests/examplefiles/spec/phpMyAdmin.spec,RPM Spec,RPMSpec (Pygments lexer `spec`),RPM Spec;specfile;RPMSpec,Pygments' maintainers (the example's directory: a lexer alias),pygments@156d85f,,,,in-linguist;ambiguous-ext,data,tests/examplefiles/spec/phpMyAdmin.spec
pyg:f0d26460f16a,gold,.spice,72b903c9dfaf81b71625e9509429f215fbe699c6,dijkstra.spice,swh:1:cnt:72b903c9dfaf81b71625e9509429f215fbe699c6;origin=https://github.com/pygments/pygments;path=/tests/examplefiles/spice/dijkstra.spice,Spice,Spice (Pygments lexer `spice`),Spice,Pygments' maintainers (the example's directory: a lexer alias),pygments@156d85f,,,,not-in-linguist,,tests/examplefiles/spice/dijkstra.spice
pyg:dd8fc138245f,gold,.spice,226310aa9975b4a88a928e50c84bb48dae0f7c40,example.spice,swh:1:cnt:226310aa9975b4a88a928e50c84bb48dae0f7c40;origin=https://github.com/pygments/pygments;path=/tests/examplefiles/spice/example.spice,Spice,Spice (Pygments lexer `spice`),Spice,Pygments' maintainers (the example's directory: a lexer alias),pygments@156d85f,,,,not-in-linguist,,tests/examplefiles/spice/example.spice
pyg:aff3033f09a0,gold,.R,1dad8beafda7a9ca9b03a1fdbecc1f3f321fb883,test.R,swh:1:cnt:1dad8beafda7a9ca9b03a1fdbecc1f3f321fb883;origin=https://github.com/pygments/pygments;path=/tests/examplefiles/splus/test.R,R,S (Pygments lexer `splus`),R;Rscript;splus;S,Pygments' maintainers (the example's directory: a lexer alias),pygments@156d85f,,,,in-linguist;ambiguous-ext,programming,tests/examplefiles/splus/test.R
pyg:d18c5f7fc3bc,gold,.sql,c288098d65862443a509ac7920b12d14242cb5ec,example.sql,swh:1:cnt:c288098d65862443a509ac7920b12d14242cb5ec;origin=https://github.com/pygments/pygments;path=/tests/examplefiles/sql+jinja/example.sql,SQL+Jinja,SQL+Jinja (Pygments lexer `sql+jinja`),SQL+Jinja,Pygments' maintainers (the example's directory: a lexer alias),pygments@156d85f,,,,not-in-linguist;ambiguous-ext,,tests/examplefiles/sql+jinja/example.sql
pyg:073424bfc5cc,gold,.conf,833d4fca131013cf8316bc88fd5dc4b9036b9288,squid.conf,swh:1:cnt:833d4fca131013cf8316bc88fd5dc4b9036b9288;origin=https://github.com/pygments/pygments;path=/tests/examplefiles/squidconf/squid.conf,SquidConf,SquidConf (Pygments lexer `squidconf`),SquidConf,Pygments' maintainers (the example's directory: a lexer alias),pygments@156d85f,,,,not-in-linguist,,tests/examplefiles/squidconf/squid.conf
pyg:9c8a668e3aa9,gold,.SRCINFO,8c1742db08e28df71d4d7861004b4146df1aa2cd,c-intercal.SRCINFO,swh:1:cnt:8c1742db08e28df71d4d7861004b4146df1aa2cd;origin=https://github.com/pygments/pygments;path=/tests/examplefiles/srcinfo/c-intercal.SRCINFO,Srcinfo,Srcinfo (Pygments lexer `srcinfo`),Srcinfo,Pygments' maintainers (the example's directory: a lexer alias),pygments@156d85f,,,,not-in-linguist,,tests/examplefiles/srcinfo/c-intercal.SRCINFO
pyg:7596e498e843,gold,.SRCINFO,17017c7177a477bdd8d5fb955355d6b830b1b0a1,compiler-rt.SRCINFO,swh:1:cnt:17017c7177a477bdd8d5fb955355d6b830b1b0a1;origin=https://github.com/pygments/pygments;path=/tests/examplefiles/srcinfo/compiler-rt.SRCINFO,Srcinfo,Srcinfo (Pygments lexer `srcinfo`),Srcinfo,Pygments' maintainers (the example's directory: a lexer alias),pygments@156d85f,,,,not-in-linguist,,tests/examplefiles/srcinfo/compiler-rt.SRCINFO
pyg:7138a93f893e,gold,.SRCINFO,5a8f495c89fe9ec147c21efc9976e63d305d2765,hunspell.SRCINFO,swh:1:cnt:5a8f495c89fe9ec147c21efc9976e63d305d2765;origin=https://github.com/pygments/pygments;path=/tests/examplefiles/srcinfo/hunspell.SRCINFO,Srcinfo,Srcinfo (Pygments lexer `srcinfo`),Srcinfo,Pygments' maintainers (the example's directory: a lexer alias),pygments@156d85f,,,,not-in-linguist,,tests/examplefiles/srcinfo/hunspell.SRCINFO
pyg:b9e4750647de,gold,.SRCINFO,2330e4de6272e46c1b761d9204ef051ffacb3284,thunderbird.SRCINFO,swh:1:cnt:2330e4de6272e46c1b761d9204ef051ffacb3284;origin=https://github.com/pygments/pygments;path=/tests/examplefiles/srcinfo/thunderbird.SRCINFO,Srcinfo,Srcinfo (Pygments lexer `srcinfo`),Srcinfo,Pygments' maintainers (the example's directory: a lexer alias),pygments@156d85f,,,,not-in-linguist,,tests/examplefiles/srcinfo/thunderbird.SRCINFO
pyg:61a161a589c3,gold,.ssp,96d26d553be15a3a15cc6abb5c1dfb6222e7ff80,test.ssp,swh:1:cnt:96d26d553be15a3a15cc6abb5c1dfb6222e7ff80;origin=https://github.com/pygments/pygments;path=/tests/examplefiles/ssp/test.ssp,Scalate Server Page,Scalate Server Page (Pygments lexer `ssp`),Scalate Server Page,Pygments' maintainers (the example's directory: a lexer alias),pygments@156d85f,,,,not-in-linguist,,tests/examplefiles/ssp/test.ssp
pyg:768c4fd20685,gold,.stan,c7dbc2d7cd23e489b903264c152d55905c267205,example.stan,swh:1:cnt:c7dbc2d7cd23e489b903264c152d55905c267205;origin=https://github.com/pygments/pygments;path=/tests/examplefiles/stan/example.stan,Stan,Stan (Pygments lexer `stan`),Stan,Pygments' maintainers (the example's directory: a lexer alias),pygments@156d85f,,,,in-linguist,programming,tests/examplefiles/stan/example.stan
pyg:f74ae7755b29,gold,.swift,8ef197634e0279f4f78601bf98d68fa480a5382b,test.swift,swh:1:cnt:8ef197634e0279f4f78601bf98d68fa480a5382b;origin=https://github.com/pygments/pygments;path=/tests/examplefiles/swift/test.swift,Swift,Swift (Pygments lexer `swift`),Swift,Pygments' maintainers (the example's directory: a lexer alias),pygments@156d85f,,,,in-linguist,programming,tests/examplefiles/swift/test.swift
pyg:242c09089c3c,gold,.swg,6126a55e5339db0dc4052b05bdd463601ea431da,example.swg,swh:1:cnt:6126a55e5339db0dc4052b05bdd463601ea431da;origin=https://github.com/pygments/pygments;path=/tests/examplefiles/swig/swig_java.swg,SWIG,SWIG (Pygments lexer `swig`),SWIG,Pygments' maintainers (the example's directory: a lexer alias),pygments@156d85f,,,,in-linguist;renamed,programming,tests/examplefiles/swig/swig_java.swg
pyg:e9775819d2a8,gold,.i,baecf85076b8523dedc240b220637baa93fea0cd,example.i,swh:1:cnt:baecf85076b8523dedc240b220637baa93fea0cd;origin=https://github.com/pygments/pygments;path=/tests/examplefiles/swig/swig_std_vector.i,SWIG,SWIG (Pygments lexer `swig`),SWIG,Pygments' maintainers (the example's directory: a lexer alias),pygments@156d85f,,,,in-linguist;ambiguous-ext;renamed,programming,tests/examplefiles/swig/swig_std_vector.i
pyg:7abde6e831dd,gold,.sv,fe52ed440120858a34a87f03f6bffc28658d1f92,flipflop.sv,swh:1:cnt:fe52ed440120858a34a87f03f6bffc28658d1f92;origin=https://github.com/pygments/pygments;path=/tests/examplefiles/systemverilog/flipflop.sv,SystemVerilog,systemverilog (Pygments lexer `systemverilog`),SystemVerilog;systemverilog,Pygments' maintainers (the example's directory: a lexer alias),pygments@156d85f,,,,in-linguist,programming,tests/examplefiles/systemverilog/flipflop.sv
pyg:b12281e8d0f0,gold,.tact,51f2a57349f8cfb40b778055257ad4c781681960,sample.tact,swh:1:cnt:51f2a57349f8cfb40b778055257ad4c781681960;origin=https://github.com/pygments/pygments;path=/tests/examplefiles/tact/sample.tact,Tact,Tact (Pygments lexer `tact`),Tact,Pygments' maintainers (the example's directory: a lexer alias),pygments@156d85f,,,,in-linguist;ambiguous-ext,programming,tests/examplefiles/tact/sample.tact
pyg:03f6bf80839f,gold,.t,41881c93da3db4361a92736b44c587fd9ac04ccb,example.t,swh:1:cnt:41881c93da3db4361a92736b44c587fd9ac04ccb;origin=https://github.com/pygments/pygments;path=/tests/examplefiles/tads3/tads3_example.t,TADS 3,TADS 3 (Pygments lexer `tads3`),TADS 3,Pygments' maintainers (the example's directory: a lexer alias),pygments@156d85f,,,,not-in-linguist;ambiguous-ext;renamed,,tests/examplefiles/tads3/tads3_example.t
pyg:8cfee83bb8e5,gold,.tal,9f47040d31876e1660c068ddf76890ab02855ae2,piano.tal,swh:1:cnt:9f47040d31876e1660c068ddf76890ab02855ae2;origin=https://github.com/pygments/pygments;path=/tests/examplefiles/tal/piano.tal,Tal,Tal (Pygments lexer `tal`),Tal,Pygments' maintainers (the example's directory: a lexer alias),pygments@156d85f,,,,not-in-linguist,,tests/examplefiles/tal/piano.tal
pyg:f9d6be2e9d38,gold,.tasm,d7202ffbfef69f30be76ce449a03806f7e89d863,example.tasm,swh:1:cnt:d7202ffbfef69f30be76ce449a03806f7e89d863;origin=https://github.com/pygments/pygments;path=/tests/examplefiles/tasm/example.tasm,Assembly,TASM (Pygments lexer `tasm`),Assembly;asm;nasm;TASM,Pygments' maintainers (the example's directory: a lexer alias),pygments@156d85f,,,,in-linguist,programming,tests/examplefiles/tasm/example.tasm
pyg:9ed66730ef21,gold,.tcsh,e215ed04fe05ec6195d383b472f87cde93bcdf79,test.tcsh,swh:1:cnt:e215ed04fe05ec6195d383b472f87cde93bcdf79;origin=https://github.com/pygments/pygments;path=/tests/examplefiles/tcsh/test.tcsh,Tcsh,Tcsh (Pygments lexer `tcsh`),Tcsh,Pygments' maintainers (the example's directory: a lexer alias),pygments@156d85f,,,,in-linguist,programming,tests/examplefiles/tcsh/test.tcsh
pyg:590e1bdbd992,gold,.tea,6859e34d51d47ab0e9f3191b2f7222133c8db661,example.tea,swh:1:cnt:6859e34d51d47ab0e9f3191b2f7222133c8db661;origin=https://github.com/pygments/pygments;path=/tests/examplefiles/tea/example.tea,Tea,Tea (Pygments lexer `tea`),Tea,Pygments' maintainers (the example's directory: a lexer alias),pygments@156d85f,,,,in-linguist,markup,tests/examplefiles/tea/example.tea
pyg:a9c94ce8a3b1,gold,.teal,bf9e9273b3e78afe7c05026c176c94b790714fa7,example.teal,swh:1:cnt:bf9e9273b3e78afe7c05026c176c94b790714fa7;origin=https://github.com/pygments/pygments;path=/tests/examplefiles/teal/example.teal,Teal,teal (Pygments lexer `teal`),Teal;teal,Pygments' maintainers (the example's directory: a lexer alias),pygments@156d85f,,,,in-linguist,programming,tests/examplefiles/teal/example.teal
pyg:a2af0e614e55,gold,,e20adabab6661b8cfeb06235b333007bea1a4493,termcap,swh:1:cnt:e20adabab6661b8cfeb06235b333007bea1a4493;origin=https://github.com/pygments/pygments;path=/tests/examplefiles/termcap/termcap,Termcap,Termcap (Pygments lexer `termcap`),Termcap,Pygments' maintainers (the example's directory: a lexer alias),pygments@156d85f,,,,not-in-linguist,,tests/examplefiles/termcap/termcap
pyg:86175bf3dedc,gold,,2b68d0358376bfd76c1634be62b1b1a49ed37d5d,terminfo,swh:1:cnt:2b68d0358376bfd76c1634be62b1b1a49ed37d5d;origin=https://github.com/pygments/pygments;path=/tests/examplefiles/terminfo/terminfo,Terminfo,Terminfo (Pygments lexer `terminfo`),Terminfo,Pygments' maintainers (the example's directory: a lexer alias),pygments@156d85f,,,,not-in-linguist,,tests/examplefiles/terminfo/terminfo
pyg:ebe120256198,gold,.ti,1e28b45f89f90c5413ed5966beffa304db2e5dce,test.ti,swh:1:cnt:1e28b45f89f90c5413ed5966beffa304db2e5dce;origin=https://github.com/pygments/pygments;path=/tests/examplefiles/thingsdb/test.ti,ThingsDB,ThingsDB (Pygments lexer `thingsdb`),ThingsDB,Pygments' maintainers (the example's directory: a lexer alias),pygments@156d85f,,,,not-in-linguist,,tests/examplefiles/thingsdb/test.ti
pyg:fc155d2134db,gold,.thrift,e50544d5910991af8d80ad5dde00b49d727c4dc3,demo.thrift,swh:1:cnt:e50544d5910991af8d80ad5dde00b49d727c4dc3;origin=https://github.com/pygments/pygments;path=/tests/examplefiles/thrift/demo.thrift,Thrift,Thrift (Pygments lexer `thrift`),Thrift,Pygments' maintainers (the example's directory: a lexer alias),pygments@156d85f,,,,in-linguist,programming,tests/examplefiles/thrift/demo.thrift
pyg:d9214d6716ce,gold,.tid,8b998b68bb23a0af86b3279396c19c907e70c017,example.tid,swh:1:cnt:8b998b68bb23a0af86b3279396c19c907e70c017;origin=https://github.com/pygments/pygments;path=/tests/examplefiles/tid/TiddlyWiki5.tid,tiddler,tiddler (Pygments lexer `tid`),tiddler,Pygments' maintainers (the example's directory: a lexer alias),pygments@156d85f,,,,not-in-linguist;renamed,,tests/examplefiles/tid/TiddlyWiki5.tid
pyg:2686630068f2,gold,.tlb,7e6666cdee78f54db450553fd7bfe40215320909,block.tlb,swh:1:cnt:7e6666cdee78f54db450553fd7bfe40215320909;origin=https://github.com/pygments/pygments;path=/tests/examplefiles/tlb/block.tlb,Tl-b,Tl-b (Pygments lexer `tlb`),Tl-b,Pygments' maintainers (the example's directory: a lexer alias),pygments@156d85f,,,,not-in-linguist,,tests/examplefiles/tlb/block.tlb
pyg:05c202580ed2,gold,.txt,cf46ca2a31680aff32d14854313d395c8bfaed5c,example.txt,swh:1:cnt:cf46ca2a31680aff32d14854313d395c8bfaed5c;origin=https://github.com/pygments/pygments;path=/tests/examplefiles/tls/example.txt,TLS Presentation Language,TLS Presentation Language (Pygments lexer `tls`),TLS Presentation Language,Pygments' maintainers (the example's directory: a lexer alias),pygments@156d85f,,,,not-in-linguist;ambiguous-ext,,tests/examplefiles/tls/example.txt
pyg:9e7503b1730b,gold,.tnt,b89b96d4606cf66b2be6ea01ac41d0318b531a28,example.tnt,swh:1:cnt:b89b96d4606cf66b2be6ea01ac41d0318b531a28;origin=https://github.com/pygments/pygments;path=/tests/examplefiles/tnt/example.tnt,Typographic Number Theory,Typographic Number Theory (Pygments lexer `tnt`),Typographic Number Theory,Pygments' maintainers (the example's directory: a lexer alias),pygments@156d85f,,,,not-in-linguist,,tests/examplefiles/tnt/example.tnt
pyg:e3305b3afebb,gold,.todotxt,55ee5286712fc5a47a00b99234e12fbdb7b6f78a,example.todotxt,swh:1:cnt:55ee5286712fc5a47a00b99234e12fbdb7b6f78a;origin=https://github.com/pygments/pygments;path=/tests/examplefiles/todotxt/example.todotxt,Todotxt,Todotxt (Pygments lexer `todotxt`),Todotxt,Pygments' maintainers (the example's directory: a lexer alias),pygments@156d85f,,,,not-in-linguist,,tests/examplefiles/todotxt/example.todotxt
pyg:abd77e6a6134,gold,.toml,9c60c79fb778c49b986284858622771e7b43afbd,example.toml,swh:1:cnt:9c60c79fb778c49b986284858622771e7b43afbd;origin=https://github.com/pygments/pygments;path=/tests/examplefiles/toml/example.toml,TOML,TOML (Pygments lexer `toml`),TOML,Pygments' maintainers (the example's directory: a lexer alias),pygments@156d85f,,,,in-linguist,data,tests/examplefiles/toml/example.toml
pyg:8fe13cc54d41,gold,.txt,a88fea4c29fef1ca320c61c2385fb15b032a0db6,example.txt,swh:1:cnt:a88fea4c29fef1ca320c61c2385fb15b032a0db6;origin=https://github.com/pygments/pygments;path=/tests/examplefiles/trac-wiki/moin_SyntaxReference.txt,MoinMoin/Trac Wiki markup,MoinMoin/Trac Wiki markup (Pygments lexer `trac-wiki`),MoinMoin/Trac Wiki markup,Pygments' maintainers (the example's directory: a lexer alias),pygments@156d85f,,,,not-in-linguist;ambiguous-ext;renamed,,tests/examplefiles/trac-wiki/moin_SyntaxReference.txt
pyg:5839647b8811,gold,.treetop,acd6af6308d6aafa0eebaadbec805c1001eac4d7,metagrammar.treetop,swh:1:cnt:acd6af6308d6aafa0eebaadbec805c1001eac4d7;origin=https://github.com/pygments/pygments;path=/tests/examplefiles/treetop/metagrammar.treetop,Treetop,Treetop (Pygments lexer `treetop`),Treetop,Pygments' maintainers (the example's directory: a lexer alias),pygments@156d85f,,,,not-in-linguist,,tests/examplefiles/treetop/metagrammar.treetop
pyg:0612c975bbe7,gold,.ts,760e25434f3a188f13709f63cea7f0a7628f9dde,example.ts,swh:1:cnt:760e25434f3a188f13709f63cea7f0a7628f9dde;origin=https://github.com/pygments/pygments;path=/tests/examplefiles/ts/typescript_example.ts,TypeScript,TypeScript (Pygments lexer `ts`),TypeScript;ts,Pygments' maintainers (the example's directory: a lexer alias),pygments@156d85f,,,,in-linguist;ambiguous-ext;renamed,programming,tests/examplefiles/ts/typescript_example.ts
pyg:3d40a79b6b81,gold,.sql,cbd7609116530f5e49de233ff413ae162e509e89,example.sql,swh:1:cnt:cbd7609116530f5e49de233ff413ae162e509e89;origin=https://github.com/pygments/pygments;path=/tests/examplefiles/tsql/tsql_example.sql,TSQL,Transact-SQL (Pygments lexer `tsql`),TSQL;Transact-SQL,Pygments' maintainers (the example's directory: a lexer alias),pygments@156d85f,,,,in-linguist;ambiguous-ext;renamed,programming,tests/examplefiles/tsql/tsql_example.sql
pyg:9ab89a2f2394,gold,.tsx,d828d79c83360fea066dd1291a1184ce882fb5ba,sample.tsx,swh:1:cnt:d828d79c83360fea066dd1291a1184ce882fb5ba;origin=https://github.com/pygments/pygments;path=/tests/examplefiles/tsx/sample.tsx,TSX,TSX (Pygments lexer `tsx`),TSX;typescriptreact,Pygments' maintainers (the example's directory: a lexer alias),pygments@156d85f,,,,in-linguist;ambiguous-ext,programming,tests/examplefiles/tsx/sample.tsx
pyg:654bc0cac7e0,gold,.ttl,f60f7c9cb661a5071a79d00d8c0d0ca32b8e82ba,example.ttl,swh:1:cnt:f60f7c9cb661a5071a79d00d8c0d0ca32b8e82ba;origin=https://github.com/pygments/pygments;path=/tests/examplefiles/ttl/teraterm.ttl,Tera Term macro,Tera Term macro (Pygments lexer `ttl`),Tera Term macro,Pygments' maintainers (the example's directory: a lexer alias),pygments@156d85f,,,,not-in-linguist;renamed,,tests/examplefiles/ttl/teraterm.ttl
pyg:be8642d0ede5,gold,.ttl,fac4f06516240e3e0160bb0d09d7b7263e7d8794,example.ttl,swh:1:cnt:fac4f06516240e3e0160bb0d09d7b7263e7d8794;origin=https://github.com/pygments/pygments;path=/tests/examplefiles/turtle/example.ttl,Turtle,Turtle (Pygments lexer `turtle`),Turtle,Pygments' maintainers (the example's directory: a lexer alias),pygments@156d85f,,,,in-linguist,data,tests/examplefiles/turtle/example.ttl
pyg:a9f1c0be7a3d,gold,,0932fe9085509b27d690a62410f54d8ffb1d40a7,example,swh:1:cnt:0932fe9085509b27d690a62410f54d8ffb1d40a7;origin=https://github.com/pygments/pygments;path=/tests/examplefiles/twig/twig_test,Twig,Twig (Pygments lexer `twig`),Twig,Pygments' maintainers (the example's directory: a lexer alias),pygments@156d85f,,,,in-linguist;renamed,markup,tests/examplefiles/twig/twig_test
pyg:a5f92a4e1260,gold,.typoscript,e2fccf5d3501014d3d8decc1059a47be76bebc75,example.typoscript,swh:1:cnt:e2fccf5d3501014d3d8decc1059a47be76bebc75;origin=https://github.com/pygments/pygments;path=/tests/examplefiles/typoscript/typoscript_example.typoscript,TypoScript,TypoScript (Pygments lexer `typoscript`),TypoScript,Pygments' maintainers (the example's directory: a lexer alias),pygments@156d85f,,,,not-in-linguist;renamed,,tests/examplefiles/typoscript/typoscript_example.typoscript
pyg:9a6cf91a8dcb,gold,.typ,2bd6ad013d4344a7104a621dfdb25720264d1b25,test.typ,swh:1:cnt:2bd6ad013d4344a7104a621dfdb25720264d1b25;origin=https://github.com/pygments/pygments;path=/tests/examplefiles/typst/test.typ,Typst,Typst (Pygments lexer `typst`),Typst;typ,Pygments' maintainers (the example's directory: a lexer alias),pygments@156d85f,,,,in-linguist;ambiguous-ext,programming,tests/examplefiles/typst/test.typ
pyg:fc350f4309a8,gold,.u1,92c4536575bcc6556fdc75b3de7fdd42df8138b1,example.u1,swh:1:cnt:92c4536575bcc6556fdc75b3de7fdd42df8138b1;origin=https://github.com/pygments/pygments;path=/tests/examplefiles/ucode/example.u1,ucode,ucode (Pygments lexer `ucode`),ucode,Pygments' maintainers (the example's directory: a lexer alias),pygments@156d85f,,,,in-linguist,programming,tests/examplefiles/ucode/example.u1
pyg:424cb242f03a,gold,.ul4,affa2f63ed4b32328a9c402b126ccdfe0c5bbce1,example_operators.ul4,swh:1:cnt:affa2f63ed4b32328a9c402b126ccdfe0c5bbce1;origin=https://github.com/pygments/pygments;path=/tests/examplefiles/ul4/example_operators.ul4,UL4,UL4 (Pygments lexer `ul4`),UL4,Pygments' maintainers (the example's directory: a lexer alias),pygments@156d85f,,,,not-in-linguist,,tests/examplefiles/ul4/example_operators.ul4
pyg:a50b36049a5f,gold,.ul4,c2b2aa741f63e9be60bbf8a473b35e1b8dbb371c,example_tags.ul4,swh:1:cnt:c2b2aa741f63e9be60bbf8a473b35e1b8dbb371c;origin=https://github.com/pygments/pygments;path=/tests/examplefiles/ul4/example_tags.ul4,UL4,UL4 (Pygments lexer `ul4`),UL4,Pygments' maintainers (the example's directory: a lexer alias),pygments@156d85f,,,,not-in-linguist,,tests/examplefiles/ul4/example_tags.ul4
pyg:e7c53b68d144,gold,.ul4,9e169b2d7b9183b38aa846ea2a0b284feeebe889,example_template.ul4,swh:1:cnt:9e169b2d7b9183b38aa846ea2a0b284feeebe889;origin=https://github.com/pygments/pygments;path=/tests/examplefiles/ul4/example_template.ul4,UL4,UL4 (Pygments lexer `ul4`),UL4,Pygments' maintainers (the example's directory: a lexer alias),pygments@156d85f,,,,not-in-linguist,,tests/examplefiles/ul4/example_template.ul4
pyg:a7f9f1d06e34,gold,.ul4,810e846560f424920429623e8ed9b49d41fcd459,example_types.ul4,swh:1:cnt:810e846560f424920429623e8ed9b49d41fcd459;origin=https://github.com/pygments/pygments;path=/tests/examplefiles/ul4/example_types.ul4,UL4,UL4 (Pygments lexer `ul4`),UL4,Pygments' maintainers (the example's directory: a lexer alias),pygments@156d85f,,,,not-in-linguist,,tests/examplefiles/ul4/example_types.ul4
pyg:c9ea225b06c4,gold,.icn,c8fcf335f62f58e0d911cb400e8eac0496b63f5e,example.icn,swh:1:cnt:c8fcf335f62f58e0d911cb400e8eac0496b63f5e;origin=https://github.com/pygments/pygments;path=/tests/examplefiles/unicon/example.icn,Unicon,Unicon (Pygments lexer `unicon`),Unicon,Pygments' maintainers (the example's directory: a lexer alias),pygments@156d85f,,,,not-in-linguist,,tests/examplefiles/unicon/example.icn
pyg:a612fec0bc1c,gold,.u,8c6686eb53c0d8824348748d2557678133b9d95c,example.u,swh:1:cnt:8c6686eb53c0d8824348748d2557678133b9d95c;origin=https://github.com/pygments/pygments;path=/tests/examplefiles/urbiscript/example.u,UrbiScript,UrbiScript (Pygments lexer `urbiscript`),UrbiScript,Pygments' maintainers (the example's directory: a lexer alias),pygments@156d85f,,,,not-in-linguist,,tests/examplefiles/urbiscript/example.u
pyg:6a9393b8fb47,gold,.usd,b18ef894b03b2b3ff8e2bb5e1c8b64ee57541194,example.usd,swh:1:cnt:b18ef894b03b2b3ff8e2bb5e1c8b64ee57541194;origin=https://github.com/pygments/pygments;path=/tests/examplefiles/usd/example.usd,USD,USD (Pygments lexer `usd`),USD,Pygments' maintainers (the example's directory: a lexer alias),pygments@156d85f,,,,not-in-linguist,,tests/examplefiles/usd/example.usd
pyg:5434235e2194,gold,.vb,e7252e90c819895428b175b8417ccc8fac61b5bd,test.vb,swh:1:cnt:e7252e90c819895428b175b8417ccc8fac61b5bd;origin=https://github.com/pygments/pygments;path=/tests/examplefiles/vb.net/test.vb,Visual Basic .NET,VB.net (Pygments lexer `vb.net`),Visual Basic .NET;visual basic;vbnet;vb .net;vb.net;VB.net,Pygments' maintainers (the example's directory: a lexer alias),pygments@156d85f,,,,in-linguist,programming,tests/examplefiles/vb.net/test.vb
pyg:571082620eb9,gold,.bas,af5f25740f49aa44c856f7623aeeacf68aedb386,example.bas,swh:1:cnt:af5f25740f49aa44c856f7623aeeacf68aedb386;origin=https://github.com/pygments/pygments;path=/tests/examplefiles/vb.net/vbnet_test.bas,Visual Basic .NET,VB.net (Pygments lexer `vb.net`),Visual Basic .NET;visual basic;vbnet;vb .net;vb.net;VB.net,Pygments' maintainers (the example's directory: a lexer alias),pygments@156d85f,,,,in-linguist;ambiguous-ext;renamed,programming,tests/examplefiles/vb.net/vbnet_test.bas
pyg:27c95fa7e3e4,gold,.vbs,d962b73d5d6afc41d964d76ee95a6629237a0982,example.vbs,swh:1:cnt:d962b73d5d6afc41d964d76ee95a6629237a0982;origin=https://github.com/pygments/pygments;path=/tests/examplefiles/vbscript/example.vbs,VBScript,VBScript (Pygments lexer `vbscript`),VBScript,Pygments' maintainers (the example's directory: a lexer alias),pygments@156d85f,,,,in-linguist,programming,tests/examplefiles/vbscript/example.vbs
pyg:1c30890f3036,gold,.vcl,6258c31319fc04f89d63153ca406011a9eceece1,varnish.vcl,swh:1:cnt:6258c31319fc04f89d63153ca406011a9eceece1;origin=https://github.com/pygments/pygments;path=/tests/examplefiles/vcl/varnish.vcl,VCL,VCL (Pygments lexer `vcl`),VCL,Pygments' maintainers (the example's directory: a lexer alias),pygments@156d85f,,,,in-linguist,programming,tests/examplefiles/vcl/varnish.vcl
pyg:d84b29be3e40,gold,.vp,b4de6551c68afca8a8f9145135a7dc02f7abfe27,example.vp,swh:1:cnt:b4de6551c68afca8a8f9145135a7dc02f7abfe27;origin=https://github.com/pygments/pygments;path=/tests/examplefiles/verifpal/verifpal_example.vp,Verifpal,Verifpal (Pygments lexer `verifpal`),Verifpal,Pygments' maintainers (the example's directory: a lexer alias),pygments@156d85f,,,,not-in-linguist;renamed,,tests/examplefiles/verifpal/verifpal_example.vp
pyg:1315f50e8a37,gold,.v,fd1a7bc8c9dcae16a3a75a9332da0be06d903d5b,example_coq.v,swh:1:cnt:fd1a7bc8c9dcae16a3a75a9332da0be06d903d5b;origin=https://github.com/pygments/pygments;path=/tests/examplefiles/verilog/example_coq.v,Verilog,verilog (Pygments lexer `verilog`),Verilog;verilog,Pygments' maintainers (the example's directory: a lexer alias),pygments@156d85f,,,,in-linguist;ambiguous-ext;tiny,programming,tests/examplefiles/verilog/example_coq.v
pyg:6c03a130a630,gold,.rpf,162b5ed3467ce7433f6ec39fde5f562706ee4099,example.rpf,swh:1:cnt:162b5ed3467ce7433f6ec39fde5f562706ee4099;origin=https://github.com/pygments/pygments;path=/tests/examplefiles/vgl/example.rpf,VGL,VGL (Pygments lexer `vgl`),VGL,Pygments' maintainers (the example's directory: a lexer alias),pygments@156d85f,,,,not-in-linguist;tiny,,tests/examplefiles/vgl/example.rpf
pyg:9416e10bd700,gold,.vhdl,5298254be697bc12780e19d5597171aa9edaba28,test.vhdl,swh:1:cnt:5298254be697bc12780e19d5597171aa9edaba28;origin=https://github.com/pygments/pygments;path=/tests/examplefiles/vhdl/test.vhdl,VHDL,vhdl (Pygments lexer `vhdl`),VHDL;vhdl,Pygments' maintainers (the example's directory: a lexer alias),pygments@156d85f,,,,in-linguist,programming,tests/examplefiles/vhdl/test.vhdl
pyg:d5d93bd9a065,gold,.vim,17d74fd8242ce46d23bd2454ca7bb50a00431a61,phpcomplete.vim,swh:1:cnt:17d74fd8242ce46d23bd2454ca7bb50a00431a61;origin=https://github.com/pygments/pygments;path=/tests/examplefiles/vim/phpcomplete.vim,Vim script,VimL (Pygments lexer `vim`),Vim script;vim;viml;nvim;vimscript;VimL,Pygments' maintainers (the example's directory: a lexer alias),pygments@156d85f,,,,in-linguist,programming,tests/examplefiles/vim/phpcomplete.vim
pyg:c8dc1ad6b679,gold,,d2f9cd1baab48671bdabe10ec5cc188c5482ad65,vimrc,swh:1:cnt:d2f9cd1baab48671bdabe10ec5cc188c5482ad65;origin=https://github.com/pygments/pygments;path=/tests/examplefiles/vim/vimrc,Vim script,VimL (Pygments lexer `vim`),Vim script;vim;viml;nvim;vimscript;VimL,Pygments' maintainers (the example's directory: a lexer alias),pygments@156d85f,,,,in-linguist,programming,tests/examplefiles/vim/vimrc
pyg:a433ece39b56,gold,.pro,5d21e8ba2eacea3450e6543495707f2ca0ee226d,hanoi.pro,swh:1:cnt:5d21e8ba2eacea3450e6543495707f2ca0ee226d;origin=https://github.com/pygments/pygments;path=/tests/examplefiles/visualprolog/hanoi.pro,Visual Prolog,Visual Prolog (Pygments lexer `visualprolog`),Visual Prolog,Pygments' maintainers (the example's directory: a lexer alias),pygments@156d85f,,,,not-in-linguist;ambiguous-ext,,tests/examplefiles/visualprolog/hanoi.pro
pyg:737fb19ea2ad,gold,.pro,1c9f991ee21b76c1da43b99e4a49f7447442aa07,test.pro,swh:1:cnt:1c9f991ee21b76c1da43b99e4a49f7447442aa07;origin=https://github.com/pygments/pygments;path=/tests/examplefiles/visualprolog/test.pro,Visual Prolog,Visual Prolog (Pygments lexer `visualprolog`),Visual Prolog,Pygments' maintainers (the example's directory: a lexer alias),pygments@156d85f,,,,not-in-linguist;ambiguous-ext,,tests/examplefiles/visualprolog/test.pro
pyg:04816b0d1f61,gold,.vipgrm,8ab9395936c215fdf93a12d558d3e59e1eff6789,grammarDef.vipgrm,swh:1:cnt:8ab9395936c215fdf93a12d558d3e59e1eff6789;origin=https://github.com/pygments/pygments;path=/tests/examplefiles/visualprologgrammar/grammarDef.vipgrm,Visual Prolog Grammar,Visual Prolog Grammar (Pygments lexer `visualprologgrammar`),Visual Prolog Grammar,Pygments' maintainers (the example's directory: a lexer alias),pygments@156d85f,,,,not-in-linguist,,tests/examplefiles/visualprologgrammar/grammarDef.vipgrm
pyg:2009d0821252,gold,.vipgrm,36e29876bdd17d7c06c08507cc7a180590ca9f7e,test.vipgrm,swh:1:cnt:36e29876bdd17d7c06c08507cc7a180590ca9f7e;origin=https://github.com/pygments/pygments;path=/tests/examplefiles/visualprologgrammar/test.vipgrm,Visual Prolog Grammar,Visual Prolog Grammar (Pygments lexer `visualprologgrammar`),Visual Prolog Grammar,Pygments' maintainers (the example's directory: a lexer alias),pygments@156d85f,,,,not-in-linguist,,tests/examplefiles/visualprologgrammar/test.vipgrm
pyg:8ab66a06e55c,gold,.vue,ff9004187531e7420014591460c68a0339c75c0c,test.vue,swh:1:cnt:ff9004187531e7420014591460c68a0339c75c0c;origin=https://github.com/pygments/pygments;path=/tests/examplefiles/vue/test.vue,Vue,Vue (Pygments lexer `vue`),Vue,Pygments' maintainers (the example's directory: a lexer alias),pygments@156d85f,,,,in-linguist,markup,tests/examplefiles/vue/test.vue
pyg:4a439897c703,gold,.vy,be5f9ec49ddd82e0f6dbe7e5eff198fe6275875c,test.vy,swh:1:cnt:be5f9ec49ddd82e0f6dbe7e5eff198fe6275875c;origin=https://github.com/pygments/pygments;path=/tests/examplefiles/vyper/test.vy,Vyper,Vyper (Pygments lexer `vyper`),Vyper,Pygments' maintainers (the example's directory: a lexer alias),pygments@156d85f,,,,in-linguist,programming,tests/examplefiles/vyper/test.vy
pyg:7e0c1304b633,gold,.wat,c14b3034d57d0cea888dd1e14be810add8b041d5,fib.wat,swh:1:cnt:c14b3034d57d0cea888dd1e14be810add8b041d5;origin=https://github.com/pygments/pygments;path=/tests/examplefiles/wat/fib.wat,WebAssembly,WebAssembly (Pygments lexer `wat`),WebAssembly;wast;wasm,Pygments' maintainers (the example's directory: a lexer alias),pygments@156d85f,,,,in-linguist,programming,tests/examplefiles/wat/fib.wat
pyg:8a3e4ac1d036,gold,.webidl,685834e1fb9fc3dffa72206cf815fdf42776d856,example.webidl,swh:1:cnt:685834e1fb9fc3dffa72206cf815fdf42776d856;origin=https://github.com/pygments/pygments;path=/tests/examplefiles/webidl/example.webidl,WebIDL,Web IDL (Pygments lexer `webidl`),WebIDL;Web IDL,Pygments' maintainers (the example's directory: a lexer alias),pygments@156d85f,,,,in-linguist,programming,tests/examplefiles/webidl/example.webidl
pyg:7a9aed69b828,gold,.whiley,74b3937020552f360816ba22ed85683e1bd50462,example.whiley,swh:1:cnt:74b3937020552f360816ba22ed85683e1bd50462;origin=https://github.com/pygments/pygments;path=/tests/examplefiles/whiley/example.whiley,Whiley,Whiley (Pygments lexer `whiley`),Whiley,Pygments' maintainers (the example's directory: a lexer alias),pygments@156d85f,,,,in-linguist,programming,tests/examplefiles/whiley/example.whiley
pyg:6097c34f98a7,gold,.wikitext,21baac4a4287185c7ba94d77702c2c202d013cfb,article_france.wikitext,swh:1:cnt:21baac4a4287185c7ba94d77702c2c202d013cfb;origin=https://github.com/pygments/pygments;path=/tests/examplefiles/wikitext/article_france.wikitext,Wikitext,Wikitext (Pygments lexer `wikitext`),Wikitext;mediawiki;wiki,Pygments' maintainers (the example's directory: a lexer alias),pygments@156d85f,,,,in-linguist,prose,tests/examplefiles/wikitext/article_france.wikitext
pyg:9f1e3c56d193,gold,.toc,381fd8985b872091fdeba62404bfb7079e059e80,comments.toc,swh:1:cnt:381fd8985b872091fdeba62404bfb7079e059e80;origin=https://github.com/pygments/pygments;path=/tests/examplefiles/wowtoc/comments.toc,World of Warcraft Addon Data,World of Warcraft TOC (Pygments lexer `wowtoc`),World of Warcraft Addon Data;World of Warcraft TOC,Pygments' maintainers (the example's directory: a lexer alias),pygments@156d85f,,,,in-linguist;ambiguous-ext,data,tests/examplefiles/wowtoc/comments.toc
pyg:2d5fcc73f53e,gold,.toc,172cf1025eab38935a91d6e51e8cf6f7210e52fd,files.toc,swh:1:cnt:172cf1025eab38935a91d6e51e8cf6f7210e52fd;origin=https://github.com/pygments/pygments;path=/tests/examplefiles/wowtoc/files.toc,World of Warcraft Addon Data,World of Warcraft TOC (Pygments lexer `wowtoc`),World of Warcraft Addon Data;World of Warcraft TOC,Pygments' maintainers (the example's directory: a lexer alias),pygments@156d85f,,,,in-linguist;ambiguous-ext;tiny,data,tests/examplefiles/wowtoc/files.toc
pyg:109447faab65,gold,.toc,e8c017e56fabb557f471c58a1ae76aef8b0aa89a,official_tags.toc,swh:1:cnt:e8c017e56fabb557f471c58a1ae76aef8b0aa89a;origin=https://github.com/pygments/pygments;path=/tests/examplefiles/wowtoc/official_tags.toc,World of Warcraft Addon Data,World of Warcraft TOC (Pygments lexer `wowtoc`),World of Warcraft Addon Data;World of Warcraft TOC,Pygments' maintainers (the example's directory: a lexer alias),pygments@156d85f,,,,in-linguist;ambiguous-ext,data,tests/examplefiles/wowtoc/official_tags.toc
pyg:667636c9028b,gold,.toc,30ed8478fd718bf7be85f0ad053d8529f8600920,other_tags.toc,swh:1:cnt:30ed8478fd718bf7be85f0ad053d8529f8600920;origin=https://github.com/pygments/pygments;path=/tests/examplefiles/wowtoc/other_tags.toc,World of Warcraft Addon Data,World of Warcraft TOC (Pygments lexer `wowtoc`),World of Warcraft Addon Data;World of Warcraft TOC,Pygments' maintainers (the example's directory: a lexer alias),pygments@156d85f,,,,in-linguist;ambiguous-ext,data,tests/examplefiles/wowtoc/other_tags.toc
pyg:bc6deb9c3f81,gold,.wren,272d3cb94e3cc94e8c64f717121f13c4752eaa37,example.wren,swh:1:cnt:272d3cb94e3cc94e8c64f717121f13c4752eaa37;origin=https://github.com/pygments/pygments;path=/tests/examplefiles/wren/example.wren,Wren,Wren (Pygments lexer `wren`),Wren;wrenlang,Pygments' maintainers (the example's directory: a lexer alias),pygments@156d85f,,,,in-linguist,programming,tests/examplefiles/wren/example.wren
pyg:294d32f8df07,gold,.x10,9cca164c1976fb5dd682d7672c069fbfd68ab870,example.x10,swh:1:cnt:9cca164c1976fb5dd682d7672c069fbfd68ab870;origin=https://github.com/pygments/pygments;path=/tests/examplefiles/x10/example.x10,X10,X10 (Pygments lexer `x10`),X10;xten,Pygments' maintainers (the example's directory: a lexer alias),pygments@156d85f,,,,in-linguist,programming,tests/examplefiles/x10/example.x10
pyg:5278f0321f26,gold,.xml,e657e56499ccdf0f2eb6ddb0cc29636c25e4e258,example.xml,swh:1:cnt:e657e56499ccdf0f2eb6ddb0cc29636c25e4e258;origin=https://github.com/pygments/pygments;path=/tests/examplefiles/xml/xml_example.xml,XML,XML (Pygments lexer `xml`),XML;rss;xsd;wsdl,Pygments' maintainers (the example's directory: a lexer alias),pygments@156d85f,,,,in-linguist;renamed,data,tests/examplefiles/xml/xml_example.xml
pyg:64d99e918dea,gold,.conf,e1f7164b85f5cd7cfe5eca91087b0582879ea191,xorg.conf,swh:1:cnt:e1f7164b85f5cd7cfe5eca91087b0582879ea191;origin=https://github.com/pygments/pygments;path=/tests/examplefiles/xorg.conf/xorg.conf,Xorg,Xorg (Pygments lexer `xorg.conf`),Xorg,Pygments' maintainers (the example's directory: a lexer alias),pygments@156d85f,,,,not-in-linguist,,tests/examplefiles/xorg.conf/xorg.conf
pyg:a322713dd561,gold,.xpp,cf19018cae4921c4d96d34c6c28c8123660f5485,test.xpp,swh:1:cnt:cf19018cae4921c4d96d34c6c28c8123660f5485;origin=https://github.com/pygments/pygments;path=/tests/examplefiles/xpp/test.xpp,X++,X++ (Pygments lexer `xpp`),X++,Pygments' maintainers (the example's directory: a lexer alias),pygments@156d85f,,,,not-in-linguist,,tests/examplefiles/xpp/test.xpp
pyg:8ed873e99b0a,gold,.xq,8dd9b311eb883168c57701a8273966c5921f353d,test-3.0.xq,swh:1:cnt:8dd9b311eb883168c57701a8273966c5921f353d;origin=https://github.com/pygments/pygments;path=/tests/examplefiles/xquery/test-3.0.xq,XQuery,XQuery (Pygments lexer `xquery`),XQuery,Pygments' maintainers (the example's directory: a lexer alias),pygments@156d85f,,,,in-linguist,programming,tests/examplefiles/xquery/test-3.0.xq
pyg:f34f4aa37d29,gold,.xq,073cc22bd78b0e9895b7e37c53775b4b95524390,test-exist-update.xq,swh:1:cnt:073cc22bd78b0e9895b7e37c53775b4b95524390;origin=https://github.com/pygments/pygments;path=/tests/examplefiles/xquery/test-exist-update.xq,XQuery,XQuery (Pygments lexer `xquery`),XQuery,Pygments' maintainers (the example's directory: a lexer alias),pygments@156d85f,,,,in-linguist,programming,tests/examplefiles/xquery/test-exist-update.xq
pyg:659dd9499dfd,gold,.xqy,c626ea964b59c0e60d68c784e96a8815ebb7f19f,test.xqy,swh:1:cnt:c626ea964b59c0e60d68c784e96a8815ebb7f19f;origin=https://github.com/pygments/pygments;path=/tests/examplefiles/xquery/test.xqy,XQuery,XQuery (Pygments lexer `xquery`),XQuery,Pygments' maintainers (the example's directory: a lexer alias),pygments@156d85f,,,,in-linguist,programming,tests/examplefiles/xquery/test.xqy
pyg:c8eaafe888b4,gold,.xsl,590bb043c495196ec97bb5400d1f285b4855ae7e,test.xsl,swh:1:cnt:590bb043c495196ec97bb5400d1f285b4855ae7e;origin=https://github.com/pygments/pygments;path=/tests/examplefiles/xslt/test.xsl,XSLT,XSLT (Pygments lexer `xslt`),XSLT;xsl,Pygments' maintainers (the example's directory: a lexer alias),pygments@156d85f,,,,in-linguist,programming,tests/examplefiles/xslt/test.xsl
pyg:cd0420ebfec5,gold,.xtend,6c37d1ba572813f8dc4ba6cda7171b2a7cd9ed08,example.xtend,swh:1:cnt:6c37d1ba572813f8dc4ba6cda7171b2a7cd9ed08;origin=https://github.com/pygments/pygments;path=/tests/examplefiles/xtend/example.xtend,Xtend,Xtend (Pygments lexer `xtend`),Xtend,Pygments' maintainers (the example's directory: a lexer alias),pygments@156d85f,,,,in-linguist,programming,tests/examplefiles/xtend/example.xtend
pyg:ee51f9957deb,gold,.in,9e1f49387ef78ad46e9423e4d5f263e1f8fd6936,demo.xul.in,swh:1:cnt:9e1f49387ef78ad46e9423e4d5f263e1f8fd6936;origin=https://github.com/pygments/pygments;path=/tests/examplefiles/xul+mozpreproc/demo.xul.in,XUL+mozpreproc,XUL+mozpreproc (Pygments lexer `xul+mozpreproc`),XUL+mozpreproc,Pygments' maintainers (the example's directory: a lexer alias),pygments@156d85f,,,,not-in-linguist,,tests/examplefiles/xul+mozpreproc/demo.xul.in
pyg:25b0e6e71aa2,gold,.sls,824700e7e4c698aca0360e034e373730421d7d40,example.sls,swh:1:cnt:824700e7e4c698aca0360e034e373730421d7d40;origin=https://github.com/pygments/pygments;path=/tests/examplefiles/yaml+jinja/example.sls,YAML+Jinja,YAML+Jinja (Pygments lexer `yaml+jinja`),YAML+Jinja,Pygments' maintainers (the example's directory: a lexer alias),pygments@156d85f,,,,not-in-linguist;ambiguous-ext,,tests/examplefiles/yaml+jinja/example.sls
pyg:59725a6d5a92,gold,.yaml,17544c02e9eb74ec963f84f815cdc6719cafd957,example.yaml,swh:1:cnt:17544c02e9eb74ec963f84f815cdc6719cafd957;origin=https://github.com/pygments/pygments;path=/tests/examplefiles/yaml/example.yaml,YAML,YAML (Pygments lexer `yaml`),YAML;yml,Pygments' maintainers (the example's directory: a lexer alias),pygments@156d85f,,,,in-linguist;ambiguous-ext,data,tests/examplefiles/yaml/example.yaml
pyg:0aa92667b81e,gold,.yang,2751130c0dd5a76da1372350d60258fe1bf6c11c,test.yang,swh:1:cnt:2751130c0dd5a76da1372350d60258fe1bf6c11c;origin=https://github.com/pygments/pygments;path=/tests/examplefiles/yang/test.yang,YANG,YANG (Pygments lexer `yang`),YANG,Pygments' maintainers (the example's directory: a lexer alias),pygments@156d85f,,,,in-linguist,data,tests/examplefiles/yang/test.yang
pyg:306b5ab55ccc,gold,.yar,c20f7a0558c4c6380f6bec5ee952953a6b76b62d,example.yar,swh:1:cnt:c20f7a0558c4c6380f6bec5ee952953a6b76b62d;origin=https://github.com/pygments/pygments;path=/tests/examplefiles/yara/example.yar,YARA,YARA (Pygments lexer `yara`),YARA,Pygments' maintainers (the example's directory: a lexer alias),pygments@156d85f,,,,in-linguist,programming,tests/examplefiles/yara/example.yar
pyg:ab026f5cfd89,gold,.bro,9a1b42de004122ad95876f62415aa185ec3b1bef,test.bro,swh:1:cnt:9a1b42de004122ad95876f62415aa185ec3b1bef;origin=https://github.com/pygments/pygments;path=/tests/examplefiles/zeek/test.bro,Zeek,Zeek (Pygments lexer `zeek`),Zeek;bro,Pygments' maintainers (the example's directory: a lexer alias),pygments@156d85f,,,,in-linguist,programming,tests/examplefiles/zeek/test.bro
pyg:b31503de7dea,gold,.zeek,ee6bad8d9460c2dd0a166d20c2828f9eff380e7a,test.zeek,swh:1:cnt:ee6bad8d9460c2dd0a166d20c2828f9eff380e7a;origin=https://github.com/pygments/pygments;path=/tests/examplefiles/zeek/test.zeek,Zeek,Zeek (Pygments lexer `zeek`),Zeek;bro,Pygments' maintainers (the example's directory: a lexer alias),pygments@156d85f,,,,in-linguist,programming,tests/examplefiles/zeek/test.zeek
pyg:00bafae5c86c,gold,.zep,4724d4c48da8c6f2871bea03cfe89db3e76142f2,test.zep,swh:1:cnt:4724d4c48da8c6f2871bea03cfe89db3e76142f2;origin=https://github.com/pygments/pygments;path=/tests/examplefiles/zephir/test.zep,Zephir,Zephir (Pygments lexer `zephir`),Zephir,Pygments' maintainers (the example's directory: a lexer alias),pygments@156d85f,,,,in-linguist,programming,tests/examplefiles/zephir/test.zep
pyg:73881066c2c0,gold,.zig,32e72849e10ab07e0f374c1f82f2a88f73b6ce72,example.zig,swh:1:cnt:32e72849e10ab07e0f374c1f82f2a88f73b6ce72;origin=https://github.com/pygments/pygments;path=/tests/examplefiles/zig/example.zig,Zig,Zig (Pygments lexer `zig`),Zig,Pygments' maintainers (the example's directory: a lexer alias),pygments@156d85f,,,,in-linguist,programming,tests/examplefiles/zig/example.zig
pyg:d88fddd32dde,gold,.zone,479ea9694baccf56f7e2989152c24224105031ac,dig-output.zone,swh:1:cnt:479ea9694baccf56f7e2989152c24224105031ac;origin=https://github.com/pygments/pygments;path=/tests/examplefiles/zone/dig-output.zone,DNS Zone,Zone (Pygments lexer `zone`),DNS Zone;Zone,Pygments' maintainers (the example's directory: a lexer alias),pygments@156d85f,,,,in-linguist,data,tests/examplefiles/zone/dig-output.zone
pyg:5c11999288cb,gold,.zone,a5d0cbb92177c5c6dd0fb02120762d787f528aff,example.zone,swh:1:cnt:a5d0cbb92177c5c6dd0fb02120762d787f528aff;origin=https://github.com/pygments/pygments;path=/tests/examplefiles/zone/example.zone,DNS Zone,Zone (Pygments lexer `zone`),DNS Zone;Zone,Pygments' maintainers (the example's directory: a lexer alias),pygments@156d85f,,,,in-linguist,data,tests/examplefiles/zone/example.zone
