# bench-hello/1 — 1009 hello-world programs (leachim6/hello-world a152253), labelled by the language their file is named after; generated by build_cases.py; see README.md
case_id,tier,ext,sha1_git,filename,qualified_swhid,expected,expected_detail,accept,reference,provenance,frame,stratum,weight,tags,path
hello:e23f27d55677,gold,,f9146e306677681e737441003dd08f6e1dded666,hello,swh:1:cnt:f9146e306677681e737441003dd08f6e1dded666;origin=https://github.com/leachim6/hello-world;path=/#/!,!,!,!,the contributor (the language the file is named after),hello-world@a152253,,,,not-in-linguist;no-ext,#/!
hello:fe91da984e07,gold,,9f846d7a32bf4e6ed219f0218b16146e7c99915e,hello,swh:1:cnt:9f846d7a32bf4e6ed219f0218b16146e7c99915e;origin=https://github.com/leachim6/hello-world;path=/#/!@#$%^&∗()_+,!@#$%^&*()_+,!@#$%^&*()_+,!@#$%^&*()_+,the contributor (the language the file is named after),hello-world@a152253,,,,not-in-linguist;no-ext,#/!@#$%^&∗()_+
hello:a9b9f185dcc5,gold,,bcef582b1db00e7bba6b300fbdb053e0598b47e0,hello,swh:1:cnt:bcef582b1db00e7bba6b300fbdb053e0598b47e0;origin=https://github.com/leachim6/hello-world;path=/#/()˸;#？!,():;#?!,():;#?!,():;#?!,the contributor (the language the file is named after),hello-world@a152253,,,,not-in-linguist;no-ext,#/()˸;#？!
hello:bb0f7831054a,gold,,f4de0575014300b4a6da4fab0eb4b123d674ebfc,hello,swh:1:cnt:f4de0575014300b4a6da4fab0eb4b123d674ebfc;origin=https://github.com/leachim6/hello-world;path=/#/0(nop^),0(nop^),0(nop^),0(nop^),the contributor (the language the file is named after),hello-world@a152253,,,,not-in-linguist;no-ext,#/0(nop^)
hello:bee8150d5f8b,gold,,2ce4c8e2298acaecd36021c15f8236f8b11ad7eb,hello,swh:1:cnt:2ce4c8e2298acaecd36021c15f8236f8b11ad7eb;origin=https://github.com/leachim6/hello-world;path=/#/0587,0587,0587,0587,the contributor (the language the file is named after),hello-world@a152253,,,,not-in-linguist;no-ext,#/0587
hello:6ba63dd9a9c6,gold,,55e3a44121ab7323f2e6a1fe19105b1c96647507,hello,swh:1:cnt:55e3a44121ab7323f2e6a1fe19105b1c96647507;origin=https://github.com/leachim6/hello-world;path=/#/05AB1E,05AB1E,05AB1E,05AB1E,the contributor (the language the file is named after),hello-world@a152253,,,,not-in-linguist;no-ext,#/05AB1E
hello:be47f2851ba1,gold,.0815,7414c30d49cf3c1b6040274c13e1803a7437ad86,hello.0815,swh:1:cnt:7414c30d49cf3c1b6040274c13e1803a7437ad86;origin=https://github.com/leachim6/hello-world;path=/#/0815.0815,0815,0815,0815,the contributor (the language the file is named after),hello-world@a152253,,,,not-in-linguist,#/0815.0815
hello:98ede61094c4,gold,,483aa284f2fc71934f0170ace595c585efb5b16d,hello,swh:1:cnt:483aa284f2fc71934f0170ace595c585efb5b16d;origin=https://github.com/leachim6/hello-world;path=/#/1+,1+,1+,1+,the contributor (the language the file is named after),hello-world@a152253,,,,not-in-linguist;no-ext,#/1+
hello:a4843b9b3c75,gold,,a9c026ce22a596789ab065fe1fbee4e950c46f79,hello,swh:1:cnt:a9c026ce22a596789ab065fe1fbee4e950c46f79;origin=https://github.com/leachim6/hello-world;path=/#/123,123,123,123,the contributor (the language the file is named after),hello-world@a152253,,,,not-in-linguist;no-ext,#/123
hello:7b26e95c612b,gold,,a8ca57330628cfc20d8d1e3f8927ea889a762710,hello,swh:1:cnt:a8ca57330628cfc20d8d1e3f8927ea889a762710;origin=https://github.com/leachim6/hello-world;path=/#/1C Enterprise,1C Enterprise,1C Enterprise,1C Enterprise,the contributor (the language the file is named after),hello-world@a152253,,,,in-linguist;no-ext,#/1C Enterprise
hello:ca6873334be9,gold,.256,5e1c309dae7f45e0f39b1bf3ac3cd9db12e7d689,hello.256,swh:1:cnt:5e1c309dae7f45e0f39b1bf3ac3cd9db12e7d689;origin=https://github.com/leachim6/hello-world;path=/#/256.256,256,256,256,the contributor (the language the file is named after),hello-world@a152253,,,,not-in-linguist,#/256.256
hello:d4c1deff5724,gold,.2b,048379f638d0f531bd4af6e38a6a7e37023f3b96,hello.2b,swh:1:cnt:048379f638d0f531bd4af6e38a6a7e37023f3b96;origin=https://github.com/leachim6/hello-world;path=/#/2B.2b,2B,2B,2B,the contributor (the language the file is named after),hello-world@a152253,,,,not-in-linguist,#/2B.2b
hello:229c50967c58,gold,.420,80f88b9b0c06118214e15add89aaa11800168018,hello.420,swh:1:cnt:80f88b9b0c06118214e15add89aaa11800168018;origin=https://github.com/leachim6/hello-world;path=/#/420.420,420,420,420,the contributor (the language the file is named after),hello-world@a152253,,,,not-in-linguist,#/420.420
hello:c938b82f833a,gold,.4gl,83af8e35665fc4e76635d58e455fe429cc521eaa,hello.4gl,swh:1:cnt:83af8e35665fc4e76635d58e455fe429cc521eaa;origin=https://github.com/leachim6/hello-world;path=/#/4gl.4gl,4gl,4gl,4gl,the contributor (the language the file is named after),hello-world@a152253,,,,not-in-linguist;misleading-ext,#/4gl.4gl
hello:ad5d8dff3679,gold,,ec9e922eab9f568355c291d5fd19049e9e667df6,hello,swh:1:cnt:ec9e922eab9f568355c291d5fd19049e9e667df6;origin=https://github.com/leachim6/hello-world;path=/#/4test,4test,4test,4test,the contributor (the language the file is named after),hello-world@a152253,,,,not-in-linguist;no-ext,#/4test
hello:433ae4e2d2dc,gold,.4dd,e61b5b122a4d4600ccbb84aa809eed0c3133ba09,hello.4dd,swh:1:cnt:e61b5b122a4d4600ccbb84aa809eed0c3133ba09;origin=https://github.com/leachim6/hello-world;path=/#/4th Dimension.4dd,4D,4th Dimension,4D;4th Dimension,the contributor (the language the file is named after),hello-world@a152253,,,,in-linguist,#/4th Dimension.4dd
hello:6506c370ab0d,gold,,fb36950830ae57acd2397fffec3165978f4e85c8,hello,swh:1:cnt:fb36950830ae57acd2397fffec3165978f4e85c8;origin=https://github.com/leachim6/hello-world;path=/#/6969 Assembler,6969 Assembler,6969 Assembler,6969 Assembler,the contributor (the language the file is named after),hello-world@a152253,,,,not-in-linguist;no-ext,#/6969 Assembler
hello:bdece26c351b,gold,,fb9879081da9c4a6c0e4963cc1af11dc020d57ba,hello,swh:1:cnt:fb9879081da9c4a6c0e4963cc1af11dc020d57ba;origin=https://github.com/leachim6/hello-world;path=/#/8th,8th,8th,8th,the contributor (the language the file is named after),hello-world@a152253,,,,not-in-linguist;no-ext,#/8th
hello:d80565d6b271,gold,,ebfff8638dbe9ce09decc0459b8aa37b11a26bd2,hello,swh:1:cnt:ebfff8638dbe9ce09decc0459b8aa37b11a26bd2;origin=https://github.com/leachim6/hello-world;path=/#/@tention!,@tention!,@tention!,@tention!,the contributor (the language the file is named after),hello-world@a152253,,,,not-in-linguist;no-ext,#/@tention!
hello:59a67a61a8aa,gold,,853a11b91db58a9641fd7ad76c8db6fa1295c24d,hello,swh:1:cnt:853a11b91db58a9641fd7ad76c8db6fa1295c24d;origin=https://github.com/leachim6/hello-world;path=/#/@text,@text (hello-world),@text,@text (hello-world),the contributor (the language the file is named after),hello-world@a152253,,,,not-in-linguist;no-ext,#/@text
hello:9448b7afa42f,gold,,720ee8268145edf57e5bc3c0c1cb9a585957d273,hello,swh:1:cnt:720ee8268145edf57e5bc3c0c1cb9a585957d273;origin=https://github.com/leachim6/hello-world;path=/#/~English,~English,~English,~English,the contributor (the language the file is named after),hello-world@a152253,,,,not-in-linguist;no-ext,#/~English
hello:54d12679eec1,gold,,77383a00438afe9c3a7b73d3761a9f3700c75f46,hello,swh:1:cnt:77383a00438afe9c3a7b73d3761a9f3700c75f46;origin=https://github.com/leachim6/hello-world;path=/#/μλ,μλ,μλ,μλ,the contributor (the language the file is named after),hello-world@a152253,,,,not-in-linguist;no-ext,#/μλ
hello:9f3f3a39c201,gold,,c2ac5aeb4dda93cd261c7a2adeb6d30b6aac9a4b,hello,swh:1:cnt:c2ac5aeb4dda93cd261c7a2adeb6d30b6aac9a4b;origin=https://github.com/leachim6/hello-world;path=/#/قلب,قلب,قلب,قلب,the contributor (the language the file is named after),hello-world@a152253,,,,not-in-linguist;no-ext,#/قلب
hello:a9a87c2fcbce,gold,,d7fe450b162f404b2cc3ab7cdbaf492f36eb22ad,hello,swh:1:cnt:d7fe450b162f404b2cc3ab7cdbaf492f36eb22ad;origin=https://github.com/leachim6/hello-world;path=/#/ᚱᚢᚾᛅᛦ,ᚱᚢᚾᛅᛦ,ᚱᚢᚾᛅᛦ,ᚱᚢᚾᛅᛦ,the contributor (the language the file is named after),hello-world@a152253,,,,not-in-linguist;no-ext,#/ᚱᚢᚾᛅᛦ
hello:1ac3c49dc268,gold,,72e8ffc0db8aad71a934dd11e5968bd5109e54b4,hello,swh:1:cnt:72e8ffc0db8aad71a934dd11e5968bd5109e54b4;origin=https://github.com/leachim6/hello-world;path=/#/∗,*,*,*,the contributor (the language the file is named after),hello-world@a152253,,,,not-in-linguist;no-ext,#/∗
hello:2fed00aafa48,gold,,9da4534dff01efb13c971dde15e5d1ff5c8020ee,hello,swh:1:cnt:9da4534dff01efb13c971dde15e5d1ff5c8020ee;origin=https://github.com/leachim6/hello-world;path=/#/∗﹥﹤﹥,*><>,*><>,*><>,the contributor (the language the file is named after),hello-world@a152253,,,,not-in-linguist;no-ext,#/∗﹥﹤﹥
hello:63dc98bc2821,gold,.unchk,9c278b6a42ae4ca1eee670e39ede2c6693af28da,hello.unchk,swh:1:cnt:9c278b6a42ae4ca1eee670e39ede2c6693af28da;origin=https://github.com/leachim6/hello-world;path=/#/うんちく.unchk,うんちく,うんちく,うんちく,the contributor (the language the file is named after),hello-world@a152253,,,,not-in-linguist,#/うんちく.unchk
hello:336db394cd7d,gold,.nako,14eb2ca7cd9b8c24a25201218432c68302028289,hello.nako,swh:1:cnt:14eb2ca7cd9b8c24a25201218432c68302028289;origin=https://github.com/leachim6/hello-world;path=/#/なでしこ.nako,なでしこ,なでしこ,なでしこ,the contributor (the language the file is named after),hello-world@a152253,,,,not-in-linguist,#/なでしこ.nako
hello:5eef4ad8c852,gold,.hmw,f50c6cf96cfbd0aefa50dca680b02b3a3f04373c,hello.hmw,swh:1:cnt:f50c6cf96cfbd0aefa50dca680b02b3a3f04373c;origin=https://github.com/leachim6/hello-world;path=/#/ひまわり.hmw,ひまわり,ひまわり,ひまわり,the contributor (the language the file is named after),hello-world@a152253,,,,not-in-linguist,#/ひまわり.hmw
hello:32ec1ac56194,gold,.tls,e50913aeb7700215cefd573ad68c758c64a101f2,hello.tls,swh:1:cnt:e50913aeb7700215cefd573ad68c758c64a101f2;origin=https://github.com/leachim6/hello-world;path=/#/タイルズ.tls,タイルズ,タイルズ,タイルズ,the contributor (the language the file is named after),hello-world@a152253,,,,not-in-linguist,#/タイルズ.tls
hello:4d0a3d577909,gold,.dtl,9192b8517b754be2838732f76fb5fa901329b8a8,hello.dtl,swh:1:cnt:9192b8517b754be2838732f76fb5fa901329b8a8;origin=https://github.com/leachim6/hello-world;path=/#/ドリトル.dtl,ドリトル,ドリトル,ドリトル,the contributor (the language the file is named after),hello-world@a152253,,,,not-in-linguist,#/ドリトル.dtl
hello:4b4cc2f62f53,gold,.rdr,1f5756998c9c40894845cbf490ae2adfa7a24318,hello.rdr,swh:1:cnt:1f5756998c9c40894845cbf490ae2adfa7a24318;origin=https://github.com/leachim6/hello-world;path=/#/プロデル.rdr,プロデル,プロデル,プロデル,the contributor (the language the file is named after),hello-world@a152253,,,,not-in-linguist;shared-bytes,#/プロデル.rdr
hello:bcf8c638abc7,gold,.wy,7b0dab988c379dda34230d24ab8cb4651ddf4e6b,hello.wy,swh:1:cnt:7b0dab988c379dda34230d24ab8cb4651ddf4e6b;origin=https://github.com/leachim6/hello-world;path=/#/文言.wy,文言,文言,文言,the contributor (the language the file is named after),hello-world@a152253,,,,not-in-linguist,#/文言.wy
hello:560aa3e2e184,gold,.e,b395e57dc22c43fb00ba30b94a2fc520f9c8123e,hello.e,swh:1:cnt:b395e57dc22c43fb00ba30b94a2fc520f9c8123e;origin=https://github.com/leachim6/hello-world;path=/#/易语言.e,易语言,易语言,易语言,the contributor (the language the file is named after),hello-world@a152253,,,,not-in-linguist;misleading-ext;ambiguous-ext,#/易语言.e
hello:00342ff2e8b9,gold,.martian,6731386bb846a91a9f56400001cecb15dad06528,hello.martian,swh:1:cnt:6731386bb846a91a9f56400001cecb15dad06528;origin=https://github.com/leachim6/hello-world;path=/#/火星文.martian,火星文,火星文,火星文,the contributor (the language the file is named after),hello-world@a152253,,,,not-in-linguist,#/火星文.martian
hello:b85610a96728,gold,.mac,fd06efe7cc68fc2dc3dc535f7517d15e0b501152,hello.mac,swh:1:cnt:fd06efe7cc68fc2dc3dc535f7517d15e0b501152;origin=https://github.com/leachim6/hello-world;path=/#/秀丸マクロ.mac,秀丸マクロ,秀丸マクロ,秀丸マクロ,the contributor (the language the file is named after),hello-world@a152253,,,,not-in-linguist,#/秀丸マクロ.mac
hello:2a50ffb13d4e,gold,,054a4fb7132f8300746f45b176776ab25979cdea,hello,swh:1:cnt:054a4fb7132f8300746f45b176776ab25979cdea;origin=https://github.com/leachim6/hello-world;path=/#/﹥﹤﹥,><>,><>,><>,the contributor (the language the file is named after),hello-world@a152253,,,,not-in-linguist;no-ext,#/﹥﹤﹥
hello:094fab98ad90,gold,,965b721fee4fe8caad8ca7ed6201dd5af6f97da2,hello,swh:1:cnt:965b721fee4fe8caad8ca7ed6201dd5af6f97da2;origin=https://github.com/leachim6/hello-world;path=/#/？$51=,?$51=,?$51=,?$51=,the contributor (the language the file is named after),hello-world@a152253,,,,not-in-linguist;no-ext,#/？$51=
hello:f3ac9856755b,gold,,e9854f8cefa5ada8b7509d496d9c2934c0d80cff,hello,swh:1:cnt:e9854f8cefa5ada8b7509d496d9c2934c0d80cff;origin=https://github.com/leachim6/hello-world;path=/#/🆒,🆒,🆒,🆒,the contributor (the language the file is named after),hello-world@a152253,,,,not-in-linguist;no-ext,#/🆒
hello:7a339c012545,gold,,ff495572c433563f4d5605369e3eb3fa91c0a647,hello,swh:1:cnt:ff495572c433563f4d5605369e3eb3fa91c0a647;origin=https://github.com/leachim6/hello-world;path=/a/A++,A++,A++,A++,the contributor (the language the file is named after),hello-world@a152253,,,,not-in-linguist;no-ext,a/A++
hello:759ba34c35ea,gold,.abap,0562a7d989269d52fcdee648abbc6383d2714f26,hello.abap,swh:1:cnt:0562a7d989269d52fcdee648abbc6383d2714f26;origin=https://github.com/leachim6/hello-world;path=/a/ABAP.abap,ABAP,ABAP,ABAP,the contributor (the language the file is named after),hello-world@a152253,,,,in-linguist,a/ABAP.abap
hello:ddd60cb245eb,gold,.abc,857b6e7b990483f2806954ad5d427d2a5ca0ab88,hello.abc,swh:1:cnt:857b6e7b990483f2806954ad5d427d2a5ca0ab88;origin=https://github.com/leachim6/hello-world;path=/a/ABC.abc,ABC,ABC,ABC,the contributor (the language the file is named after),hello-world@a152253,,,,not-in-linguist,a/ABC.abc
hello:8c6fcfdd245f,gold,.abs,f3a37892a38d287c004da62015264eb640c4ba56,hello.abs,swh:1:cnt:f3a37892a38d287c004da62015264eb640c4ba56;origin=https://github.com/leachim6/hello-world;path=/a/ABS.abs,ABS,ABS,ABS,the contributor (the language the file is named after),hello-world@a152253,,,,not-in-linguist;shared-bytes,a/ABS.abs
hello:966a68e81bc0,gold,.acidic,e88e4c0712cc97f06401ebed1b526aa0cc01ecf8,hello.acidic,swh:1:cnt:e88e4c0712cc97f06401ebed1b526aa0cc01ecf8;origin=https://github.com/leachim6/hello-world;path=/a/ACIDIC.acidic,ACIDIC,ACIDIC,ACIDIC,the contributor (the language the file is named after),hello-world@a152253,,,,not-in-linguist,a/ACIDIC.acidic
hello:cd1369a42eeb,gold,.acronym,ca5794514bcfa4eff4b4870e57a1ddb97802b8f6,hello.acronym,swh:1:cnt:ca5794514bcfa4eff4b4870e57a1ddb97802b8f6;origin=https://github.com/leachim6/hello-world;path=/a/ACRONYM.acronym,ACRONYM,ACRONYM,ACRONYM,the contributor (the language the file is named after),hello-world@a152253,,,,not-in-linguist,a/ACRONYM.acronym
hello:1baf8450cfa7,gold,.acs,a32ef46da7c412da16aaeeddb61db063b36ac7d8,hello.acs,swh:1:cnt:a32ef46da7c412da16aaeeddb61db063b36ac7d8;origin=https://github.com/leachim6/hello-world;path=/a/ACS.acs,ACS,ACS,ACS,the contributor (the language the file is named after),hello-world@a152253,,,,not-in-linguist,a/ACS.acs
hello:8c2bf93556a1,gold,.alaguf,35f8dc1aad2566fa395082f8843454088bd6c267,hello.alaguf,swh:1:cnt:35f8dc1aad2566fa395082f8843454088bd6c267;origin=https://github.com/leachim6/hello-world;path=/a/ALAGUF.alaguf,ALAGUF,ALAGUF,ALAGUF,the contributor (the language the file is named after),hello-world@a152253,,,,not-in-linguist,a/ALAGUF.alaguf
hello:61e37c701945,gold,.algol60,d14a9c780498d3f4cf048044d5056a904fc0fa59,hello.algol60,swh:1:cnt:d14a9c780498d3f4cf048044d5056a904fc0fa59;origin=https://github.com/leachim6/hello-world;path=/a/ALGOL 60.algol60,ALGOL 60,ALGOL 60,ALGOL 60,the contributor (the language the file is named after),hello-world@a152253,,,,not-in-linguist,a/ALGOL 60.algol60
hello:e254ea962d50,gold,.algol68,6d04c147f7afca66f3a0dfe2fe25e1b54e98c52c,hello.algol68,swh:1:cnt:6d04c147f7afca66f3a0dfe2fe25e1b54e98c52c;origin=https://github.com/leachim6/hello-world;path=/a/ALGOL 68.algol68,ALGOL 68,ALGOL 68,ALGOL 68,the contributor (the language the file is named after),hello-world@a152253,,,,not-in-linguist,a/ALGOL 68.algol68
hello:1fdd3f8ee58d,gold,.algol,fbedfbbddea453628ddbeaaa21727776a1bd7963,hello.algol,swh:1:cnt:fbedfbbddea453628ddbeaaa21727776a1bd7963;origin=https://github.com/leachim6/hello-world;path=/a/ALGOL W.algol,ALGOL W,ALGOL W,ALGOL W,the contributor (the language the file is named after),hello-world@a152253,,,,not-in-linguist,a/ALGOL W.algol
hello:9d8eaec17009,gold,.apc,32573a167fea9dab69671660dd057817aa0f98af,hello.apc,swh:1:cnt:32573a167fea9dab69671660dd057817aa0f98af;origin=https://github.com/leachim6/hello-world;path=/a/APC.apc,APC,APC,APC,the contributor (the language the file is named after),hello-world@a152253,,,,not-in-linguist,a/APC.apc
hello:5544032f8995,gold,.apl,dca07505865465bd5044bd7e53d7c151bb5dc37d,hello.apl,swh:1:cnt:dca07505865465bd5044bd7e53d7c151bb5dc37d;origin=https://github.com/leachim6/hello-world;path=/a/APL.apl,APL,APL,APL,the contributor (the language the file is named after),hello-world@a152253,,,,in-linguist,a/APL.apl
hello:2a5ece500317,gold,.arc,8fa32c310395016e85c1261ef8bd225450ad6456,hello.arc,swh:1:cnt:8fa32c310395016e85c1261ef8bd225450ad6456;origin=https://github.com/leachim6/hello-world;path=/a/ARC.arc,Arc,ARC,Arc;ARC,the contributor (the language the file is named after),hello-world@a152253,,,,in-linguist,a/ARC.arc
hello:b41e13097ad0,gold,.artl,93a290be953d809cb34775660648e490450c9807,hello.artl,swh:1:cnt:93a290be953d809cb34775660648e490450c9807;origin=https://github.com/leachim6/hello-world;path=/a/ARTICLE.artl,ARTICLE,ARTICLE,ARTICLE,the contributor (the language the file is named after),hello-world@a152253,,,,not-in-linguist,a/ARTICLE.artl
hello:d5b8db93a351,gold,.asp,8669d31f4dbe6c30be82e0084183ba508b59024a,hello.asp,swh:1:cnt:8669d31f4dbe6c30be82e0084183ba508b59024a;origin=https://github.com/leachim6/hello-world;path=/a/ASP.asp,Classic ASP,ASP,Classic ASP;asp;ASP,the contributor (the language the file is named after),hello-world@a152253,,,,in-linguist,a/ASP.asp
hello:6fe6a6f2338e,gold,.dats,cf4faefbb936b6a75a6135658b3552fce7d3c63f,hello.dats,swh:1:cnt:cf4faefbb936b6a75a6135658b3552fce7d3c63f;origin=https://github.com/leachim6/hello-world;path=/a/ATS2.dats,ATS,ATS2,ATS;ats2;ATS2,the contributor (the language the file is named after),hello-world@a152253,,,,in-linguist,a/ATS2.dats
hello:26c6c6200389,gold,.awk,88c8f38c5a4ac287d68047767acb77b459bce30c,hello.awk,swh:1:cnt:88c8f38c5a4ac287d68047767acb77b459bce30c;origin=https://github.com/leachim6/hello-world;path=/a/AWK.awk,Awk,AWK,Awk;AWK,the contributor (the language the file is named after),hello-world@a152253,,,,in-linguist,a/AWK.awk
hello:2290ceded520,gold,,8151c2cce8a36d2e07cb4b091e7f6f2440ade539,hello,swh:1:cnt:8151c2cce8a36d2e07cb4b091e7f6f2440ade539;origin=https://github.com/leachim6/hello-world;path=/a/Acpi,Acpi,Acpi,Acpi,the contributor (the language the file is named after),hello-world@a152253,,,,not-in-linguist;no-ext,a/Acpi
hello:2ace70953647,gold,.as,9df4af1c75d01ecaa6949ee74d665e3b58f58480,hello.as,swh:1:cnt:9df4af1c75d01ecaa6949ee74d665e3b58f58480;origin=https://github.com/leachim6/hello-world;path=/a/ActionScript 2.as,ActionScript,ActionScript 2,ActionScript;actionscript 3;actionscript3;as3;ActionScript 2,the contributor (the language the file is named after),hello-world@a152253,,,,in-linguist;ambiguous-ext,a/ActionScript 2.as
hello:9315fe0c525f,gold,.as,c352ca71f28a850282800aa3aa51eb98bf29f773,hello.as,swh:1:cnt:c352ca71f28a850282800aa3aa51eb98bf29f773;origin=https://github.com/leachim6/hello-world;path=/a/ActionScript 3.as,ActionScript,ActionScript 3,ActionScript;actionscript 3;actionscript3;as3;ActionScript 3,the contributor (the language the file is named after),hello-world@a152253,,,,in-linguist;ambiguous-ext,a/ActionScript 3.as
hello:4849ce05253b,gold,.as,8ed5a00c591e00776f7e254c39d35e6e4b902221,hello.as,swh:1:cnt:8ed5a00c591e00776f7e254c39d35e6e4b902221;origin=https://github.com/leachim6/hello-world;path=/a/ActionScript flashmx.as,ActionScript,ActionScript flashmx,ActionScript;actionscript 3;actionscript3;as3;ActionScript flashmx,the contributor (the language the file is named after),hello-world@a152253,,,,in-linguist;ambiguous-ext,a/ActionScript flashmx.as
hello:b9242d11c7e4,gold,.as,d44ea787ea467f2da2cbb99099f35c1884f2ed13,hello.as,swh:1:cnt:d44ea787ea467f2da2cbb99099f35c1884f2ed13;origin=https://github.com/leachim6/hello-world;path=/a/ActionScript.as,ActionScript,ActionScript,ActionScript;actionscript 3;actionscript3;as3,the contributor (the language the file is named after),hello-world@a152253,,,,in-linguist;ambiguous-ext,a/ActionScript.as
hello:71caad787875,gold,.adb,3a561934c0524fd774a452614ec8ef13d0186ae7,hello.adb,swh:1:cnt:3a561934c0524fd774a452614ec8ef13d0186ae7;origin=https://github.com/leachim6/hello-world;path=/a/Ada.adb,Ada,Ada,Ada;ada95;ada2005,the contributor (the language the file is named after),hello-world@a152253,,,,in-linguist,a/Ada.adb
hello:f086913e6fbb,gold,,f1a25a371ac7193bff338318fe34b5f77874cfaf,hello,swh:1:cnt:f1a25a371ac7193bff338318fe34b5f77874cfaf;origin=https://github.com/leachim6/hello-world;path=/a/Add++,Add++,Add++,Add++,the contributor (the language the file is named after),hello-world@a152253,,,,not-in-linguist;no-ext,a/Add++
hello:99779c17d801,gold,,b9e6f348cb5e7f3d9747e19ad1323748d53cccc5,hello,swh:1:cnt:b9e6f348cb5e7f3d9747e19ad1323748d53cccc5;origin=https://github.com/leachim6/hello-world;path=/a/Advpl,xBase,Advpl,xBase;advpl;clipper;foxpro;Advpl,the contributor (the language the file is named after),hello-world@a152253,,,,in-linguist;no-ext,a/Advpl
hello:5a6689425aec,gold,.aeo,2da31870e3ed2dbc8f9cf626b1764bdd9621749e,hello.aeo,swh:1:cnt:2da31870e3ed2dbc8f9cf626b1764bdd9621749e;origin=https://github.com/leachim6/hello-world;path=/a/Aeolbonn.aeo,Aeolbonn,Aeolbonn,Aeolbonn,the contributor (the language the file is named after),hello-world@a152253,,,,not-in-linguist,a/Aeolbonn.aeo
hello:ef48fcd78778,gold,.agda,147c3610c58f25187946147a6e638ef893782b78,hello.agda,swh:1:cnt:147c3610c58f25187946147a6e638ef893782b78;origin=https://github.com/leachim6/hello-world;path=/a/Agda.agda,Agda,Agda,Agda,the contributor (the language the file is named after),hello-world@a152253,,,,in-linguist,a/Agda.agda
hello:baf2dd03454f,gold,.aheui,d3099c4807f70dacdf96314f6037d42570d1d137,hello.aheui,swh:1:cnt:d3099c4807f70dacdf96314f6037d42570d1d137;origin=https://github.com/leachim6/hello-world;path=/a/Aheui.aheui,Aheui,Aheui,Aheui,the contributor (the language the file is named after),hello-world@a152253,,,,not-in-linguist,a/Aheui.aheui
hello:b9a9ef07afe1,gold,.aime,2b5b3d0fe950b74be53ca3fcdde9aa97b2102f4e,hello.aime,swh:1:cnt:2b5b3d0fe950b74be53ca3fcdde9aa97b2102f4e;origin=https://github.com/leachim6/hello-world;path=/a/Aime.aime,Aime,Aime,Aime,the contributor (the language the file is named after),hello-world@a152253,,,,not-in-linguist,a/Aime.aime
hello:bddf94034caf,gold,.aiml,3b5da557c034c45be5b83ded39eebddee48f2fc9,hello.aiml,swh:1:cnt:3b5da557c034c45be5b83ded39eebddee48f2fc9;origin=https://github.com/leachim6/hello-world;path=/a/Aiml.aiml,Aiml,Aiml,Aiml,the contributor (the language the file is named after),hello-world@a152253,,,,not-in-linguist,a/Aiml.aiml
hello:4b1358bb490e,gold,.abc,0f11e0ce808815a8f73167533dc1df76a9494fbd,hello.abc,swh:1:cnt:0f11e0ce808815a8f73167533dc1df76a9494fbd;origin=https://github.com/leachim6/hello-world;path=/a/AlPhAbEt.abc,AlPhAbEt,AlPhAbEt,AlPhAbEt,the contributor (the language the file is named after),hello-world@a152253,,,,not-in-linguist,a/AlPhAbEt.abc
hello:bf826d869ed2,gold,.ln,60ec5a9efe2706716706336fee7d71bc0b7c7e4c,hello.ln,swh:1:cnt:60ec5a9efe2706716706336fee7d71bc0b7c7e4c;origin=https://github.com/leachim6/hello-world;path=/a/Alan.ln,Alan,Alan,Alan,the contributor (the language the file is named after),hello-world@a152253,,,,not-in-linguist,a/Alan.ln
hello:64a97f7ff80f,gold,.alda,5d4a7f7d62529ac0e4fddfd76948a0b79a03814e,hello.alda,swh:1:cnt:5d4a7f7d62529ac0e4fddfd76948a0b79a03814e;origin=https://github.com/leachim6/hello-world;path=/a/Alda.alda,Alda,Alda,Alda,the contributor (the language the file is named after),hello-world@a152253,,,,not-in-linguist,a/Alda.alda
hello:9ae13688db39,gold,.algae,22781b2185aaaf2002e5fec56e978c5c9567b603,hello.algae,swh:1:cnt:22781b2185aaaf2002e5fec56e978c5c9567b603;origin=https://github.com/leachim6/hello-world;path=/a/Algae.algae,Algae,Algae,Algae,the contributor (the language the file is named after),hello-world@a152253,,,,not-in-linguist,a/Algae.algae
hello:6a072ef5fbf5,gold,.alice,67ce93527d990c7c8ca549d9a7f06c14aaee245d,hello.alice,swh:1:cnt:67ce93527d990c7c8ca549d9a7f06c14aaee245d;origin=https://github.com/leachim6/hello-world;path=/a/Alice.alice,Alice,Alice,Alice,the contributor (the language the file is named after),hello-world@a152253,,,,not-in-linguist,a/Alice.alice
hello:1f165a651793,gold,.alore,5a1b9894f5db2325faf7d7a30abefba4c43fe126,hello.alore,swh:1:cnt:5a1b9894f5db2325faf7d7a30abefba4c43fe126;origin=https://github.com/leachim6/hello-world;path=/a/Alore.alore,Alore,Alore,Alore,the contributor (the language the file is named after),hello-world@a152253,,,,not-in-linguist,a/Alore.alore
hello:2b1ee8b1fb9e,gold,.ab,a56b9e17925cdb9c9642b26306c645d87e0776bf,hello.ab,swh:1:cnt:a56b9e17925cdb9c9642b26306c645d87e0776bf;origin=https://github.com/leachim6/hello-world;path=/a/Amber.ab,Amber,Amber,Amber,the contributor (the language the file is named after),hello-world@a152253,,,,not-in-linguist;shared-bytes,a/Amber.ab
hello:97e368698653,gold,.amiga-e,2aa26b109161972ff07c7a0884ec93ebe76d615c,hello.amiga-e,swh:1:cnt:2aa26b109161972ff07c7a0884ec93ebe76d615c;origin=https://github.com/leachim6/hello-world;path=/a/Amiga-E.amiga-e,Amiga-E,Amiga-E,Amiga-E,the contributor (the language the file is named after),hello-world@a152253,,,,not-in-linguist,a/Amiga-E.amiga-e
hello:602bc8f3e6a2,gold,,56c7347b5658770f2dc674024adf8ce20a62e8c5,hello,swh:1:cnt:56c7347b5658770f2dc674024adf8ce20a62e8c5;origin=https://github.com/leachim6/hello-world;path=/a/Amos,Amos,Amos,Amos,the contributor (the language the file is named after),hello-world@a152253,,,,not-in-linguist;no-ext;shared-bytes,a/Amos
hello:5eba2f5ea59b,gold,.af,d7cb0ccc25322f342ea6cd9057e0a29622c57660,hello.af,swh:1:cnt:d7cb0ccc25322f342ea6cd9057e0a29622c57660;origin=https://github.com/leachim6/hello-world;path=/a/AnalF∗ck.af,AnalF*ck,AnalF*ck,AnalF*ck,the contributor (the language the file is named after),hello-world@a152253,,,,not-in-linguist,a/AnalF∗ck.af
hello:d8dc91bd5f3d,gold,,281036fc80fe84490d0fbaf2bae5a6b5524ccc82,hello,swh:1:cnt:281036fc80fe84490d0fbaf2bae5a6b5524ccc82;origin=https://github.com/leachim6/hello-world;path=/a/And,And,And,And,the contributor (the language the file is named after),hello-world@a152253,,,,not-in-linguist;no-ext,a/And
hello:999d10ae1f0c,gold,.java,fc7ea82eed245560d2843f252ad23f0eef81d9a9,hello.java,swh:1:cnt:fc7ea82eed245560d2843f252ad23f0eef81d9a9;origin=https://github.com/leachim6/hello-world;path=/a/Android.java,Android,Android,Android,the contributor (the language the file is named after),hello-world@a152253,,,,not-in-linguist;misleading-ext;not-a-language,a/Android.java
hello:6b4efb936f95,gold,,06a7c743d0716509978561b5eda608d018022294,hello,swh:1:cnt:06a7c743d0716509978561b5eda608d018022294;origin=https://github.com/leachim6/hello-world;path=/a/AngelScript,AngelScript,AngelScript,AngelScript,the contributor (the language the file is named after),hello-world@a152253,,,,in-linguist;no-ext,a/AngelScript
hello:faca9c2eabb0,gold,.js,adb1b8f76869f2ade5754a85f9d59be514a67e6d,hello.js,swh:1:cnt:adb1b8f76869f2ade5754a85f9d59be514a67e6d;origin=https://github.com/leachim6/hello-world;path=/a/Angular.js,Angular,Angular,Angular,the contributor (the language the file is named after),hello-world@a152253,,,,not-in-linguist;misleading-ext;not-a-language,a/Angular.js
hello:829bde6661dc,gold,.yml,61554290cb056ad7272709265a11b2d4f570e003,hello.yml,swh:1:cnt:61554290cb056ad7272709265a11b2d4f570e003;origin=https://github.com/leachim6/hello-world;path=/a/Ansible.yml,Ansible,Ansible,Ansible,the contributor (the language the file is named after),hello-world@a152253,,,,not-in-linguist;misleading-ext;ambiguous-ext;not-a-language,a/Ansible.yml
hello:522bb4c1b5c6,gold,.ant,06ae699f22d413ed488676f933b39080ecaca5a9,hello.ant,swh:1:cnt:06ae699f22d413ed488676f933b39080ecaca5a9;origin=https://github.com/leachim6/hello-world;path=/a/AntLang.ant,AntLang,AntLang,AntLang,the contributor (the language the file is named after),hello-world@a152253,,,,not-in-linguist;misleading-ext;shared-bytes,a/AntLang.ant
hello:c27f9ce26e78,gold,.ante,d965d4e7e66993aba31fd22dc722b23a530a3879,hello.ante,swh:1:cnt:d965d4e7e66993aba31fd22dc722b23a530a3879;origin=https://github.com/leachim6/hello-world;path=/a/Ante.ante,Ante,Ante,Ante,the contributor (the language the file is named after),hello-world@a152253,,,,not-in-linguist,a/Ante.ante
hello:7f6d370929c7,gold,.cls,5ed2c3588e0821dc3c7ef38217d1dd43adc48c5a,hello.cls,swh:1:cnt:5ed2c3588e0821dc3c7ef38217d1dd43adc48c5a;origin=https://github.com/leachim6/hello-world;path=/a/Apex.cls,Apex,Apex,Apex,the contributor (the language the file is named after),hello-world@a152253,,,,in-linguist;ambiguous-ext,a/Apex.cls
hello:3ae9a0d3748a,gold,.aia,47dde37eed0a14d660dac3df5222367cc96e3299,hello.aia,swh:1:cnt:47dde37eed0a14d660dac3df5222367cc96e3299;origin=https://github.com/leachim6/hello-world;path=/a/App Inventor.aia,App Inventor,App Inventor,App Inventor,the contributor (the language the file is named after),hello-world@a152253,,,,not-in-linguist;binary,a/App Inventor.aia
hello:e8a0429454f8,gold,.scpt,c3169cda06423a9fe16568a0c922c1ddf860d4db,hello.scpt,swh:1:cnt:c3169cda06423a9fe16568a0c922c1ddf860d4db;origin=https://github.com/leachim6/hello-world;path=/a/AppleScript.scpt,AppleScript,AppleScript,AppleScript;apples;osascript,the contributor (the language the file is named after),hello-world@a152253,,,,in-linguist,a/AppleScript.scpt
hello:140fb6572073,gold,,a2b79e3517045ae4418a241ffc18c8ad3bd81946,hello,swh:1:cnt:a2b79e3517045ae4418a241ffc18c8ad3bd81946;origin=https://github.com/leachim6/hello-world;path=/a/Applesoft BASIC,Applesoft BASIC,Applesoft BASIC,Applesoft BASIC,the contributor (the language the file is named after),hello-world@a152253,,,,not-in-linguist;no-ext,a/Applesoft BASIC
hello:f2469c6211c8,gold,.ino,6668163301a28b86370a0a4beacf8cb293a9bbca,hello.ino,swh:1:cnt:6668163301a28b86370a0a4beacf8cb293a9bbca;origin=https://github.com/leachim6/hello-world;path=/a/Arduino.ino,Arduino,Arduino,Arduino,the contributor (the language the file is named after),hello-world@a152253,,,,not-in-linguist;misleading-ext;not-a-language,a/Arduino.ino
hello:9d70c8ba606a,gold,.are,012788f01bf5db7d96d85c89c592bb654f5dbfc7,hello.are,swh:1:cnt:012788f01bf5db7d96d85c89c592bb654f5dbfc7;origin=https://github.com/leachim6/hello-world;path=/a/Arena.are,Arena,Arena,Arena,the contributor (the language the file is named after),hello-world@a152253,,,,not-in-linguist;shared-bytes,a/Arena.are
hello:ff4485fa0b99,gold,.agh,61cb0cb01e71587f65ac79db22d17c2b01b40732,hello.agh,swh:1:cnt:61cb0cb01e71587f65ac79db22d17c2b01b40732;origin=https://github.com/leachim6/hello-world;path=/a/Argh.agh,Argh,Argh,Argh,the contributor (the language the file is named after),hello-world@a152253,,,,not-in-linguist,a/Argh.agh
hello:ef9b6fba2b9a,gold,.ark,32ac17a21ad3291063158392751ca355c5f726c0,hello.ark,swh:1:cnt:32ac17a21ad3291063158392751ca355c5f726c0;origin=https://github.com/leachim6/hello-world;path=/a/ArkScript.ark,ArkScript,ArkScript,ArkScript,the contributor (the language the file is named after),hello-world@a152253,,,,not-in-linguist;shared-bytes,a/ArkScript.ark
hello:eae7cc7b2559,gold,.arnoldc,7a04dfa5baa3f51b7661293acf096953a211abde,hello.arnoldc,swh:1:cnt:7a04dfa5baa3f51b7661293acf096953a211abde;origin=https://github.com/leachim6/hello-world;path=/a/ArnoldC.arnoldc,ArnoldC,ArnoldC,ArnoldC,the contributor (the language the file is named after),hello-world@a152253,,,,not-in-linguist,a/ArnoldC.arnoldc
hello:1507a76f2354,gold,.art,ce438bd29eb93213cce4cf0cbf7e44fee3d789b0,hello.art,swh:1:cnt:ce438bd29eb93213cce4cf0cbf7e44fee3d789b0;origin=https://github.com/leachim6/hello-world;path=/a/Arturo.art,Arturo,Arturo,Arturo,the contributor (the language the file is named after),hello-world@a152253,,,,not-in-linguist;shared-bytes,a/Arturo.art
hello:4b6fec27d297,gold,.ascii,5ba257290345d8c34b0524acb0d2b22eb8d69e02,hello.ascii,swh:1:cnt:5ba257290345d8c34b0524acb0d2b22eb8d69e02;origin=https://github.com/leachim6/hello-world;path=/a/AsciiDots.ascii,AsciiDots,AsciiDots,AsciiDots,the contributor (the language the file is named after),hello-world@a152253,,,,not-in-linguist,a/AsciiDots.ascii
hello:f1a528880d02,gold,.ash,3e66d1e907c5330d20a07f176a21719759272888,hello.ash,swh:1:cnt:3e66d1e907c5330d20a07f176a21719759272888;origin=https://github.com/leachim6/hello-world;path=/a/Ash.ash,Ash,Ash,Ash,the contributor (the language the file is named after),hello-world@a152253,,,,not-in-linguist;misleading-ext;ambiguous-ext,a/Ash.ash
hello:befcad4262b3,gold,.asm,fa99c9c541b4b1ceefdae9fe8beb544c7d136af1,hello.asm,swh:1:cnt:fa99c9c541b4b1ceefdae9fe8beb544c7d136af1;origin=https://github.com/leachim6/hello-world;path=/a/Asm2bf.asm,Asm2bf,Asm2bf,Asm2bf,the contributor (the language the file is named after),hello-world@a152253,,,,not-in-linguist;misleading-ext;ambiguous-ext,a/Asm2bf.asm
hello:4e5e8d571895,gold,.aj,f673b57e11240ebdf1a16a3980f8ebe76c2854d8,hello.aj,swh:1:cnt:f673b57e11240ebdf1a16a3980f8ebe76c2854d8;origin=https://github.com/leachim6/hello-world;path=/a/Aspectj.aj,AspectJ,Aspectj,AspectJ;Aspectj,the contributor (the language the file is named after),hello-world@a152253,,,,in-linguist,a/Aspectj.aj
hello:4017511eca01,gold,.asm,409aa8a3b5b69df64da2b51e13845578c6d20ae6,hello.asm,swh:1:cnt:409aa8a3b5b69df64da2b51e13845578c6d20ae6;origin=https://github.com/leachim6/hello-world;path=/a/Assembler 4004.asm,Assembler 4004,Assembler 4004,Assembler 4004,the contributor (the language the file is named after),hello-world@a152253,,,,not-in-linguist;misleading-ext;ambiguous-ext,a/Assembler 4004.asm
hello:b7e7df65d5d3,gold,.asm,cf3bfc13e171da6ace036e5badef19ccdcf2b4e1,hello.asm,swh:1:cnt:cf3bfc13e171da6ace036e5badef19ccdcf2b4e1;origin=https://github.com/leachim6/hello-world;path=/a/Assembler 6502.asm,Assembler 6502,Assembler 6502,Assembler 6502,the contributor (the language the file is named after),hello-world@a152253,,,,not-in-linguist;misleading-ext;ambiguous-ext,a/Assembler 6502.asm
hello:2b93a2f6dfc0,gold,.asm,741d07e2f3d4c3c7e050b58c36235b6059c07d95,hello.asm,swh:1:cnt:741d07e2f3d4c3c7e050b58c36235b6059c07d95;origin=https://github.com/leachim6/hello-world;path=/a/Assembler 6502appleII.asm,Assembler 6502appleII,Assembler 6502appleII,Assembler 6502appleII,the contributor (the language the file is named after),hello-world@a152253,,,,not-in-linguist;misleading-ext;ambiguous-ext,a/Assembler 6502appleII.asm
hello:00fad4534bb0,gold,.asm,3145c3377431efa0998a5cea7ed2a1272354d9bf,hello.asm,swh:1:cnt:3145c3377431efa0998a5cea7ed2a1272354d9bf;origin=https://github.com/leachim6/hello-world;path=/a/Assembler 6502c64.asm,Assembler 6502c64,Assembler 6502c64,Assembler 6502c64,the contributor (the language the file is named after),hello-world@a152253,,,,not-in-linguist;misleading-ext;ambiguous-ext,a/Assembler 6502c64.asm
hello:fa1ef00975bd,gold,.asm,d04d4b06c58b30fc920e0a45afe157e5451a89a2,hello.asm,swh:1:cnt:d04d4b06c58b30fc920e0a45afe157e5451a89a2;origin=https://github.com/leachim6/hello-world;path=/a/Assembler 6809vectrex.asm,Assembler 6809vectrex,Assembler 6809vectrex,Assembler 6809vectrex,the contributor (the language the file is named after),hello-world@a152253,,,,not-in-linguist;misleading-ext;ambiguous-ext,a/Assembler 6809vectrex.asm
hello:2ee8c4ea9d47,gold,.asm,ce25b7eaec46b78e0c7d0acc1a781dfb189f9f37,hello.asm,swh:1:cnt:ce25b7eaec46b78e0c7d0acc1a781dfb189f9f37;origin=https://github.com/leachim6/hello-world;path=/a/Assembler 8048 videopac.asm,Assembler 8048 videopac,Assembler 8048 videopac,Assembler 8048 videopac,the contributor (the language the file is named after),hello-world@a152253,,,,not-in-linguist;misleading-ext;ambiguous-ext,a/Assembler 8048 videopac.asm
hello:3dc120d5d4c9,gold,.asm,256c4d676fa36ba0e97d058a0fa5f0c697903d2d,hello.asm,swh:1:cnt:256c4d676fa36ba0e97d058a0fa5f0c697903d2d;origin=https://github.com/leachim6/hello-world;path=/a/Assembler 8051.asm,Assembler 8051,Assembler 8051,Assembler 8051,the contributor (the language the file is named after),hello-world@a152253,,,,not-in-linguist;misleading-ext;ambiguous-ext,a/Assembler 8051.asm
hello:a129a15cba29,gold,.s,ac78f329d6050ffc54498732fe49dcd080ef2dd3,hello.s,swh:1:cnt:ac78f329d6050ffc54498732fe49dcd080ef2dd3;origin=https://github.com/leachim6/hello-world;path=/a/Assembler ARM aarch64.s,Assembler ARM aarch64,Assembler ARM aarch64,Assembler ARM aarch64,the contributor (the language the file is named after),hello-world@a152253,,,,not-in-linguist;misleading-ext;ambiguous-ext,a/Assembler ARM aarch64.s
hello:7840fa1c9355,gold,.s,c7decb2f4900173425c312d57b90f670b4d2aeb0,hello.s,swh:1:cnt:c7decb2f4900173425c312d57b90f670b4d2aeb0;origin=https://github.com/leachim6/hello-world;path=/a/Assembler ARM.s,Assembler ARM,Assembler ARM,Assembler ARM,the contributor (the language the file is named after),hello-world@a152253,,,,not-in-linguist;misleading-ext;ambiguous-ext,a/Assembler ARM.s
hello:9a9ee13ddb87,gold,.asm,22880e37bfaae9440b4bd14e5029adc653077a2e,hello.asm,swh:1:cnt:22880e37bfaae9440b4bd14e5029adc653077a2e;origin=https://github.com/leachim6/hello-world;path=/a/Assembler Atari 2600.asm,Assembler Atari 2600,Assembler Atari 2600,Assembler Atari 2600,the contributor (the language the file is named after),hello-world@a152253,,,,not-in-linguist;misleading-ext;ambiguous-ext,a/Assembler Atari 2600.asm
hello:1369e1db004e,gold,.asm,a845c3c8faf65533e22fb99e60c4cbb50be04fdf,hello.asm,swh:1:cnt:a845c3c8faf65533e22fb99e60c4cbb50be04fdf;origin=https://github.com/leachim6/hello-world;path=/a/Assembler Bootsect.asm,Assembler Bootsect,Assembler Bootsect,Assembler Bootsect,the contributor (the language the file is named after),hello-world@a152253,,,,not-in-linguist;misleading-ext;ambiguous-ext,a/Assembler Bootsect.asm
hello:f69e33f8f80a,gold,.asm,676a369ae5b25196badda0310cdc0052d45dc7f1,hello.asm,swh:1:cnt:676a369ae5b25196badda0310cdc0052d45dc7f1;origin=https://github.com/leachim6/hello-world;path=/a/Assembler DCPU16.asm,Assembler DCPU16,Assembler DCPU16,Assembler DCPU16,the contributor (the language the file is named after),hello-world@a152253,,,,not-in-linguist;misleading-ext;ambiguous-ext,a/Assembler DCPU16.asm
hello:9bc24be2c53b,gold,.asm,3f20f73e0b93da36dc81ae243a0ff6df47b1d19b,hello.asm,swh:1:cnt:3f20f73e0b93da36dc81ae243a0ff6df47b1d19b;origin=https://github.com/leachim6/hello-world;path=/a/Assembler FASM DOS.asm,Assembler FASM DOS,Assembler FASM DOS,Assembler FASM DOS,the contributor (the language the file is named after),hello-world@a152253,,,,not-in-linguist;misleading-ext;ambiguous-ext,a/Assembler FASM DOS.asm
hello:5cbd1be701e9,gold,.asm,e6ebfee10e650d41a6c58a6c4b575a0e76a45e66,hello.asm,swh:1:cnt:e6ebfee10e650d41a6c58a6c4b575a0e76a45e66;origin=https://github.com/leachim6/hello-world;path=/a/Assembler FASM Win32.asm,Assembler FASM Win32,Assembler FASM Win32,Assembler FASM Win32,the contributor (the language the file is named after),hello-world@a152253,,,,not-in-linguist;misleading-ext;ambiguous-ext,a/Assembler FASM Win32.asm
hello:c43f0daf7cce,gold,.asm,759025c61c30f0b39c240c504dedcb3c1d94b1d5,hello.asm,swh:1:cnt:759025c61c30f0b39c240c504dedcb3c1d94b1d5;origin=https://github.com/leachim6/hello-world;path=/a/Assembler HP85.asm,Assembler HP85,Assembler HP85,Assembler HP85,the contributor (the language the file is named after),hello-world@a152253,,,,not-in-linguist;misleading-ext;ambiguous-ext,a/Assembler HP85.asm
hello:535e8f146e09,gold,.asm,9046bc51211b48b89541c06cf03155ee47573fcd,hello.asm,swh:1:cnt:9046bc51211b48b89541c06cf03155ee47573fcd;origin=https://github.com/leachim6/hello-world;path=/a/Assembler IBM360.asm,Assembler IBM360,Assembler IBM360,Assembler IBM360,the contributor (the language the file is named after),hello-world@a152253,,,,not-in-linguist;misleading-ext;ambiguous-ext,a/Assembler IBM360.asm
hello:8cac4fc6a912,gold,.asm,864d8cced6b2e5aef65d2c4efe96fac29d55dab3,hello.asm,swh:1:cnt:864d8cced6b2e5aef65d2c4efe96fac29d55dab3;origin=https://github.com/leachim6/hello-world;path=/a/Assembler Intel.asm,Assembler Intel,Assembler Intel,Assembler Intel,the contributor (the language the file is named after),hello-world@a152253,,,,not-in-linguist;misleading-ext;ambiguous-ext,a/Assembler Intel.asm
hello:e2c95625b445,gold,.asm,d8590688039b195701d0b3ab6f8f3245c699bdba,hello.asm,swh:1:cnt:d8590688039b195701d0b3ab6f8f3245c699bdba;origin=https://github.com/leachim6/hello-world;path=/a/Assembler MASM DOS.asm,Assembler MASM DOS,Assembler MASM DOS,Assembler MASM DOS,the contributor (the language the file is named after),hello-world@a152253,,,,not-in-linguist;misleading-ext;ambiguous-ext,a/Assembler MASM DOS.asm
hello:a63d6a73305e,gold,.asm,3b2dc67a4493220a9430fa9d7b200de8aa1ceeb6,hello.asm,swh:1:cnt:3b2dc67a4493220a9430fa9d7b200de8aa1ceeb6;origin=https://github.com/leachim6/hello-world;path=/a/Assembler MASM Win32.asm,Assembler MASM Win32,Assembler MASM Win32,Assembler MASM Win32,the contributor (the language the file is named after),hello-world@a152253,,,,not-in-linguist;misleading-ext;ambiguous-ext,a/Assembler MASM Win32.asm
hello:760f4f68f10b,gold,.asm,5f564ad4bba6ab9f0a4e1e94f09b516210fba6a7,hello.asm,swh:1:cnt:5f564ad4bba6ab9f0a4e1e94f09b516210fba6a7;origin=https://github.com/leachim6/hello-world;path=/a/Assembler MASM Win64.asm,Assembler MASM Win64,Assembler MASM Win64,Assembler MASM Win64,the contributor (the language the file is named after),hello-world@a152253,,,,not-in-linguist;misleading-ext;ambiguous-ext,a/Assembler MASM Win64.asm
hello:bfe6dce0fe8b,gold,.asm,b6b73db5d2b9bf22dcb5f907a457de586a5b0f36,hello.asm,swh:1:cnt:b6b73db5d2b9bf22dcb5f907a457de586a5b0f36;origin=https://github.com/leachim6/hello-world;path=/a/Assembler MIPS.asm,Assembler MIPS,Assembler MIPS,Assembler MIPS,the contributor (the language the file is named after),hello-world@a152253,,,,not-in-linguist;misleading-ext;ambiguous-ext,a/Assembler MIPS.asm
hello:f719c3c4d9ec,gold,.asm,44c6be196b3304ccaa189fb81de0ec934e30faf8,hello.asm,swh:1:cnt:44c6be196b3304ccaa189fb81de0ec934e30faf8;origin=https://github.com/leachim6/hello-world;path=/a/Assembler MMIX.asm,Assembler MMIX,Assembler MMIX,Assembler MMIX,the contributor (the language the file is named after),hello-world@a152253,,,,not-in-linguist;misleading-ext;ambiguous-ext,a/Assembler MMIX.asm
hello:194952537e8e,gold,.asm,ccff72ef038b51c2c2fcc195347c831748f717ef,hello.asm,swh:1:cnt:ccff72ef038b51c2c2fcc195347c831748f717ef;origin=https://github.com/leachim6/hello-world;path=/a/Assembler NASM FreeBSD.asm,Assembly,Assembler NASM FreeBSD,Assembly;asm;nasm;Assembler NASM FreeBSD,the contributor (the language the file is named after),hello-world@a152253,,,,in-linguist;ambiguous-ext,a/Assembler NASM FreeBSD.asm
hello:acb252b9d232,gold,.asm,201bf97f028f8042a11f8a5e396851ce0f64d4a7,hello.asm,swh:1:cnt:201bf97f028f8042a11f8a5e396851ce0f64d4a7;origin=https://github.com/leachim6/hello-world;path=/a/Assembler NASM Linux.asm,Assembly,Assembler NASM Linux,Assembly;asm;nasm;Assembler NASM Linux,the contributor (the language the file is named after),hello-world@a152253,,,,in-linguist;ambiguous-ext,a/Assembler NASM Linux.asm
hello:adca534caa32,gold,.asm,c9c6447dc82ba5da89817edd3e98a8acb9ad3706,hello.asm,swh:1:cnt:c9c6447dc82ba5da89817edd3e98a8acb9ad3706;origin=https://github.com/leachim6/hello-world;path=/a/Assembler NASM Linux64.asm,Assembly,Assembler NASM Linux64,Assembly;asm;nasm;Assembler NASM Linux64,the contributor (the language the file is named after),hello-world@a152253,,,,in-linguist;ambiguous-ext,a/Assembler NASM Linux64.asm
hello:87f09182dbb5,gold,.asm,958e159b0616bc1d7b98302ba63e8212cc827c1c,hello.asm,swh:1:cnt:958e159b0616bc1d7b98302ba63e8212cc827c1c;origin=https://github.com/leachim6/hello-world;path=/a/Assembler NASM Macho64.asm,Assembly,Assembler NASM Macho64,Assembly;asm;nasm;Assembler NASM Macho64,the contributor (the language the file is named after),hello-world@a152253,,,,in-linguist;ambiguous-ext,a/Assembler NASM Macho64.asm
hello:30d7aec8e650,gold,.asm,14b9bd01a85f408163397f0bb74b6bd4b55aa77d,hello.asm,swh:1:cnt:14b9bd01a85f408163397f0bb74b6bd4b55aa77d;origin=https://github.com/leachim6/hello-world;path=/a/Assembler NASM Win32.asm,Assembly,Assembler NASM Win32,Assembly;asm;nasm;Assembler NASM Win32,the contributor (the language the file is named after),hello-world@a152253,,,,in-linguist;ambiguous-ext,a/Assembler NASM Win32.asm
hello:0a4624d321a3,gold,.asm,891c282d0701d8a26e236f25440c67c03b2f30c1,hello.asm,swh:1:cnt:891c282d0701d8a26e236f25440c67c03b2f30c1;origin=https://github.com/leachim6/hello-world;path=/a/Assembler NASM Win64.asm,Assembly,Assembler NASM Win64,Assembly;asm;nasm;Assembler NASM Win64,the contributor (the language the file is named after),hello-world@a152253,,,,in-linguist;ambiguous-ext,a/Assembler NASM Win64.asm
hello:a636f89140f9,gold,.s,4f22edd99700c3a32096b7771323b852c1d6a2c8,hello.s,swh:1:cnt:4f22edd99700c3a32096b7771323b852c1d6a2c8;origin=https://github.com/leachim6/hello-world;path=/a/Assembler RISC-V.s,Assembler RISC-V,Assembler RISC-V,Assembler RISC-V,the contributor (the language the file is named after),hello-world@a152253,,,,not-in-linguist;misleading-ext;ambiguous-ext,a/Assembler RISC-V.s
hello:ac927259e117,gold,.asm,f7148831d9bfe484b30e5b9668bbbfe9c74e5aed,hello.asm,swh:1:cnt:f7148831d9bfe484b30e5b9668bbbfe9c74e5aed;origin=https://github.com/leachim6/hello-world;path=/a/Assembler TASM DOS.asm,Assembler TASM DOS,Assembler TASM DOS,Assembler TASM DOS,the contributor (the language the file is named after),hello-world@a152253,,,,not-in-linguist;misleading-ext;ambiguous-ext,a/Assembler TASM DOS.asm
hello:d83fde6fb38c,gold,.asm,c26e69c735c1c007305e5be61557e00f06efd350,hello.asm,swh:1:cnt:c26e69c735c1c007305e5be61557e00f06efd350;origin=https://github.com/leachim6/hello-world;path=/a/Assembler Vax Ultrix.asm,Assembler Vax Ultrix,Assembler Vax Ultrix,Assembler Vax Ultrix,the contributor (the language the file is named after),hello-world@a152253,,,,not-in-linguist;misleading-ext;ambiguous-ext,a/Assembler Vax Ultrix.asm
hello:543b17fbfe22,gold,.asm,cdb2e6a6a86afa6e204f6aba4bb8c97a44c412ce,hello.asm,swh:1:cnt:cdb2e6a6a86afa6e204f6aba4bb8c97a44c412ce;origin=https://github.com/leachim6/hello-world;path=/a/Assembler Z80 Knightos.asm,Assembler Z80 Knightos,Assembler Z80 Knightos,Assembler Z80 Knightos,the contributor (the language the file is named after),hello-world@a152253,,,,not-in-linguist;misleading-ext;ambiguous-ext,a/Assembler Z80 Knightos.asm
hello:6af82efe27b3,gold,.asm,3308df3e19071c6de73139ccaed08e3dea199c43,hello.asm,swh:1:cnt:3308df3e19071c6de73139ccaed08e3dea199c43;origin=https://github.com/leachim6/hello-world;path=/a/Assembler Z80 TI83calculator.asm,Assembler Z80 TI83calculator,Assembler Z80 TI83calculator,Assembler Z80 TI83calculator,the contributor (the language the file is named after),hello-world@a152253,,,,not-in-linguist;misleading-ext;ambiguous-ext,a/Assembler Z80 TI83calculator.asm
hello:a00f13698421,gold,.asm,3ea4016719b3efc047ea095c33aaa001b7d69184,hello.asm,swh:1:cnt:3ea4016719b3efc047ea095c33aaa001b7d69184;origin=https://github.com/leachim6/hello-world;path=/a/Assembler Z80 zxspectrum.asm,Assembler Z80 zxspectrum,Assembler Z80 zxspectrum,Assembler Z80 zxspectrum,the contributor (the language the file is named after),hello-world@a152253,,,,not-in-linguist;misleading-ext;ambiguous-ext,a/Assembler Z80 zxspectrum.asm
hello:dd59de6aab00,gold,.hla,9e92f3d1ec4917eb20f76fc26c8c8699af63953a,hello.hla,swh:1:cnt:9e92f3d1ec4917eb20f76fc26c8c8699af63953a;origin=https://github.com/leachim6/hello-world;path=/a/Assembler hla.hla,Assembler hla,Assembler hla,Assembler hla,the contributor (the language the file is named after),hello-world@a152253,,,,not-in-linguist,a/Assembler hla.hla
hello:4013b429fa25,gold,.asm,5c1ab59eb7cbce9b785ca1a501c648b0d4f96c86,hello.asm,swh:1:cnt:5c1ab59eb7cbce9b785ca1a501c648b0d4f96c86;origin=https://github.com/leachim6/hello-world;path=/a/Assembler lc3.asm,Assembler lc3,Assembler lc3,Assembler lc3,the contributor (the language the file is named after),hello-world@a152253,,,,not-in-linguist;misleading-ext;ambiguous-ext,a/Assembler lc3.asm
hello:e5e01f7e7d52,gold,.asm,1214fc83e4b734ec3dfd5b9fcb10de16af987b00,hello.asm,swh:1:cnt:1214fc83e4b734ec3dfd5b9fcb10de16af987b00;origin=https://github.com/leachim6/hello-world;path=/a/Assembler m68000 amigaos.asm,Motorola 68K Assembly,Assembler m68000 amigaos,Motorola 68K Assembly;m68k;Assembler m68000 amigaos,the contributor (the language the file is named after),hello-world@a152253,,,,in-linguist;ambiguous-ext,a/Assembler m68000 amigaos.asm
hello:a77c53279e70,gold,.mid,dde93a78842a6e0957e72dbfe09900a47a64cc2e,hello.mid,swh:1:cnt:dde93a78842a6e0957e72dbfe09900a47a64cc2e;origin=https://github.com/leachim6/hello-world;path=/a/Assembler pdp10 midas.mid,Assembler pdp10 midas,Assembler pdp10 midas,Assembler pdp10 midas,the contributor (the language the file is named after),hello-world@a152253,,,,not-in-linguist,a/Assembler pdp10 midas.mid
hello:e37535b0afa2,gold,.palx,b76872cec61f018ecd31cb10d451fd52d3affd67,hello.palx,swh:1:cnt:b76872cec61f018ecd31cb10d451fd52d3affd67;origin=https://github.com/leachim6/hello-world;path=/a/Assembler pdp11 palx.palx,Assembler pdp11 palx,Assembler pdp11 palx,Assembler pdp11 palx,the contributor (the language the file is named after),hello-world@a152253,,,,not-in-linguist,a/Assembler pdp11 palx.palx
hello:7ea7ddc87f15,gold,.asm,f7ff21b0d50db1cc97e5d084a8645cf2f0ad60d6,hello.asm,swh:1:cnt:f7ff21b0d50db1cc97e5d084a8645cf2f0ad60d6;origin=https://github.com/leachim6/hello-world;path=/a/Assembler tms9900 ti99 4a.asm,Assembler tms9900 ti99 4a,Assembler tms9900 ti99 4a,Assembler tms9900 ti99 4a,the contributor (the language the file is named after),hello-world@a152253,,,,not-in-linguist;misleading-ext;ambiguous-ext,a/Assembler tms9900 ti99 4a.asm
hello:25e40ededdfa,gold,,f7f17331a1dcf66c744e1a70a2a8e9a539886942,hello,swh:1:cnt:f7f17331a1dcf66c744e1a70a2a8e9a539886942;origin=https://github.com/leachim6/hello-world;path=/a/Asteria,Asteria,Asteria,Asteria,the contributor (the language the file is named after),hello-world@a152253,,,,not-in-linguist;no-ext,a/Asteria
hello:946f6a3be25f,gold,.@,45181a71d6505714361b942b0df0381aa8f1a85e,hello.@,swh:1:cnt:45181a71d6505714361b942b0df0381aa8f1a85e;origin=https://github.com/leachim6/hello-world;path=/a/Attache.@,Attache,Attache,Attache,the contributor (the language the file is named after),hello-world@a152253,,,,not-in-linguist;shared-bytes,a/Attache.@
hello:932f196b5474,gold,.ahk,41468423925a0ecedd8e2d096aba96651988fef2,hello.ahk,swh:1:cnt:41468423925a0ecedd8e2d096aba96651988fef2;origin=https://github.com/leachim6/hello-world;path=/a/AutoHotKey.ahk,AutoHotkey,AutoHotKey,AutoHotkey;ahk;AutoHotKey,the contributor (the language the file is named after),hello-world@a152253,,,,in-linguist,a/AutoHotKey.ahk
hello:46842de27cfa,gold,.au3,f1d138169a78f1a8b2da9df94ee75dd2a0d8545e,hello.au3,swh:1:cnt:f1d138169a78f1a8b2da9df94ee75dd2a0d8545e;origin=https://github.com/leachim6/hello-world;path=/a/AutoIt.au3,AutoIt,AutoIt,AutoIt;au3;AutoIt3;AutoItScript,the contributor (the language the file is named after),hello-world@a152253,,,,in-linguist,a/AutoIt.au3
hello:e8aae8b4fb72,gold,.lsp,db0ff23c397132a53cc0fa864bb12bc984f50e5c,hello.lsp,swh:1:cnt:db0ff23c397132a53cc0fa864bb12bc984f50e5c;origin=https://github.com/leachim6/hello-world;path=/a/AutoLISP.lsp,AutoLISP,AutoLISP,AutoLISP,the contributor (the language the file is named after),hello-world@a152253,,,,not-in-linguist;misleading-ext;ambiguous-ext,a/AutoLISP.lsp
hello:8e8f789f5d67,gold,.avs,5101979d046be0e660fd3997c3c3966f2172293f,hello.avs,swh:1:cnt:5101979d046be0e660fd3997c3c3966f2172293f;origin=https://github.com/leachim6/hello-world;path=/a/Avisynth.avs,Avisynth,Avisynth,Avisynth,the contributor (the language the file is named after),hello-world@a152253,,,,not-in-linguist,a/Avisynth.avs
hello:531f15d5a7fe,gold,.yuk,61be8719d2826911517bd1722d48acbe5668a443,hello.yuk,swh:1:cnt:61be8719d2826911517bd1722d48acbe5668a443;origin=https://github.com/leachim6/hello-world;path=/a/Awful.yuk,Awful,Awful,Awful,the contributor (the language the file is named after),hello-world@a152253,,,,not-in-linguist,a/Awful.yuk
hello:16b49eff4671,gold,.axe,3f4f4961b1c00d6e55cd7bc8a23d98335621465e,hello.axe,swh:1:cnt:3f4f4961b1c00d6e55cd7bc8a23d98335621465e;origin=https://github.com/leachim6/hello-world;path=/a/Axe.axe,Axe,Axe,Axe,the contributor (the language the file is named after),hello-world@a152253,,,,not-in-linguist,a/Axe.axe
hello:f9b29b1b2cff,gold,,b5aa15b4a73487593e1ae624b962ddd96167bfb7,hello,swh:1:cnt:b5aa15b4a73487593e1ae624b962ddd96167bfb7;origin=https://github.com/leachim6/hello-world;path=/a/A˸;,A:;,A:;,A:;,the contributor (the language the file is named after),hello-world@a152253,,,,not-in-linguist;no-ext,a/A˸;
hello:e40b18d01e64,gold,.aardio,ba16047200891bcdd03aa94834ae5d872ff8478e,hello.aardio,swh:1:cnt:ba16047200891bcdd03aa94834ae5d872ff8478e;origin=https://github.com/leachim6/hello-world;path=/a/aardio.aardio,aardio,aardio,aardio,the contributor (the language the file is named after),hello-world@a152253,,,,not-in-linguist,a/aardio.aardio
hello:c96637bb5630,gold,.b,d98e47be000ac37c5d44bccdbc87b8d1d0c3fd42,hello.b,swh:1:cnt:d98e47be000ac37c5d44bccdbc87b8d1d0c3fd42;origin=https://github.com/leachim6/hello-world;path=/b/B.b,B,B,B,the contributor (the language the file is named after),hello-world@a152253,,,,in-linguist;ambiguous-ext,b/B.b
hello:3b909a9d4c5a,gold,.ina,01e4c2d8f5e90c0cca9e09ef3f49ac1b11b242e7,hello.ina,swh:1:cnt:01e4c2d8f5e90c0cca9e09ef3f49ac1b11b242e7;origin=https://github.com/leachim6/hello-world;path=/b/BAIK.ina,BAIK,BAIK,BAIK,the contributor (the language the file is named after),hello-world@a152253,,,,not-in-linguist,b/BAIK.ina
hello:bca42b639232,gold,.kbs,56c7347b5658770f2dc674024adf8ce20a62e8c5,hello.kbs,swh:1:cnt:56c7347b5658770f2dc674024adf8ce20a62e8c5;origin=https://github.com/leachim6/hello-world;path=/b/BASIC 256.kbs,BASIC 256,BASIC 256,BASIC 256,the contributor (the language the file is named after),hello-world@a152253,,,,not-in-linguist;shared-bytes,b/BASIC 256.kbs
hello:1641eeeda069,gold,.bas,e717ab93375e8c15874dac8cc5cc2ef7daf354a4,hello.bas,swh:1:cnt:e717ab93375e8c15874dac8cc5cc2ef7daf354a4;origin=https://github.com/leachim6/hello-world;path=/b/BASIC.bas,BASIC,BASIC,BASIC,the contributor (the language the file is named after),hello-world@a152253,,,,in-linguist;ambiguous-ext,b/BASIC.bas
hello:a842987ee0a8,gold,.bbc,9e5807f8b1be3de1aec97766479e4635ee78d1e7,hello.bbc,swh:1:cnt:9e5807f8b1be3de1aec97766479e4635ee78d1e7;origin=https://github.com/leachim6/hello-world;path=/b/BBC BASIC.bbc,BBC BASIC,BBC BASIC,BBC BASIC,the contributor (the language the file is named after),hello-world@a152253,,,,not-in-linguist;shared-bytes,b/BBC BASIC.bbc
hello:73eedcb4bc57,gold,.bc,31bf5aac827c8f0536122ed4adc9d9c5a7edce04,hello.bc,swh:1:cnt:31bf5aac827c8f0536122ed4adc9d9c5a7edce04;origin=https://github.com/leachim6/hello-world;path=/b/BC GNU.bc,BC GNU,BC GNU,BC GNU,the contributor (the language the file is named after),hello-world@a152253,,,,not-in-linguist,b/BC GNU.bc
hello:6323e809fe32,gold,.bc,06ae699f22d413ed488676f933b39080ecaca5a9,hello.bc,swh:1:cnt:06ae699f22d413ed488676f933b39080ecaca5a9;origin=https://github.com/leachim6/hello-world;path=/b/BC.bc,BC,BC,BC,the contributor (the language the file is named after),hello-world@a152253,,,,not-in-linguist;shared-bytes,b/BC.bc
hello:2d365393443f,gold,.bcl,976f70a6e6c51e4ee67f669f940184e9c986b1bd,hello.bcl,swh:1:cnt:976f70a6e6c51e4ee67f669f940184e9c986b1bd;origin=https://github.com/leachim6/hello-world;path=/b/BCPL.bcl,BCPL,BCPL,BCPL,the contributor (the language the file is named after),hello-world@a152253,,,,not-in-linguist,b/BCPL.bcl
hello:340f484e82de,gold,.c,c6eb1958642a0f2dec8bfff53cb8bfa5c16fa63f,hello.c,swh:1:cnt:c6eb1958642a0f2dec8bfff53cb8bfa5c16fa63f;origin=https://github.com/leachim6/hello-world;path=/b/BIRL.c,BIRL,BIRL,BIRL,the contributor (the language the file is named after),hello-world@a152253,,,,not-in-linguist;misleading-ext,b/BIRL.c
hello:3b1eb4f25812,gold,.bit,531c5f9da1fab6282dd86d5a1f833d4726ce9876,hello.bit,swh:1:cnt:531c5f9da1fab6282dd86d5a1f833d4726ce9876;origin=https://github.com/leachim6/hello-world;path=/b/BIT.bit,BIT,BIT,BIT,the contributor (the language the file is named after),hello-world@a152253,,,,not-in-linguist,b/BIT.bit
hello:398d63e2c0a6,gold,.Blc,45cd2a82a3303153f9ed7e32b46f287fd8da243e,hello.Blc,swh:1:cnt:45cd2a82a3303153f9ed7e32b46f287fd8da243e;origin=https://github.com/leachim6/hello-world;path=/b/BLC.Blc,BLC,BLC,BLC,the contributor (the language the file is named after),hello-world@a152253,,,,not-in-linguist;shared-bytes,b/BLC.Blc
hello:d1915b22f144,gold,.brzrk,8de45777af06e6798e2eceee2e22ee70f4434ec1,hello.brzrk,swh:1:cnt:8de45777af06e6798e2eceee2e22ee70f4434ec1;origin=https://github.com/leachim6/hello-world;path=/b/BRZRK.brzrk,BRZRK,BRZRK,BRZRK,the contributor (the language the file is named after),hello-world@a152253,,,,not-in-linguist,b/BRZRK.brzrk
hello:2a1c615d869d,gold,,45cd2a82a3303153f9ed7e32b46f287fd8da243e,hello,swh:1:cnt:45cd2a82a3303153f9ed7e32b46f287fd8da243e;origin=https://github.com/leachim6/hello-world;path=/b/Backshift,Backshift,Backshift,Backshift,the contributor (the language the file is named after),hello-world@a152253,,,,not-in-linguist;no-ext;shared-bytes,b/Backshift
hello:539801cf2528,gold,.bal,a6bdad8c808396e9b496fabdbd78a6c2a7395986,hello.bal,swh:1:cnt:a6bdad8c808396e9b496fabdbd78a6c2a7395986;origin=https://github.com/leachim6/hello-world;path=/b/Ballerina.bal,Ballerina,Ballerina,Ballerina,the contributor (the language the file is named after),hello-world@a152253,,,,in-linguist,b/Ballerina.bal
hello:12f24b4fe57a,gold,.bash,23bf47c06da81aa27861bfb95a1f8403ffbb302c,hello.bash,swh:1:cnt:23bf47c06da81aa27861bfb95a1f8403ffbb302c;origin=https://github.com/leachim6/hello-world;path=/b/Bash.bash,Shell,Bash,Shell;sh;shell-script;bash;zsh;envrc;Bash,the contributor (the language the file is named after),hello-world@a152253,,,,in-linguist,b/Bash.bash
hello:900d759b235b,gold,.bat,f6e3e983f03544fffc70178f3c08cd740c5305ff,hello.bat,swh:1:cnt:f6e3e983f03544fffc70178f3c08cd740c5305ff;origin=https://github.com/leachim6/hello-world;path=/b/Batch.bat,Batchfile,Batch,Batchfile;bat;batch;dosbatch;winbatch;Batch,the contributor (the language the file is named after),hello-world@a152253,,,,in-linguist,b/Batch.bat
hello:a6eb638eb243,gold,.batsh,431ab8ba3cac519e2228edd72cc8dc8e0e645a1d,hello.batsh,swh:1:cnt:431ab8ba3cac519e2228edd72cc8dc8e0e645a1d;origin=https://github.com/leachim6/hello-world;path=/b/Batsh.batsh,Batsh,Batsh,Batsh,the contributor (the language the file is named after),hello-world@a152253,,,,not-in-linguist,b/Batsh.batsh
hello:8dcb00de9c37,gold,.bts,21d3560247d5de5cde25ce808da4f979be36caa8,hello.bts,swh:1:cnt:21d3560247d5de5cde25ce808da4f979be36caa8;origin=https://github.com/leachim6/hello-world;path=/b/Battlestar.bts,Battlestar,Battlestar,Battlestar,the contributor (the language the file is named after),hello-world@a152253,,,,not-in-linguist,b/Battlestar.bts
hello:0a82fa860e2c,gold,.bsh,decaab532368ba3b8c133b3c86c218d00752d6aa,hello.bsh,swh:1:cnt:decaab532368ba3b8c133b3c86c218d00752d6aa;origin=https://github.com/leachim6/hello-world;path=/b/Beanshell.bsh,Beanshell,Beanshell,Beanshell,the contributor (the language the file is named after),hello-world@a152253,,,,not-in-linguist,b/Beanshell.bsh
hello:0d3c665d9c9e,gold,.beatnik,5e3ddbe4752a179c07b99effa09fbf9433f5aea1,hello.beatnik,swh:1:cnt:5e3ddbe4752a179c07b99effa09fbf9433f5aea1;origin=https://github.com/leachim6/hello-world;path=/b/Beatnik.beatnik,Beatnik,Beatnik,Beatnik,the contributor (the language the file is named after),hello-world@a152253,,,,not-in-linguist,b/Beatnik.beatnik
hello:bd0dea56937c,gold,.bf,7aece034913866633bce31160fb8162a02b7ba55,hello.bf,swh:1:cnt:7aece034913866633bce31160fb8162a02b7ba55;origin=https://github.com/leachim6/hello-world;path=/b/Beef.bf,Beef,Beef,Beef,the contributor (the language the file is named after),hello-world@a152253,,,,in-linguist;ambiguous-ext,b/Beef.bf
hello:3035b5a85377,gold,.be,0aa857143b8e8ab9414c901ed41b7f1eb1ceb467,hello.be,swh:1:cnt:0aa857143b8e8ab9414c901ed41b7f1eb1ceb467;origin=https://github.com/leachim6/hello-world;path=/b/Befunge.be,Befunge,Befunge,Befunge,the contributor (the language the file is named after),hello-world@a152253,,,,in-linguist;misleading-ext,b/Befunge.be
hello:717a1f7a0588,gold,,2f1778a0274900589626d4aeb8707f5da7b9e2cb,hello,swh:1:cnt:2f1778a0274900589626d4aeb8707f5da7b9e2cb;origin=https://github.com/leachim6/hello-world;path=/b/BennuGD,BennuGD,BennuGD,BennuGD,the contributor (the language the file is named after),hello-world@a152253,,,,not-in-linguist;no-ext,b/BennuGD
hello:072d32ff4a06,gold,.bet,a5518133ed72ba7d26cab1485c983329200e3750,hello.bet,swh:1:cnt:a5518133ed72ba7d26cab1485c983329200e3750;origin=https://github.com/leachim6/hello-world;path=/b/Beta.bet,Beta,Beta,Beta,the contributor (the language the file is named after),hello-world@a152253,,,,not-in-linguist,b/Beta.bet
hello:7c5fd2f19601,gold,.bhai,bb2c859e26c945acb59a7f11e65739cab8d6d94a,hello.bhai,swh:1:cnt:bb2c859e26c945acb59a7f11e65739cab8d6d94a;origin=https://github.com/leachim6/hello-world;path=/b/Bhai Lang.bhai,Bhai Lang,Bhai Lang,Bhai Lang,the contributor (the language the file is named after),hello-world@a152253,,,,not-in-linguist,b/Bhai Lang.bhai
hello:4ca8e0ed872f,gold,.bicep,09cb5976d109c1362e11fa64c129bd1e106dfddb,hello.bicep,swh:1:cnt:09cb5976d109c1362e11fa64c129bd1e106dfddb;origin=https://github.com/leachim6/hello-world;path=/b/Bicep.bicep,Bicep,Bicep,Bicep,the contributor (the language the file is named after),hello-world@a152253,,,,in-linguist,b/Bicep.bicep
hello:a8360457cdde,gold,.bf,2e1adc2898cfa714c8e6679d90f88b6f18be31d1,hello.bf,swh:1:cnt:2e1adc2898cfa714c8e6679d90f88b6f18be31d1;origin=https://github.com/leachim6/hello-world;path=/b/Binaryfuck.bf,Binaryfuck,Binaryfuck,Binaryfuck,the contributor (the language the file is named after),hello-world@a152253,,,,not-in-linguist;misleading-ext;ambiguous-ext,b/Binaryfuck.bf
hello:50c9f8e12eea,gold,.bbj,4c55c2daddfef48c86c6b75951489d944ff99370,hello.bbj,swh:1:cnt:4c55c2daddfef48c86c6b75951489d944ff99370;origin=https://github.com/leachim6/hello-world;path=/b/BitBitJump.bbj,BitBitJump,BitBitJump,BitBitJump,the contributor (the language the file is named after),hello-world@a152253,,,,not-in-linguist,b/BitBitJump.bbj
hello:bcfc83d1e247,gold,.b,3f3ac77fe26426b6f89725b04a0b832ba1d35a9d,hello.b,swh:1:cnt:3f3ac77fe26426b6f89725b04a0b832ba1d35a9d;origin=https://github.com/leachim6/hello-world;path=/b/Bitsbox.b,Bitsbox,Bitsbox,Bitsbox,the contributor (the language the file is named after),hello-world@a152253,,,,not-in-linguist;misleading-ext;ambiguous-ext,b/Bitsbox.b
hello:da4cb5c280ea,gold,.br,9a825d5684b7914cf3cbf4b83ea8b7ff3dc10462,hello.br,swh:1:cnt:9a825d5684b7914cf3cbf4b83ea8b7ff3dc10462;origin=https://github.com/leachim6/hello-world;path=/b/BlackRum.br,BlackRum,BlackRum,BlackRum,the contributor (the language the file is named after),hello-world@a152253,,,,not-in-linguist,b/BlackRum.br
hello:43db6c0557c8,gold,.blawn,ad35e5ae34d7df6d469bfe65dbfcefe988e0169f,hello.blawn,swh:1:cnt:ad35e5ae34d7df6d469bfe65dbfcefe988e0169f;origin=https://github.com/leachim6/hello-world;path=/b/Blawn.blawn,Blawn,Blawn,Blawn,the contributor (the language the file is named after),hello-world@a152253,,,,not-in-linguist;shared-bytes,b/Blawn.blawn
hello:66d49bacf022,gold,.py,eac32056d8166e77bc6457d7e857e113c2b4594c,hello.py,swh:1:cnt:eac32056d8166e77bc6457d7e857e113c2b4594c;origin=https://github.com/leachim6/hello-world;path=/b/Blender.py,Blender,Blender,Blender,the contributor (the language the file is named after),hello-world@a152253,,,,not-in-linguist;misleading-ext;not-a-language,b/Blender.py
hello:289794125d1e,gold,.bb,25f9a2635478cfdee7f4c7d5d11ec7d7435d1197,hello.bb,swh:1:cnt:25f9a2635478cfdee7f4c7d5d11ec7d7435d1197;origin=https://github.com/leachim6/hello-world;path=/b/Blitz3D.bb,BlitzBasic,Blitz3D,BlitzBasic;b3d;blitz3d;blitzplus;bplus;Blitz3D,the contributor (the language the file is named after),hello-world@a152253,,,,in-linguist;ambiguous-ext,b/Blitz3D.bb
hello:edfb013b6c91,gold,.bloop,055b2d54e0ba2d41902c69cbc9b0a97f5faa5450,hello.bloop,swh:1:cnt:055b2d54e0ba2d41902c69cbc9b0a97f5faa5450;origin=https://github.com/leachim6/hello-world;path=/b/Bloop.bloop,Bloop,Bloop,Bloop,the contributor (the language the file is named after),hello-world@a152253,,,,not-in-linguist,b/Bloop.bloop
hello:913f9ef4451f,gold,.blub,7716ea17e94522bd117cab27cf00e0075944e045,hello.blub,swh:1:cnt:7716ea17e94522bd117cab27cf00e0075944e045;origin=https://github.com/leachim6/hello-world;path=/b/Blub.blub,Blub,Blub,Blub,the contributor (the language the file is named after),hello-world@a152253,,,,not-in-linguist,b/Blub.blub
hello:f7cd57cba338,gold,.bf,91feb7257d145179f9a8080501ae041965e1d6c1,hello.bf,swh:1:cnt:91feb7257d145179f9a8080501ae041965e1d6c1;origin=https://github.com/leachim6/hello-world;path=/b/Bolgefuck.bf,Bolgefuck,Bolgefuck,Bolgefuck,the contributor (the language the file is named after),hello-world@a152253,,,,not-in-linguist;misleading-ext;ambiguous-ext,b/Bolgefuck.bf
hello:6df89a1dad27,gold,.boo,ce438bd29eb93213cce4cf0cbf7e44fee3d789b0,hello.boo,swh:1:cnt:ce438bd29eb93213cce4cf0cbf7e44fee3d789b0;origin=https://github.com/leachim6/hello-world;path=/b/Boo.boo,Boo,Boo,Boo,the contributor (the language the file is named after),hello-world@a152253,,,,in-linguist;shared-bytes,b/Boo.boo
hello:748ebae18d76,gold,,01d0164e3dca4be6c6a7caa915ad6e69033322cc,hello,swh:1:cnt:01d0164e3dca4be6c6a7caa915ad6e69033322cc;origin=https://github.com/leachim6/hello-world;path=/b/Boolet,Boolet,Boolet,Boolet,the contributor (the language the file is named after),hello-world@a152253,,,,not-in-linguist;no-ext;shared-bytes,b/Boolet
hello:0e0bc3e8d555,gold,,6e73c64db671affacbc6a3840eb3a340ceb58cf5,hello,swh:1:cnt:6e73c64db671affacbc6a3840eb3a340ceb58cf5;origin=https://github.com/leachim6/hello-world;path=/b/Boolfuck,Boolfuck,Boolfuck,Boolfuck,the contributor (the language the file is named after),hello-world@a152253,,,,not-in-linguist;no-ext,b/Boolfuck
hello:1b094ef08669,gold,.bsq,c176f2aac98f7c2e09862d2e2c3e15dd591e6e28,hello.bsq,swh:1:cnt:c176f2aac98f7c2e09862d2e2c3e15dd591e6e28;origin=https://github.com/leachim6/hello-world;path=/b/Bosque.bsq,Bosque,Bosque,Bosque,the contributor (the language the file is named after),hello-world@a152253,,,,not-in-linguist,b/Bosque.bsq
hello:38aeeb6e7122,gold,.py,18539a5b3e7fc2cba05897176a2887f38f5a9fd1,hello.py,swh:1:cnt:18539a5b3e7fc2cba05897176a2887f38f5a9fd1;origin=https://github.com/leachim6/hello-world;path=/b/Bottle.py,Bottle,Bottle,Bottle,the contributor (the language the file is named after),hello-world@a152253,,,,not-in-linguist;misleading-ext;not-a-language,b/Bottle.py
hello:e07c8e6c3116,gold,.bf2d,48bb5af8cc162441eb1d1d1891e224c33eeea67c,hello.bf2d,swh:1:cnt:48bb5af8cc162441eb1d1d1891e224c33eeea67c;origin=https://github.com/leachim6/hello-world;path=/b/Brainfuck 2D.bf2d,Brainfuck 2D,Brainfuck 2D,Brainfuck 2D,the contributor (the language the file is named after),hello-world@a152253,,,,not-in-linguist,b/Brainfuck 2D.bf2d
hello:11dfc9c56ad8,gold,.bf,a5c10398d04c21d9bbca7f3ccde995fa00d9298d,hello.bf,swh:1:cnt:a5c10398d04c21d9bbca7f3ccde995fa00d9298d;origin=https://github.com/leachim6/hello-world;path=/b/Brainfuck.bf,Brainfuck,Brainfuck,Brainfuck,the contributor (the language the file is named after),hello-world@a152253,,,,in-linguist;ambiguous-ext,b/Brainfuck.bf
hello:dafa00c1b1e2,gold,.png,e3b5747017b0c7ef9761bdb53d98323997b12498,hello.png,swh:1:cnt:e3b5747017b0c7ef9761bdb53d98323997b12498;origin=https://github.com/leachim6/hello-world;path=/b/Brainloller.png,Brainloller,Brainloller,Brainloller,the contributor (the language the file is named after),hello-world@a152253,,,,not-in-linguist;binary,b/Brainloller.png
hello:ef326f868e31,gold,.brainrot,b80bea5bf681221902b84ed92819d0d59eb26ab2,hello.brainrot,swh:1:cnt:b80bea5bf681221902b84ed92819d0d59eb26ab2;origin=https://github.com/leachim6/hello-world;path=/b/Brainrot.brainrot,Brainrot,Brainrot,Brainrot,the contributor (the language the file is named after),hello-world@a152253,,,,not-in-linguist,b/Brainrot.brainrot
hello:775e205a0089,gold,.brocc,c0339b1668e022a78a7c9d7b1912eae306cc6e79,hello.brocc,swh:1:cnt:c0339b1668e022a78a7c9d7b1912eae306cc6e79;origin=https://github.com/leachim6/hello-world;path=/b/Broccoli.brocc,Broccoli,Broccoli,Broccoli,the contributor (the language the file is named after),hello-world@a152253,,,,not-in-linguist,b/Broccoli.brocc
hello:15f8570b012d,gold,,1c3b45044c9132785e9a8a82a2af2c5db8136a4f,hello,swh:1:cnt:1c3b45044c9132785e9a8a82a2af2c5db8136a4f;origin=https://github.com/leachim6/hello-world;path=/b/BuddyScript,BuddyScript,BuddyScript,BuddyScript,the contributor (the language the file is named after),hello-world@a152253,,,,not-in-linguist;no-ext,b/BuddyScript
hello:2c58dccfaecf,gold,.burlesque,7c5f6312eac0e926850e5d8462ae8cbfc62782b3,hello.burlesque,swh:1:cnt:7c5f6312eac0e926850e5d8462ae8cbfc62782b3;origin=https://github.com/leachim6/hello-world;path=/b/Burlesque.burlesque,Burlesque,Burlesque,Burlesque,the contributor (the language the file is named after),hello-world@a152253,,,,not-in-linguist,b/Burlesque.burlesque
hello:e89ce44821ab,gold,.byter,298627247ff3d769d6454c857bd5977244359ed8,hello.byter,swh:1:cnt:298627247ff3d769d6454c857bd5977244359ed8;origin=https://github.com/leachim6/hello-world;path=/b/Byter.byter,Byter,Byter,Byter,the contributor (the language the file is named after),hello-world@a152253,,,,not-in-linguist,b/Byter.byter
hello:7ac2eb106820,gold,.csh,5fea719d21d6f05357d4d18139f56813fea565d1,hello.csh,swh:1:cnt:5fea719d21d6f05357d4d18139f56813fea565d1;origin=https://github.com/leachim6/hello-world;path=/c/C Shell.csh,Tcsh,C Shell,Tcsh;C Shell,the contributor (the language the file is named after),hello-world@a152253,,,,in-linguist,c/C Shell.csh
hello:fc8a44f993c1,gold,,d1bd20eb0dc56dd76d99b42d04768d67b004daa6,hello,swh:1:cnt:d1bd20eb0dc56dd76d99b42d04768d67b004daa6;origin=https://github.com/leachim6/hello-world;path=/c/C+,C+,C+,C+,the contributor (the language the file is named after),hello-world@a152253,,,,not-in-linguist;no-ext,c/C+
hello:e26cf1b17e13,gold,,1fb82ee49774f891db0a200d90c3f8b9d1a13220,hello,swh:1:cnt:1fb82ee49774f891db0a200d90c3f8b9d1a13220;origin=https://github.com/leachim6/hello-world;path=/c/C+++,C+++,C+++,C+++,the contributor (the language the file is named after),hello-world@a152253,,,,not-in-linguist;no-ext,c/C+++
hello:904781aeb1f8,gold,.cpp,f67b8157343a33e72fdd734ff152f72f563edf7a,hello.cpp,swh:1:cnt:f67b8157343a33e72fdd734ff152f72f563edf7a;origin=https://github.com/leachim6/hello-world;path=/c/C++.cpp,C++,C++,C++;cpp,the contributor (the language the file is named after),hello-world@a152253,,,,in-linguist,c/C++.cpp
hello:288eb037db97,gold,,a06180c172fd1191681b15dcbd42b187ab01c7f0,hello,swh:1:cnt:a06180c172fd1191681b15dcbd42b187ab01c7f0;origin=https://github.com/leachim6/hello-world;path=/c/C--,C-- (hello-world),C--,C-- (hello-world),the contributor (the language the file is named after),hello-world@a152253,,,,not-in-linguist;no-ext,c/C--
hello:10f0fb882446,gold,.c,358144dcae9f9d86727b6dd71c124577282c8429,hello.c,swh:1:cnt:358144dcae9f9d86727b6dd71c124577282c8429;origin=https://github.com/leachim6/hello-world;path=/c/C.c,C,C,C,the contributor (the language the file is named after),hello-world@a152253,,,,in-linguist,c/C.c
hello:19c61f769243,gold,.ml,cd64f1df3c12c320143d66076c5c6940cefdde1d,hello.ml,swh:1:cnt:cd64f1df3c12c320143d66076c5c6940cefdde1d;origin=https://github.com/leachim6/hello-world;path=/c/CAML.ml,CAML,CAML,CAML,the contributor (the language the file is named after),hello-world@a152253,,,,not-in-linguist;misleading-ext;ambiguous-ext,c/CAML.ml
hello:0bce97e3b745,gold,.cas,ad892cabb2cef681823084f9a3d3d75e76a0d7d7,hello.cas,swh:1:cnt:ad892cabb2cef681823084f9a3d3d75e76a0d7d7;origin=https://github.com/leachim6/hello-world;path=/c/CASL2.cas,CASL2,CASL2,CASL2,the contributor (the language the file is named after),hello-world@a152253,,,,not-in-linguist,c/CASL2.cas
hello:19f137d6d9df,gold,.ceb,c62c2edc80279a55b2aee130fc5cd359e527e533,hello.ceb,swh:1:cnt:c62c2edc80279a55b2aee130fc5cd359e527e533;origin=https://github.com/leachim6/hello-world;path=/c/CEBL.ceb,CEBL,CEBL,CEBL,the contributor (the language the file is named after),hello-world@a152253,,,,not-in-linguist,c/CEBL.ceb
hello:86e39ee4399a,gold,.cesil,ea2c491271c1b9a3247468a190a8d51f43831c77,hello.cesil,swh:1:cnt:ea2c491271c1b9a3247468a190a8d51f43831c77;origin=https://github.com/leachim6/hello-world;path=/c/CESIL.cesil,CESIL,CESIL,CESIL,the contributor (the language the file is named after),hello-world@a152253,,,,not-in-linguist,c/CESIL.cesil
hello:e05276c9211e,gold,.cf,05399ca405e9c6743b382bbf384497f7682074fa,hello.cf,swh:1:cnt:05399ca405e9c6743b382bbf384497f7682074fa;origin=https://github.com/leachim6/hello-world;path=/c/CFEngine.cf,CFEngine,CFEngine,CFEngine,the contributor (the language the file is named after),hello-world@a152253,,,,not-in-linguist,c/CFEngine.cf
hello:82714065a355,gold,.c,566df1e926cb9ab7750fd0eaab778c270c028b15,hello.c,swh:1:cnt:566df1e926cb9ab7750fd0eaab778c270c028b15;origin=https://github.com/leachim6/hello-world;path=/c/CGI.c,CGI,CGI,CGI,the contributor (the language the file is named after),hello-world@a152253,,,,not-in-linguist;misleading-ext;not-a-language,c/CGI.c
hello:a9a2a07ddd6d,gold,.clips,637a61312ae98dd259465ff85d8014f0e8a3cda0,hello.clips,swh:1:cnt:637a61312ae98dd259465ff85d8014f0e8a3cda0;origin=https://github.com/leachim6/hello-world;path=/c/CLIPS.clips,CLIPS,CLIPS,CLIPS,the contributor (the language the file is named after),hello-world@a152253,,,,in-linguist,c/CLIPS.clips
hello:8e92bacbbbc4,gold,.lisp,6002ba7c0859203e4c20aa25451df41702e502be,hello.lisp,swh:1:cnt:6002ba7c0859203e4c20aa25451df41702e502be;origin=https://github.com/leachim6/hello-world;path=/c/CLISP.lisp,CLISP,CLISP,CLISP,the contributor (the language the file is named after),hello-world@a152253,,,,not-in-linguist;misleading-ext;ambiguous-ext;not-a-language,c/CLISP.lisp
hello:677dafd82181,gold,.clu,b1af032f0a7bb5656aac3d1bbf636208bfa7d681,hello.clu,swh:1:cnt:b1af032f0a7bb5656aac3d1bbf636208bfa7d681;origin=https://github.com/leachim6/hello-world;path=/c/CLU.clu,CLU,CLU,CLU,the contributor (the language the file is named after),hello-world@a152253,,,,not-in-linguist,c/CLU.clu
hello:54588ce62c11,gold,.cmake,036aeb5c2b8f8db77f120f7d65fc00debcede65e,hello.cmake,swh:1:cnt:036aeb5c2b8f8db77f120f7d65fc00debcede65e;origin=https://github.com/leachim6/hello-world;path=/c/CMake.cmake,CMake,CMake,CMake,the contributor (the language the file is named after),hello-world@a152253,,,,in-linguist,c/CMake.cmake
hello:bf16ae3a8372,gold,.cbl,2d85335522c6007128db50c0fcdcdab28dfac19f,hello.cbl,swh:1:cnt:2d85335522c6007128db50c0fcdcdab28dfac19f;origin=https://github.com/leachim6/hello-world;path=/c/COBOL.cbl,COBOL,COBOL,COBOL,the contributor (the language the file is named after),hello-world@a152253,,,,in-linguist,c/COBOL.cbl
hello:fd82e3b878f6,gold,.cow,bced35ca41749549f3d9101dfb988ea3ea8b2573,hello.cow,swh:1:cnt:bced35ca41749549f3d9101dfb988ea3ea8b2573;origin=https://github.com/leachim6/hello-world;path=/c/COW.cow,COW,COW,COW,the contributor (the language the file is named after),hello-world@a152253,,,,not-in-linguist,c/COW.cow
hello:0ad475f35e70,gold,.cson,a1e24c9328626b49ea40e5d2e6c654c8fa0d4a65,hello.cson,swh:1:cnt:a1e24c9328626b49ea40e5d2e6c654c8fa0d4a65;origin=https://github.com/leachim6/hello-world;path=/c/CSON.cson,CSON,CSON,CSON,the contributor (the language the file is named after),hello-world@a152253,,,,in-linguist,c/CSON.cson
hello:242214a9b78f,gold,.css,3038d2eafb52f2f818439ef630824520d54c9510,hello.css,swh:1:cnt:3038d2eafb52f2f818439ef630824520d54c9510;origin=https://github.com/leachim6/hello-world;path=/c/CSS.css,CSS,CSS,CSS,the contributor (the language the file is named after),hello-world@a152253,,,,in-linguist;shared-bytes,c/CSS.css
hello:b3e65a3247ff,gold,.cs,926f4cf6e84ac82ff13c5c309b60bed73a5a91f7,hello.cs,swh:1:cnt:926f4cf6e84ac82ff13c5c309b60bed73a5a91f7;origin=https://github.com/leachim6/hello-world;path=/c/CSharp.cs,C#,CSharp,C#;csharp;cake;cakescript;CSharp,the contributor (the language the file is named after),hello-world@a152253,,,,in-linguist;ambiguous-ext;shared-bytes,c/CSharp.cs
hello:e5d2ae91114e,gold,.mac,55b410a3f77f31fe6843596cc13fb0d6c51c329c,hello.mac,swh:1:cnt:55b410a3f77f31fe6843596cc13fb0d6c51c329c;origin=https://github.com/leachim6/hello-world;path=/c/Cache ObjectScript.mac,ObjectScript,Cache ObjectScript,ObjectScript;Cache ObjectScript,the contributor (the language the file is named after),hello-world@a152253,,,,in-linguist,c/Cache ObjectScript.mac
hello:3a0b6aa292d6,gold,.cdc,41d49d3300ed815472cc1c98f3b7659ef086dbc7,hello.cdc,swh:1:cnt:41d49d3300ed815472cc1c98f3b7659ef086dbc7;origin=https://github.com/leachim6/hello-world;path=/c/Cadence.cdc,Cadence,Cadence,Cadence,the contributor (the language the file is named after),hello-world@a152253,,,,in-linguist,c/Cadence.cdc
hello:56d20dd98a2c,gold,.candy,caa6d6d23c638fe20b203e1cf735ba32e6b47d44,hello.candy,swh:1:cnt:caa6d6d23c638fe20b203e1cf735ba32e6b47d44;origin=https://github.com/leachim6/hello-world;path=/c/Candy.candy,Candy,Candy,Candy,the contributor (the language the file is named after),hello-world@a152253,,,,not-in-linguist,c/Candy.candy
hello:86c6b41131e6,gold,.cantonese,6429cb8a6f0cb2d3bbf64c5b95747bf79a4c062a,hello.cantonese,swh:1:cnt:6429cb8a6f0cb2d3bbf64c5b95747bf79a4c062a;origin=https://github.com/leachim6/hello-world;path=/c/Cantonese.cantonese,Cantonese,Cantonese,Cantonese,the contributor (the language the file is named after),hello-world@a152253,,,,not-in-linguist,c/Cantonese.cantonese
hello:4a875747af5a,gold,.carbon,9680877b0d64be5dc501563d992e97505bcfb50a,hello.carbon,swh:1:cnt:9680877b0d64be5dc501563d992e97505bcfb50a;origin=https://github.com/leachim6/hello-world;path=/c/Carbon.carbon,Carbon,Carbon,Carbon,the contributor (the language the file is named after),hello-world@a152253,,,,in-linguist,c/Carbon.carbon
hello:c2b65f404d50,gold,.cardinal,8033eb4ed580f225f0a7062144b563c657b66f16,hello.cardinal,swh:1:cnt:8033eb4ed580f225f0a7062144b563c657b66f16;origin=https://github.com/leachim6/hello-world;path=/c/Cardinal.cardinal,Cardinal,Cardinal,Cardinal,the contributor (the language the file is named after),hello-world@a152253,,,,not-in-linguist,c/Cardinal.cardinal
hello:cb45c7c46848,gold,,06ae699f22d413ed488676f933b39080ecaca5a9,hello,swh:1:cnt:06ae699f22d413ed488676f933b39080ecaca5a9;origin=https://github.com/leachim6/hello-world;path=/c/Casio BASIC,Casio BASIC,Casio BASIC,Casio BASIC,the contributor (the language the file is named after),hello-world@a152253,,,,not-in-linguist;no-ext;shared-bytes,c/Casio BASIC
hello:f3b3312fa0f7,gold,.catrobat,f73c5c1a0918aaf3ae1217c6eda3a82df854a631,hello.catrobat,swh:1:cnt:f73c5c1a0918aaf3ae1217c6eda3a82df854a631;origin=https://github.com/leachim6/hello-world;path=/c/Catrobat.catrobat,Catrobat,Catrobat,Catrobat,the contributor (the language the file is named after),hello-world@a152253,,,,not-in-linguist;binary,c/Catrobat.catrobat
hello:7108966cea01,gold,.txt,6ee6a30e45007abe243a4d731c06db962b610b06,hello.txt,swh:1:cnt:6ee6a30e45007abe243a4d731c06db962b610b06;origin=https://github.com/leachim6/hello-world;path=/c/Cbot.txt,Cbot,Cbot,Cbot,the contributor (the language the file is named after),hello-world@a152253,,,,not-in-linguist;misleading-ext;ambiguous-ext,c/Cbot.txt
hello:dd57356a6031,gold,.cduce,2372acf480bd605d57dc8902ee5ac50545dabfa8,hello.cduce,swh:1:cnt:2372acf480bd605d57dc8902ee5ac50545dabfa8;origin=https://github.com/leachim6/hello-world;path=/c/Cduce.cduce,Cduce,Cduce,Cduce,the contributor (the language the file is named after),hello-world@a152253,,,,not-in-linguist,c/Cduce.cduce
hello:8a774609f010,gold,.centura,aa5a2b158d7761883c13011f264daa9b9eebf89e,hello.centura,swh:1:cnt:aa5a2b158d7761883c13011f264daa9b9eebf89e;origin=https://github.com/leachim6/hello-world;path=/c/Centura.centura,Centura,Centura,Centura,the contributor (the language the file is named after),hello-world@a152253,,,,not-in-linguist,c/Centura.centura
hello:b27d0df444fb,gold,.ceylon,1d6d969add00c78a8b5b6017038b51aee7c98538,hello.ceylon,swh:1:cnt:1d6d969add00c78a8b5b6017038b51aee7c98538;origin=https://github.com/leachim6/hello-world;path=/c/Ceylon.ceylon,Ceylon,Ceylon,Ceylon,the contributor (the language the file is named after),hello-world@a152253,,,,in-linguist,c/Ceylon.ceylon
hello:25c0e6c6e02e,gold,,a57d0c7172884b555a576f442612a5b970a55866,hello,swh:1:cnt:a57d0c7172884b555a576f442612a5b970a55866;origin=https://github.com/leachim6/hello-world;path=/c/ChaScript,ChaScript,ChaScript,ChaScript,the contributor (the language the file is named after),hello-world@a152253,,,,not-in-linguist;no-ext,c/ChaScript
hello:5919c7bc0384,gold,.kaos,ce438bd29eb93213cce4cf0cbf7e44fee3d789b0,hello.kaos,swh:1:cnt:ce438bd29eb93213cce4cf0cbf7e44fee3d789b0;origin=https://github.com/leachim6/hello-world;path=/c/Chaos.kaos,Chaos,Chaos,Chaos,the contributor (the language the file is named after),hello-world@a152253,,,,not-in-linguist;shared-bytes,c/Chaos.kaos
hello:e3e53217e478,gold,.chpl,0e2a1353f7f7f667199317b82bfe8dbdf919b0ab,hello.chpl,swh:1:cnt:0e2a1353f7f7f667199317b82bfe8dbdf919b0ab;origin=https://github.com/leachim6/hello-world;path=/c/Chapel.chpl,Chapel,Chapel,Chapel;chpl,the contributor (the language the file is named after),hello-world@a152253,,,,in-linguist,c/Chapel.chpl
hello:93a55f75843d,gold,.cl,ff85166ae18eb9cc4de22d39e5bacadfc766789d,hello.cl,swh:1:cnt:ff85166ae18eb9cc4de22d39e5bacadfc766789d;origin=https://github.com/leachim6/hello-world;path=/c/Charcoal verbose mode.cl,Charcoal verbose mode,Charcoal verbose mode,Charcoal verbose mode,the contributor (the language the file is named after),hello-world@a152253,,,,not-in-linguist;misleading-ext;ambiguous-ext,c/Charcoal verbose mode.cl
hello:b925e49fde4e,gold,.cl,557db03de997c86a4a028e1ebd3a1ceb225be238,hello.cl,swh:1:cnt:557db03de997c86a4a028e1ebd3a1ceb225be238;origin=https://github.com/leachim6/hello-world;path=/c/Charcoal.cl,Charcoal,Charcoal,Charcoal,the contributor (the language the file is named after),hello-world@a152253,,,,not-in-linguist;misleading-ext;ambiguous-ext;shared-bytes,c/Charcoal.cl
hello:7dc4638aa466,gold,.ch,ad35e5ae34d7df6d469bfe65dbfcefe988e0169f,hello.ch,swh:1:cnt:ad35e5ae34d7df6d469bfe65dbfcefe988e0169f;origin=https://github.com/leachim6/hello-world;path=/c/Charly.ch,Charly,Charly,Charly,the contributor (the language the file is named after),hello-world@a152253,,,,not-in-linguist;misleading-ext;ambiguous-ext;shared-bytes,c/Charly.ch
hello:764ceed63778,gold,.chs,a29924eab89ad8a7298a64ae2579010d9cbd713c,hello.chs,swh:1:cnt:a29924eab89ad8a7298a64ae2579010d9cbd713c;origin=https://github.com/leachim6/hello-world;path=/c/ChavaScript.chs,ChavaScript,ChavaScript,ChavaScript,the contributor (the language the file is named after),hello-world@a152253,,,,not-in-linguist;misleading-ext,c/ChavaScript.chs
hello:53393f4f49b8,gold,.cheddar,ce438bd29eb93213cce4cf0cbf7e44fee3d789b0,hello.cheddar,swh:1:cnt:ce438bd29eb93213cce4cf0cbf7e44fee3d789b0;origin=https://github.com/leachim6/hello-world;path=/c/Cheddar.cheddar,Cheddar,Cheddar,Cheddar,the contributor (the language the file is named after),hello-world@a152253,,,,not-in-linguist;shared-bytes,c/Cheddar.cheddar
hello:e5d02a66c71c,gold,.cheese,fa1a55ea2a61f74439ffdd6cd2a2d36e4f2033ba,hello.cheese,swh:1:cnt:fa1a55ea2a61f74439ffdd6cd2a2d36e4f2033ba;origin=https://github.com/leachim6/hello-world;path=/c/Cheese++.cheese,Cheese++,Cheese++,Cheese++,the contributor (the language the file is named after),hello-world@a152253,,,,not-in-linguist,c/Cheese++.cheese
hello:77c9614dddcf,gold,.ch,00bd4cd39e83f74431ae644d94428648fd6ca9ab,hello.ch,swh:1:cnt:00bd4cd39e83f74431ae644d94428648fd6ca9ab;origin=https://github.com/leachim6/hello-world;path=/c/Chef.ch,Chef,Chef,Chef,the contributor (the language the file is named after),hello-world@a152253,,,,not-in-linguist;misleading-ext;ambiguous-ext,c/Chef.ch
hello:736ce531b8b3,gold,,a6053114bc67b58a3f947a7354a54f90a0bcb75e,hello,swh:1:cnt:a6053114bc67b58a3f947a7354a54f90a0bcb75e;origin=https://github.com/leachim6/hello-world;path=/c/Chem,Chem,Chem,Chem,the contributor (the language the file is named after),hello-world@a152253,,,,not-in-linguist;no-ext,c/Chem
hello:8b0617b4609e,gold,.py,48093f6e0e20821a13ebc3c19e3eed08974c061a,hello.py,swh:1:cnt:48093f6e0e20821a13ebc3c19e3eed08974c061a;origin=https://github.com/leachim6/hello-world;path=/c/CherryPy.py,CherryPy,CherryPy,CherryPy,the contributor (the language the file is named after),hello-world@a152253,,,,not-in-linguist;misleading-ext;not-a-language,c/CherryPy.py
hello:e2015c209572,gold,.chicken,5f7464ee58991320ad35aafd70f1b74af58ae593,hello.chicken,swh:1:cnt:5f7464ee58991320ad35aafd70f1b74af58ae593;origin=https://github.com/leachim6/hello-world;path=/c/Chicken.chicken,Chicken,Chicken,Chicken,the contributor (the language the file is named after),hello-world@a152253,,,,not-in-linguist;shared-bytes,c/Chicken.chicken
hello:8289bf2d85ac,gold,.py,8d52e2aafb53f7be842801bc2f20962056b501bc,hello.py,swh:1:cnt:8d52e2aafb53f7be842801bc2f20962056b501bc;origin=https://github.com/leachim6/hello-world;path=/c/ChinesePython.py,ChinesePython,ChinesePython,ChinesePython,the contributor (the language the file is named after),hello-world@a152253,,,,not-in-linguist;misleading-ext,c/ChinesePython.py
hello:a1a9b42eff76,gold,.il,cca0c8df5dfccafc9f4cc81c1ede9bf3e2d94cf0,hello.il,swh:1:cnt:cca0c8df5dfccafc9f4cc81c1ede9bf3e2d94cf0;origin=https://github.com/leachim6/hello-world;path=/c/Cil.il,IL Assembly,Cil,IL Assembly;ilasm;msil,the contributor (the language the file is named after),hello-world@a152253,,,,in-linguist,c/Cil.il
hello:01dd15409a42,gold,.icl,c6d025e41a7740b30f0c9b89e561265c79aee769,hello.icl,swh:1:cnt:c6d025e41a7740b30f0c9b89e561265c79aee769;origin=https://github.com/leachim6/hello-world;path=/c/Clean.icl,Clean,Clean,Clean,the contributor (the language the file is named after),hello-world@a152253,,,,in-linguist,c/Clean.icl
hello:89d9e7a296eb,gold,.clio,b0e7cab38ad9ec93fef42729f5dc7f2827d0bf66,hello.clio,swh:1:cnt:b0e7cab38ad9ec93fef42729f5dc7f2827d0bf66;origin=https://github.com/leachim6/hello-world;path=/c/Clio.clio,Clio,Clio,Clio,the contributor (the language the file is named after),hello-world@a152253,,,,not-in-linguist,c/Clio.clio
hello:5adad4d23f62,gold,.prg,92a04b3243c991fa6c13576fc281ad16f8e3890e,hello.prg,swh:1:cnt:92a04b3243c991fa6c13576fc281ad16f8e3890e;origin=https://github.com/leachim6/hello-world;path=/c/Clipper.prg,xBase,Clipper,xBase;advpl;clipper;foxpro;Clipper,the contributor (the language the file is named after),hello-world@a152253,,,,in-linguist,c/Clipper.prg
hello:fbc8502f52b8,gold,.clj,0234f93d5f5837cf2046afd36e6d48d900050837,hello.clj,swh:1:cnt:0234f93d5f5837cf2046afd36e6d48d900050837;origin=https://github.com/leachim6/hello-world;path=/c/Clojure.clj,Clojure,Clojure,Clojure,the contributor (the language the file is named after),hello-world@a152253,,,,in-linguist,c/Clojure.clj
hello:c1ae01ec445d,gold,.cbl,df85d79ac02c8c9a57763279de3d3187527c3279,hello.cbl,swh:1:cnt:df85d79ac02c8c9a57763279de3d3187527c3279;origin=https://github.com/leachim6/hello-world;path=/c/CobolScript.cbl,CobolScript,CobolScript,CobolScript,the contributor (the language the file is named after),hello-world@a152253,,,,not-in-linguist;misleading-ext,c/CobolScript.cbl
hello:7ee681acb591,gold,.cobra,6d3d656e717329c0aff18a5004fb7715b20d1c6a,hello.cobra,swh:1:cnt:6d3d656e717329c0aff18a5004fb7715b20d1c6a;origin=https://github.com/leachim6/hello-world;path=/c/Cobra.cobra,Cobra,Cobra,Cobra,the contributor (the language the file is named after),hello-world@a152253,,,,not-in-linguist,c/Cobra.cobra
hello:215e98b280f7,gold,.coco,4aac2df43fe9dc356a7a4dbd7f9beade7b3758ec,hello.coco,swh:1:cnt:4aac2df43fe9dc356a7a4dbd7f9beade7b3758ec;origin=https://github.com/leachim6/hello-world;path=/c/Coconut.coco,Coconut,Coconut,Coconut,the contributor (the language the file is named after),hello-world@a152253,,,,not-in-linguist,c/Coconut.coco
hello:91933db0b0f0,gold,.coffee,4279f167b4c65e53c464c482da94935543bbb9ca,hello.coffee,swh:1:cnt:4279f167b4c65e53c464c482da94935543bbb9ca;origin=https://github.com/leachim6/hello-world;path=/c/CoffeeScript.coffee,CoffeeScript,CoffeeScript,CoffeeScript;coffee;coffee-script,the contributor (the language the file is named after),hello-world@a152253,,,,in-linguist,c/CoffeeScript.coffee
hello:c12d65628508,gold,.cfm,b90b0bfc36a9a135c22f044fe1d41c89d1b24737,hello.cfm,swh:1:cnt:b90b0bfc36a9a135c22f044fe1d41c89d1b24737;origin=https://github.com/leachim6/hello-world;path=/c/ColdFusion.cfm,ColdFusion,ColdFusion,ColdFusion;cfm;cfml;coldfusion html,the contributor (the language the file is named after),hello-world@a152253,,,,in-linguist,c/ColdFusion.cfm
hello:cccdc16c6aaf,gold,,325073087b6a315006b8df5dd7b90e75de55df81,hello,swh:1:cnt:325073087b6a315006b8df5dd7b90e75de55df81;origin=https://github.com/leachim6/hello-world;path=/c/Come Here,Come Here,Come Here,Come Here,the contributor (the language the file is named after),hello-world@a152253,,,,not-in-linguist;no-ext,c/Come Here
hello:008b3ecac619,gold,,0dcf78b2a627913a12ea386ff272f2ac00d893ab,hello,swh:1:cnt:0dcf78b2a627913a12ea386ff272f2ac00d893ab;origin=https://github.com/leachim6/hello-world;path=/c/Comefrom0x10,Comefrom0x10,Comefrom0x10,Comefrom0x10,the contributor (the language the file is named after),hello-world@a152253,,,,not-in-linguist;no-ext;shared-bytes,c/Comefrom0x10
hello:eb8ca65a3da2,gold,.lisp,32ac17a21ad3291063158392751ca355c5f726c0,hello.lisp,swh:1:cnt:32ac17a21ad3291063158392751ca355c5f726c0;origin=https://github.com/leachim6/hello-world;path=/c/Common Lisp.lisp,Common Lisp,Common Lisp,Common Lisp;lisp,the contributor (the language the file is named after),hello-world@a152253,,,,in-linguist;ambiguous-ext;shared-bytes,c/Common Lisp.lisp
hello:9f1367021f86,gold,.conc,2bd6d4a6d3121091bc6e344b5a9d801e55049c29,hello.conc,swh:1:cnt:2bd6d4a6d3121091bc6e344b5a9d801e55049c29;origin=https://github.com/leachim6/hello-world;path=/c/Concurnas.conc,Concurnas,Concurnas,Concurnas,the contributor (the language the file is named after),hello-world@a152253,,,,not-in-linguist,c/Concurnas.conc
hello:aec2de9f83a1,gold,.cone,31f74aa94348d734b4e23efafe1b959afbadd6f1,hello.cone,swh:1:cnt:31f74aa94348d734b4e23efafe1b959afbadd6f1;origin=https://github.com/leachim6/hello-world;path=/c/Cone.cone,Cone,Cone,Cone,the contributor (the language the file is named after),hello-world@a152253,,,,not-in-linguist,c/Cone.cone
hello:8d5e8133d4a7,gold,.ce,41331066222d4bb1bea3f7d955aea8afc1e8e3ca,hello.ce,swh:1:cnt:41331066222d4bb1bea3f7d955aea8afc1e8e3ca;origin=https://github.com/leachim6/hello-world;path=/c/ContinuesEquation.ce,ContinuesEquation,ContinuesEquation,ContinuesEquation,the contributor (the language the file is named after),hello-world@a152253,,,,not-in-linguist,c/ContinuesEquation.ce
hello:47c8780e3d4a,gold,.cllc,174500a7ec6ff2ab0a9aecd628dee70a67a436a9,hello.cllc,swh:1:cnt:174500a7ec6ff2ab0a9aecd628dee70a67a436a9;origin=https://github.com/leachim6/hello-world;path=/c/Control Language.cllc,Control Language,Control Language,Control Language,the contributor (the language the file is named after),hello-world@a152253,,,,not-in-linguist,c/Control Language.cllc
hello:a567fc2b25ea,gold,.cl,8038e6a5ad1002b176c6c4e2330cd36c4ac10756,hello.cl,swh:1:cnt:8038e6a5ad1002b176c6c4e2330cd36c4ac10756;origin=https://github.com/leachim6/hello-world;path=/c/Cool.cl,Cool,Cool,Cool,the contributor (the language the file is named after),hello-world@a152253,,,,in-linguist;ambiguous-ext,c/Cool.cl
hello:22c2d465a41a,gold,.v,ebba518c93f4befebac83ed133eeba6b1c7b0337,hello.v,swh:1:cnt:ebba518c93f4befebac83ed133eeba6b1c7b0337;origin=https://github.com/leachim6/hello-world;path=/c/Coq.v,Rocq Prover,Coq,Rocq Prover;coq;rocq;Coq,the contributor (the language the file is named after),hello-world@a152253,,,,in-linguist;ambiguous-ext,c/Coq.v
hello:5ec43af38f1a,gold,.cor,dee43330ea6371312801fe1c6b9022719f190de3,hello.cor,swh:1:cnt:dee43330ea6371312801fe1c6b9022719f190de3;origin=https://github.com/leachim6/hello-world;path=/c/Cor.cor,Cor,Cor,Cor,the contributor (the language the file is named after),hello-world@a152253,,,,not-in-linguist,c/Cor.cor
hello:284ea3b27092,gold,.cor,5a009c8b85af9764cbc598315cf21687db8317b8,hello.cor,swh:1:cnt:5a009c8b85af9764cbc598315cf21687db8317b8;origin=https://github.com/leachim6/hello-world;path=/c/Coral 66.cor,Coral 66,Coral 66,Coral 66,the contributor (the language the file is named after),hello-world@a152253,,,,not-in-linguist,c/Coral 66.cor
hello:31a0978d889b,gold,.li,0e8617bd73dc7b786edc25e71414651fdfafef59,hello.li,swh:1:cnt:0e8617bd73dc7b786edc25e71414651fdfafef59;origin=https://github.com/leachim6/hello-world;path=/c/Cotowali.li,Cotowali,Cotowali,Cotowali,the contributor (the language the file is named after),hello-world@a152253,,,,not-in-linguist,c/Cotowali.li
hello:2ba15cb2a6b0,gold,,41970c8c3796160b70e7c15813ab16398ee3b214,hello,swh:1:cnt:41970c8c3796160b70e7c15813ab16398ee3b214;origin=https://github.com/leachim6/hello-world;path=/c/Cryptol,Cryptol,Cryptol,Cryptol,the contributor (the language the file is named after),hello-world@a152253,,,,not-in-linguist;no-ext,c/Cryptol
hello:6df7f1c5d479,gold,.cr,b85a0422ffdf365bdd8dbdcc1fcc0d28ad289316,hello.cr,swh:1:cnt:b85a0422ffdf365bdd8dbdcc1fcc0d28ad289316;origin=https://github.com/leachim6/hello-world;path=/c/Crystal.cr,Crystal,Crystal,Crystal,the contributor (the language the file is named after),hello-world@a152253,,,,in-linguist;shared-bytes,c/Crystal.cr
hello:3685372da0f5,gold,,e46698dd1963a261d89dc684b176ad3c739c4591,hello,swh:1:cnt:e46698dd1963a261d89dc684b176ad3c739c4591;origin=https://github.com/leachim6/hello-world;path=/c/Cubix,Cubix,Cubix,Cubix,the contributor (the language the file is named after),hello-world@a152253,,,,not-in-linguist;no-ext,c/Cubix
hello:a80db3e4d07e,gold,.cu,7d8af3249f06c451469e5c1b89ef3ad72792f20a,hello.cu,swh:1:cnt:7d8af3249f06c451469e5c1b89ef3ad72792f20a;origin=https://github.com/leachim6/hello-world;path=/c/Cuda.cu,Cuda,Cuda,Cuda,the contributor (the language the file is named after),hello-world@a152253,,,,in-linguist,c/Cuda.cu
hello:fea5d0123fe2,gold,.cfl,8a768a2f96a3d216c1c86a079d5d0d0bb04728ec,hello.cfl,swh:1:cnt:8a768a2f96a3d216c1c86a079d5d0d0bb04728ec;origin=https://github.com/leachim6/hello-world;path=/c/Cuneiform.cfl,Cuneiform,Cuneiform,Cuneiform,the contributor (the language the file is named after),hello-world@a152253,,,,not-in-linguist,c/Cuneiform.cfl
hello:0ab75428989c,gold,.curry,fce66a445bff9b2c4df9503a6817753e679a55a0,hello.curry,swh:1:cnt:fce66a445bff9b2c4df9503a6817753e679a55a0;origin=https://github.com/leachim6/hello-world;path=/c/Curry.curry,Curry,Curry,Curry,the contributor (the language the file is named after),hello-world@a152253,,,,in-linguist,c/Curry.curry
hello:d46981f6cdac,gold,.cyc,9938beb20643d8774333789c9744ddcd632929cf,hello.cyc,swh:1:cnt:9938beb20643d8774333789c9744ddcd632929cf;origin=https://github.com/leachim6/hello-world;path=/c/Cyclone.cyc,Cyclone,Cyclone,Cyclone,the contributor (the language the file is named after),hello-world@a152253,,,,not-in-linguist,c/Cyclone.cyc
hello:2f6c11e5b21f,gold,.cypher,212d2d65df6fab4c581eaecb1de06db000195ed4,hello.cypher,swh:1:cnt:212d2d65df6fab4c581eaecb1de06db000195ed4;origin=https://github.com/leachim6/hello-world;path=/c/CypherNeo4j.cypher,Cypher,CypherNeo4j,Cypher;CypherNeo4j,the contributor (the language the file is named after),hello-world@a152253,,,,in-linguist,c/CypherNeo4j.cypher
hello:06b5e5a9d6c7,gold,.cs,926f4cf6e84ac82ff13c5c309b60bed73a5a91f7,hello.cs,swh:1:cnt:926f4cf6e84ac82ff13c5c309b60bed73a5a91f7;origin=https://github.com/leachim6/hello-world;path=/c/Cω.cs,Cω (hello-world),Cω,Cω (hello-world),the contributor (the language the file is named after),hello-world@a152253,,,,not-in-linguist;misleading-ext;ambiguous-ext;shared-bytes,c/Cω.cs
hello:1f8198777579,gold,,e7e56589670342f3c4509eb9a0887d569567fef6,hello,swh:1:cnt:e7e56589670342f3c4509eb9a0887d569567fef6;origin=https://github.com/leachim6/hello-world;path=/c/C∗,C*,C*,C*,the contributor (the language the file is named after),hello-world@a152253,,,,not-in-linguist;no-ext,c/C∗
hello:61e0eaba9c68,gold,.cat,557db03de997c86a4a028e1ebd3a1ceb225be238,hello.cat,swh:1:cnt:557db03de997c86a4a028e1ebd3a1ceb225be238;origin=https://github.com/leachim6/hello-world;path=/c/cat.cat,cat,cat,cat,the contributor (the language the file is named after),hello-world@a152253,,,,not-in-linguist;shared-bytes,c/cat.cat
hello:30f74af91084,gold,.ci,8531d903de12ea0eda33ae3445c98bd3ed42d492,hello.ci,swh:1:cnt:8531d903de12ea0eda33ae3445c98bd3ed42d492;origin=https://github.com/leachim6/hello-world;path=/c/Ć.ci,Ć,Ć,Ć,the contributor (the language the file is named after),hello-world@a152253,,,,not-in-linguist,c/Ć.ci
hello:20f959a1d761,gold,.d,08f9ac03632b06a4553f2e0e9f1b5309d2f9ddd1,hello.d,swh:1:cnt:08f9ac03632b06a4553f2e0e9f1b5309d2f9ddd1;origin=https://github.com/leachim6/hello-world;path=/d/D.d,D,D,D;Dlang,the contributor (the language the file is named after),hello-world@a152253,,,,in-linguist;ambiguous-ext,d/D.d
hello:af0e6e96774c,gold,,8bc63dbcf530e29f7711da908e0cdb6fcf9d12d8,hello,swh:1:cnt:8bc63dbcf530e29f7711da908e0cdb6fcf9d12d8;origin=https://github.com/leachim6/hello-world;path=/d/DCL,DIGITAL Command Language,DCL,DIGITAL Command Language;dcl;DCL,the contributor (the language the file is named after),hello-world@a152253,,,,in-linguist;no-ext,d/DCL
hello:21ad8f895186,gold,.dasm,073cb7f14d789691fddaa2e30a9ef0c8b6199254,hello.dasm,swh:1:cnt:073cb7f14d789691fddaa2e30a9ef0c8b6199254;origin=https://github.com/leachim6/hello-world;path=/d/DCPU.dasm,DCPU,DCPU,DCPU,the contributor (the language the file is named after),hello-world@a152253,,,,not-in-linguist,d/DCPU.dasm
hello:b300363b13a1,gold,.dd,5dcc6a2948090c4b510a21b103642fadff27e56e,hello.dd,swh:1:cnt:5dcc6a2948090c4b510a21b103642fadff27e56e;origin=https://github.com/leachim6/hello-world;path=/d/DD DD.dd,DD DD,DD DD,DD DD,the contributor (the language the file is named after),hello-world@a152253,,,,not-in-linguist,d/DD DD.dd
hello:c0164999e1a5,gold,.dna,056503a67d81802d244b59b8b80e210d9017ec72,hello.dna,swh:1:cnt:056503a67d81802d244b59b8b80e210d9017ec72;origin=https://github.com/leachim6/hello-world;path=/d/DNA#.dna,DNA#,DNA#,DNA#,the contributor (the language the file is named after),hello-world@a152253,,,,not-in-linguist,d/DNA#.dna
hello:6fc34aecb5a2,gold,.dncl,d76b9603e3353cc1aa1a55d1de6eaedfffdd74b5,hello.dncl,swh:1:cnt:d76b9603e3353cc1aa1a55d1de6eaedfffdd74b5;origin=https://github.com/leachim6/hello-world;path=/d/DNCL.dncl,DNCL,DNCL,DNCL,the contributor (the language the file is named after),hello-world@a152253,,,,not-in-linguist,d/DNCL.dncl
hello:617e0d8c964c,gold,,82f374e8c617129792c0e49081745eed697e80fb,hello,swh:1:cnt:82f374e8c617129792c0e49081745eed697e80fb;origin=https://github.com/leachim6/hello-world;path=/d/DOG,DOG,DOG,DOG,the contributor (the language the file is named after),hello-world@a152253,,,,not-in-linguist;no-ext,d/DOG
hello:81f4d28f2e4a,gold,.dogo,ef0267b5f1494007b30914cd134b0d458098f364,hello.dogo,swh:1:cnt:ef0267b5f1494007b30914cd134b0d458098f364;origin=https://github.com/leachim6/hello-world;path=/d/DOGO.dogo,DOGO,DOGO,DOGO,the contributor (the language the file is named after),hello-world@a152253,,,,not-in-linguist,d/DOGO.dogo
hello:aa93778579b9,gold,.dpatl,25b2f0f21c955b307829d3d93ad6af5a60b60890,hello.dpatl,swh:1:cnt:25b2f0f21c955b307829d3d93ad6af5a60b60890;origin=https://github.com/leachim6/hello-world;path=/d/DPATL Python.dpatl,DPATL Python,DPATL Python,DPATL Python,the contributor (the language the file is named after),hello-world@a152253,,,,not-in-linguist,d/DPATL Python.dpatl
hello:add71e565593,gold,.d,3b16ab54b93c23e52744fca8dcd2f98775f1c72f,hello.d,swh:1:cnt:3b16ab54b93c23e52744fca8dcd2f98775f1c72f;origin=https://github.com/leachim6/hello-world;path=/d/DTrace.d,DTrace,DTrace,DTrace;dtrace-script,the contributor (the language the file is named after),hello-world@a152253,,,,in-linguist;ambiguous-ext,d/DTrace.d
hello:1a8299999951,gold,.dup,62ce4fa9bd0ab7b34fdc379ec512d1689f05e443,hello.dup,swh:1:cnt:62ce4fa9bd0ab7b34fdc379ec512d1689f05e443;origin=https://github.com/leachim6/hello-world;path=/d/DUP.dup,DUP,DUP,DUP,the contributor (the language the file is named after),hello-world@a152253,,,,not-in-linguist,d/DUP.dup
hello:d7240cbca9b2,gold,.dart,00bf90433d10c3d156610397639f88388fc915aa,hello.dart,swh:1:cnt:00bf90433d10c3d156610397639f88388fc915aa;origin=https://github.com/leachim6/hello-world;path=/d/Dart.dart,Dart,Dart,Dart,the contributor (the language the file is named after),hello-world@a152253,,,,in-linguist,d/Dart.dart
hello:b519b90ccfd5,gold,.drw,912d01e13decf0f4384cf1d960d17d958b56de34,hello.drw,swh:1:cnt:912d01e13decf0f4384cf1d960d17d958b56de34;origin=https://github.com/leachim6/hello-world;path=/d/Darwin.drw,Darwin,Darwin,Darwin,the contributor (the language the file is named after),hello-world@a152253,,,,not-in-linguist,d/Darwin.drw
hello:a47ce4738d0c,gold,,4c9928c5e80f422c26a32378cae731b86c607e75,hello,swh:1:cnt:4c9928c5e80f422c26a32378cae731b86c607e75;origin=https://github.com/leachim6/hello-world;path=/d/DataFlex,DataFlex,DataFlex,DataFlex,the contributor (the language the file is named after),hello-world@a152253,,,,not-in-linguist;no-ext,d/DataFlex
hello:03f4611f5ada,gold,.sql,4dd4964158c8e5981a328ebc2b24a63c395d8906,hello.sql,swh:1:cnt:4dd4964158c8e5981a328ebc2b24a63c395d8906;origin=https://github.com/leachim6/hello-world;path=/d/Db2.sql,Db2,Db2,Db2,the contributor (the language the file is named after),hello-world@a152253,,,,not-in-linguist;misleading-ext;ambiguous-ext,d/Db2.sql
hello:4a32ce73583f,gold,.dc,62b3100c734292e66fe29b7206d2575714c7f621,hello.dc,swh:1:cnt:62b3100c734292e66fe29b7206d2575714c7f621;origin=https://github.com/leachim6/hello-world;path=/d/Dc.dc,Dc,Dc,Dc,the contributor (the language the file is named after),hello-world@a152253,,,,not-in-linguist,d/Dc.dc
hello:44cd46a40b85,gold,.dec,24286ee88f32c52c123da82618d005e22778299b,hello.dec,swh:1:cnt:24286ee88f32c52c123da82618d005e22778299b;origin=https://github.com/leachim6/hello-world;path=/d/Decimal.dec,Decimal,Decimal,Decimal,the contributor (the language the file is named after),hello-world@a152253,,,,not-in-linguist,d/Decimal.dec
hello:12bfbd571648,gold,.delphi,36755f97a121423c859da61dd220319a2477ed96,hello.delphi,swh:1:cnt:36755f97a121423c859da61dd220319a2477ed96;origin=https://github.com/leachim6/hello-world;path=/d/Delphi.delphi,Pascal,Delphi,Pascal;delphi;objectpascal;Delphi,the contributor (the language the file is named after),hello-world@a152253,,,,in-linguist,d/Delphi.delphi
hello:ef8129b7fe2a,gold,.pas,01bb7a8e03eefcab9db94ceef075e4a7ceb5447e,hello.pas,swh:1:cnt:01bb7a8e03eefcab9db94ceef075e4a7ceb5447e;origin=https://github.com/leachim6/hello-world;path=/d/Delphi.pas,Pascal,Delphi,Pascal;delphi;objectpascal;Delphi,the contributor (the language the file is named after),hello-world@a152253,,,,in-linguist,d/Delphi.pas
hello:b2ad830f22ec,gold,.ts,accefceba62b4874a613a2336de33ee716e99931,hello.ts,swh:1:cnt:accefceba62b4874a613a2336de33ee716e99931;origin=https://github.com/leachim6/hello-world;path=/d/Deno.ts,Deno,Deno,Deno,the contributor (the language the file is named after),hello-world@a152253,,,,not-in-linguist;misleading-ext;ambiguous-ext;not-a-language;shared-bytes,d/Deno.ts
hello:07074b1b4fcf,gold,.desmos,ca72207cfce0319cb749a1f651d23885830259e6,hello.desmos,swh:1:cnt:ca72207cfce0319cb749a1f651d23885830259e6;origin=https://github.com/leachim6/hello-world;path=/d/Desmos.desmos,Desmos,Desmos,Desmos,the contributor (the language the file is named after),hello-world@a152253,,,,not-in-linguist,d/Desmos.desmos
hello:6a3b65e2357f,gold,.du,012788f01bf5db7d96d85c89c592bb654f5dbfc7,hello.du,swh:1:cnt:012788f01bf5db7d96d85c89c592bb654f5dbfc7;origin=https://github.com/leachim6/hello-world;path=/d/Dictu.du,Dictu,Dictu,Dictu,the contributor (the language the file is named after),hello-world@a152253,,,,not-in-linguist;shared-bytes,d/Dictu.du
hello:d93318c531cf,gold,.dis,55e752364c1a45d768a7a76e5003d7629bc3ba19,hello.dis,swh:1:cnt:55e752364c1a45d768a7a76e5003d7629bc3ba19;origin=https://github.com/leachim6/hello-world;path=/d/Dis.dis,Dis,Dis,Dis,the contributor (the language the file is named after),hello-world@a152253,,,,not-in-linguist,d/Dis.dis
hello:03647b06d83e,gold,.dz,5f7f7bc56c7534d15cf090f5d749bc17662b32f8,hello.dz,swh:1:cnt:5f7f7bc56c7534d15cf090f5d749bc17662b32f8;origin=https://github.com/leachim6/hello-world;path=/d/Divzeros.dz,Divzeros,Divzeros,Divzeros,the contributor (the language the file is named after),hello-world@a152253,,,,not-in-linguist,d/Divzeros.dz
hello:4b3cfca32e87,gold,.py,7c78ba0d3ccb941fa7d4d443bb2fa0238ad888f9,hello.py,swh:1:cnt:7c78ba0d3ccb941fa7d4d443bb2fa0238ad888f9;origin=https://github.com/leachim6/hello-world;path=/d/Django.py,Django (hello-world),Django,Django (hello-world),the contributor (the language the file is named after),hello-world@a152253,,,,not-in-linguist;misleading-ext;not-a-language,d/Django.py
hello:8aa1ea0864ba,gold,.djs,d66229f2ab1775ad80beeeb0c8d79e3f22f0f940,hello.djs,swh:1:cnt:d66229f2ab1775ad80beeeb0c8d79e3f22f0f940;origin=https://github.com/leachim6/hello-world;path=/d/DogeScript.djs,Dogescript,DogeScript,Dogescript;DogeScript,the contributor (the language the file is named after),hello-world@a152253,,,,in-linguist,d/DogeScript.djs
hello:f4690f45800c,gold,,a6160450acd6060e2e3f592491cd258fc82e8b79,hello,swh:1:cnt:a6160450acd6060e2e3f592491cd258fc82e8b79;origin=https://github.com/leachim6/hello-world;path=/d/Dotlang,Dotlang,Dotlang,Dotlang,the contributor (the language the file is named after),hello-world@a152253,,,,not-in-linguist;no-ext,d/Dotlang
hello:638d45217339,gold,.d,e245c899c29dc9a41322d6e9afb4001b4712360a,hello.d,swh:1:cnt:e245c899c29dc9a41322d6e9afb4001b4712360a;origin=https://github.com/leachim6/hello-world;path=/d/Draco.d,Draco,Draco,Draco,the contributor (the language the file is named after),hello-world@a152253,,,,not-in-linguist;misleading-ext;ambiguous-ext,d/Draco.d
hello:89b8f9bef50a,gold,,c92089e482f6ad7542b990c58ab0f03fc59b4e77,hello,swh:1:cnt:c92089e482f6ad7542b990c58ab0f03fc59b4e77;origin=https://github.com/leachim6/hello-world;path=/d/Dragon,Dragon,Dragon,Dragon,the contributor (the language the file is named after),hello-world@a152253,,,,not-in-linguist;no-ext,d/Dragon
hello:395fdfdc410f,gold,.dm,0946d41c533f8c358dafa1263733eb3bec2a9f9f,hello.dm,swh:1:cnt:0946d41c533f8c358dafa1263733eb3bec2a9f9f;origin=https://github.com/leachim6/hello-world;path=/d/DreamMaker.dm,DM,DreamMaker,DM;byond;DreamMaker,the contributor (the language the file is named after),hello-world@a152253,,,,in-linguist,d/DreamMaker.dm
hello:6c0d5c90009d,gold,.diw,a73688f1dd85edfd1577b27c3d07345928ca9222,hello.diw,swh:1:cnt:a73688f1dd85edfd1577b27c3d07345928ca9222;origin=https://github.com/leachim6/hello-world;path=/d/Drive-In Window.diw,Drive-In Window,Drive-In Window,Drive-In Window,the contributor (the language the file is named after),hello-world@a152253,,,,not-in-linguist,d/Drive-In Window.diw
hello:c346eb6c21f9,gold,.dl,c84bc67c57b5da6d440c7adc7072c170d13988f4,hello.dl,swh:1:cnt:c84bc67c57b5da6d440c7adc7072c170d13988f4;origin=https://github.com/leachim6/hello-world;path=/d/Dylan.dl,Dylan,Dylan,Dylan,the contributor (the language the file is named after),hello-world@a152253,,,,in-linguist,d/Dylan.dl
hello:a80824af0bbb,gold,.dyv,ad9ac3a6dde446d9c2bbc1ff63fd09d5ab2d6c09,hello.dyv,swh:1:cnt:ad9ac3a6dde446d9c2bbc1ff63fd09d5ab2d6c09;origin=https://github.com/leachim6/hello-world;path=/d/Dyvil.dyv,Dyvil,Dyvil,Dyvil,the contributor (the language the file is named after),hello-world@a152253,,,,not-in-linguist,d/Dyvil.dyv
hello:5c2d51d4e511,gold,,8f7dfe06c71588403e174540dab870d142b3f5b5,hello,swh:1:cnt:8f7dfe06c71588403e174540dab870d142b3f5b5;origin=https://github.com/leachim6/hello-world;path=/d/D♭♭,D♭♭ (hello-world),D♭♭,D♭♭ (hello-world),the contributor (the language the file is named after),hello-world@a152253,,,,not-in-linguist;no-ext,d/D♭♭
hello:e4d642a1aa3f,gold,.dbf,92a04b3243c991fa6c13576fc281ad16f8e3890e,hello.dbf,swh:1:cnt:92a04b3243c991fa6c13576fc281ad16f8e3890e;origin=https://github.com/leachim6/hello-world;path=/d/dBase.dbf,xBase,dBase,xBase;advpl;clipper;foxpro;dBase,the contributor (the language the file is named after),hello-world@a152253,,,,in-linguist,d/dBase.dbf
hello:06288c072a87,gold,.das,5f85b8578319b5ba2cc00f1476e77883777d0f10,hello.das,swh:1:cnt:5f85b8578319b5ba2cc00f1476e77883777d0f10;origin=https://github.com/leachim6/hello-world;path=/d/daScript.das,Daslang,daScript,Daslang;daScript,the contributor (the language the file is named after),hello-world@a152253,,,,in-linguist,d/daScript.das
hello:dfa29e723838,gold,.txt,9633b800ac887ec54a5163d05cd598faafdf77da,hello.txt,swh:1:cnt:9633b800ac887ec54a5163d05cd598faafdf77da;origin=https://github.com/leachim6/hello-world;path=/d/dark.txt,dark,dark,dark,the contributor (the language the file is named after),hello-world@a152253,,,,not-in-linguist;misleading-ext;ambiguous-ext,d/dark.txt
hello:f05ab8334d7e,gold,.dg,ce438bd29eb93213cce4cf0cbf7e44fee3d789b0,hello.dg,swh:1:cnt:ce438bd29eb93213cce4cf0cbf7e44fee3d789b0;origin=https://github.com/leachim6/hello-world;path=/d/dg.dg,dg,dg,dg,the contributor (the language the file is named after),hello-world@a152253,,,,not-in-linguist;shared-bytes,d/dg.dg
hello:ec820f62a062,gold,.dongbei,1e94655d15a5555352445ba112cbd35f1e61924d,hello.dongbei,swh:1:cnt:1e94655d15a5555352445ba112cbd35f1e61924d;origin=https://github.com/leachim6/hello-world;path=/d/dongbei.dongbei,dongbei,dongbei,dongbei,the contributor (the language the file is named after),hello-world@a152253,,,,not-in-linguist,d/dongbei.dongbei
hello:f7cda14b371b,gold,.bat,fa2fc565729f28d0f3cbe5023aaca6382acfeb42,hello.bat,swh:1:cnt:fa2fc565729f28d0f3cbe5023aaca6382acfeb42;origin=https://github.com/leachim6/hello-world;path=/d/dos.bat,Batchfile,dos,Batchfile;bat;batch;dosbatch;winbatch;dos,the contributor (the language the file is named after),hello-world@a152253,,,,in-linguist,d/dos.bat
hello:7b262f9a68a7,gold,.e,f3fb71ad3ee3171d8107b597dad7e2bce5f39799,hello.e,swh:1:cnt:f3fb71ad3ee3171d8107b597dad7e2bce5f39799;origin=https://github.com/leachim6/hello-world;path=/e/E.e,E,E,E,the contributor (the language the file is named after),hello-world@a152253,,,,in-linguist;ambiguous-ext;shared-bytes,e/E.e
hello:1912882da1ee,gold,.ebuild,3429357951debc7b68f3a7c6f47fd9465d7f11f9,hello.ebuild,swh:1:cnt:3429357951debc7b68f3a7c6f47fd9465d7f11f9;origin=https://github.com/leachim6/hello-world;path=/e/EBuild.ebuild,Gentoo Ebuild,EBuild,Gentoo Ebuild;EBuild,the contributor (the language the file is named after),hello-world@a152253,,,,in-linguist,e/EBuild.ebuild
hello:8ac596fd23fc,gold,.eo,d23c90d8611b348c482f7700d12d6afdaaed9621,hello.eo,swh:1:cnt:d23c90d8611b348c482f7700d12d6afdaaed9621;origin=https://github.com/leachim6/hello-world;path=/e/EO.eo,EO,EO,EO,the contributor (the language the file is named after),hello-world@a152253,,,,not-in-linguist,e/EO.eo
hello:9679205a14e0,gold,.eoool,3f835e93728445f6df0ace844e7e85b2fcd6373d,hello.eoool,swh:1:cnt:3f835e93728445f6df0ace844e7e85b2fcd6373d;origin=https://github.com/leachim6/hello-world;path=/e/EOOOL.eoool,EOOOL,EOOOL,EOOOL,the contributor (the language the file is named after),hello-world@a152253,,,,not-in-linguist,e/EOOOL.eoool
hello:046c08953565,gold,.e,ae4c60913ae437223a0047d31bb1de92f7c44cd1,hello.e,swh:1:cnt:ae4c60913ae437223a0047d31bb1de92f7c44cd1;origin=https://github.com/leachim6/hello-world;path=/e/EPL.e,EPL,EPL,EPL,the contributor (the language the file is named after),hello-world@a152253,,,,not-in-linguist;misleading-ext;ambiguous-ext,e/EPL.e
hello:5afa4c8a37ce,gold,.exa,3fab40da90be36401b1549364a0eac96839ea375,hello.exa,swh:1:cnt:3fab40da90be36401b1549364a0eac96839ea375;origin=https://github.com/leachim6/hello-world;path=/e/ESOPUNK.exa,ESOPUNK,ESOPUNK,ESOPUNK,the contributor (the language the file is named after),hello-world@a152253,,,,not-in-linguist,e/ESOPUNK.exa
hello:b974108464b9,gold,.ec,440b51d19176212c69b516cb9749b971d65fcdb9,hello.ec,swh:1:cnt:440b51d19176212c69b516cb9749b971d65fcdb9;origin=https://github.com/leachim6/hello-world;path=/e/Ec.ec,eC,Ec,eC;Ec,the contributor (the language the file is named after),hello-world@a152253,,,,in-linguist,e/Ec.ec
hello:b9ea4923aa6a,gold,.echolisp,9a6f887a834d3c1d9f87b87de69c0c06bf1c60e2,hello.echolisp,swh:1:cnt:9a6f887a834d3c1d9f87b87de69c0c06bf1c60e2;origin=https://github.com/leachim6/hello-world;path=/e/EchoLisp.echolisp,EchoLisp,EchoLisp,EchoLisp,the contributor (the language the file is named after),hello-world@a152253,,,,not-in-linguist,e/EchoLisp.echolisp
hello:c5babff7c4cf,gold,.efene,b49c0b2682c8bd57af2d52de07ff6b9caa016928,hello.efene,swh:1:cnt:b49c0b2682c8bd57af2d52de07ff6b9caa016928;origin=https://github.com/leachim6/hello-world;path=/e/Efene.efene,Efene,Efene,Efene,the contributor (the language the file is named after),hello-world@a152253,,,,not-in-linguist,e/Efene.efene
hello:9a667ec18319,gold,.egi,379110c87d4e59b0f95f57240648100591184a8c,hello.egi,swh:1:cnt:379110c87d4e59b0f95f57240648100591184a8c;origin=https://github.com/leachim6/hello-world;path=/e/Egison.egi,Egison,Egison,Egison,the contributor (the language the file is named after),hello-world@a152253,,,,not-in-linguist,e/Egison.egi
hello:85869dd974d3,gold,.egl,9c3c546dbc5c841f559657c2984c4afe44313476,hello.egl,swh:1:cnt:9c3c546dbc5c841f559657c2984c4afe44313476;origin=https://github.com/leachim6/hello-world;path=/e/Egl.egl,Egl,Egl,Egl,the contributor (the language the file is named after),hello-world@a152253,,,,not-in-linguist,e/Egl.egl
hello:39bd8fd29f2d,gold,.eiff,dac7cffc1a3999a2a992a5de29067f71ebafc789,hello.eiff,swh:1:cnt:dac7cffc1a3999a2a992a5de29067f71ebafc789;origin=https://github.com/leachim6/hello-world;path=/e/Eiffel.eiff,Eiffel,Eiffel,Eiffel,the contributor (the language the file is named after),hello-world@a152253,,,,in-linguist,e/Eiffel.eiff
hello:edebcc251f23,gold,.elena,92fcb8ce11215a7fa7d19c318d5d1cab42b78519,hello.elena,swh:1:cnt:92fcb8ce11215a7fa7d19c318d5d1cab42b78519;origin=https://github.com/leachim6/hello-world;path=/e/Elena.elena,Elena,Elena,Elena,the contributor (the language the file is named after),hello-world@a152253,,,,not-in-linguist,e/Elena.elena
hello:d39312cf5004,gold,.ex,876c868f1ccf338386f8b367f06c615318f0a133,hello.ex,swh:1:cnt:876c868f1ccf338386f8b367f06c615318f0a133;origin=https://github.com/leachim6/hello-world;path=/e/Elixir.ex,Elixir,Elixir,Elixir,the contributor (the language the file is named after),hello-world@a152253,,,,in-linguist;ambiguous-ext,e/Elixir.ex
hello:029d2781b1e6,gold,.exs,8e8dc21bcd321ed01022337643bfbcfc121b8fd3,hello.exs,swh:1:cnt:8e8dc21bcd321ed01022337643bfbcfc121b8fd3;origin=https://github.com/leachim6/hello-world;path=/e/Elixir.exs,Elixir,Elixir,Elixir,the contributor (the language the file is named after),hello-world@a152253,,,,in-linguist,e/Elixir.exs
hello:adf56e03d7e3,gold,.elm,3cfc75c555c7ad2748cd5a051b924fe99a313892,hello.elm,swh:1:cnt:3cfc75c555c7ad2748cd5a051b924fe99a313892;origin=https://github.com/leachim6/hello-world;path=/e/Elm.elm,Elm,Elm,Elm,the contributor (the language the file is named after),hello-world@a152253,,,,in-linguist,e/Elm.elm
hello:c114480065cf,gold,.elv,420a67e95d3d2e128d187b54cd254563ee43546d,hello.elv,swh:1:cnt:420a67e95d3d2e128d187b54cd254563ee43546d;origin=https://github.com/leachim6/hello-world;path=/e/Elvish.elv,Elvish,Elvish,Elvish,the contributor (the language the file is named after),hello-world@a152253,,,,in-linguist,e/Elvish.elv
hello:701d5396c1e4,gold,.el,8a92f28ea328ee94915d170934edaaa648eb0a08,hello.el,swh:1:cnt:8a92f28ea328ee94915d170934edaaa648eb0a08;origin=https://github.com/leachim6/hello-world;path=/e/EmacsLisp.el,Emacs Lisp,EmacsLisp,Emacs Lisp;cask;eask;elisp;emacs;EmacsLisp,the contributor (the language the file is named after),hello-world@a152253,,,,in-linguist,e/EmacsLisp.el
hello:06b035db771f,gold,.m,5a62828cf7da881e4c4061d077a0e98a9aedc56f,hello.m,swh:1:cnt:5a62828cf7da881e4c4061d077a0e98a9aedc56f;origin=https://github.com/leachim6/hello-world;path=/e/Emerald.m,Emerald,Emerald,Emerald,the contributor (the language the file is named after),hello-world@a152253,,,,not-in-linguist;misleading-ext;ambiguous-ext,e/Emerald.m
hello:617474a11f9f,gold,.emmental,1b3bffd95cd6020e94efbc5ecc769558ba92720d,hello.emmental,swh:1:cnt:1b3bffd95cd6020e94efbc5ecc769558ba92720d;origin=https://github.com/leachim6/hello-world;path=/e/Emmental.emmental,Emmental,Emmental,Emmental,the contributor (the language the file is named after),hello-world@a152253,,,,not-in-linguist,e/Emmental.emmental
hello:ba6202bd3379,gold,,d939fef29c0979ac52296cd111d017b4bf9c8375,hello,swh:1:cnt:d939fef29c0979ac52296cd111d017b4bf9c8375;origin=https://github.com/leachim6/hello-world;path=/e/Emoji,Emoji,Emoji,Emoji,the contributor (the language the file is named after),hello-world@a152253,,,,not-in-linguist;no-ext,e/Emoji
hello:ace2ac21439f,gold,,e5c48cb9a52f1de6534c409b3f58e1dc3e93f50d,hello,swh:1:cnt:e5c48cb9a52f1de6534c409b3f58e1dc3e93f50d;origin=https://github.com/leachim6/hello-world;path=/e/EmojiCoder,EmojiCoder,EmojiCoder,EmojiCoder,the contributor (the language the file is named after),hello-world@a152253,,,,not-in-linguist;no-ext,e/EmojiCoder
hello:f75018c2c696,gold,.emojic,f840912f72a3c5b274750ec329476e22628c47fd,hello.emojic,swh:1:cnt:f840912f72a3c5b274750ec329476e22628c47fd;origin=https://github.com/leachim6/hello-world;path=/e/Emojicode.emojic,Emojicode,Emojicode,Emojicode,the contributor (the language the file is named after),hello-world@a152253,,,,not-in-linguist,e/Emojicode.emojic
hello:787c6fa35842,gold,.emoticon,7bfaa1c1bfc1f67244ec2d5dab082a2e6e133679,hello.emoticon,swh:1:cnt:7bfaa1c1bfc1f67244ec2d5dab082a2e6e133679;origin=https://github.com/leachim6/hello-world;path=/e/Emoticon.emoticon,Emoticon,Emoticon,Emoticon,the contributor (the language the file is named after),hello-world@a152253,,,,not-in-linguist,e/Emoticon.emoticon
hello:990369d61388,gold,,52f6a89f4cda278a825488f3e8a51f3d4ef99f25,hello,swh:1:cnt:52f6a89f4cda278a825488f3e8a51f3d4ef99f25;origin=https://github.com/leachim6/hello-world;path=/e/Emotinomicon,Emotinomicon,Emotinomicon,Emotinomicon,the contributor (the language the file is named after),hello-world@a152253,,,,not-in-linguist;no-ext,e/Emotinomicon
hello:af4acea5c127,gold,.e,7fc6444acc8d89a0c4afab956fe75f8e31a27ca1,hello.e,swh:1:cnt:7fc6444acc8d89a0c4afab956fe75f8e31a27ca1;origin=https://github.com/leachim6/hello-world;path=/e/Enkelt.e,Enkelt,Enkelt,Enkelt,the contributor (the language the file is named after),hello-world@a152253,,,,not-in-linguist;misleading-ext;ambiguous-ext,e/Enkelt.e
hello:bdb1f791ca21,gold,.er,5335e239998b86c662fcaa3a09471d9a20a169ed,hello.er,swh:1:cnt:5335e239998b86c662fcaa3a09471d9a20a169ed;origin=https://github.com/leachim6/hello-world;path=/e/Erg.er,Erg,Erg,Erg,the contributor (the language the file is named after),hello-world@a152253,,,,not-in-linguist,e/Erg.er
hello:696e6db8783d,gold,.erl,d466c1913e88385ac9ff3bf06d60fcbddd5da107,hello.erl,swh:1:cnt:d466c1913e88385ac9ff3bf06d60fcbddd5da107;origin=https://github.com/leachim6/hello-world;path=/e/Erlang EScript.erl,Erlang,Erlang EScript,Erlang;Erlang EScript,the contributor (the language the file is named after),hello-world@a152253,,,,in-linguist,e/Erlang EScript.erl
hello:abc04b507e79,gold,.erl,8af4f073e116d5a7a822b93df029e148b12f2773,hello.erl,swh:1:cnt:8af4f073e116d5a7a822b93df029e148b12f2773;origin=https://github.com/leachim6/hello-world;path=/e/Erlang.erl,Erlang,Erlang,Erlang,the contributor (the language the file is named after),hello-world@a152253,,,,in-linguist,e/Erlang.erl
hello:f281df0232b8,gold,.ex,dba5cb8896ddcbaac3cdc0830db92e8fbe51aa98,hello.ex,swh:1:cnt:dba5cb8896ddcbaac3cdc0830db92e8fbe51aa98;origin=https://github.com/leachim6/hello-world;path=/e/Euphoria.ex,Euphoria,Euphoria,Euphoria,the contributor (the language the file is named after),hello-world@a152253,,,,in-linguist;ambiguous-ext,e/Euphoria.ex
hello:fd1ed589ba7b,gold,,1ac6895e5dd80a73c2f6fc1b1ddedfd5384de37c,hello,swh:1:cnt:1ac6895e5dd80a73c2f6fc1b1ddedfd5384de37c;origin=https://github.com/leachim6/hello-world;path=/e/Evil,Evil,Evil,Evil,the contributor (the language the file is named after),hello-world@a152253,,,,not-in-linguist;no-ext,e/Evil
hello:ca099ff204e1,gold,.exe,1a18ea2a0b17a98e7011c95156bf74fafbf3ad39,hello.exe,swh:1:cnt:1a18ea2a0b17a98e7011c95156bf74fafbf3ad39;origin=https://github.com/leachim6/hello-world;path=/e/Executable.exe,Executable,Executable,Executable,the contributor (the language the file is named after),hello-world@a152253,,,,not-in-linguist;binary,e/Executable.exe
hello:06166b09a2be,gold,.js,8d373e8dc6cc04c9e4436912ad0b5648e5dcd566,hello.js,swh:1:cnt:8d373e8dc6cc04c9e4436912ad0b5648e5dcd566;origin=https://github.com/leachim6/hello-world;path=/e/Express.js,Express,Express,Express,the contributor (the language the file is named after),hello-world@a152253,,,,not-in-linguist;misleading-ext;not-a-language,e/Express.js
hello:22114e088ced,gold,,c3838545afeabaaf4db74f35a067a9def046fa7d,hello,swh:1:cnt:c3838545afeabaaf4db74f35a067a9def046fa7d;origin=https://github.com/leachim6/hello-world;path=/e/e62qpodb593,e62qpodb593,e62qpodb593,e62qpodb593,the contributor (the language the file is named after),hello-world@a152253,,,,not-in-linguist;no-ext,e/e62qpodb593
hello:907c8ea9a025,gold,,ff0e12ec692f04bfb2a5e641fa37f563a4b91cf5,hello,swh:1:cnt:ff0e12ec692f04bfb2a5e641fa37f563a4b91cf5;origin=https://github.com/leachim6/hello-world;path=/e/es,es,es,es,the contributor (the language the file is named after),hello-world@a152253,,,,not-in-linguist;no-ext,e/es
hello:6aae1bc665ac,gold,.fs,06c6868c37df365801de0351d7c1aa6877093777,hello.fs,swh:1:cnt:06c6868c37df365801de0351d7c1aa6877093777;origin=https://github.com/leachim6/hello-world;path=/f/F#.fs,F#,F#,F#;fsharp,the contributor (the language the file is named after),hello-world@a152253,,,,in-linguist;ambiguous-ext,f/F#.fs
hello:54fd91814699,gold,.f95,37d00810eb6a922ea9b42ed2441e8c95304c2eaa,hello.f95,swh:1:cnt:37d00810eb6a922ea9b42ed2441e8c95304c2eaa;origin=https://github.com/leachim6/hello-world;path=/f/F.f95,F,F,F,the contributor (the language the file is named after),hello-world@a152253,,,,not-in-linguist;misleading-ext,f/F.f95
hello:253b92f7325f,gold,,b75bf3743f1576c0aa74c5dc4255d4e1da7f569a,hello,swh:1:cnt:b75bf3743f1576c0aa74c5dc4255d4e1da7f569a;origin=https://github.com/leachim6/hello-world;path=/f/FROM HERE TO THERE,FROM HERE TO THERE,FROM HERE TO THERE,FROM HERE TO THERE,the contributor (the language the file is named after),hello-world@a152253,,,,not-in-linguist;no-ext,f/FROM HERE TO THERE
hello:e84eb1b1d9bb,gold,.fst,6abeec3c08930d83b8404288fa0ca3643eb2858c,hello.fst,swh:1:cnt:6abeec3c08930d83b8404288fa0ca3643eb2858c;origin=https://github.com/leachim6/hello-world;path=/f/FStar.fst,F*,FStar,F*;fstar;FStar,the contributor (the language the file is named after),hello-world@a152253,,,,in-linguist,f/FStar.fst
hello:d0d692bb08ff,gold,.factor,654a7cac78d64833d3b3b5a6270f171a72519657,hello.factor,swh:1:cnt:654a7cac78d64833d3b3b5a6270f171a72519657;origin=https://github.com/leachim6/hello-world;path=/f/Factor.factor,Factor,Factor,Factor,the contributor (the language the file is named after),hello-world@a152253,,,,in-linguist,f/Factor.factor
hello:0e1d56f9e230,gold,.fact,92321e44b0dd013aab50047256d88e8c7e7ea79d,hello.fact,swh:1:cnt:92321e44b0dd013aab50047256d88e8c7e7ea79d;origin=https://github.com/leachim6/hello-world;path=/f/Factors.fact,Factors,Factors,Factors,the contributor (the language the file is named after),hello-world@a152253,,,,not-in-linguist,f/Factors.fact
hello:9633dbeb3958,gold,.fal,d0fffeb479b5db7ac9aba4d43f163049d3481755,hello.fal,swh:1:cnt:d0fffeb479b5db7ac9aba4d43f163049d3481755;origin=https://github.com/leachim6/hello-world;path=/f/Falcon.fal,Falcon,Falcon,Falcon,the contributor (the language the file is named after),hello-world@a152253,,,,not-in-linguist,f/Falcon.fal
hello:ac07b851a3cf,gold,.f,dc22a7b0b5457c103a80f53f9d1517bf0b8d48c8,hello.f,swh:1:cnt:dc22a7b0b5457c103a80f53f9d1517bf0b8d48c8;origin=https://github.com/leachim6/hello-world;path=/f/False.f,False,False,False,the contributor (the language the file is named after),hello-world@a152253,,,,not-in-linguist;misleading-ext;ambiguous-ext,f/False.f
hello:2bf8cb29545a,gold,.fy,15456bd02bd5fbdc10cbeb18484e514c99dfa22b,hello.fy,swh:1:cnt:15456bd02bd5fbdc10cbeb18484e514c99dfa22b;origin=https://github.com/leachim6/hello-world;path=/f/Fancy.fy,Fancy,Fancy,Fancy,the contributor (the language the file is named after),hello-world@a152253,,,,in-linguist,f/Fancy.fy
hello:84b7130efbca,gold,.fan,32ac41d9a54dafa8ccf4d81631cf41b2d40a1f32,hello.fan,swh:1:cnt:32ac41d9a54dafa8ccf4d81631cf41b2d40a1f32;origin=https://github.com/leachim6/hello-world;path=/f/Fantom.fan,Fantom,Fantom,Fantom,the contributor (the language the file is named after),hello-world@a152253,,,,in-linguist,f/Fantom.fan
hello:92694c24955c,gold,.py,9916c03828576d4a316b4f6b9556ef205ddbf094,hello.py,swh:1:cnt:9916c03828576d4a316b4f6b9556ef205ddbf094;origin=https://github.com/leachim6/hello-world;path=/f/FastAPI.py,FastAPI,FastAPI,FastAPI,the contributor (the language the file is named after),hello-world@a152253,,,,not-in-linguist;misleading-ext;not-a-language,f/FastAPI.py
hello:b7de4457a1d0,gold,.flx,7c18885c2959202e48901a2e308e0952a947b79a,hello.flx,swh:1:cnt:7c18885c2959202e48901a2e308e0952a947b79a;origin=https://github.com/leachim6/hello-world;path=/f/Felix.flx,Felix,Felix,Felix,the contributor (the language the file is named after),hello-world@a152253,,,,not-in-linguist,f/Felix.flx
hello:a2fede12df27,gold,.fnl,32ac17a21ad3291063158392751ca355c5f726c0,hello.fnl,swh:1:cnt:32ac17a21ad3291063158392751ca355c5f726c0;origin=https://github.com/leachim6/hello-world;path=/f/Fennel.fnl,Fennel,Fennel,Fennel,the contributor (the language the file is named after),hello-world@a152253,,,,in-linguist;shared-bytes,f/Fennel.fnl
hello:abaf42a4a6c0,gold,.fe,65f3a303c18f33a1d5a0032f9089c79a0c372f10,hello.fe,swh:1:cnt:65f3a303c18f33a1d5a0032f9089c79a0c372f10;origin=https://github.com/leachim6/hello-world;path=/f/Ferite.fe,Ferite,Ferite,Ferite,the contributor (the language the file is named after),hello-world@a152253,,,,not-in-linguist,f/Ferite.fe
hello:692d972d39d2,gold,.fet,cf47de0f121f059f13f2131094de07c1ac6a5d16,hello.fet,swh:1:cnt:cf47de0f121f059f13f2131094de07c1ac6a5d16;origin=https://github.com/leachim6/hello-world;path=/f/Fetlang.fet,Fetlang,Fetlang,Fetlang,the contributor (the language the file is named after),hello-world@a152253,,,,not-in-linguist,f/Fetlang.fet
hello:14410c375975,gold,.fimpp,eb6cd7a117202c09806578bb100f0b43ec58559a,hello.fimpp,swh:1:cnt:eb6cd7a117202c09806578bb100f0b43ec58559a;origin=https://github.com/leachim6/hello-world;path=/f/Fim++.fimpp,Fim++,Fim++,Fim++,the contributor (the language the file is named after),hello-world@a152253,,,,not-in-linguist,f/Fim++.fimpp
hello:ec1a63e0a6db,gold,.fish,3a997126780b066e2a51ab3d76d19ea30cac1f06,hello.fish,swh:1:cnt:3a997126780b066e2a51ab3d76d19ea30cac1f06;origin=https://github.com/leachim6/hello-world;path=/f/Fish.fish,fish,Fish,fish;Fish,the contributor (the language the file is named after),hello-world@a152253,,,,in-linguist,f/Fish.fish
hello:6f184f61a18d,gold,,5d48374f209271f41e754081563bb5ab3781f4a2,hello,swh:1:cnt:5d48374f209271f41e754081563bb5ab3781f4a2;origin=https://github.com/leachim6/hello-world;path=/f/Fist,Fist,Fist,Fist,the contributor (the language the file is named after),hello-world@a152253,,,,not-in-linguist;no-ext,f/Fist
hello:b1d69a670462,gold,.fjo,8114ebc69cdd068c745a67d39967fc0ed8c82469,hello.fjo,swh:1:cnt:8114ebc69cdd068c745a67d39967fc0ed8c82469;origin=https://github.com/leachim6/hello-world;path=/f/Fjoelnir.fjo,Fjoelnir,Fjoelnir,Fjoelnir,the contributor (the language the file is named after),hello-world@a152253,,,,not-in-linguist,f/Fjoelnir.fjo
hello:536492c3fae8,gold,.fls,c853368c87723be6543ed3518cc707ed87f2b578,hello.fls,swh:1:cnt:c853368c87723be6543ed3518cc707ed87f2b578;origin=https://github.com/leachim6/hello-world;path=/f/FlaScript.fls,FlaScript,FlaScript,FlaScript,the contributor (the language the file is named after),hello-world@a152253,,,,not-in-linguist,f/FlaScript.fls
hello:ccf8ca5c60e2,gold,.py,548c5e0e6e43d3d6e6c35bcfc6ca28a7468a6d9c,hello.py,swh:1:cnt:548c5e0e6e43d3d6e6c35bcfc6ca28a7468a6d9c;origin=https://github.com/leachim6/hello-world;path=/f/Flask.py,Flask,Flask,Flask,the contributor (the language the file is named after),hello-world@a152253,,,,not-in-linguist;misleading-ext;not-a-language,f/Flask.py
hello:edc8a1d55737,gold,.flix,ad35e5ae34d7df6d469bfe65dbfcefe988e0169f,hello.flix,swh:1:cnt:ad35e5ae34d7df6d469bfe65dbfcefe988e0169f;origin=https://github.com/leachim6/hello-world;path=/f/Flix.flix,Flix,Flix,Flix,the contributor (the language the file is named after),hello-world@a152253,,,,in-linguist;shared-bytes,f/Flix.flix
hello:6fd0a6ca3d13,gold,.dart,d1ecac9cc5c1df1b6169290dfad81d8c09e0dc46,hello.dart,swh:1:cnt:d1ecac9cc5c1df1b6169290dfad81d8c09e0dc46;origin=https://github.com/leachim6/hello-world;path=/f/Flutter.dart,Flutter,Flutter,Flutter,the contributor (the language the file is named after),hello-world@a152253,,,,not-in-linguist;misleading-ext;not-a-language,f/Flutter.dart
hello:f92894d1b0b1,gold,.fob,1995171ce472f60f2d590b11a51cecf4e3b3a9b0,hello.fob,swh:1:cnt:1995171ce472f60f2d590b11a51cecf4e3b3a9b0;origin=https://github.com/leachim6/hello-world;path=/f/Fob.fob,Fob,Fob,Fob,the contributor (the language the file is named after),hello-world@a152253,,,,not-in-linguist,f/Fob.fob
hello:aa817a8aaebf,gold,.fc,3e029b995d362114d5ab37a6bad0c46a1bf83413,hello.fc,swh:1:cnt:3e029b995d362114d5ab37a6bad0c46a1bf83413;origin=https://github.com/leachim6/hello-world;path=/f/Focal.fc,Focal,Focal,Focal,the contributor (the language the file is named after),hello-world@a152253,,,,not-in-linguist,f/Focal.fc
hello:0470e945ac7b,gold,.md,9f2f10f1c3279e8b109581bb09741fc07df58d3a,hello.md,swh:1:cnt:9f2f10f1c3279e8b109581bb09741fc07df58d3a;origin=https://github.com/leachim6/hello-world;path=/f/Fog.fog.md,Fog.fog,Fog.fog,Fog.fog,the contributor (the language the file is named after),hello-world@a152253,,,,not-in-linguist;misleading-ext;ambiguous-ext,f/Fog.fog.md
hello:5792e4a197fe,gold,.foo,06ae699f22d413ed488676f933b39080ecaca5a9,hello.foo,swh:1:cnt:06ae699f22d413ed488676f933b39080ecaca5a9;origin=https://github.com/leachim6/hello-world;path=/f/Foo.foo,Foo,Foo,Foo,the contributor (the language the file is named after),hello-world@a152253,,,,not-in-linguist;shared-bytes,f/Foo.foo
hello:51bebdd6f435,gold,.forobj,4e26996979399fd09f4651d8a09e6c3d00f7f85a,hello.forobj,swh:1:cnt:4e26996979399fd09f4651d8a09e6c3d00f7f85a;origin=https://github.com/leachim6/hello-world;path=/f/Forobj.forobj,Forobj,Forobj,Forobj,the contributor (the language the file is named after),hello-world@a152253,,,,not-in-linguist,f/Forobj.forobj
hello:7d335157b3db,gold,.fth,a4662e00aaa157a682f482f067d526be587b1034,hello.fth,swh:1:cnt:a4662e00aaa157a682f482f067d526be587b1034;origin=https://github.com/leachim6/hello-world;path=/f/Forth.fth,Forth,Forth,Forth,the contributor (the language the file is named after),hello-world@a152253,,,,in-linguist,f/Forth.fth
hello:387d62503547,gold,.fortob,39e5203edbd6f4644302633a4c33835ffa578492,hello.fortob,swh:1:cnt:39e5203edbd6f4644302633a4c33835ffa578492;origin=https://github.com/leachim6/hello-world;path=/f/Fortob.fortob,Fortob,Fortob,Fortob,the contributor (the language the file is named after),hello-world@a152253,,,,not-in-linguist,f/Fortob.fortob
hello:b2730ab8b6e1,gold,.f90,74c73c03bc273d9afaf52ad80f3f68f242065c37,hello.f90,swh:1:cnt:74c73c03bc273d9afaf52ad80f3f68f242065c37;origin=https://github.com/leachim6/hello-world;path=/f/Fortran.f90,Fortran,Fortran,Fortran;Fortran Free Form,the contributor (the language the file is named after),hello-world@a152253,,,,in-linguist,f/Fortran.f90
hello:6d2822295cde,gold,.f77,c90b99e983729e9132f0c7734eaa557b99d07140,hello.f77,swh:1:cnt:c90b99e983729e9132f0c7734eaa557b99d07140;origin=https://github.com/leachim6/hello-world;path=/f/Fortran77.f77,Fortran,Fortran77,Fortran;Fortran77,the contributor (the language the file is named after),hello-world@a152253,,,,in-linguist,f/Fortran77.f77
hello:1157bc2fe8c4,gold,.fourier,f1506322129c832bef4af41ea4124a79687232b2,hello.fourier,swh:1:cnt:f1506322129c832bef4af41ea4124a79687232b2;origin=https://github.com/leachim6/hello-world;path=/f/Fourier.fourier,Fourier,Fourier,Fourier,the contributor (the language the file is named after),hello-world@a152253,,,,not-in-linguist,f/Fourier.fourier
hello:ed8670df34ae,gold,.prg,92a04b3243c991fa6c13576fc281ad16f8e3890e,hello.prg,swh:1:cnt:92a04b3243c991fa6c13576fc281ad16f8e3890e;origin=https://github.com/leachim6/hello-world;path=/f/FoxPro.prg,xBase,FoxPro,xBase;advpl;clipper;foxpro;FoxPro,the contributor (the language the file is named after),hello-world@a152253,,,,in-linguist,f/FoxPro.prg
hello:d4f1415ee8b3,gold,.fpp,f254b95da32f0e9b898fba2c0257947f33fa017f,hello.fpp,swh:1:cnt:f254b95da32f0e9b898fba2c0257947f33fa017f;origin=https://github.com/leachim6/hello-world;path=/f/Fractran++.fpp,Fractran++,Fractran++,Fractran++,the contributor (the language the file is named after),hello-world@a152253,,,,not-in-linguist;misleading-ext;ambiguous-ext,f/Fractran++.fpp
hello:7014d7cb27e9,gold,.fclang,8de6ec90679178f96d02999320f4db41d4d2f2d4,hello.fclang,swh:1:cnt:8de6ec90679178f96d02999320f4db41d4d2f2d4;origin=https://github.com/leachim6/hello-world;path=/f/FreakC.fclang,FreakC,FreakC,FreakC,the contributor (the language the file is named after),hello-world@a152253,,,,not-in-linguist,f/FreakC.fclang
hello:467014eceb52,gold,.frbr,5e760c2ebbc251d4d10a54bed1a870c55a078333,hello.frbr,swh:1:cnt:5e760c2ebbc251d4d10a54bed1a870c55a078333;origin=https://github.com/leachim6/hello-world;path=/f/Freebrain.frbr,Freebrain,Freebrain,Freebrain,the contributor (the language the file is named after),hello-world@a152253,,,,not-in-linguist,f/Freebrain.frbr
hello:78cefe504686,gold,.frink,80d055716df662e47c1552d188f60dfafe8655f2,hello.frink,swh:1:cnt:80d055716df662e47c1552d188f60dfafe8655f2;origin=https://github.com/leachim6/hello-world;path=/f/Frink.frink,Frink,Frink,Frink,the contributor (the language the file is named after),hello-world@a152253,,,,not-in-linguist,f/Frink.frink
hello:57efbbeee5f2,gold,,185edc83bb1bd312646db35033667ed4f47e918e,hello,swh:1:cnt:185edc83bb1bd312646db35033667ed4f47e918e;origin=https://github.com/leachim6/hello-world;path=/g/G-BASIC,G-BASIC,G-BASIC,G-BASIC,the contributor (the language the file is named after),hello-world@a152253,,,,not-in-linguist;no-ext,g/G-BASIC
hello:c7fe8f8e94d9,gold,.gaml,581cf36871241391815bdfa48fd5d338809386cf,hello.gaml,swh:1:cnt:581cf36871241391815bdfa48fd5d338809386cf;origin=https://github.com/leachim6/hello-world;path=/g/GAML.gaml,GAML,GAML,GAML,the contributor (the language the file is named after),hello-world@a152253,,,,in-linguist,g/GAML.gaml
hello:e7213856a1bc,gold,.gasoil,76ad02184603740fdd94bfd01f59c75b31bde911,hello.gasoil,swh:1:cnt:76ad02184603740fdd94bfd01f59c75b31bde911;origin=https://github.com/leachim6/hello-world;path=/g/GASOIL.gasoil,GASOIL,GASOIL,GASOIL,the contributor (the language the file is named after),hello-world@a152253,,,,not-in-linguist,g/GASOIL.gasoil
hello:504671f713b5,gold,.gd,835dbcd450816c2beb46082dc032dffcd0f33482,hello.gd,swh:1:cnt:835dbcd450816c2beb46082dc032dffcd0f33482;origin=https://github.com/leachim6/hello-world;path=/g/GDScript.gd,GDScript,GDScript,GDScript,the contributor (the language the file is named after),hello-world@a152253,,,,in-linguist;ambiguous-ext,g/GDScript.gd
hello:41155386159c,gold,,9e5807f8b1be3de1aec97766479e4635ee78d1e7,hello,swh:1:cnt:9e5807f8b1be3de1aec97766479e4635ee78d1e7;origin=https://github.com/leachim6/hello-world;path=/g/GFA Basic,GFA Basic,GFA Basic,GFA Basic,the contributor (the language the file is named after),hello-world@a152253,,,,not-in-linguist;no-ext;shared-bytes,g/GFA Basic
hello:0162d6e0c21c,gold,.gml,22976c19dc02e9fc0c8308163fa07e3dc12fb5df,hello.gml,swh:1:cnt:22976c19dc02e9fc0c8308163fa07e3dc12fb5df;origin=https://github.com/leachim6/hello-world;path=/g/GML.gml,Game Maker Language,GML,Game Maker Language;GML,the contributor (the language the file is named after),hello-world@a152253,,,,in-linguist;ambiguous-ext,g/GML.gml
hello:52aced68ab34,gold,.gpp,95ea4945667e3639083f9a750423e69551abbbbf,hello.gpp,swh:1:cnt:95ea4945667e3639083f9a750423e69551abbbbf;origin=https://github.com/leachim6/hello-world;path=/g/GOTO++.gpp,GOTO++,GOTO++,GOTO++,the contributor (the language the file is named after),hello-world@a152253,,,,not-in-linguist,g/GOTO++.gpp
hello:5749c84ee3af,gold,.sc,13f8bfc091cf2a38d99592ff25e0505e2178c028,hello.sc,swh:1:cnt:13f8bfc091cf2a38d99592ff25e0505e2178c028;origin=https://github.com/leachim6/hello-world;path=/g/GTA3Script.sc,GTA3Script,GTA3Script,GTA3Script,the contributor (the language the file is named after),hello-world@a152253,,,,not-in-linguist;misleading-ext;ambiguous-ext,g/GTA3Script.sc
hello:398887022c4d,gold,.gammaplex,da114c45651ada423b45a1731dbee0aedbe11d42,hello.gammaplex,swh:1:cnt:da114c45651ada423b45a1731dbee0aedbe11d42;origin=https://github.com/leachim6/hello-world;path=/g/Gammaplex.gammaplex,Gammaplex,Gammaplex,Gammaplex,the contributor (the language the file is named after),hello-world@a152253,,,,not-in-linguist,g/Gammaplex.gammaplex
hello:681e5a63158b,gold,.gecho,be3d4f5c13c6f0befa7b3a55c0290aaf8fa185db,hello.gecho,swh:1:cnt:be3d4f5c13c6f0befa7b3a55c0290aaf8fa185db;origin=https://github.com/leachim6/hello-world;path=/g/Gecho.gecho,Gecho,Gecho,Gecho,the contributor (the language the file is named after),hello-world@a152253,,,,not-in-linguist,g/Gecho.gecho
hello:214e0a2dea98,gold,.gs,ee1be0440ba955df1eca8a5858ed3b60feef5257,hello.gs,swh:1:cnt:ee1be0440ba955df1eca8a5858ed3b60feef5257;origin=https://github.com/leachim6/hello-world;path=/g/Genie.gs,Genie,Genie,Genie,the contributor (the language the file is named after),hello-world@a152253,,,,in-linguist;ambiguous-ext,g/Genie.gs
hello:e5af57140006,gold,.gentzen,21b6e1596adda7f36f3cea0b0971a9b68419c3d5,hello.gentzen,swh:1:cnt:21b6e1596adda7f36f3cea0b0971a9b68419c3d5;origin=https://github.com/leachim6/hello-world;path=/g/Gentzen.gentzen,Gentzen,Gentzen,Gentzen,the contributor (the language the file is named after),hello-world@a152253,,,,not-in-linguist,g/Gentzen.gentzen
hello:7af4c373e161,gold,.geojson,7cfd616a22e0ad4e150fee4fefc2f6487c738598,hello.geojson,swh:1:cnt:7cfd616a22e0ad4e150fee4fefc2f6487c738598;origin=https://github.com/leachim6/hello-world;path=/g/GeoJSON.geojson,JSON,GeoJSON,JSON;geojson;jsonl;sarif;topojson;GeoJSON,the contributor (the language the file is named after),hello-world@a152253,,,,in-linguist,g/GeoJSON.geojson
hello:fc0b69bc0110,gold,.gibberish,a6d7349be6a388366b88885363f73c19d22c5cc3,hello.gibberish,swh:1:cnt:a6d7349be6a388366b88885363f73c19d22c5cc3;origin=https://github.com/leachim6/hello-world;path=/g/Gibberish.gibberish,Gibberish,Gibberish,Gibberish,the contributor (the language the file is named after),hello-world@a152253,,,,not-in-linguist,g/Gibberish.gibberish
hello:3fb2829719d2,gold,.yaml,431414c6c1db8118a16e86bd57c72948debe54a4,hello.yaml,swh:1:cnt:431414c6c1db8118a16e86bd57c72948debe54a4;origin=https://github.com/leachim6/hello-world;path=/g/GitHub Actions.yaml,GitHub Actions,GitHub Actions,GitHub Actions,the contributor (the language the file is named after),hello-world@a152253,,,,not-in-linguist;misleading-ext;ambiguous-ext;not-a-language,g/GitHub Actions.yaml
hello:6efceb76b4b0,gold,.glass,55424528a14e6c2b888da29b2d5a19d679af2e3e,hello.glass,swh:1:cnt:55424528a14e6c2b888da29b2d5a19d679af2e3e;origin=https://github.com/leachim6/hello-world;path=/g/Glass.glass,Glass,Glass,Glass,the contributor (the language the file is named after),hello-world@a152253,,,,not-in-linguist,g/Glass.glass
hello:c8407140bd78,gold,.gleam,54fbd69df822a1b212b5ba9e6e4bf96042845b0b,hello.gleam,swh:1:cnt:54fbd69df822a1b212b5ba9e6e4bf96042845b0b;origin=https://github.com/leachim6/hello-world;path=/g/Gleam.gleam,Gleam,Gleam,Gleam,the contributor (the language the file is named after),hello-world@a152253,,,,in-linguist,g/Gleam.gleam
hello:eb234ed0d15c,gold,.glu,714385cb27137b1e8ae27e554a1400f42540d803,hello.glu,swh:1:cnt:714385cb27137b1e8ae27e554a1400f42540d803;origin=https://github.com/leachim6/hello-world;path=/g/Gluon.glu,Gluon,Gluon,Gluon,the contributor (the language the file is named after),hello-world@a152253,,,,not-in-linguist,g/Gluon.glu
hello:44c41a29a22d,gold,.gop,d413cb822b4d5e52745b4f3c90957eab2ea73918,hello.gop,swh:1:cnt:d413cb822b4d5e52745b4f3c90957eab2ea73918;origin=https://github.com/leachim6/hello-world;path=/g/Go+.gop,Go+,Go+,Go+,the contributor (the language the file is named after),hello-world@a152253,,,,not-in-linguist,g/Go+.gop
hello:89173edc5000,gold,.go,f8efa87b9f6d908e4430ec51d4bfaf9594d97ece,hello.go,swh:1:cnt:f8efa87b9f6d908e4430ec51d4bfaf9594d97ece;origin=https://github.com/leachim6/hello-world;path=/g/Go.go,Go,Go,Go;golang,the contributor (the language the file is named after),hello-world@a152253,,,,in-linguist,g/Go.go
hello:5f30e3d8945d,gold,.ml,313e7b973891ffc2505cbf759cd91fb2165c4c72,hello.ml,swh:1:cnt:313e7b973891ffc2505cbf759cd91fb2165c4c72;origin=https://github.com/leachim6/hello-world;path=/g/Gocaml.ml,Gocaml,Gocaml,Gocaml,the contributor (the language the file is named after),hello-world@a152253,,,,not-in-linguist;misleading-ext;ambiguous-ext,g/Gocaml.ml
hello:3172cfa74c9a,gold,.gfi,b44d197bb172e214697ed656002e25bdf1914c0e,hello.gfi,swh:1:cnt:b44d197bb172e214697ed656002e25bdf1914c0e;origin=https://github.com/leachim6/hello-world;path=/g/Goldfish.gfi,Goldfish,Goldfish,Goldfish,the contributor (the language the file is named after),hello-world@a152253,,,,not-in-linguist,g/Goldfish.gfi
hello:bfacf0748463,gold,.golfscript,06ae699f22d413ed488676f933b39080ecaca5a9,hello.golfscript,swh:1:cnt:06ae699f22d413ed488676f933b39080ecaca5a9;origin=https://github.com/leachim6/hello-world;path=/g/Golfscript.golfscript,Golfscript,Golfscript,Golfscript,the contributor (the language the file is named after),hello-world@a152253,,,,not-in-linguist;shared-bytes,g/Golfscript.golfscript
hello:2c573b3931a4,gold,.golo,00b002281ea1a09713b0ce3c4e57a794d58a6014,hello.golo,swh:1:cnt:00b002281ea1a09713b0ce3c4e57a794d58a6014;origin=https://github.com/leachim6/hello-world;path=/g/Golo.golo,Golo,Golo,Golo,the contributor (the language the file is named after),hello-world@a152253,,,,in-linguist,g/Golo.golo
hello:35bb12b69e5c,gold,.gs,e55204ea841c62b7e1e3b326b3166c581717502c,hello.gs,swh:1:cnt:e55204ea841c62b7e1e3b326b3166c581717502c;origin=https://github.com/leachim6/hello-world;path=/g/Google Apps Script.gs,Google Apps Script,Google Apps Script,Google Apps Script,the contributor (the language the file is named after),hello-world@a152253,,,,not-in-linguist;misleading-ext;ambiguous-ext;not-a-language,g/Google Apps Script.gs
hello:1285910637ee,gold,.gosu,8515ee9b664c63258da30f4c2f25c2ef06eae734,hello.gosu,swh:1:cnt:8515ee9b664c63258da30f4c2f25c2ef06eae734;origin=https://github.com/leachim6/hello-world;path=/g/Gosu.gosu,Gosu,Gosu,Gosu,the contributor (the language the file is named after),hello-world@a152253,,,,in-linguist,g/Gosu.gosu
hello:72c65008ed55,gold,.gs,ad35e5ae34d7df6d469bfe65dbfcefe988e0169f,hello.gs,swh:1:cnt:ad35e5ae34d7df6d469bfe65dbfcefe988e0169f;origin=https://github.com/leachim6/hello-world;path=/g/Gosu.gs,Gosu,Gosu,Gosu,the contributor (the language the file is named after),hello-world@a152253,,,,in-linguist;ambiguous-ext;shared-bytes,g/Gosu.gs
hello:f679ff97e07d,gold,.graphql,8939786c05ddd1dbd3429f2c5b4489172fee572f,hello.graphql,swh:1:cnt:8939786c05ddd1dbd3429f2c5b4489172fee572f;origin=https://github.com/leachim6/hello-world;path=/g/GraphQL.graphql,GraphQL,GraphQL,GraphQL,the contributor (the language the file is named after),hello-world@a152253,,,,in-linguist,g/GraphQL.graphql
hello:3d9eb00e5eda,gold,.gravity,c37385d07cafc88aaa84304c2e6d70e080df5afa,hello.gravity,swh:1:cnt:c37385d07cafc88aaa84304c2e6d70e080df5afa;origin=https://github.com/leachim6/hello-world;path=/g/Gravity.gravity,Gravity,Gravity,Gravity,the contributor (the language the file is named after),hello-world@a152253,,,,not-in-linguist,g/Gravity.gravity
hello:f0d7567f6ca3,gold,,729fe2b025733c3667fc9c482b164bb2662b4cda,hello,swh:1:cnt:729fe2b025733c3667fc9c482b164bb2662b4cda;origin=https://github.com/leachim6/hello-world;path=/g/GreeeeeeeeenText,GreeeeeeeeenText,GreeeeeeeeenText,GreeeeeeeeenText,the contributor (the language the file is named after),hello-world@a152253,,,,not-in-linguist;no-ext,g/GreeeeeeeeenText
hello:aa72b2fdb8b6,gold,.gm,7b9281c1cc6c94245a58065995498ddeca454282,hello.gm,swh:1:cnt:7b9281c1cc6c94245a58065995498ddeca454282;origin=https://github.com/leachim6/hello-world;path=/g/Green Marl.gm,Green Marl,Green Marl,Green Marl,the contributor (the language the file is named after),hello-world@a152253,,,,not-in-linguist,g/Green Marl.gm
hello:5b7aa3f65d68,gold,.gri,916b7a3d3975f3908ade6dd6f18fe77c733a07a5,hello.gri,swh:1:cnt:916b7a3d3975f3908ade6dd6f18fe77c733a07a5;origin=https://github.com/leachim6/hello-world;path=/g/Gri.gri,Gri,Gri,Gri,the contributor (the language the file is named after),hello-world@a152253,,,,not-in-linguist,g/Gri.gri
hello:2af7896797df,gold,.gridscript,4d9484b28b5647e0c2637c8643500af8a0df4882,hello.gridscript,swh:1:cnt:4d9484b28b5647e0c2637c8643500af8a0df4882;origin=https://github.com/leachim6/hello-world;path=/g/GridScript.gridscript,GridScript,GridScript,GridScript,the contributor (the language the file is named after),hello-world@a152253,,,,not-in-linguist,g/GridScript.gridscript
hello:e233d1e6f995,gold,.grin,01d0164e3dca4be6c6a7caa915ad6e69033322cc,hello.grin,swh:1:cnt:01d0164e3dca4be6c6a7caa915ad6e69033322cc;origin=https://github.com/leachim6/hello-world;path=/g/Grin.grin,Grin,Grin,Grin,the contributor (the language the file is named after),hello-world@a152253,,,,not-in-linguist;shared-bytes,g/Grin.grin
hello:a657d8d2079b,gold,,cdc067b348e7e9206d8ed32f2a8b3183eac60e02,hello,swh:1:cnt:cdc067b348e7e9206d8ed32f2a8b3183eac60e02;origin=https://github.com/leachim6/hello-world;path=/g/Grok,Grok,Grok,Grok,the contributor (the language the file is named after),hello-world@a152253,,,,not-in-linguist;no-ext,g/Grok
hello:8746fd55692c,gold,.groovy,9510868692414624527f73ad85a555743ef1d5d7,hello.groovy,swh:1:cnt:9510868692414624527f73ad85a555743ef1d5d7;origin=https://github.com/leachim6/hello-world;path=/g/Groovy.groovy,Groovy,Groovy,Groovy,the contributor (the language the file is named after),hello-world@a152253,,,,in-linguist,g/Groovy.groovy
hello:7c6ea27599ab,gold,,e00888d9828b9831ebda830ef8398103b46c78d8,hello,swh:1:cnt:e00888d9828b9831ebda830ef8398103b46c78d8;origin=https://github.com/leachim6/hello-world;path=/g/Gui4Cli,Gui4Cli,Gui4Cli,Gui4Cli,the contributor (the language the file is named after),hello-world@a152253,,,,not-in-linguist;no-ext,g/Gui4Cli
hello:fc26b3fa5074,gold,.groot,4c5d540a95bd02824fb92941377c2aca90a55678,hello.groot,swh:1:cnt:4c5d540a95bd02824fb92941377c2aca90a55678;origin=https://github.com/leachim6/hello-world;path=/g/groot.groot,groot,groot,groot,the contributor (the language the file is named after),hello-world@a152253,,,,not-in-linguist,g/groot.groot
hello:601723626abc,gold,.hpp,6c1c2e981546884f60d2b83ba0a1d094e35ce33e,hello.hpp,swh:1:cnt:6c1c2e981546884f60d2b83ba0a1d094e35ce33e;origin=https://github.com/leachim6/hello-world;path=/h/H++.hpp,H++,H++,H++,the contributor (the language the file is named after),hello-world@a152253,,,,not-in-linguist;misleading-ext,h/H++.hpp
hello:e3d6c8311f73,gold,.hex,28c99818e0b2013cf0ba3d62107c3ac4a901760c,hello.hex,swh:1:cnt:28c99818e0b2013cf0ba3d62107c3ac4a901760c;origin=https://github.com/leachim6/hello-world;path=/h/HEX.hex,HEX,HEX,HEX,the contributor (the language the file is named after),hello-world@a152253,,,,not-in-linguist,h/HEX.hex
hello:54934c04bac6,gold,,9ec735afb12b26713de0d82ef0dfc6c91ca9a58f,hello,swh:1:cnt:9ec735afb12b26713de0d82ef0dfc6c91ca9a58f;origin=https://github.com/leachim6/hello-world;path=/h/HOP,HOP,HOP,HOP,the contributor (the language the file is named after),hello-world@a152253,,,,not-in-linguist;no-ext,h/HOP
hello:596529870689,gold,,6467d9302dca8ecfa917b9d5856f359160f5d1ef,hello,swh:1:cnt:6467d9302dca8ecfa917b9d5856f359160f5d1ef;origin=https://github.com/leachim6/hello-world;path=/h/HP_41C,HP_41C,HP_41C,HP_41C,the contributor (the language the file is named after),hello-world@a152253,,,,not-in-linguist;no-ext,h/HP_41C
hello:f660717aa5ef,gold,,a9edc74f3848050ab04b488787d715349bb9b215,hello,swh:1:cnt:a9edc74f3848050ab04b488787d715349bb9b215;origin=https://github.com/leachim6/hello-world;path=/h/HQ9++,HQ9++,HQ9++,HQ9++,the contributor (the language the file is named after),hello-world@a152253,,,,not-in-linguist;no-ext;shared-bytes,h/HQ9++
hello:e9f5c988ecc6,gold,.h,8ac2eb508956928faf94cbca788daa7b2aeb7735,hello.h,swh:1:cnt:8ac2eb508956928faf94cbca788daa7b2aeb7735;origin=https://github.com/leachim6/hello-world;path=/h/HQ9+.h,HQ9+,HQ9+,HQ9+,the contributor (the language the file is named after),hello-world@a152253,,,,not-in-linguist;misleading-ext;ambiguous-ext,h/HQ9+.h
hello:0a1eba4fb81b,gold,,a9edc74f3848050ab04b488787d715349bb9b215,hello,swh:1:cnt:a9edc74f3848050ab04b488787d715349bb9b215;origin=https://github.com/leachim6/hello-world;path=/h/HQ9funge,HQ9funge,HQ9funge,HQ9funge,the contributor (the language the file is named after),hello-world@a152253,,,,not-in-linguist;no-ext;shared-bytes,h/HQ9funge
hello:47df2589567d,gold,.hsp,2a83ef8b5179a0bebd477642373a3a0968939c6c,hello.hsp,swh:1:cnt:2a83ef8b5179a0bebd477642373a3a0968939c6c;origin=https://github.com/leachim6/hello-world;path=/h/HSP.hsp,HSP,HSP,HSP,the contributor (the language the file is named after),hello-world@a152253,,,,not-in-linguist,h/HSP.hsp
hello:81eb397e0a12,gold,.html,f0b1db7f333ea2f89e457d33086f3e5ae61b5de2,hello.html,swh:1:cnt:f0b1db7f333ea2f89e457d33086f3e5ae61b5de2;origin=https://github.com/leachim6/hello-world;path=/h/HTML.html,HTML,HTML,HTML;xhtml,the contributor (the language the file is named after),hello-world@a152253,,,,in-linguist;ambiguous-ext,h/HTML.html
hello:7adbb38b728a,gold,.py,6b2f8518a906fabd0c8000b6d4085e911d331a8f,hello.py,swh:1:cnt:6b2f8518a906fabd0c8000b6d4085e911d331a8f;origin=https://github.com/leachim6/hello-world;path=/h/HTTP.py,HTTP (hello-world),HTTP,HTTP (hello-world),the contributor (the language the file is named after),hello-world@a152253,,,,not-in-linguist;misleading-ext;not-a-language,h/HTTP.py
hello:6cff41d94150,gold,.hh,7851c79b3f72c966f15f74547ca3588269aa495e,hello.hh,swh:1:cnt:7851c79b3f72c966f15f74547ca3588269aa495e;origin=https://github.com/leachim6/hello-world;path=/h/Hack.hh,Hack,Hack,Hack,the contributor (the language the file is named after),hello-world@a152253,,,,in-linguist;ambiguous-ext,h/Hack.hh
hello:1870e1a17dec,gold,,b8b00aa75f0eb01d8fab09f305bdc91c75f8989b,hello,swh:1:cnt:b8b00aa75f0eb01d8fab09f305bdc91c75f8989b;origin=https://github.com/leachim6/hello-world;path=/h/Haifuckqueue,Haifuckqueue,Haifuckqueue,Haifuckqueue,the contributor (the language the file is named after),hello-world@a152253,,,,not-in-linguist;no-ext,h/Haifuckqueue
hello:43bd229a7ec6,gold,.haml,36fc082666ff913c70ded645436ebc827c21cce3,hello.haml,swh:1:cnt:36fc082666ff913c70ded645436ebc827c21cce3;origin=https://github.com/leachim6/hello-world;path=/h/Haml.haml,Haml,Haml,Haml,the contributor (the language the file is named after),hello-world@a152253,,,,in-linguist,h/Haml.haml
hello:5a910a04ef96,gold,.hm,53af01d892fcc67d3846ee383f8856678e4b2729,hello.hm,swh:1:cnt:53af01d892fcc67d3846ee383f8856678e4b2729;origin=https://github.com/leachim6/hello-world;path=/h/Hamler.hm,Hamler,Hamler,Hamler,the contributor (the language the file is named after),hello-world@a152253,,,,not-in-linguist,h/Hamler.hm
hello:a6750f56b0dc,gold,.prg,17304708f42cc468bda6fb10b11f537e999f5398,hello.prg,swh:1:cnt:17304708f42cc468bda6fb10b11f537e999f5398;origin=https://github.com/leachim6/hello-world;path=/h/Harbour.prg,Harbour,Harbour,Harbour,the contributor (the language the file is named after),hello-world@a152253,,,,in-linguist;misleading-ext,h/Harbour.prg
hello:deb0c6406bf8,gold,.ha,85709c5e0c93450641d9ff5d918c2f306ddbf85e,hello.ha,swh:1:cnt:85709c5e0c93450641d9ff5d918c2f306ddbf85e;origin=https://github.com/leachim6/hello-world;path=/h/Hare.ha,Hare,Hare,Hare,the contributor (the language the file is named after),hello-world@a152253,,,,in-linguist,h/Hare.ha
hello:4445d74d805b,gold,.hs,5710cf0a8d50f43d6b5b60aa9cdffd196acc95f1,hello.hs,swh:1:cnt:5710cf0a8d50f43d6b5b60aa9cdffd196acc95f1;origin=https://github.com/leachim6/hello-world;path=/h/Haskell.hs,Haskell,Haskell,Haskell,the contributor (the language the file is named after),hello-world@a152253,,,,in-linguist,h/Haskell.hs
hello:7a998dddc2f5,gold,.hx,36b9c613678c0173267bbca8a2bbc8366934b01f,hello.hx,swh:1:cnt:36b9c613678c0173267bbca8a2bbc8366934b01f;origin=https://github.com/leachim6/hello-world;path=/h/Haxe.hx,Haxe,Haxe,Haxe,the contributor (the language the file is named after),hello-world@a152253,,,,in-linguist,h/Haxe.hx
hello:24b88c8dcd7f,gold,,be54354a9433a1e798cf17a5cddffbf581e3afa2,hello,swh:1:cnt:be54354a9433a1e798cf17a5cddffbf581e3afa2;origin=https://github.com/leachim6/hello-world;path=/h/Hello,Hello,Hello,Hello,the contributor (the language the file is named after),hello-world@a152253,,,,not-in-linguist;no-ext;shared-bytes,h/Hello
hello:38c0e8eb3592,gold,,be54354a9433a1e798cf17a5cddffbf581e3afa2,hello,swh:1:cnt:be54354a9433a1e798cf17a5cddffbf581e3afa2;origin=https://github.com/leachim6/hello-world;path=/h/Hello++,Hello++,Hello++,Hello++,the contributor (the language the file is named after),hello-world@a152253,,,,not-in-linguist;no-ext;shared-bytes,h/Hello++
hello:574666606cd3,gold,.hexish,63ae9251d5f5fa506b77f9d3a831d8dedf0ceffe,hello.hexish,swh:1:cnt:63ae9251d5f5fa506b77f9d3a831d8dedf0ceffe;origin=https://github.com/leachim6/hello-world;path=/h/Hexish.hexish,Hexish,Hexish,Hexish,the contributor (the language the file is named after),hello-world@a152253,,,,not-in-linguist,h/Hexish.hexish
hello:a774e1c12fbd,gold,.higher_subleq,7af2555445964680f7d21cad8721df1bab59bbd9,hello.higher_subleq,swh:1:cnt:7af2555445964680f7d21cad8721df1bab59bbd9;origin=https://github.com/leachim6/hello-world;path=/h/Higher Subleq.higher_subleq,Higher Subleq,Higher Subleq,Higher Subleq,the contributor (the language the file is named after),hello-world@a152253,,,,not-in-linguist,h/Higher Subleq.higher_subleq
hello:bc2178485dbb,gold,.hd,7307e3f7101d7162ac989579bfeb5a9e5a17b915,hello.hd,swh:1:cnt:7307e3f7101d7162ac989579bfeb5a9e5a17b915;origin=https://github.com/leachim6/hello-world;path=/h/Hodor.hd,Hodor,Hodor,Hodor,the contributor (the language the file is named after),hello-world@a152253,,,,not-in-linguist,h/Hodor.hd
hello:07d32af616de,gold,.hollow,7aff18821afeb1b70fd30b774060208f96ff6492,hello.hollow,swh:1:cnt:7aff18821afeb1b70fd30b774060208f96ff6492;origin=https://github.com/leachim6/hello-world;path=/h/Hollow.hollow,Hollow,Hollow,Hollow,the contributor (the language the file is named after),hello-world@a152253,,,,not-in-linguist,h/Hollow.hollow
hello:42489f0cb914,gold,.HC,84d92ad96b566cee332b79cd865bec6e9b8c9d87,hello.HC,swh:1:cnt:84d92ad96b566cee332b79cd865bec6e9b8c9d87;origin=https://github.com/leachim6/hello-world;path=/h/Holy C.HC,HolyC,Holy C,HolyC;Holy C,the contributor (the language the file is named after),hello-world@a152253,,,,in-linguist,h/Holy C.HC
hello:b9296ae0ae5d,gold,.homespring,c7383059b06872efe5f0db2d4209bd495e0f32d8,hello.homespring,swh:1:cnt:c7383059b06872efe5f0db2d4209bd495e0f32d8;origin=https://github.com/leachim6/hello-world;path=/h/Homespring.homespring,Homespring,Homespring,Homespring,the contributor (the language the file is named after),hello-world@a152253,,,,not-in-linguist,h/Homespring.homespring
hello:ab549c13758a,gold,.coffee,f8da42c5eb69e5e0ada7d29deb1f86356d585965,hello.coffee,swh:1:cnt:f8da42c5eb69e5e0ada7d29deb1f86356d585965;origin=https://github.com/leachim6/hello-world;path=/h/Hubot.coffee,Hubot,Hubot,Hubot,the contributor (the language the file is named after),hello-world@a152253,,,,not-in-linguist;misleading-ext;not-a-language,h/Hubot.coffee
hello:3475ed3133bc,gold,.huf,3917aae4878887c67a9a8363cda7775264a32e38,hello.huf,swh:1:cnt:3917aae4878887c67a9a8363cda7775264a32e38;origin=https://github.com/leachim6/hello-world;path=/h/Huf.huf,Huf,Huf,Huf,the contributor (the language the file is named after),hello-world@a152253,,,,not-in-linguist,h/Huf.huf
hello:81d62bab207c,gold,.hs,abbee9980f00289fac573a404469a47444a21165,hello.hs,swh:1:cnt:abbee9980f00289fac573a404469a47444a21165;origin=https://github.com/leachim6/hello-world;path=/h/Husk.hs,Husk,Husk,Husk,the contributor (the language the file is named after),hello-world@a152253,,,,not-in-linguist;misleading-ext,h/Husk.hs
hello:27bb4c568aeb,gold,.hy,32ac17a21ad3291063158392751ca355c5f726c0,hello.hy,swh:1:cnt:32ac17a21ad3291063158392751ca355c5f726c0;origin=https://github.com/leachim6/hello-world;path=/h/Hy.hy,Hy,Hy,Hy;hylang,the contributor (the language the file is named after),hello-world@a152253,,,,in-linguist;shared-bytes,h/Hy.hy
hello:2c9c8f74025b,gold,.ht,5db34f45e410ac4eb1cd847f11b6f3edf37c5733,hello.ht,swh:1:cnt:5db34f45e410ac4eb1cd847f11b6f3edf37c5733;origin=https://github.com/leachim6/hello-world;path=/h/HyperTalk.ht,HyperTalk,HyperTalk,HyperTalk,the contributor (the language the file is named after),hello-world@a152253,,,,not-in-linguist;shared-bytes,h/HyperTalk.ht
hello:b0905b970f86,gold,,605cbb993d8bb86ff8bac35093e26fa0e9b6ee2e,hello,swh:1:cnt:605cbb993d8bb86ff8bac35093e26fa0e9b6ee2e;origin=https://github.com/leachim6/hello-world;path=/h/H🌍,H🌍,H🌍,H🌍,the contributor (the language the file is named after),hello-world@a152253,,,,not-in-linguist;no-ext,h/H🌍
hello:eada4b8cdb17,gold,.hstk,12ea2a153b7d537abcd47e9532cf5daab9e1f370,hello.hstk,swh:1:cnt:12ea2a153b7d537abcd47e9532cf5daab9e1f370;origin=https://github.com/leachim6/hello-world;path=/h/haystack.hstk,haystack,haystack,haystack,the contributor (the language the file is named after),hello-world@a152253,,,,not-in-linguist,h/haystack.hstk
hello:3208142fbd4b,gold,.i5,ce41d39b18891094583685e8babd374b0fa6dd15,hello.i5,swh:1:cnt:ce41d39b18891094583685e8babd374b0fa6dd15;origin=https://github.com/leachim6/hello-world;path=/i/I5.i5,I5,I5,I5,the contributor (the language the file is named after),hello-world@a152253,,,,not-in-linguist,i/I5.i5
hello:4c1e45d3e46e,gold,,bc28641d815af21f3d7c36ce8226d51704f75cb7,hello,swh:1:cnt:bc28641d815af21f3d7c36ce8226d51704f75cb7;origin=https://github.com/leachim6/hello-world;path=/i/IBM1401,IBM1401,IBM1401,IBM1401,the contributor (the language the file is named after),hello-world@a152253,,,,not-in-linguist;no-ext,i/IBM1401
hello:c27e625539af,gold,.ici,b8236ecb34bd5b8fc9fff14068d589e6fba293e5,hello.ici,swh:1:cnt:b8236ecb34bd5b8fc9fff14068d589e6fba293e5;origin=https://github.com/leachim6/hello-world;path=/i/ICI.ici,ICI,ICI,ICI,the contributor (the language the file is named after),hello-world@a152253,,,,not-in-linguist,i/ICI.ici
hello:5ff9133f84e7,gold,.idk,d8b5de3afa74dce098a1593a8e0610f13468a831,hello.idk,swh:1:cnt:d8b5de3afa74dce098a1593a8e0610f13468a831;origin=https://github.com/leachim6/hello-world;path=/i/IDK.idk,IDK,IDK,IDK,the contributor (the language the file is named after),hello-world@a152253,,,,not-in-linguist,i/IDK.idk
hello:803b4f2acb6f,gold,,d2dc46a0c8b6176f21896f42e214713341ee36a2,hello,swh:1:cnt:d2dc46a0c8b6176f21896f42e214713341ee36a2;origin=https://github.com/leachim6/hello-world;path=/i/IDL,IDL,IDL,IDL,the contributor (the language the file is named after),hello-world@a152253,,,,in-linguist;no-ext,i/IDL
hello:f3be290b8d36,gold,.incal,5ad30398fa3f74f3bceb81bb702944e3ea3c3c56,hello.incal,swh:1:cnt:5ad30398fa3f74f3bceb81bb702944e3ea3c3c56;origin=https://github.com/leachim6/hello-world;path=/i/INCAL.incal,INCAL,INCAL,INCAL,the contributor (the language the file is named after),hello-world@a152253,,,,not-in-linguist,i/INCAL.incal
hello:3cdcc41feb04,gold,,184320d22edf7d923858fd3ed003fce3311f71fb,hello,swh:1:cnt:184320d22edf7d923858fd3ed003fce3311f71fb;origin=https://github.com/leachim6/hello-world;path=/i/IRC,IRC (hello-world),IRC,IRC (hello-world),the contributor (the language the file is named after),hello-world@a152253,,,,not-in-linguist;no-ext,i/IRC
hello:2e4a433ffdfb,gold,.lisp,4fae5f4fce7caf7b29089e3fe95ca0e53e6c316e,hello.lisp,swh:1:cnt:4fae5f4fce7caf7b29089e3fe95ca0e53e6c316e;origin=https://github.com/leachim6/hello-world;path=/i/ISLISP.lisp,ISLISP,ISLISP,ISLISP,the contributor (the language the file is named after),hello-world@a152253,,,,not-in-linguist;misleading-ext;ambiguous-ext,i/ISLISP.lisp
hello:4766cd167208,gold,.itamfsarl,924db7abd82e8acae4a90fac0f03f5769dfcaed9,hello.itamfsarl,swh:1:cnt:924db7abd82e8acae4a90fac0f03f5769dfcaed9;origin=https://github.com/leachim6/hello-world;path=/i/ITAMFSARL.itamfsarl,ITAMFSARL,ITAMFSARL,ITAMFSARL,the contributor (the language the file is named after),hello-world@a152253,,,,not-in-linguist,i/ITAMFSARL.itamfsarl
hello:706da9081295,gold,.ics,89ce6323f33830761b50a176ae76d1fa8b8e6ee5,hello.ics,swh:1:cnt:89ce6323f33830761b50a176ae76d1fa8b8e6ee5;origin=https://github.com/leachim6/hello-world;path=/i/IcedCoffeeScript.ics,IcedCoffeeScript,IcedCoffeeScript,IcedCoffeeScript,the contributor (the language the file is named after),hello-world@a152253,,,,not-in-linguist;misleading-ext;shared-bytes,i/IcedCoffeeScript.ics
hello:5537dc51c319,gold,.icn,215d4c229d8257a57c72649a3e8be603ad204056,hello.icn,swh:1:cnt:215d4c229d8257a57c72649a3e8be603ad204056;origin=https://github.com/leachim6/hello-world;path=/i/Icon.icn,Icon,Icon,Icon,the contributor (the language the file is named after),hello-world@a152253,,,,not-in-linguist,i/Icon.icn
hello:7586adf7156a,gold,.idr,0168ae1127923914f14b5f3ac12943c1a1062365,hello.idr,swh:1:cnt:0168ae1127923914f14b5f3ac12943c1a1062365;origin=https://github.com/leachim6/hello-world;path=/i/Idris.idr,Idris,Idris,Idris,the contributor (the language the file is named after),hello-world@a152253,,,,in-linguist,i/Idris.idr
hello:4b4ab5e22dd4,gold,.il,81796ee6e529cde74a82fc1783053332c388639a,hello.il,swh:1:cnt:81796ee6e529cde74a82fc1783053332c388639a;origin=https://github.com/leachim6/hello-world;path=/i/Il.il,IL Assembly,Il,IL Assembly;ilasm;msil;Il,the contributor (the language the file is named after),hello-world@a152253,,,,in-linguist,i/Il.il
hello:352855161072,gold,.indec,030156da332e198b3a497a3e2faa49ca6fc86883,hello.indec,swh:1:cnt:030156da332e198b3a497a3e2faa49ca6fc86883;origin=https://github.com/leachim6/hello-world;path=/i/InDec.indec,InDec,InDec,InDec,the contributor (the language the file is named after),hello-world@a152253,,,,not-in-linguist,i/InDec.indec
hello:d14332b66ef6,gold,.inform,0d3b38edf7d876c09162b1512334d15866b15a1a,hello.inform,swh:1:cnt:0d3b38edf7d876c09162b1512334d15866b15a1a;origin=https://github.com/leachim6/hello-world;path=/i/Inform.inform,Inform 7,Inform,Inform 7;i7;inform7;Inform,the contributor (the language the file is named after),hello-world@a152253,,,,in-linguist,i/Inform.inform
hello:15a25dbac78d,gold,.ink,557db03de997c86a4a028e1ebd3a1ceb225be238,hello.ink,swh:1:cnt:557db03de997c86a4a028e1ebd3a1ceb225be238;origin=https://github.com/leachim6/hello-world;path=/i/Ink.ink,Ink,Ink,Ink,the contributor (the language the file is named after),hello-world@a152253,,,,in-linguist;shared-bytes,i/Ink.ink
hello:c7ea7d3fdb70,gold,.ink,958340aa9cb0ed9fbb3e151aa114fd27c959cb32,hello.ink,swh:1:cnt:958340aa9cb0ed9fbb3e151aa114fd27c959cb32;origin=https://github.com/leachim6/hello-world;path=/i/Inkling.ink,Inkling,Inkling,Inkling,the contributor (the language the file is named after),hello-world@a152253,,,,not-in-linguist;misleading-ext,i/Inkling.ink
hello:e7d5e18d7f24,gold,,1d8eb5dc568119bc69aa23c046ba928de66ffed2,hello,swh:1:cnt:1d8eb5dc568119bc69aa23c046ba928de66ffed2;origin=https://github.com/leachim6/hello-world;path=/i/Integral,Integral,Integral,Integral,the contributor (the language the file is named after),hello-world@a152253,,,,not-in-linguist;no-ext,i/Integral
hello:c729fb56810c,gold,.i,a385a60a121274b672c9c32d9568557cd5f23ecc,hello.i,swh:1:cnt:a385a60a121274b672c9c32d9568557cd5f23ecc;origin=https://github.com/leachim6/hello-world;path=/i/Intercal.i,Intercal,Intercal,Intercal,the contributor (the language the file is named after),hello-world@a152253,,,,not-in-linguist;misleading-ext;ambiguous-ext,i/Intercal.i
hello:d96149c2ff19,gold,.Io,99b2e661176b4ad7a09f7fb3174d7624d2321803,hello.Io,swh:1:cnt:99b2e661176b4ad7a09f7fb3174d7624d2321803;origin=https://github.com/leachim6/hello-world;path=/i/Io.Io,Io,Io,Io,the contributor (the language the file is named after),hello-world@a152253,,,,in-linguist,i/Io.Io
hello:c3d3b7e2d470,gold,.ik,5c6118713ad145df0b05f56597f9e15980c6b60a,hello.ik,swh:1:cnt:5c6118713ad145df0b05f56597f9e15980c6b60a;origin=https://github.com/leachim6/hello-world;path=/i/Ioke.ik,Ioke,Ioke,Ioke,the contributor (the language the file is named after),hello-world@a152253,,,,in-linguist,i/Ioke.ik
hello:30083a2e5ceb,gold,.ss,491bb5d8082b5ac2775fe13bf87696b7cadcb515,hello.ss,swh:1:cnt:491bb5d8082b5ac2775fe13bf87696b7cadcb515;origin=https://github.com/leachim6/hello-world;path=/i/IronScheme.ss,IronScheme,IronScheme,IronScheme,the contributor (the language the file is named after),hello-world@a152253,,,,not-in-linguist;misleading-ext;not-a-language,i/IronScheme.ss
hello:291d9312025c,gold,.iscom,8c657d417392f557a0b4842e41d45639004c08bf,hello.iscom,swh:1:cnt:8c657d417392f557a0b4842e41d45639004c08bf;origin=https://github.com/leachim6/hello-world;path=/i/Iscom.iscom,Iscom,Iscom,Iscom,the contributor (the language the file is named after),hello-world@a152253,,,,not-in-linguist,i/Iscom.iscom
hello:73ca14de0e69,gold,.jsl,e51fad7a0ef48309a3c2b58342520d60b77e3851,hello.jsl,swh:1:cnt:e51fad7a0ef48309a3c2b58342520d60b77e3851;origin=https://github.com/leachim6/hello-world;path=/j/J#.jsl,J#,J#,J#,the contributor (the language the file is named after),hello-world@a152253,,,,not-in-linguist,j/J#.jsl
hello:99416e43dcd2,gold,.ijs,42e92616f88faafe6085102939310c38bbe3dabe,hello.ijs,swh:1:cnt:42e92616f88faafe6085102939310c38bbe3dabe;origin=https://github.com/leachim6/hello-world;path=/j/J.ijs,J,J,J,the contributor (the language the file is named after),hello-world@a152253,,,,in-linguist,j/J.ijs
hello:1fa457084474,gold,.js,644009cfda554f617ccdea27bf81ad006494d858,hello.js,swh:1:cnt:644009cfda554f617ccdea27bf81ad006494d858;origin=https://github.com/leachim6/hello-world;path=/j/JSFuck.js,JSFuck,JSFuck,JSFuck,the contributor (the language the file is named after),hello-world@a152253,,,,not-in-linguist;misleading-ext,j/JSFuck.js
hello:a93c2f657f4a,gold,.json,de0657ddeaa9b7b0211c3b5f704cb7ee93f439e6,hello.json,swh:1:cnt:de0657ddeaa9b7b0211c3b5f704cb7ee93f439e6;origin=https://github.com/leachim6/hello-world;path=/j/JSON.json,JSON,JSON,JSON;geojson;jsonl;sarif;topojson,the contributor (the language the file is named after),hello-world@a152253,,,,in-linguist;ambiguous-ext,j/JSON.json
hello:2d399f9ad664,gold,,06ae699f22d413ed488676f933b39080ecaca5a9,hello,swh:1:cnt:06ae699f22d413ed488676f933b39080ecaca5a9;origin=https://github.com/leachim6/hello-world;path=/j/JSONiq,JSONiq,JSONiq,JSONiq,the contributor (the language the file is named after),hello-world@a152253,,,,in-linguist;no-ext;shared-bytes,j/JSONiq
hello:5350159da302,gold,.jsx,056c4fbf982957fc81259007f686ebdae7014dce,hello.jsx,swh:1:cnt:056c4fbf982957fc81259007f686ebdae7014dce;origin=https://github.com/leachim6/hello-world;path=/j/JSX(DeNA).jsx,JSX(DeNA),JSX(DeNA),JSX(DeNA),the contributor (the language the file is named after),hello-world@a152253,,,,not-in-linguist;misleading-ext,j/JSX(DeNA).jsx
hello:a9e02f8b2b96,gold,.js,ed3f9a5af11272bb53f331c67c913498ff9a842c,hello.js,swh:1:cnt:ed3f9a5af11272bb53f331c67c913498ff9a842c;origin=https://github.com/leachim6/hello-world;path=/j/JSX(Facebook).js,JSX(Facebook),JSX(Facebook),JSX(Facebook),the contributor (the language the file is named after),hello-world@a152253,,,,not-in-linguist;misleading-ext,j/JSX(Facebook).js
hello:935a90f9ecd0,gold,.js,b1da23de3a248458f7ca44cf7d8c739e8a39146c,hello.js,swh:1:cnt:b1da23de3a248458f7ca44cf7d8c739e8a39146c;origin=https://github.com/leachim6/hello-world;path=/j/JScript.js,JScript,JScript,JScript,the contributor (the language the file is named after),hello-world@a152253,,,,not-in-linguist;misleading-ext,j/JScript.js
hello:e10069892514,gold,.jade,4b11ea2053d01478cddfbdb066e2996aefe21ad1,hello.jade,swh:1:cnt:4b11ea2053d01478cddfbdb066e2996aefe21ad1;origin=https://github.com/leachim6/hello-world;path=/j/Jade.jade,Pug,Jade,Pug;Jade,the contributor (the language the file is named after),hello-world@a152253,,,,in-linguist,j/Jade.jade
hello:9c35aae0676f,gold,.jai,67dd58992e1ed86fc1ee034c02c4682de54c0001,hello.jai,swh:1:cnt:67dd58992e1ed86fc1ee034c02c4682de54c0001;origin=https://github.com/leachim6/hello-world;path=/j/Jai.jai,Jai,Jai,Jai,the contributor (the language the file is named after),hello-world@a152253,,,,in-linguist,j/Jai.jai
hello:b866602f2f5b,gold,.jakt,6540b7b5a85bd5de07391b9b2c30c2a610f571b9,hello.jakt,swh:1:cnt:6540b7b5a85bd5de07391b9b2c30c2a610f571b9;origin=https://github.com/leachim6/hello-world;path=/j/Jakt.jakt,Jakt,Jakt,Jakt,the contributor (the language the file is named after),hello-world@a152253,,,,not-in-linguist,j/Jakt.jakt
hello:e9bdfa3beac8,gold,.j,3675abfd715fa971991ca1ae244dc852fc07ef8b,hello.j,swh:1:cnt:3675abfd715fa971991ca1ae244dc852fc07ef8b;origin=https://github.com/leachim6/hello-world;path=/j/Jasmin.j,Jasmin,Jasmin,Jasmin,the contributor (the language the file is named after),hello-world@a152253,,,,in-linguist;ambiguous-ext,j/Jasmin.j
hello:ed49dd6967b1,gold,.mas2j,8ebe75bc91778db823994399c29ea714c5f2c5df,hello.mas2j,swh:1:cnt:8ebe75bc91778db823994399c29ea714c5f2c5df;origin=https://github.com/leachim6/hello-world;path=/j/Jason.mas2j,Jason,Jason,Jason,the contributor (the language the file is named after),hello-world@a152253,,,,not-in-linguist,j/Jason.mas2j
hello:8f000cf15498,gold,.java,3ced34f1058fdf86d0afea049c1477735b2a2e1a,hello.java,swh:1:cnt:3ced34f1058fdf86d0afea049c1477735b2a2e1a;origin=https://github.com/leachim6/hello-world;path=/j/Java.java,Java,Java,Java,the contributor (the language the file is named after),hello-world@a152253,,,,in-linguist,j/Java.java
hello:a8707e759225,gold,.js,accefceba62b4874a613a2336de33ee716e99931,hello.js,swh:1:cnt:accefceba62b4874a613a2336de33ee716e99931;origin=https://github.com/leachim6/hello-world;path=/j/JavaScript.js,JavaScript,JavaScript,JavaScript;js;node,the contributor (the language the file is named after),hello-world@a152253,,,,in-linguist;shared-bytes,j/JavaScript.js
hello:4924d31d44a3,gold,.j,9a880caa6ebbebb073f4147230a3c09d833a6bdb,hello.j,swh:1:cnt:9a880caa6ebbebb073f4147230a3c09d833a6bdb;origin=https://github.com/leachim6/hello-world;path=/j/Jelly.j,Jelly,Jelly,Jelly,the contributor (the language the file is named after),hello-world@a152253,,,,not-in-linguist;misleading-ext;ambiguous-ext,j/Jelly.j
hello:9334b5f1b9e4,gold,,ae510c2e78e00319616d651873c21157557d71f5,hello,swh:1:cnt:ae510c2e78e00319616d651873c21157557d71f5;origin=https://github.com/leachim6/hello-world;path=/j/Jenkinsfile,Jenkinsfile,Jenkinsfile,Jenkinsfile,the contributor (the language the file is named after),hello-world@a152253,,,,not-in-linguist;no-ext;not-a-language,j/Jenkinsfile
hello:a7043ee3ddfd,gold,.cpl,e894f2cc26fcb1b876f0c994cd2d90dc1c50d6e4,hello.cpl,swh:1:cnt:e894f2cc26fcb1b876f0c994cd2d90dc1c50d6e4;origin=https://github.com/leachim6/hello-world;path=/j/Jess.cpl,Jess,Jess,Jess,the contributor (the language the file is named after),hello-world@a152253,,,,not-in-linguist,j/Jess.cpl
hello:bde122c3eb6b,gold,.ol,14979fbdf521e2e0d9c755d7ac261b613f0779bb,hello.ol,swh:1:cnt:14979fbdf521e2e0d9c755d7ac261b613f0779bb;origin=https://github.com/leachim6/hello-world;path=/j/Jolie.ol,Jolie,Jolie,Jolie,the contributor (the language the file is named after),hello-world@a152253,,,,in-linguist,j/Jolie.ol
hello:69725d3414b5,gold,,329fcd0ff681bb38016fef15add9656eb32b50f5,hello,swh:1:cnt:329fcd0ff681bb38016fef15add9656eb32b50f5;origin=https://github.com/leachim6/hello-world;path=/j/JudoScript,JudoScript,JudoScript,JudoScript,the contributor (the language the file is named after),hello-world@a152253,,,,not-in-linguist;no-ext,j/JudoScript
hello:c402030a01c7,gold,.jl,f3fb71ad3ee3171d8107b597dad7e2bce5f39799,hello.jl,swh:1:cnt:f3fb71ad3ee3171d8107b597dad7e2bce5f39799;origin=https://github.com/leachim6/hello-world;path=/j/Julia.jl,Julia,Julia,Julia,the contributor (the language the file is named after),hello-world@a152253,,,,in-linguist;shared-bytes,j/Julia.jl
hello:5661e885b5ba,gold,.py,7cc66da0fe4b4f4f460dd60d31d83bb53a11b218,hello.py,swh:1:cnt:7cc66da0fe4b4f4f460dd60d31d83bb53a11b218;origin=https://github.com/leachim6/hello-world;path=/j/Jython.py,Jython,Jython,Jython,the contributor (the language the file is named after),hello-world@a152253,,,,not-in-linguist;misleading-ext;not-a-language,j/Jython.py
hello:fe0bc16ba6d2,gold,.k,4fc99e24018a6eac1d9dad48fff89bb78a70b9f3,hello.k,swh:1:cnt:4fc99e24018a6eac1d9dad48fff89bb78a70b9f3;origin=https://github.com/leachim6/hello-world;path=/k/K.k,K,K,K,the contributor (the language the file is named after),hello-world@a152253,,,,not-in-linguist;misleading-ext;ambiguous-ext,k/K.k
hello:40b07aa74b52,gold,.ksh,26e1a55a9d1611fd68d041f1aded6ce312660040,hello.ksh,swh:1:cnt:26e1a55a9d1611fd68d041f1aded6ce312660040;origin=https://github.com/leachim6/hello-world;path=/k/KSH.ksh,Shell,KSH,Shell;sh;shell-script;bash;zsh;envrc;KSH,the contributor (the language the file is named after),hello-world@a152253,,,,in-linguist,k/KSH.ksh
hello:f22fe7bf0b53,gold,.ksp,16c992771342dd894a5d1a45dd7cc945b82faa17,hello.ksp,swh:1:cnt:16c992771342dd894a5d1a45dd7cc945b82faa17;origin=https://github.com/leachim6/hello-world;path=/k/KSP.ksp,KSP,KSP,KSP,the contributor (the language the file is named after),hello-world@a152253,,,,not-in-linguist,k/KSP.ksp
hello:0f2b7d02ca02,gold,.kl,960a22f73bd54d98b40618d62335b3132b1562a7,hello.kl,swh:1:cnt:960a22f73bd54d98b40618d62335b3132b1562a7;origin=https://github.com/leachim6/hello-world;path=/k/Karel.kl,Karel,Karel,Karel,the contributor (the language the file is named after),hello-world@a152253,,,,not-in-linguist,k/Karel.kl
hello:7bc519af88e7,gold,.ked,75bbe7a7d8b9452f7b8f930ee2f65e20d4ae3bb0,hello.ked,swh:1:cnt:75bbe7a7d8b9452f7b8f930ee2f65e20d4ae3bb0;origin=https://github.com/leachim6/hello-world;path=/k/Ked.ked,Ked,Ked,Ked,the contributor (the language the file is named after),hello-world@a152253,,,,not-in-linguist,k/Ked.ked
hello:ac2474e1bcc0,gold,.kiml,05c94ba017b75aabb0e36987e96176b6ed82d7bc,hello.kiml,swh:1:cnt:05c94ba017b75aabb0e36987e96176b6ed82d7bc;origin=https://github.com/leachim6/hello-world;path=/k/KimL.kiml,KimL,KimL,KimL,the contributor (the language the file is named after),hello-world@a152253,,,,not-in-linguist,k/KimL.kiml
hello:003de437abd2,gold,.kx,c9a298e7f40badc2882d1eea240d6fa02676145f,hello.kx,swh:1:cnt:c9a298e7f40badc2882d1eea240d6fa02676145f;origin=https://github.com/leachim6/hello-world;path=/k/Kinx.kx,Kinx,Kinx,Kinx,the contributor (the language the file is named after),hello-world@a152253,,,,not-in-linguist,k/Kinx.kx
hello:d99232813bf6,gold,.kipple,a9f61ea0c754e455bac80e7f978d0f44e5a6bbeb,hello.kipple,swh:1:cnt:a9f61ea0c754e455bac80e7f978d0f44e5a6bbeb;origin=https://github.com/leachim6/hello-world;path=/k/Kipple.kipple,Kipple,Kipple,Kipple,the contributor (the language the file is named after),hello-world@a152253,,,,not-in-linguist,k/Kipple.kipple
hello:c1a93480bc3d,gold,.ktn,ce438bd29eb93213cce4cf0cbf7e44fee3d789b0,hello.ktn,swh:1:cnt:ce438bd29eb93213cce4cf0cbf7e44fee3d789b0;origin=https://github.com/leachim6/hello-world;path=/k/Kitanai.ktn,Kitanai,Kitanai,Kitanai,the contributor (the language the file is named after),hello-world@a152253,,,,not-in-linguist;shared-bytes,k/Kitanai.ktn
hello:e05f5b6a68d1,gold,.ktn,138383244dce6a964ceb85e0f6b3bbc3934d21d7,hello.ktn,swh:1:cnt:138383244dce6a964ceb85e0f6b3bbc3934d21d7;origin=https://github.com/leachim6/hello-world;path=/k/Kitten.ktn,Kitten,Kitten,Kitten,the contributor (the language the file is named after),hello-world@a152253,,,,not-in-linguist,k/Kitten.ktn
hello:c1d31dad2c2f,gold,.py,3a432dda577a51a3e5a9f4e8c71c2781b6db48c1,hello.py,swh:1:cnt:3a432dda577a51a3e5a9f4e8c71c2781b6db48c1;origin=https://github.com/leachim6/hello-world;path=/k/Kivy.py,Kivy,Kivy,Kivy,the contributor (the language the file is named after),hello-world@a152253,,,,not-in-linguist;misleading-ext;not-a-language,k/Kivy.py
hello:ca879cf0a8cf,gold,.js,38067b19b833156689e759c1722c3f5f75728e4b,hello.js,swh:1:cnt:38067b19b833156689e759c1722c3f5f75728e4b;origin=https://github.com/leachim6/hello-world;path=/k/Koa.js,Koa,Koa,Koa,the contributor (the language the file is named after),hello-world@a152253,,,,not-in-linguist;misleading-ext;not-a-language,k/Koa.js
hello:808c65bc7f1a,gold,.koberice,fa908d9e324680c3392f89a0b3f8df43339967f2,hello.koberice,swh:1:cnt:fa908d9e324680c3392f89a0b3f8df43339967f2;origin=https://github.com/leachim6/hello-world;path=/k/Kobeři-C.koberice,Kobeři-C,Kobeři-C,Kobeři-C,the contributor (the language the file is named after),hello-world@a152253,,,,not-in-linguist,k/Kobeři-C.koberice
hello:dfc984c7fe0d,gold,.kojo,233e948b12aa9b9c5d9579885702e52b4678e094,hello.kojo,swh:1:cnt:233e948b12aa9b9c5d9579885702e52b4678e094;origin=https://github.com/leachim6/hello-world;path=/k/Kojo.kojo,Kojo,Kojo,Kojo,the contributor (the language the file is named after),hello-world@a152253,,,,not-in-linguist;misleading-ext,k/Kojo.kojo
hello:b8693000addf,gold,.kk,75624309aebbcf65fc3db74a0bdc48ff249b5a7c,hello.kk,swh:1:cnt:75624309aebbcf65fc3db74a0bdc48ff249b5a7c;origin=https://github.com/leachim6/hello-world;path=/k/Koka.kk,Koka,Koka,Koka,the contributor (the language the file is named after),hello-world@a152253,,,,in-linguist,k/Koka.kk
hello:d41e732b38c1,gold,.kts,f3fb71ad3ee3171d8107b597dad7e2bce5f39799,hello.kts,swh:1:cnt:f3fb71ad3ee3171d8107b597dad7e2bce5f39799;origin=https://github.com/leachim6/hello-world;path=/k/Kotlin Script.kts,Kotlin,Kotlin Script,Kotlin;Kotlin Script,the contributor (the language the file is named after),hello-world@a152253,,,,in-linguist;shared-bytes,k/Kotlin Script.kts
hello:f8d586daea6f,gold,.kt,ae52366f888f085ec6426c8896017103fd4ffcb0,hello.kt,swh:1:cnt:ae52366f888f085ec6426c8896017103fd4ffcb0;origin=https://github.com/leachim6/hello-world;path=/k/Kotlin.kt,Kotlin,Kotlin,Kotlin,the contributor (the language the file is named after),hello-world@a152253,,,,in-linguist,k/Kotlin.kt
hello:3af7d3927c20,gold,.kn,959ebe592925899fc37525e01173680f39be239f,hello.kn,swh:1:cnt:959ebe592925899fc37525e01173680f39be239f;origin=https://github.com/leachim6/hello-world;path=/k/Kuin.kn,Kuin,Kuin,Kuin,the contributor (the language the file is named after),hello-world@a152253,,,,not-in-linguist,k/Kuin.kn
hello:4267e4d2b1f9,gold,.kum,4876d0eb406223b3bcd39ed6c68457ebd336906b,hello.kum,swh:1:cnt:4876d0eb406223b3bcd39ed6c68457ebd336906b;origin=https://github.com/leachim6/hello-world;path=/k/Kumir.kum,Kumir,Kumir,Kumir,the contributor (the language the file is named after),hello-world@a152253,,,,not-in-linguist,k/Kumir.kum
hello:21bf37f7a82e,gold,.kv,ae4d49974656dd4f5d0745c5ae5d935d7edcde46,hello.kv,swh:1:cnt:ae4d49974656dd4f5d0745c5ae5d935d7edcde46;origin=https://github.com/leachim6/hello-world;path=/k/Kv.kv,kvlang,Kv,kvlang;Kv,the contributor (the language the file is named after),hello-world@a152253,,,,in-linguist,k/Kv.kv
hello:784297a03f7b,gold,.lbl,655b77f7012c67aa5127530dc1473e2a4e33be79,hello.lbl,swh:1:cnt:655b77f7012c67aa5127530dc1473e2a4e33be79;origin=https://github.com/leachim6/hello-world;path=/l/LBL.lbl,LBL,LBL,LBL,the contributor (the language the file is named after),hello-world@a152253,,,,not-in-linguist,l/LBL.lbl
hello:3a6bb79c749c,gold,.lcoff,ce438bd29eb93213cce4cf0cbf7e44fee3d789b0,hello.lcoff,swh:1:cnt:ce438bd29eb93213cce4cf0cbf7e44fee3d789b0;origin=https://github.com/leachim6/hello-world;path=/l/LCoffee.lcoff,LCoffee,LCoffee,LCoffee,the contributor (the language the file is named after),hello-world@a152253,,,,not-in-linguist;shared-bytes,l/LCoffee.lcoff
hello:585845416cb5,gold,.ent,7dacd0fc0097b42d00b7517e9c3308160eee6753,hello.ent,swh:1:cnt:7dacd0fc0097b42d00b7517e9c3308160eee6753;origin=https://github.com/leachim6/hello-world;path=/l/LINE entry.ent,LINE entry,LINE entry,LINE entry,the contributor (the language the file is named after),hello-world@a152253,,,,not-in-linguist;binary,l/LINE entry.ent
hello:9f7ff32ee51f,gold,.ll,9042763371d53a2295699d7fa8defadb64b24247,hello.ll,swh:1:cnt:9042763371d53a2295699d7fa8defadb64b24247;origin=https://github.com/leachim6/hello-world;path=/l/LLVM.ll,LLVM,LLVM,LLVM,the contributor (the language the file is named after),hello-world@a152253,,,,in-linguist,l/LLVM.ll
hello:bc96635d745e,gold,.lnusp,7701225a356dbf592d1a404375354de0a5b2b063,hello.lnusp,swh:1:cnt:7701225a356dbf592d1a404375354de0a5b2b063;origin=https://github.com/leachim6/hello-world;path=/l/LNUSP.lnusp,LNUSP,LNUSP,LNUSP,the contributor (the language the file is named after),hello-world@a152253,,,,not-in-linguist,l/LNUSP.lnusp
hello:97e7f73fc137,gold,.lola,c82a1c49f02ea2c4e3d1a675a085998e6ab8005e,hello.lola,swh:1:cnt:c82a1c49f02ea2c4e3d1a675a085998e6ab8005e;origin=https://github.com/leachim6/hello-world;path=/l/LOLA.lola,LOLA,LOLA,LOLA,the contributor (the language the file is named after),hello-world@a152253,,,,not-in-linguist,l/LOLA.lola
hello:b71c12f234ff,gold,.lol,baace9e283efc6ee36db3f06a3c983657574928b,hello.lol,swh:1:cnt:baace9e283efc6ee36db3f06a3c983657574928b;origin=https://github.com/leachim6/hello-world;path=/l/LOLCODE.lol,LOLCODE,LOLCODE,LOLCODE,the contributor (the language the file is named after),hello-world@a152253,,,,in-linguist,l/LOLCODE.lol
hello:ebcd40aa4534,gold,.lol,20c37de7421d2d4f9ebacea4e212fe336444ecea,hello.lol,swh:1:cnt:20c37de7421d2d4f9ebacea4e212fe336444ecea;origin=https://github.com/leachim6/hello-world;path=/l/LOLPython.lol,LOLPython,LOLPython,LOLPython,the contributor (the language the file is named after),hello-world@a152253,,,,not-in-linguist;misleading-ext,l/LOLPython.lol
hello:1e5c0c6b3717,gold,.lsl,85c6c487d8ad78fdfc4581138e07eab8eec8f805,hello.lsl,swh:1:cnt:85c6c487d8ad78fdfc4581138e07eab8eec8f805;origin=https://github.com/leachim6/hello-world;path=/l/LSL.lsl,LSL,LSL,LSL,the contributor (the language the file is named after),hello-world@a152253,,,,in-linguist,l/LSL.lsl
hello:62f406e2b94a,gold,.html,3f7698b8c86342078580d4ed06aae0856bd901df,hello.html,swh:1:cnt:3f7698b8c86342078580d4ed06aae0856bd901df;origin=https://github.com/leachim6/hello-world;path=/l/LWC.html,LWC,LWC,LWC,the contributor (the language the file is named after),hello-world@a152253,,,,not-in-linguist;misleading-ext;ambiguous-ext;not-a-language,l/LWC.html
hello:14dfab0fdc77,gold,.tex,d27547becc970c4c588579361026472108ebf439,hello.tex,swh:1:cnt:d27547becc970c4c588579361026472108ebf439;origin=https://github.com/leachim6/hello-world;path=/l/LaTeX.tex,TeX,LaTeX,TeX;latex;LaTeX,the contributor (the language the file is named after),hello-world@a152253,,,,in-linguist,l/LaTeX.tex
hello:42856bf2f8c1,gold,.labyrinth,aa1e8c9b002a03a3172bc44b4e5fc794c2906553,hello.labyrinth,swh:1:cnt:aa1e8c9b002a03a3172bc44b4e5fc794c2906553;origin=https://github.com/leachim6/hello-world;path=/l/Labyrinth.labyrinth,Labyrinth,Labyrinth,Labyrinth,the contributor (the language the file is named after),hello-world@a152253,,,,not-in-linguist,l/Labyrinth.labyrinth
hello:a41bd2eab930,gold,.lasso,1187679cbee6320bd26421189da0f48b5d915fa4,hello.lasso,swh:1:cnt:1187679cbee6320bd26421189da0f48b5d915fa4;origin=https://github.com/leachim6/hello-world;path=/l/LassoScript.lasso,Lasso,LassoScript,Lasso;lassoscript;LassoScript,the contributor (the language the file is named after),hello-world@a152253,,,,in-linguist,l/LassoScript.lasso
hello:33c872bd5b41,gold,.lat,6b7d54fe29d80adce4a3910d63dee1a65a60de51,hello.lat,swh:1:cnt:6b7d54fe29d80adce4a3910d63dee1a65a60de51;origin=https://github.com/leachim6/hello-world;path=/l/Latino.lat,Latino,Latino,Latino,the contributor (the language the file is named after),hello-world@a152253,,,,not-in-linguist,l/Latino.lat
hello:c68db1aba24c,gold,.lazy,6243802fa4175bc449636f58df32c33d05798875,hello.lazy,swh:1:cnt:6243802fa4175bc449636f58df32c33d05798875;origin=https://github.com/leachim6/hello-world;path=/l/LazyK.lazy,LazyK,LazyK,LazyK,the contributor (the language the file is named after),hello-world@a152253,,,,not-in-linguist,l/LazyK.lazy
hello:ca47244b837e,gold,.lean,6981508b91e4fd4ff0bfa0e123166ac1cf53be91,hello.lean,swh:1:cnt:6981508b91e4fd4ff0bfa0e123166ac1cf53be91;origin=https://github.com/leachim6/hello-world;path=/l/Lean.lean,Lean,Lean,Lean;Lean 4;lean4,the contributor (the language the file is named after),hello-world@a152253,,,,in-linguist;ambiguous-ext,l/Lean.lean
hello:629614ed412b,gold,.less,0598c63aa89d9e26268a4b4e4e52f1923a1315b3,hello.less,swh:1:cnt:0598c63aa89d9e26268a4b4e4e52f1923a1315b3;origin=https://github.com/leachim6/hello-world;path=/l/Less.less,Less,Less,Less;less-css,the contributor (the language the file is named after),hello-world@a152253,,,,in-linguist,l/Less.less
hello:30c1d3a10d0e,gold,.leszek,802b4eda59533ecd1e22f0ee20d5fd39cf9ef150,hello.leszek,swh:1:cnt:802b4eda59533ecd1e22f0ee20d5fd39cf9ef150;origin=https://github.com/leachim6/hello-world;path=/l/Leszek.leszek,Leszek,Leszek,Leszek,the contributor (the language the file is named after),hello-world@a152253,,,,not-in-linguist,l/Leszek.leszek
hello:8d2c6f25f868,gold,.bas,a8f459a9cc8e283944520650f691d2036f2fa1f4,hello.bas,swh:1:cnt:a8f459a9cc8e283944520650f691d2036f2fa1f4;origin=https://github.com/leachim6/hello-world;path=/l/LibreOffice Basic.bas,LibreOffice Basic,LibreOffice Basic,LibreOffice Basic,the contributor (the language the file is named after),hello-world@a152253,,,,not-in-linguist;misleading-ext;ambiguous-ext,l/LibreOffice Basic.bas
hello:40343391aa71,gold,.lp,cbe3147628ad6e986904a1a2b48052e43227bc73,hello.lp,"swh:1:cnt:cbe3147628ad6e986904a1a2b48052e43227bc73;origin=https://github.com/leachim6/hello-world;path=/l/Like, Python.lp","Like, Python","Like, Python","Like, Python",the contributor (the language the file is named after),hello-world@a152253,,,,not-in-linguist;misleading-ext;ambiguous-ext,"l/Like, Python.lp"
hello:65bfe651778b,gold,.ly,fbdaef52c1c2d9745b44bb851a1b8bfa47241488,hello.ly,swh:1:cnt:fbdaef52c1c2d9745b44bb851a1b8bfa47241488;origin=https://github.com/leachim6/hello-world;path=/l/LilyPond.ly,LilyPond,LilyPond,LilyPond,the contributor (the language the file is named after),hello-world@a152253,,,,in-linguist,l/LilyPond.ly
hello:3a997e0637b0,gold,.b,279cbac6621d7ce26caee1b752044d3de5438082,hello.b,swh:1:cnt:279cbac6621d7ce26caee1b752044d3de5438082;origin=https://github.com/leachim6/hello-world;path=/l/Limbo.b,Limbo,Limbo,Limbo,the contributor (the language the file is named after),hello-world@a152253,,,,in-linguist;ambiguous-ext,l/Limbo.b
hello:fa03e37cfa1e,gold,.lg4,fc18ec7945133ccb0f3a214a5414c734510b62a4,hello.lg4,swh:1:cnt:fc18ec7945133ccb0f3a214a5414c734510b62a4;origin=https://github.com/leachim6/hello-world;path=/l/Lingo.lg4,Lingo,Lingo,Lingo,the contributor (the language the file is named after),hello-world@a152253,,,,not-in-linguist,l/Lingo.lg4
hello:4e47031a81b0,gold,.li,e777d4a091be06cfd47533c9a2d8fc5ad102dcd1,hello.li,swh:1:cnt:e777d4a091be06cfd47533c9a2d8fc5ad102dcd1;origin=https://github.com/leachim6/hello-world;path=/l/Lisaac.li,Lisaac,Lisaac,Lisaac,the contributor (the language the file is named after),hello-world@a152253,,,,not-in-linguist,l/Lisaac.li
hello:be2694f57ccb,gold,.lsp,71a68ef17989b27e1f2a8d82c08bc1e738a43783,hello.lsp,swh:1:cnt:71a68ef17989b27e1f2a8d82c08bc1e738a43783;origin=https://github.com/leachim6/hello-world;path=/l/Lisp.lsp,Common Lisp,Lisp,Common Lisp;lisp;Lisp,the contributor (the language the file is named after),hello-world@a152253,,,,in-linguist;ambiguous-ext,l/Lisp.lsp
hello:e1ba2f0fac79,gold,,abd868c5c5e2e54708e25b03b80cbd16eff37140,hello,swh:1:cnt:abd868c5c5e2e54708e25b03b80cbd16eff37140;origin=https://github.com/leachim6/hello-world;path=/l/ListLang,ListLang,ListLang,ListLang,the contributor (the language the file is named after),hello-world@a152253,,,,not-in-linguist;no-ext,l/ListLang
hello:8378ca117947,gold,,ca918a9c6eb7aea92b3dd8b6cf38fd115e46eef2,hello,swh:1:cnt:ca918a9c6eb7aea92b3dd8b6cf38fd115e46eef2;origin=https://github.com/leachim6/hello-world;path=/l/LiveCode,LiveCode Script,LiveCode,LiveCode Script;LiveCode,the contributor (the language the file is named after),hello-world@a152253,,,,in-linguist;no-ext,l/LiveCode
hello:c2130b70de3c,gold,.ls,89ce6323f33830761b50a176ae76d1fa8b8e6ee5,hello.ls,swh:1:cnt:89ce6323f33830761b50a176ae76d1fa8b8e6ee5;origin=https://github.com/leachim6/hello-world;path=/l/LiveScript.ls,LiveScript,LiveScript,LiveScript;live-script;ls,the contributor (the language the file is named after),hello-world@a152253,,,,in-linguist;ambiguous-ext;shared-bytes,l/LiveScript.ls
hello:459bd83cb152,gold,.b,938af5360f8817e134f57e8efbce26e348e55872,hello.b,swh:1:cnt:938af5360f8817e134f57e8efbce26e348e55872;origin=https://github.com/leachim6/hello-world;path=/l/Locomotive Basic.b,Locomotive Basic,Locomotive Basic,Locomotive Basic,the contributor (the language the file is named after),hello-world@a152253,,,,not-in-linguist;misleading-ext;ambiguous-ext,l/Locomotive Basic.b
hello:a582063fe693,gold,.lgc,2a709559a7634f871a68deba0e91794eb35d3f66,hello.lgc,swh:1:cnt:2a709559a7634f871a68deba0e91794eb35d3f66;origin=https://github.com/leachim6/hello-world;path=/l/Logicode.lgc,Logicode,Logicode,Logicode,the contributor (the language the file is named after),hello-world@a152253,,,,not-in-linguist,l/Logicode.lgc
hello:1a9f89dda2b5,gold,.lg,a1f0ae1b9703353e8bb8428d333773a68b21c521,hello.lg,swh:1:cnt:a1f0ae1b9703353e8bb8428d333773a68b21c521;origin=https://github.com/leachim6/hello-world;path=/l/Logo.lg,Logo,Logo,Logo,the contributor (the language the file is named after),hello-world@a152253,,,,not-in-linguist,l/Logo.lg
hello:52549bb8973b,gold,.lgt,0fcc7b4ec365820adafc5f5a68c3955f4f033249,hello.lgt,swh:1:cnt:0fcc7b4ec365820adafc5f5a68c3955f4f033249;origin=https://github.com/leachim6/hello-world;path=/l/Logtalk.lgt,Logtalk,Logtalk,Logtalk,the contributor (the language the file is named after),hello-world@a152253,,,,in-linguist,l/Logtalk.lgt
hello:f72dd75b983c,gold,.？？？,b6be309ca6462ed8b34f146ed1c29d5cb04777c9,hello.？？？,swh:1:cnt:b6be309ca6462ed8b34f146ed1c29d5cb04777c9;origin=https://github.com/leachim6/hello-world;path=/l/Lost.？？？,Lost,Lost,Lost,the contributor (the language the file is named after),hello-world@a152253,,,,not-in-linguist,l/Lost.？？？
hello:e1f9bcd7ee9a,gold,.lss,30eb3ca829f599707aec4b88e07a176714d1cfd6,hello.lss,swh:1:cnt:30eb3ca829f599707aec4b88e07a176714d1cfd6;origin=https://github.com/leachim6/hello-world;path=/l/LotusScript.lss,LotusScript,LotusScript,LotusScript,the contributor (the language the file is named after),hello-world@a152253,,,,not-in-linguist,l/LotusScript.lss
hello:eeb1fa8c72bb,gold,.j,1549d1c48a066acaba22ecbfe154540cf9b39c4e,hello.j,swh:1:cnt:1549d1c48a066acaba22ecbfe154540cf9b39c4e;origin=https://github.com/leachim6/hello-world;path=/l/Lua Grimex.j,Lua Grimex,Lua Grimex,Lua Grimex,the contributor (the language the file is named after),hello-world@a152253,,,,not-in-linguist;misleading-ext;ambiguous-ext,l/Lua Grimex.j
hello:197bfa1c9250,gold,.lua,8e235769c023ae8b5dad489734aa4ac26ad526de,hello.lua,swh:1:cnt:8e235769c023ae8b5dad489734aa4ac26ad526de;origin=https://github.com/leachim6/hello-world;path=/l/Lua.lua,Lua,Lua,Lua,the contributor (the language the file is named after),hello-world@a152253,,,,in-linguist;shared-bytes,l/Lua.lua
hello:e25283ccdcf1,gold,.luau,df1dc6821eb73a1036ef820317e03d5f5e01dcca,hello.luau,swh:1:cnt:df1dc6821eb73a1036ef820317e03d5f5e01dcca;origin=https://github.com/leachim6/hello-world;path=/l/Luau.luau,Luau,Luau,Luau,the contributor (the language the file is named after),hello-world@a152253,,,,in-linguist;shared-bytes,l/Luau.luau
hello:d96f1d641c1e,gold,.lua,cbe23ab23ce69ffe7f2eb56a1c2b553a9e161dc5,hello.lua,swh:1:cnt:cbe23ab23ce69ffe7f2eb56a1c2b553a9e161dc5;origin=https://github.com/leachim6/hello-world;path=/l/Löve.lua,Löve,Löve,Löve,the contributor (the language the file is named after),hello-world@a152253,,,,not-in-linguist;misleading-ext;not-a-language,l/Löve.lua
hello:0ae46bd24f8d,gold,.py,17bb1e7ed11ff925f2c11e2a04b249e517327942,hello.py,swh:1:cnt:17bb1e7ed11ff925f2c11e2a04b249e517327942;origin=https://github.com/leachim6/hello-world;path=/l/libavg.py,libavg,libavg,libavg,the contributor (the language the file is named after),hello-world@a152253,,,,not-in-linguist;misleading-ext;not-a-language,l/libavg.py
hello:448f8f5ed0cc,gold,.llrl,6c209b6f9914a38e6bb21503e196bf0e61e45b47,hello.llrl,swh:1:cnt:6c209b6f9914a38e6bb21503e196bf0e61e45b47;origin=https://github.com/leachim6/hello-world;path=/l/llrl.llrl,llrl,llrl,llrl,the contributor (the language the file is named after),hello-world@a152253,,,,not-in-linguist,l/llrl.llrl
hello:5efb79e0b9bb,gold,.m4,5ab2f8a4323abafb10abb68657d9d39f1a775057,hello.m4,swh:1:cnt:5ab2f8a4323abafb10abb68657d9d39f1a775057;origin=https://github.com/leachim6/hello-world;path=/m/M4.m4,M4,M4,M4,the contributor (the language the file is named after),hello-world@a152253,,,,in-linguist;ambiguous-ext,m/M4.m4
hello:a10c56c3ed57,gold,.m,e6324f31e62f9e271cfc4699e4bf9608dff0cb44,hello.m,swh:1:cnt:e6324f31e62f9e271cfc4699e4bf9608dff0cb44;origin=https://github.com/leachim6/hello-world;path=/m/MATLAB 1.0.m,MATLAB,MATLAB 1.0,MATLAB;octave;MATLAB 1.0,the contributor (the language the file is named after),hello-world@a152253,,,,in-linguist;ambiguous-ext,m/MATLAB 1.0.m
hello:31c44f46451a,gold,.m,ddf2fe368449b8b90ec752eea38d8183504b9596,hello.m,swh:1:cnt:ddf2fe368449b8b90ec752eea38d8183504b9596;origin=https://github.com/leachim6/hello-world;path=/m/MATLAB.m,MATLAB,MATLAB,MATLAB;octave,the contributor (the language the file is named after),hello-world@a152253,,,,in-linguist;ambiguous-ext,m/MATLAB.m
hello:05cc7844023a,gold,.png,dd2cebc4d491781ed921d3046c6859d37fc753b9,hello.png,swh:1:cnt:dd2cebc4d491781ed921d3046c6859d37fc753b9;origin=https://github.com/leachim6/hello-world;path=/m/MOONBlock.png,MOONBlock,MOONBlock,MOONBlock,the contributor (the language the file is named after),hello-world@a152253,,,,not-in-linguist;binary,m/MOONBlock.png
hello:2504274fa45d,gold,.mxml,fc754efa809ba535432de6597668db61e760c813,hello.mxml,swh:1:cnt:fc754efa809ba535432de6597668db61e760c813;origin=https://github.com/leachim6/hello-world;path=/m/MXML.mxml,MXML,MXML,MXML,the contributor (the language the file is named after),hello-world@a152253,,,,not-in-linguist;misleading-ext,m/MXML.mxml
hello:370a6b950a49,gold,.lisp,52edcd81709d3d5b4ece617117e42e0ec929e55f,hello.lisp,swh:1:cnt:52edcd81709d3d5b4ece617117e42e0ec929e55f;origin=https://github.com/leachim6/hello-world;path=/m/MacLisp.lisp,MacLisp,MacLisp,MacLisp,the contributor (the language the file is named after),hello-world@a152253,,,,not-in-linguist;misleading-ext;ambiguous-ext,m/MacLisp.lisp
hello:b775f6a2bc5c,gold,.mac,012788f01bf5db7d96d85c89c592bb654f5dbfc7,hello.mac,swh:1:cnt:012788f01bf5db7d96d85c89c592bb654f5dbfc7;origin=https://github.com/leachim6/hello-world;path=/m/Macsyma.mac,Macsyma,Macsyma,Macsyma,the contributor (the language the file is named after),hello-world@a152253,,,,not-in-linguist;shared-bytes,m/Macsyma.mac
hello:7b6bab360a95,gold,,27f130649f83280b01a9b3665d663a3038780589,hello,swh:1:cnt:27f130649f83280b01a9b3665d663a3038780589;origin=https://github.com/leachim6/hello-world;path=/m/Magic,Magic,Magic,Magic,the contributor (the language the file is named after),hello-world@a152253,,,,not-in-linguist;no-ext,m/Magic
hello:e45ebbe27ece,gold,.makefile,4b17e2ac399b9c28520162414f5c410906d66daf,hello.makefile,swh:1:cnt:4b17e2ac399b9c28520162414f5c410906d66daf;origin=https://github.com/leachim6/hello-world;path=/m/Make.makefile,Makefile,Make,Makefile;bsdmake;make;mf;Make,the contributor (the language the file is named after),hello-world@a152253,,,,in-linguist,m/Make.makefile
hello:90ffa4c38286,gold,.mb,740f3dae37feb281d4892afdd7104526d5a7bbb7,hello.mb,swh:1:cnt:740f3dae37feb281d4892afdd7104526d5a7bbb7;origin=https://github.com/leachim6/hello-world;path=/m/Malbolge.mb,Malbolge,Malbolge,Malbolge,the contributor (the language the file is named after),hello-world@a152253,,,,not-in-linguist,m/Malbolge.mb
hello:b02cbe6cb9e9,gold,.mn,273f9ee38e60750b672d3b5a181334f0c557f458,hello.mn,swh:1:cnt:273f9ee38e60750b672d3b5a181334f0c557f458;origin=https://github.com/leachim6/hello-world;path=/m/Mana.mn,Mana,Mana,Mana,the contributor (the language the file is named after),hello-world@a152253,,,,not-in-linguist,m/Mana.mn
hello:20aafef9b4b6,gold,.py,780c1fe616e4ffd2e8b436b609ad9ab588fd256e,hello.py,swh:1:cnt:780c1fe616e4ffd2e8b436b609ad9ab588fd256e;origin=https://github.com/leachim6/hello-world;path=/m/Manim.py,Manim,Manim,Manim,the contributor (the language the file is named after),hello-world@a152253,,,,not-in-linguist;misleading-ext;not-a-language,m/Manim.py
hello:d3ec32cc7024,gold,.mpl,57e511755d87b4259123e0a5ba47f5b701c5732a,hello.mpl,swh:1:cnt:57e511755d87b4259123e0a5ba47f5b701c5732a;origin=https://github.com/leachim6/hello-world;path=/m/Maple.mpl,Maple,Maple,Maple,the contributor (the language the file is named after),hello-world@a152253,,,,not-in-linguist;misleading-ext;shared-bytes,m/Maple.mpl
hello:c249bea3eff2,gold,.mlg,b5c9ac4575a7e38b09292f0b487d8bbdfda02f25,hello.mlg,swh:1:cnt:b5c9ac4575a7e38b09292f0b487d8bbdfda02f25;origin=https://github.com/leachim6/hello-world;path=/m/MarioLANG.mlg,MarioLANG,MarioLANG,MarioLANG,the contributor (the language the file is named after),hello-world@a152253,,,,not-in-linguist,m/MarioLANG.mlg
hello:9c7f9945d1e1,gold,.md,557db03de997c86a4a028e1ebd3a1ceb225be238,hello.md,swh:1:cnt:557db03de997c86a4a028e1ebd3a1ceb225be238;origin=https://github.com/leachim6/hello-world;path=/m/Markdown.md,Markdown,Markdown,Markdown;md;pandoc,the contributor (the language the file is named after),hello-world@a152253,,,,in-linguist;ambiguous-ext;shared-bytes,m/Markdown.md
hello:0049652695a5,gold,.nb,4330b0111e500dd2f7b0f29a8443aeb4b954b9ef,hello.nb,swh:1:cnt:4330b0111e500dd2f7b0f29a8443aeb4b954b9ef;origin=https://github.com/leachim6/hello-world;path=/m/Mathematica Online.nb,Mathematica Online,Mathematica Online,Mathematica Online,the contributor (the language the file is named after),hello-world@a152253,,,,not-in-linguist;misleading-ext;ambiguous-ext;not-a-language,m/Mathematica Online.nb
hello:9e63a82a6de2,gold,.nb,45181a71d6505714361b942b0df0381aa8f1a85e,hello.nb,swh:1:cnt:45181a71d6505714361b942b0df0381aa8f1a85e;origin=https://github.com/leachim6/hello-world;path=/m/Mathematica.nb,Wolfram Language,Mathematica,Wolfram Language;mathematica;mma;wolfram;wolfram lang;wl;Mathematica,the contributor (the language the file is named after),hello-world@a152253,,,,in-linguist;ambiguous-ext;shared-bytes,m/Mathematica.nb
hello:0d88b66508c1,gold,.ms,bee4e039dc197054c8620366d8befd6cf94ef6fc,hello.ms,swh:1:cnt:bee4e039dc197054c8620366d8befd6cf94ef6fc;origin=https://github.com/leachim6/hello-world;path=/m/MaxScript.ms,MAXScript,MaxScript,MAXScript;MaxScript,the contributor (the language the file is named after),hello-world@a152253,,,,in-linguist;ambiguous-ext,m/MaxScript.ms
hello:31a7628c5bb2,gold,.max,7858f9de8096d777d1609553f5eb14771ee251bf,hello.max,swh:1:cnt:7858f9de8096d777d1609553f5eb14771ee251bf;origin=https://github.com/leachim6/hello-world;path=/m/Maxima.max,Maxima,Maxima,Maxima,the contributor (the language the file is named after),hello-world@a152253,,,,not-in-linguist,m/Maxima.max
hello:d88b29ec578e,gold,.mel,585e5d8e7c060ddc7ba020a622e6e21bb939d96a,hello.mel,swh:1:cnt:585e5d8e7c060ddc7ba020a622e6e21bb939d96a;origin=https://github.com/leachim6/hello-world;path=/m/Mel.mel,Mel,Mel,Mel,the contributor (the language the file is named after),hello-world@a152253,,,,not-in-linguist,m/Mel.mel
hello:09a9e1a23a96,gold,.memeasm,4ff59c72887be142285ee18f3f381b90cd0ebc19,hello.memeasm,swh:1:cnt:4ff59c72887be142285ee18f3f381b90cd0ebc19;origin=https://github.com/leachim6/hello-world;path=/m/MemeAssembly.memeasm,MemeAssembly,MemeAssembly,MemeAssembly,the contributor (the language the file is named after),hello-world@a152253,,,,not-in-linguist,m/MemeAssembly.memeasm
hello:3a946bbb1dbc,gold,.meq,d69c3459e5ef80d7f145e5c84bd610b48dac2aef,hello.meq,swh:1:cnt:d69c3459e5ef80d7f145e5c84bd610b48dac2aef;origin=https://github.com/leachim6/hello-world;path=/m/Meq.meq,Meq,Meq,Meq,the contributor (the language the file is named after),hello-world@a152253,,,,not-in-linguist,m/Meq.meq
hello:808105eee50b,gold,.m,e8743f60e2bb13f9bd5f2de836dd26afc7fec465,hello.m,swh:1:cnt:e8743f60e2bb13f9bd5f2de836dd26afc7fec465;origin=https://github.com/leachim6/hello-world;path=/m/Mercury.m,Mercury,Mercury,Mercury,the contributor (the language the file is named after),hello-world@a152253,,,,in-linguist;ambiguous-ext,m/Mercury.m
hello:839427efcfc8,gold,.py,ad35e5ae34d7df6d469bfe65dbfcefe988e0169f,hello.py,swh:1:cnt:ad35e5ae34d7df6d469bfe65dbfcefe988e0169f;origin=https://github.com/leachim6/hello-world;path=/m/MicroPython.py,MicroPython,MicroPython,MicroPython,the contributor (the language the file is named after),hello-world@a152253,,,,not-in-linguist;misleading-ext;not-a-language;shared-bytes,m/MicroPython.py
hello:5858e7ad4bfc,gold,.milk,9f9ab571a682edd6586266e7a4e8a33013884938,hello.milk,swh:1:cnt:9f9ab571a682edd6586266e7a4e8a33013884938;origin=https://github.com/leachim6/hello-world;path=/m/MilkScript.milk,MilkScript,MilkScript,MilkScript,the contributor (the language the file is named after),hello-world@a152253,,,,not-in-linguist,m/MilkScript.milk
hello:59c621531011,gold,.mfk,ebcf005426f1be49c544c4bcebc6472a40053570,hello.mfk,swh:1:cnt:ebcf005426f1be49c544c4bcebc6472a40053570;origin=https://github.com/leachim6/hello-world;path=/m/Millfork.mfk,Millfork,Millfork,Millfork,the contributor (the language the file is named after),hello-world@a152253,,,,not-in-linguist,m/Millfork.mfk
hello:ba710ec31b75,gold,.src,b4fa461a3a81bd20a382f624a91dbbfc0245a9c0,hello.src,swh:1:cnt:b4fa461a3a81bd20a382f624a91dbbfc0245a9c0;origin=https://github.com/leachim6/hello-world;path=/m/Mind.src,Mind,Mind,Mind,the contributor (the language the file is named after),hello-world@a152253,,,,not-in-linguist,m/Mind.src
hello:ffbc3e1b07b9,gold,.mcscript,aa7cf32441f98c09d60abb2a3e926776cccd7d1c,hello.mcscript,swh:1:cnt:aa7cf32441f98c09d60abb2a3e926776cccd7d1c;origin=https://github.com/leachim6/hello-world;path=/m/Minecraft Script.mcscript,Minecraft Script,Minecraft Script,Minecraft Script,the contributor (the language the file is named after),hello-world@a152253,,,,not-in-linguist,m/Minecraft Script.mcscript
hello:b969245fcd86,gold,.mcfunction,b35c510bf24d49bbf1745a51c5d7c2aacd198fb9,hello.mcfunction,swh:1:cnt:b35c510bf24d49bbf1745a51c5d7c2aacd198fb9;origin=https://github.com/leachim6/hello-world;path=/m/Minecraft.mcfunction,Minecraft,Minecraft,Minecraft,the contributor (the language the file is named after),hello-world@a152253,,,,not-in-linguist;misleading-ext;not-a-language,m/Minecraft.mcfunction
hello:490eb296b509,gold,.mint,a3b598feb70a8c2d84617d6189306ab37b3ba2f7,hello.mint,swh:1:cnt:a3b598feb70a8c2d84617d6189306ab37b3ba2f7;origin=https://github.com/leachim6/hello-world;path=/m/Mint.mint,Mint,Mint,Mint,the contributor (the language the file is named after),hello-world@a152253,,,,in-linguist,m/Mint.mint
hello:c2c3917abde7,gold,.s,36525de1b39810949e720aad5473ecc416795034,hello.s,swh:1:cnt:36525de1b39810949e720aad5473ecc416795034;origin=https://github.com/leachim6/hello-world;path=/m/Mips.s,Mips,Mips,Mips,the contributor (the language the file is named after),hello-world@a152253,,,,not-in-linguist;misleading-ext;ambiguous-ext,m/Mips.s
hello:0d7cf4af80b9,gold,.m,ea6caa0bd0d0a4c27bc3d0458a66ed2749f29725,hello.m,swh:1:cnt:ea6caa0bd0d0a4c27bc3d0458a66ed2749f29725;origin=https://github.com/leachim6/hello-world;path=/m/Miranda.m,Miranda,Miranda,Miranda,the contributor (the language the file is named after),hello-world@a152253,,,,not-in-linguist;misleading-ext;ambiguous-ext,m/Miranda.m
hello:01b2ec189387,gold,.mrc,43fb9536d17b50b7586aee6c2eda60e941c65cc9,hello.mrc,swh:1:cnt:43fb9536d17b50b7586aee6c2eda60e941c65cc9;origin=https://github.com/leachim6/hello-world;path=/m/Mirc.mrc,mIRC Script,Mirc,mIRC Script;Mirc,the contributor (the language the file is named after),hello-world@a152253,,,,in-linguist,m/Mirc.mrc
hello:a870fe724ee7,gold,.mmmm,a9ac3688309a17bc08d72101e68ed6354ec85e64,hello.mmmm,swh:1:cnt:a9ac3688309a17bc08d72101e68ed6354ec85e64;origin=https://github.com/leachim6/hello-world;path=/m/Mmmm().mmmm,Mmmm(),Mmmm(),Mmmm(),the contributor (the language the file is named after),hello-world@a152253,,,,not-in-linguist,m/Mmmm().mmmm
hello:8780fd801777,gold,.chai,4f11d143fa247d07c54c8f04dd5debc327352ff3,hello.chai,swh:1:cnt:4f11d143fa247d07c54c8f04dd5debc327352ff3;origin=https://github.com/leachim6/hello-world;path=/m/ModiScript.chai,ModiScript,ModiScript,ModiScript,the contributor (the language the file is named after),hello-world@a152253,,,,not-in-linguist,m/ModiScript.chai
hello:ed9e268105ca,gold,.mod,d3860a967cd40d4b3818c5bebe00502ab9376d6f,hello.mod,swh:1:cnt:d3860a967cd40d4b3818c5bebe00502ab9376d6f;origin=https://github.com/leachim6/hello-world;path=/m/Modula 2.mod,Modula-2,Modula 2,Modula-2;Modula 2,the contributor (the language the file is named after),hello-world@a152253,,,,in-linguist;ambiguous-ext,m/Modula 2.mod
hello:ef68c6226cfc,gold,.m3,dcfdf0fee89fadefa9419bdea6cf6a9f332a9111,hello.m3,swh:1:cnt:dcfdf0fee89fadefa9419bdea6cf6a9f332a9111;origin=https://github.com/leachim6/hello-world;path=/m/Modula 3.m3,Modula-3,Modula 3,Modula-3;Modula 3,the contributor (the language the file is named after),hello-world@a152253,,,,in-linguist,m/Modula 3.m3
hello:3a996c194412,gold,.🔥,aa47eeb3446745666e74f72b3eb9bc1913a64d41,hello.🔥,swh:1:cnt:aa47eeb3446745666e74f72b3eb9bc1913a64d41;origin=https://github.com/leachim6/hello-world;path=/m/Mojo.🔥,Mojo,Mojo,Mojo,the contributor (the language the file is named after),hello-world@a152253,,,,in-linguist,m/Mojo.🔥
hello:cf630214167f,gold,.mok,10ea164e6b2be4df960ebcbc1a8e7d60e35c63ab,hello.mok,swh:1:cnt:10ea164e6b2be4df960ebcbc1a8e7d60e35c63ab;origin=https://github.com/leachim6/hello-world;path=/m/Mokkosu.mok,Mokkosu,Mokkosu,Mokkosu,the contributor (the language the file is named after),hello-world@a152253,,,,not-in-linguist,m/Mokkosu.mok
hello:cb9c8fff5252,gold,.sh,ad35e5ae34d7df6d469bfe65dbfcefe988e0169f,hello.sh,swh:1:cnt:ad35e5ae34d7df6d469bfe65dbfcefe988e0169f;origin=https://github.com/leachim6/hello-world;path=/m/Mongo.sh,Mongo,Mongo,Mongo,the contributor (the language the file is named after),hello-world@a152253,,,,not-in-linguist;misleading-ext;not-a-language;shared-bytes,m/Mongo.sh
hello:63f292d43b52,gold,,a56b9e17925cdb9c9642b26306c645d87e0776bf,hello,swh:1:cnt:a56b9e17925cdb9c9642b26306c645d87e0776bf;origin=https://github.com/leachim6/hello-world;path=/m/Monkey,Monkey (hello-world),Monkey,Monkey (hello-world),the contributor (the language the file is named after),hello-world@a152253,,,,not-in-linguist;no-ext;shared-bytes,m/Monkey
hello:7e89e105ae72,gold,.mt,8d3de6a29a7b088ae405b61e8b149f586e9d5d49,hello.mt,swh:1:cnt:8d3de6a29a7b088ae405b61e8b149f586e9d5d49;origin=https://github.com/leachim6/hello-world;path=/m/Monte.mt,Monte,Monte,Monte,the contributor (the language the file is named after),hello-world@a152253,,,,not-in-linguist;misleading-ext,m/Monte.mt
hello:762dfdb53a21,gold,.moo,d5ad8cfe51c6b7ea0e73762305e390cfc7d174ef,hello.moo,swh:1:cnt:d5ad8cfe51c6b7ea0e73762305e390cfc7d174ef;origin=https://github.com/leachim6/hello-world;path=/m/Moo.moo,Moocode,Moo,Moocode;Moo,the contributor (the language the file is named after),hello-world@a152253,,,,in-linguist;ambiguous-ext,m/Moo.moo
hello:1c2b385b7814,gold,.moon,755b5fbc9dcf182899e052ab3ff18e5125afab6c,hello.moon,swh:1:cnt:755b5fbc9dcf182899e052ab3ff18e5125afab6c;origin=https://github.com/leachim6/hello-world;path=/m/Moonscript.moon,MoonScript,Moonscript,MoonScript;Moonscript,the contributor (the language the file is named after),hello-world@a152253,,,,in-linguist;shared-bytes,m/Moonscript.moon
hello:591c63a36e70,gold,.loc,16206a674ab7431b6e73f83e30536274aebb595d,hello.loc,swh:1:cnt:16206a674ab7431b6e73f83e30536274aebb595d;origin=https://github.com/leachim6/hello-world;path=/m/Morloc.loc,Morloc,Morloc,Morloc,the contributor (the language the file is named after),hello-world@a152253,,,,not-in-linguist,m/Morloc.loc
hello:ff2de6d0a46f,gold,,e727cbbf17fa0b08b0cbdbf7bfd072810f8625f0,hello,swh:1:cnt:e727cbbf17fa0b08b0cbdbf7bfd072810f8625f0;origin=https://github.com/leachim6/hello-world;path=/m/Morse code,Morse code,Morse code,Morse code,the contributor (the language the file is named after),hello-world@a152253,,,,not-in-linguist;no-ext,m/Morse code
hello:c0969cb6f4e5,gold,,5f7464ee58991320ad35aafd70f1b74af58ae593,hello,swh:1:cnt:5f7464ee58991320ad35aafd70f1b74af58ae593;origin=https://github.com/leachim6/hello-world;path=/m/Mostawesomeprograminglanguage,Mostawesomeprograminglanguage,Mostawesomeprograminglanguage,Mostawesomeprograminglanguage,the contributor (the language the file is named after),hello-world@a152253,,,,not-in-linguist;no-ext;shared-bytes,m/Mostawesomeprograminglanguage
hello:9654faa1b505,gold,.mse,e29292d53f8cfa7d67428673b60fb123090da1a7,hello.mse,swh:1:cnt:e29292d53f8cfa7d67428673b60fb123090da1a7;origin=https://github.com/leachim6/hello-world;path=/m/Mouse.mse,Mouse,Mouse,Mouse,the contributor (the language the file is named after),hello-world@a152253,,,,not-in-linguist,m/Mouse.mse
hello:3919573bccd2,gold,.mv,f822f7328e01b932e7a2942e5737b65af5666827,hello.mv,swh:1:cnt:f822f7328e01b932e7a2942e5737b65af5666827;origin=https://github.com/leachim6/hello-world;path=/m/Move.mv,Move,Move,Move,the contributor (the language the file is named after),hello-world@a152253,,,,in-linguist,m/Move.mv
hello:022703b38628,gold,.oz,9b2001756a2a6f419d4cfe84685b8d23bde80885,hello.oz,swh:1:cnt:9b2001756a2a6f419d4cfe84685b8d23bde80885;origin=https://github.com/leachim6/hello-world;path=/m/Mozart.oz,Mozart,Mozart,Mozart,the contributor (the language the file is named after),hello-world@a152253,,,,not-in-linguist;misleading-ext;not-a-language,m/Mozart.oz
hello:2f84e72db71c,gold,.hashemi,4b0c872409063d49998c5d6179e45e41220dc9bd,hello.hashemi,swh:1:cnt:4b0c872409063d49998c5d6179e45e41220dc9bd;origin=https://github.com/leachim6/hello-world;path=/m/Mr Hashemi.hashemi,Mr Hashemi,Mr Hashemi,Mr Hashemi,the contributor (the language the file is named after),hello-world@a152253,,,,not-in-linguist,m/Mr Hashemi.hashemi
hello:5f43fcece13a,gold,.muf,4e154cf2a4724323d3e8e61d230b39ac8ed11a67,hello.muf,swh:1:cnt:4e154cf2a4724323d3e8e61d230b39ac8ed11a67;origin=https://github.com/leachim6/hello-world;path=/m/Muf.muf,MUF,Muf,MUF;Muf,the contributor (the language the file is named after),hello-world@a152253,,,,in-linguist,m/Muf.muf
hello:6dcec2686854,gold,.m,978d2a969b95475d9e3aa651f39c52103d97e933,hello.m,swh:1:cnt:978d2a969b95475d9e3aa651f39c52103d97e933;origin=https://github.com/leachim6/hello-world;path=/m/Mumps.m,M,Mumps,M;mumps;Mumps,the contributor (the language the file is named after),hello-world@a152253,,,,in-linguist;ambiguous-ext,m/Mumps.m
hello:0de0847596b0,gold,.mu,6182a55d4c60f9bfa8f740a0a880d9521a73d288,hello.mu,swh:1:cnt:6182a55d4c60f9bfa8f740a0a880d9521a73d288;origin=https://github.com/leachim6/hello-world;path=/m/Muon.mu,Muon,Muon,Muon,the contributor (the language the file is named after),hello-world@a152253,,,,not-in-linguist;misleading-ext,m/Muon.mu
hello:a48d183b3f34,gold,.mush,ff31ff46edec007fd956369c771186a201d4b746,hello.mush,swh:1:cnt:ff31ff46edec007fd956369c771186a201d4b746;origin=https://github.com/leachim6/hello-world;path=/m/Mushcode.mush,Mushcode,Mushcode,Mushcode,the contributor (the language the file is named after),hello-world@a152253,,,,not-in-linguist,m/Mushcode.mush
hello:4ccecd8b963d,gold,.sql,2deda6575a5d768dd4530488f885ad62a90bf052,hello.sql,swh:1:cnt:2deda6575a5d768dd4530488f885ad62a90bf052;origin=https://github.com/leachim6/hello-world;path=/m/MySQL.sql,MySQL,MySQL,MySQL,the contributor (the language the file is named after),hello-world@a152253,,,,not-in-linguist;misleading-ext;ambiguous-ext,m/MySQL.sql
hello:130b7410fb3f,gold,.myr,b4a30d6e2b2853039ab3355532b13bd89d637345,hello.myr,swh:1:cnt:b4a30d6e2b2853039ab3355532b13bd89d637345;origin=https://github.com/leachim6/hello-world;path=/m/Myrddin.myr,Myrddin,Myrddin,Myrddin,the contributor (the language the file is named after),hello-world@a152253,,,,not-in-linguist,m/Myrddin.myr
hello:528630427350,gold,.nss,ca97905a6864d312116f5c8a674cfcdc39670c69,hello.nss,swh:1:cnt:ca97905a6864d312116f5c8a674cfcdc39670c69;origin=https://github.com/leachim6/hello-world;path=/n/NWScript.nss,NWScript,NWScript,NWScript,the contributor (the language the file is named after),hello-world@a152253,,,,in-linguist,n/NWScript.nss
hello:15d9a11cf93e,gold,.nxc,3219b1f3e4bafa2edd13266a79846f7d2d306032,hello.nxc,swh:1:cnt:3219b1f3e4bafa2edd13266a79846f7d2d306032;origin=https://github.com/leachim6/hello-world;path=/n/NXC.nxc,NXC,NXC,NXC,the contributor (the language the file is named after),hello-world@a152253,,,,not-in-linguist,n/NXC.nxc
hello:1d3977d5a553,gold,.neko,bb8da3050491093802c6c25cbbe7f27e9347bb7c,hello.neko,swh:1:cnt:bb8da3050491093802c6c25cbbe7f27e9347bb7c;origin=https://github.com/leachim6/hello-world;path=/n/Neko.neko,Neko,Neko,Neko,the contributor (the language the file is named after),hello-world@a152253,,,,not-in-linguist,n/Neko.neko
hello:651384ae12ca,gold,.nelua,755b5fbc9dcf182899e052ab3ff18e5125afab6c,hello.nelua,swh:1:cnt:755b5fbc9dcf182899e052ab3ff18e5125afab6c;origin=https://github.com/leachim6/hello-world;path=/n/Nelua.nelua,Nelua,Nelua,Nelua,the contributor (the language the file is named after),hello-world@a152253,,,,not-in-linguist;shared-bytes,n/Nelua.nelua
hello:9d337ea6e574,gold,.n,b975b26eea0024b5760172e23ed028cc0ae690c1,hello.n,swh:1:cnt:b975b26eea0024b5760172e23ed028cc0ae690c1;origin=https://github.com/leachim6/hello-world;path=/n/Nemerle.n,Nemerle,Nemerle,Nemerle,the contributor (the language the file is named after),hello-world@a152253,,,,in-linguist;ambiguous-ext,n/Nemerle.n
hello:cefa2ec0ee32,gold,.nrx,0e006fe8fa869876eaf776d06d8825f0bd667e3c,hello.nrx,swh:1:cnt:0e006fe8fa869876eaf776d06d8825f0bd667e3c;origin=https://github.com/leachim6/hello-world;path=/n/NetRexx.nrx,NetRexx,NetRexx,NetRexx,the contributor (the language the file is named after),hello-world@a152253,,,,not-in-linguist,n/NetRexx.nrx
hello:f4d81aff9e65,gold,.lsp,9c6a97f01a5c472fe0ac1b6657c0361b995a6a31,hello.lsp,swh:1:cnt:9c6a97f01a5c472fe0ac1b6657c0361b995a6a31;origin=https://github.com/leachim6/hello-world;path=/n/NewLISP.lsp,NewLisp,NewLISP,NewLisp;NewLISP,the contributor (the language the file is named after),hello-world@a152253,,,,in-linguist;ambiguous-ext,n/NewLISP.lsp
hello:ea694418a7db,gold,.nwt,12c19bb09fbaf661f0cedc8edf6c0b91fdd8a4d5,hello.nwt,swh:1:cnt:12c19bb09fbaf661f0cedc8edf6c0b91fdd8a4d5;origin=https://github.com/leachim6/hello-world;path=/n/NewtonScript.nwt,NewtonScript,NewtonScript,NewtonScript,the contributor (the language the file is named after),hello-world@a152253,,,,not-in-linguist,n/NewtonScript.nwt
hello:269bb49a3e85,gold,.nic,929734831eae82346e8a3d495ef0aa6bb1e361a6,hello.nic,swh:1:cnt:929734831eae82346e8a3d495ef0aa6bb1e361a6;origin=https://github.com/leachim6/hello-world;path=/n/Ni.nic,Ni,Ni,Ni,the contributor (the language the file is named after),hello-world@a152253,,,,not-in-linguist,n/Ni.nic
hello:acffae1fff63,gold,.ndf,52ed250429da1056b8b5adf081fc03131a304b51,hello.ndf,swh:1:cnt:52ed250429da1056b8b5adf081fc03131a304b51;origin=https://github.com/leachim6/hello-world;path=/n/Nial.ndf,Nial,Nial,Nial,the contributor (the language the file is named after),hello-world@a152253,,,,not-in-linguist,n/Nial.ndf
hello:f20283b3dca2,gold,.nice,11f52afeb9e497685e38373b616beff183deaefb,hello.nice,swh:1:cnt:11f52afeb9e497685e38373b616beff183deaefb;origin=https://github.com/leachim6/hello-world;path=/n/Nice.nice,Nice,Nice,Nice,the contributor (the language the file is named after),hello-world@a152253,,,,not-in-linguist,n/Nice.nice
hello:0d537b2448dd,gold,.night,c3bd215a129e0bf273b6a559d6bd18a8c1dd8c75,hello.night,swh:1:cnt:c3bd215a129e0bf273b6a559d6bd18a8c1dd8c75;origin=https://github.com/leachim6/hello-world;path=/n/Night.night,Night,Night,Night,the contributor (the language the file is named after),hello-world@a152253,,,,not-in-linguist,n/Night.night
hello:a75e01cf70e6,gold,.nim,f3a37892a38d287c004da62015264eb640c4ba56,hello.nim,swh:1:cnt:f3a37892a38d287c004da62015264eb640c4ba56;origin=https://github.com/leachim6/hello-world;path=/n/Nim.nim,Nim,Nim,Nim,the contributor (the language the file is named after),hello-world@a152253,,,,in-linguist;shared-bytes,n/Nim.nim
hello:ee4501aba4e2,gold,.nit,6826f079909de3326e7c1549eca6801b8b8203cd,hello.nit,swh:1:cnt:6826f079909de3326e7c1549eca6801b8b8203cd;origin=https://github.com/leachim6/hello-world;path=/n/Nit.nit,Nit,Nit,Nit,the contributor (the language the file is named after),hello-world@a152253,,,,in-linguist,n/Nit.nit
hello:f5fd48a08096,gold,,557db03de997c86a4a028e1ebd3a1ceb225be238,hello,swh:1:cnt:557db03de997c86a4a028e1ebd3a1ceb225be238;origin=https://github.com/leachim6/hello-world;path=/n/NoCode,NoCode,NoCode,NoCode,the contributor (the language the file is named after),hello-world@a152253,,,,not-in-linguist;no-ext;shared-bytes,n/NoCode
hello:9005664227ee,gold,.fbp,8467d7b237c1336714175b488b58cf413b667e0d,hello.fbp,swh:1:cnt:8467d7b237c1336714175b488b58cf413b667e0d;origin=https://github.com/leachim6/hello-world;path=/n/NoFlo.fbp,NoFlo,NoFlo,NoFlo,the contributor (the language the file is named after),hello-world@a152253,,,,not-in-linguist,n/NoFlo.fbp
hello:d6b237db87be,gold,.js,8e0f025ab218aeb9f699838c3ebb3c02217e7abe,hello.js,swh:1:cnt:8e0f025ab218aeb9f699838c3ebb3c02217e7abe;origin=https://github.com/leachim6/hello-world;path=/n/Node.js.js,Node.js,Node.js,Node.js,the contributor (the language the file is named after),hello-world@a152253,,,,not-in-linguist;misleading-ext;not-a-language,n/Node.js.js
hello:d5ccac2518b8,gold,,2cba018305f03baa0c67186ad77b1607a91d749a,hello,swh:1:cnt:2cba018305f03baa0c67186ad77b1607a91d749a;origin=https://github.com/leachim6/hello-world;path=/n/Not Python,Not Python,Not Python,Not Python,the contributor (the language the file is named after),hello-world@a152253,,,,not-in-linguist;no-ext,n/Not Python
hello:0f21e385e515,gold,.novice,de4171f06a620353b6cd68902b7cddf8110cd1f0,hello.novice,swh:1:cnt:de4171f06a620353b6cd68902b7cddf8110cd1f0;origin=https://github.com/leachim6/hello-world;path=/n/Novice.novice,Novice,Novice,Novice,the contributor (the language the file is named after),hello-world@a152253,,,,not-in-linguist,n/Novice.novice
hello:d4ce49fb2832,gold,.nu,4c0d9c87d107949ad1574bb27a055f177aaf938f,hello.nu,swh:1:cnt:4c0d9c87d107949ad1574bb27a055f177aaf938f;origin=https://github.com/leachim6/hello-world;path=/n/Nu.nu,Nu,Nu,Nu;nush,the contributor (the language the file is named after),hello-world@a152253,,,,in-linguist;ambiguous-ext,n/Nu.nu
hello:fc610ed3f8cb,gold,.ml,93dbf378b90e7864e6127805b94b96f9826a0008,hello.ml,swh:1:cnt:93dbf378b90e7864e6127805b94b96f9826a0008;origin=https://github.com/leachim6/hello-world;path=/o/OCaml.ml,OCaml,OCaml,OCaml,the contributor (the language the file is named after),hello-world@a152253,,,,in-linguist;ambiguous-ext,o/OCaml.ml
hello:8bc5ba350e46,gold,,b4de3947675361a7770d29b8982c407b0ec6b2a0,hello,swh:1:cnt:b4de3947675361a7770d29b8982c407b0ec6b2a0;origin=https://github.com/leachim6/hello-world;path=/o/ON THE WAY TO WHO KNOWS WHERE,ON THE WAY TO WHO KNOWS WHERE,ON THE WAY TO WHO KNOWS WHERE,ON THE WAY TO WHO KNOWS WHERE,the contributor (the language the file is named after),hello-world@a152253,,,,not-in-linguist;no-ext,o/ON THE WAY TO WHO KNOWS WHERE
hello:9f9b64cdcdb3,gold,.cyp,bc1d0a7c46e99df99bcd048f922642832f0d9941,hello.cyp,swh:1:cnt:bc1d0a7c46e99df99bcd048f922642832f0d9941;origin=https://github.com/leachim6/hello-world;path=/o/OSTRAJava.cyp,OSTRAJava,OSTRAJava,OSTRAJava,the contributor (the language the file is named after),hello-world@a152253,,,,not-in-linguist;misleading-ext,o/OSTRAJava.cyp
hello:95be6e09dd19,gold,.oz,a077c4235bff59da6bfe3b9f8e639b258bb773e8,hello.oz,swh:1:cnt:a077c4235bff59da6bfe3b9f8e639b258bb773e8;origin=https://github.com/leachim6/hello-world;path=/o/OX.oz,OX (hello-world),OX,OX (hello-world),the contributor (the language the file is named after),hello-world@a152253,,,,not-in-linguist;misleading-ext,o/OX.oz
hello:d3ce06e5faec,gold,.obn,b54ecf1c086b6547865174a375470917e15eb747,hello.obn,swh:1:cnt:b54ecf1c086b6547865174a375470917e15eb747;origin=https://github.com/leachim6/hello-world;path=/o/Oberon 2.obn,Oberon 2,Oberon 2,Oberon 2,the contributor (the language the file is named after),hello-world@a152253,,,,not-in-linguist,o/Oberon 2.obn
hello:f3b082a82c42,gold,.o,c1483e178531291e4274201d8a4600ec9120c624,hello.o,swh:1:cnt:c1483e178531291e4274201d8a4600ec9120c624;origin=https://github.com/leachim6/hello-world;path=/o/Oberon.o,Oberon,Oberon,Oberon,the contributor (the language the file is named after),hello-world@a152253,,,,in-linguist,o/Oberon.o
hello:5f212793d354,gold,.osc,7cfda92de4b456172b234f7c4db779b2fba49806,hello.osc,swh:1:cnt:7cfda92de4b456172b234f7c4db779b2fba49806;origin=https://github.com/leachim6/hello-world;path=/o/Obix.osc,Obix,Obix,Obix,the contributor (the language the file is named after),hello-world@a152253,,,,not-in-linguist,o/Obix.osc
hello:0a746adc0771,gold,.st,d9b3c7de77dccd6e6724d8801d4175924a6a4088,hello.st,swh:1:cnt:d9b3c7de77dccd6e6724d8801d4175924a6a4088;origin=https://github.com/leachim6/hello-world;path=/o/Obj.st,Obj,Obj,Obj,the contributor (the language the file is named after),hello-world@a152253,,,,not-in-linguist;misleading-ext;ambiguous-ext,o/Obj.st
hello:d3da8402bc5a,gold,.pp,3ba438b78293315213e43d17fd1bb1909da3e617,hello.pp,swh:1:cnt:3ba438b78293315213e43d17fd1bb1909da3e617;origin=https://github.com/leachim6/hello-world;path=/o/Object Pascal.pp,Pascal,Object Pascal,Pascal;delphi;objectpascal;Object Pascal,the contributor (the language the file is named after),hello-world@a152253,,,,in-linguist;ambiguous-ext,o/Object Pascal.pp
hello:eafc52b389a6,gold,,40c323267f948e78c5dcf2fc8ca4a19cd4ca5967,hello,swh:1:cnt:40c323267f948e78c5dcf2fc8ca4a19cd4ca5967;origin=https://github.com/leachim6/hello-world;path=/o/ObjectStar,ObjectStar,ObjectStar,ObjectStar,the contributor (the language the file is named after),hello-world@a152253,,,,not-in-linguist;no-ext,o/ObjectStar
hello:2f406297f41e,gold,.m,a13e1b7a05ab4a4bf6f6f774a48deae721400ff6,hello.m,swh:1:cnt:a13e1b7a05ab4a4bf6f6f774a48deae721400ff6;origin=https://github.com/leachim6/hello-world;path=/o/Objective C.m,Objective-C,Objective C,Objective-C;obj-c;objc;objectivec;Objective C,the contributor (the language the file is named after),hello-world@a152253,,,,in-linguist;ambiguous-ext,o/Objective C.m
hello:df9c6521cbd1,gold,.j,88c272393fe56e16c82cd061ca8340ebe92a2488,hello.j,swh:1:cnt:88c272393fe56e16c82cd061ca8340ebe92a2488;origin=https://github.com/leachim6/hello-world;path=/o/Objective J.j,Objective-J,Objective J,Objective-J;obj-j;objectivej;objj;Objective J,the contributor (the language the file is named after),hello-world@a152253,,,,in-linguist;ambiguous-ext,o/Objective J.j
hello:fcc5b80fffa4,gold,.m,57e511755d87b4259123e0a5ba47f5b701c5732a,hello.m,swh:1:cnt:57e511755d87b4259123e0a5ba47f5b701c5732a;origin=https://github.com/leachim6/hello-world;path=/o/Octave.m,MATLAB,Octave,MATLAB;octave;Octave,the contributor (the language the file is named after),hello-world@a152253,,,,in-linguist;ambiguous-ext;shared-bytes,o/Octave.m
hello:a38d18f492d5,gold,.odin,8c2146e1bbd7776c39e874ae6f1bfcad2a59c152,hello.odin,swh:1:cnt:8c2146e1bbd7776c39e874ae6f1bfcad2a59c152;origin=https://github.com/leachim6/hello-world;path=/o/Odin.odin,Odin,Odin,Odin;odinlang;odin-lang,the contributor (the language the file is named after),hello-world@a152253,,,,in-linguist;ambiguous-ext,o/Odin.odin
hello:30eded994363,gold,.omgrofl,1656ad66101dbce59dea9914ac9249cff666bdd3,hello.omgrofl,swh:1:cnt:1656ad66101dbce59dea9914ac9249cff666bdd3;origin=https://github.com/leachim6/hello-world;path=/o/Omgrofl.omgrofl,Omgrofl,Omgrofl,Omgrofl,the contributor (the language the file is named after),hello-world@a152253,,,,in-linguist,o/Omgrofl.omgrofl
hello:a888ed4996b4,gold,.one,77e48865432f09129ce8de62002b1d5340c0bd89,hello.one,swh:1:cnt:77e48865432f09129ce8de62002b1d5340c0bd89;origin=https://github.com/leachim6/hello-world;path=/o/One.one,One,One,One,the contributor (the language the file is named after),hello-world@a152253,,,,not-in-linguist,o/One.one
hello:34f3d2f51291,gold,.ooc,bc18f8f5c743740e9f83467699c06befc8dce03f,hello.ooc,swh:1:cnt:bc18f8f5c743740e9f83467699c06befc8dce03f;origin=https://github.com/leachim6/hello-world;path=/o/Ooc.ooc,ooc,Ooc,ooc;Ooc,the contributor (the language the file is named after),hello-world@a152253,,,,in-linguist,o/Ooc.ooc
hello:b7d2bc4dd1a4,gold,.ok,e0f52723f86727112d9759eac91667e3889dcc01,hello.ok,swh:1:cnt:e0f52723f86727112d9759eac91667e3889dcc01;origin=https://github.com/leachim6/hello-world;path=/o/Ook!.ok,Ook!,Ook!,Ook!,the contributor (the language the file is named after),hello-world@a152253,,,,not-in-linguist,o/Ook!.ok
hello:a3f9c6cd87f1,gold,.opa,0fc5eb59c8a25be0b22df02037e8745e679a10af,hello.opa,swh:1:cnt:0fc5eb59c8a25be0b22df02037e8745e679a10af;origin=https://github.com/leachim6/hello-world;path=/o/Opa.opa,Opa,Opa,Opa,the contributor (the language the file is named after),hello-world@a152253,,,,in-linguist,o/Opa.opa
hello:66b73db92ffb,gold,.lzx,ccdc6bf1be4dccceea46bc8bd7512e7d3aa69a64,hello.lzx,swh:1:cnt:ccdc6bf1be4dccceea46bc8bd7512e7d3aa69a64;origin=https://github.com/leachim6/hello-world;path=/o/OpenLaszlo.lzx,OpenLaszlo,OpenLaszlo,OpenLaszlo,the contributor (the language the file is named after),hello-world@a152253,,,,not-in-linguist,o/OpenLaszlo.lzx
hello:34ac818964eb,gold,.sql,ee427a17c8fc4fa33b2ebfc1f37390e9f5d15fda,hello.sql,swh:1:cnt:ee427a17c8fc4fa33b2ebfc1f37390e9f5d15fda;origin=https://github.com/leachim6/hello-world;path=/o/Oracle SQL.sql,Oracle SQL,Oracle SQL,Oracle SQL,the contributor (the language the file is named after),hello-world@a152253,,,,not-in-linguist;misleading-ext;ambiguous-ext,o/Oracle SQL.sql
hello:ab47e50ab960,gold,.orc,339af7587c8122b87cb3f12d4cdf2e0b4239f511,hello.orc,swh:1:cnt:339af7587c8122b87cb3f12d4cdf2e0b4239f511;origin=https://github.com/leachim6/hello-world;path=/o/Orc.orc,Orc,Orc,Orc,the contributor (the language the file is named after),hello-world@a152253,,,,not-in-linguist;misleading-ext,o/Orc.orc
hello:946eeacbc188,gold,.org,557db03de997c86a4a028e1ebd3a1ceb225be238,hello.org,swh:1:cnt:557db03de997c86a4a028e1ebd3a1ceb225be238;origin=https://github.com/leachim6/hello-world;path=/o/Org-mode.org,Org,Org-mode,Org;Org-mode,the contributor (the language the file is named after),hello-world@a152253,,,,in-linguist;shared-bytes,o/Org-mode.org
hello:b3797e612f5d,gold,.orn,1282f1936e1ddf1968406aa88feb8d3d03fae925,hello.orn,swh:1:cnt:1282f1936e1ddf1968406aa88feb8d3d03fae925;origin=https://github.com/leachim6/hello-world;path=/o/Orion.orn,Orion,Orion,Orion,the contributor (the language the file is named after),hello-world@a152253,,,,not-in-linguist,o/Orion.orn
hello:1b42a0ed9a1c,gold,.pas,1535b2bf1da0faa749783b9dc9ace8ea5d5a0750,hello.pas,swh:1:cnt:1535b2bf1da0faa749783b9dc9ace8ea5d5a0750;origin=https://github.com/leachim6/hello-world;path=/o/Oxygene.pas,Oxygene,Oxygene,Oxygene,the contributor (the language the file is named after),hello-world@a152253,,,,in-linguist;misleading-ext,o/Oxygene.pas
hello:1ec5e2ce6c24,gold,.k,06ae699f22d413ed488676f933b39080ecaca5a9,hello.k,swh:1:cnt:06ae699f22d413ed488676f933b39080ecaca5a9;origin=https://github.com/leachim6/hello-world;path=/o/oK.k,oK,oK,oK,the contributor (the language the file is named after),hello-world@a152253,,,,not-in-linguist;misleading-ext;ambiguous-ext;shared-bytes,o/oK.k
hello:8e45a1effadd,gold,.occam,94b495f6dae3510d5369eb4479191ea62acdbb7a,hello.occam,swh:1:cnt:94b495f6dae3510d5369eb4479191ea62acdbb7a;origin=https://github.com/leachim6/hello-world;path=/o/occam.occam,occam,occam,occam,the contributor (the language the file is named after),hello-world@a152253,,,,not-in-linguist,o/occam.occam
hello:3dbe66d5f3b0,gold,,cdf99578f8e0306a1e874715bb5832b76aa575b5,hello,swh:1:cnt:cdf99578f8e0306a1e874715bb5832b76aa575b5;origin=https://github.com/leachim6/hello-world;path=/o/o˸XML,o:XML,o:XML,o:XML,the contributor (the language the file is named after),hello-world@a152253,,,,not-in-linguist;no-ext,o/o˸XML
hello:7623377a6dc6,gold,.pwr,3185b323e5ca3d5058d1281308c3887c7b777a0a,hello.pwr,swh:1:cnt:3185b323e5ca3d5058d1281308c3887c7b777a0a;origin=https://github.com/leachim6/hello-world;path=/p/PB.pwr,PB,PB,PB,the contributor (the language the file is named after),hello-world@a152253,,,,not-in-linguist,p/PB.pwr
hello:ff4bd805b2aa,gold,.bas,33ce12319042076fb3c781782f80297fc1f94c81,hello.bas,swh:1:cnt:33ce12319042076fb3c781782f80297fc1f94c81;origin=https://github.com/leachim6/hello-world;path=/p/PBWin.bas,PBWin,PBWin,PBWin,the contributor (the language the file is named after),hello-world@a152253,,,,not-in-linguist;misleading-ext;ambiguous-ext,p/PBWin.bas
hello:5e82228780b2,gold,,ad35e5ae34d7df6d469bfe65dbfcefe988e0169f,hello,swh:1:cnt:ad35e5ae34d7df6d469bfe65dbfcefe988e0169f;origin=https://github.com/leachim6/hello-world;path=/p/PCASTL,PCASTL,PCASTL,PCASTL,the contributor (the language the file is named after),hello-world@a152253,,,,not-in-linguist;no-ext;shared-bytes,p/PCASTL
hello:f71ffff641f0,gold,.php,06594b52cd3276228a7afe726aab1aed651d4155,hello.php,swh:1:cnt:06594b52cd3276228a7afe726aab1aed651d4155;origin=https://github.com/leachim6/hello-world;path=/p/PHP.php,PHP,PHP,PHP;inc,the contributor (the language the file is named after),hello-world@a152253,,,,in-linguist;ambiguous-ext,p/PHP.php
hello:7113b3787339,gold,.pl1,91e2f6b3fd05fa0a0a455d1caef35e87f23f5615,hello.pl1,swh:1:cnt:91e2f6b3fd05fa0a0a455d1caef35e87f23f5615;origin=https://github.com/leachim6/hello-world;path=/p/PLI.pl1,PLI,PLI,PLI,the contributor (the language the file is named after),hello-world@a152253,,,,not-in-linguist,p/PLI.pl1
hello:5cc7605bcee9,gold,.pls,d95cce03c28b5b8072036a6fd104d14503224bbf,hello.pls,swh:1:cnt:d95cce03c28b5b8072036a6fd104d14503224bbf;origin=https://github.com/leachim6/hello-world;path=/p/PL∕SQL.pls,PLSQL,PL/SQL,PLSQL;PL/SQL,the contributor (the language the file is named after),hello-world@a152253,,,,in-linguist,p/PL∕SQL.pls
hello:aa010f2c4851,gold,,e2f6c87e05ea5f13071fd9fe09eed27331e6a488,hello,swh:1:cnt:e2f6c87e05ea5f13071fd9fe09eed27331e6a488;origin=https://github.com/leachim6/hello-world;path=/p/Painter Programming,Painter Programming,Painter Programming,Painter Programming,the contributor (the language the file is named after),hello-world@a152253,,,,not-in-linguist;no-ext,p/Painter Programming
hello:bd939d3605b9,gold,.pakhi,1b8f23b4674d558addeadbfb1ca09a6adfbd5fd4,hello.pakhi,swh:1:cnt:1b8f23b4674d558addeadbfb1ca09a6adfbd5fd4;origin=https://github.com/leachim6/hello-world;path=/p/Pakhi.pakhi,Pakhi,Pakhi,Pakhi,the contributor (the language the file is named after),hello-world@a152253,,,,not-in-linguist,p/Pakhi.pakhi
hello:c0ac9999d6bf,gold,.pangaea,f7ba18f44042c70c14e8446c6a1a7a876d83d18f,hello.pangaea,swh:1:cnt:f7ba18f44042c70c14e8446c6a1a7a876d83d18f;origin=https://github.com/leachim6/hello-world;path=/p/Pangaea.pangaea,Pangaea,Pangaea,Pangaea,the contributor (the language the file is named after),hello-world@a152253,,,,not-in-linguist,p/Pangaea.pangaea
hello:5114f7d7b3c6,gold,.py,6518249937cd8334ae82fd9c6e66ad9f5ae174e7,hello.py,swh:1:cnt:6518249937cd8334ae82fd9c6e66ad9f5ae174e7;origin=https://github.com/leachim6/hello-world;path=/p/Panther.py,Panther,Panther,Panther,the contributor (the language the file is named after),hello-world@a152253,,,,not-in-linguist;misleading-ext,p/Panther.py
hello:6d499be6bd5f,gold,.psi,7763a6b4341e7aa1c166b9b928375dcf56dfce73,hello.psi,swh:1:cnt:7763a6b4341e7aa1c166b9b928375dcf56dfce73;origin=https://github.com/leachim6/hello-world;path=/p/ParaSail.psi,ParaSail,ParaSail,ParaSail,the contributor (the language the file is named after),hello-world@a152253,,,,not-in-linguist,p/ParaSail.psi
hello:d6bd20e8b3b5,gold,.p,c3108e911cbe5753058e6b2e7fa4e03e21c009fb,hello.p,swh:1:cnt:c3108e911cbe5753058e6b2e7fa4e03e21c009fb;origin=https://github.com/leachim6/hello-world;path=/p/Parenthetic.p,Parenthetic,Parenthetic,Parenthetic,the contributor (the language the file is named after),hello-world@a152253,,,,not-in-linguist;misleading-ext;ambiguous-ext,p/Parenthetic.p
hello:b40660ddc831,gold,.p,7f95f37e1442a3d636c4bd2e2d96f0fe5d0fc40a,hello.p,swh:1:cnt:7f95f37e1442a3d636c4bd2e2d96f0fe5d0fc40a;origin=https://github.com/leachim6/hello-world;path=/p/Parser.p,Parser,Parser,Parser,the contributor (the language the file is named after),hello-world@a152253,,,,not-in-linguist;misleading-ext;ambiguous-ext,p/Parser.p
hello:5efeaf2dc6a9,gold,.p,e21064e7a68a2edeb8d0f6adbe871f2af3ca69be,hello.p,swh:1:cnt:e21064e7a68a2edeb8d0f6adbe871f2af3ca69be;origin=https://github.com/leachim6/hello-world;path=/p/Pascal.p,Pascal,Pascal,Pascal;delphi;objectpascal,the contributor (the language the file is named after),hello-world@a152253,,,,in-linguist;misleading-ext;ambiguous-ext,p/Pascal.p
hello:c0dc264c8663,gold,.pn,ce438bd29eb93213cce4cf0cbf7e44fee3d789b0,hello.pn,swh:1:cnt:ce438bd29eb93213cce4cf0cbf7e44fee3d789b0;origin=https://github.com/leachim6/hello-world;path=/p/Passerine.pn,Passerine,Passerine,Passerine,the contributor (the language the file is named after),hello-world@a152253,,,,not-in-linguist;shared-bytes,p/Passerine.pn
hello:c4a6383e704e,gold,.pat,9997e8ef6bf695676cb7cec6bee7f523ff8eea9f,hello.pat,swh:1:cnt:9997e8ef6bf695676cb7cec6bee7f523ff8eea9f;origin=https://github.com/leachim6/hello-world;path=/p/Pattern Language.pat,Pattern Language,Pattern Language,Pattern Language,the contributor (the language the file is named after),hello-world@a152253,,,,not-in-linguist;misleading-ext,p/Pattern Language.pat
hello:37c662354f2d,gold,.pdp,6f87034deeba1c303ebc8eee8e83e7b48a4ef656,hello.pdp,swh:1:cnt:6f87034deeba1c303ebc8eee8e83e7b48a4ef656;origin=https://github.com/leachim6/hello-world;path=/p/Pauscal.pdp,Pauscal,Pauscal,Pauscal,the contributor (the language the file is named after),hello-world@a152253,,,,not-in-linguist,p/Pauscal.pdp
hello:b33d9c380696,gold,.p,1d1e9feed867c3c7679e6752e385af2d8e09d1c9,hello.p,swh:1:cnt:1d1e9feed867c3c7679e6752e385af2d8e09d1c9;origin=https://github.com/leachim6/hello-world;path=/p/Pawn.p,Pawn,Pawn,Pawn,the contributor (the language the file is named after),hello-world@a152253,,,,in-linguist;misleading-ext;ambiguous-ext,p/Pawn.p
hello:c3b4ec79f952,gold,.c,56bb2d659ecc8b2a50b7f788d9eb5c6a6c68bc4b,hello.c,swh:1:cnt:56bb2d659ecc8b2a50b7f788d9eb5c6a6c68bc4b;origin=https://github.com/leachim6/hello-world;path=/p/Pebble.c,Pebble,Pebble,Pebble,the contributor (the language the file is named after),hello-world@a152253,,,,not-in-linguist;misleading-ext,p/Pebble.c
hello:652a1ae67726,gold,,c352b7e06709267997fefaebba909f64da01061d,hello,swh:1:cnt:c352b7e06709267997fefaebba909f64da01061d;origin=https://github.com/leachim6/hello-world;path=/p/PeopleCode,PeopleCode,PeopleCode,PeopleCode,the contributor (the language the file is named after),hello-world@a152253,,,,not-in-linguist;no-ext,p/PeopleCode
hello:5bdd15779aa5,gold,.pe,8896aa67c5d46b74e440eba4bd00e611e156c631,hello.pe,swh:1:cnt:8896aa67c5d46b74e440eba4bd00e611e156c631;origin=https://github.com/leachim6/hello-world;path=/p/Peregrine.pe,Peregrine,Peregrine,Peregrine,the contributor (the language the file is named after),hello-world@a152253,,,,not-in-linguist,p/Peregrine.pe
hello:89e45445a7a6,gold,.prfm,60ad73dc62818faf95f9b2bef448344ea4f8cc02,hello.prfm,swh:1:cnt:60ad73dc62818faf95f9b2bef448344ea4f8cc02;origin=https://github.com/leachim6/hello-world;path=/p/Perfume.prfm,Perfume,Perfume,Perfume,the contributor (the language the file is named after),hello-world@a152253,,,,not-in-linguist,p/Perfume.prfm
hello:ce47930e25d1,gold,.cgi,cb407d1679097ce29dda65db9f266c069399df50,hello.cgi,swh:1:cnt:cb407d1679097ce29dda65db9f266c069399df50;origin=https://github.com/leachim6/hello-world;path=/p/Perl.cgi,Perl,Perl,Perl;cperl,the contributor (the language the file is named after),hello-world@a152253,,,,in-linguist;ambiguous-ext,p/Perl.cgi
hello:1ebf681ff234,gold,.pl,9f7623ddfd394cf7fb97e1d297e4ba77fc167649,hello.pl,swh:1:cnt:9f7623ddfd394cf7fb97e1d297e4ba77fc167649;origin=https://github.com/leachim6/hello-world;path=/p/Perl.pl,Perl,Perl,Perl;cperl,the contributor (the language the file is named after),hello-world@a152253,,,,in-linguist;ambiguous-ext,p/Perl.pl
hello:acb44a8f6ced,gold,.p6,aed05c2f7ba255893166df42488970fe43e3bc1d,hello.p6,swh:1:cnt:aed05c2f7ba255893166df42488970fe43e3bc1d;origin=https://github.com/leachim6/hello-world;path=/p/Perl6.p6,Raku,Perl6,Raku;perl6;perl-6;Perl6,the contributor (the language the file is named after),hello-world@a152253,,,,in-linguist,p/Perl6.p6
hello:2c5a3b9dd673,gold,.p++,d2164c4a5e466cd556387cd2f00f8af0c29cc23b,hello.p++,swh:1:cnt:d2164c4a5e466cd556387cd2f00f8af0c29cc23b;origin=https://github.com/leachim6/hello-world;path=/p/Perseus.p++,Perseus,Perseus,Perseus,the contributor (the language the file is named after),hello-world@a152253,,,,not-in-linguist,p/Perseus.p++
hello:979f69c83463,gold,.st,840974db8ec7456335972ca07217bafd386bcbdd,hello.st,swh:1:cnt:840974db8ec7456335972ca07217bafd386bcbdd;origin=https://github.com/leachim6/hello-world;path=/p/Pharo.st,Pharo,Pharo,Pharo,the contributor (the language the file is named after),hello-world@a152253,,,,not-in-linguist;misleading-ext;ambiguous-ext,p/Pharo.st
hello:ab19b64df805,gold,,ad35e5ae34d7df6d469bfe65dbfcefe988e0169f,hello,swh:1:cnt:ad35e5ae34d7df6d469bfe65dbfcefe988e0169f;origin=https://github.com/leachim6/hello-world;path=/p/Phi,Phi,Phi,Phi,the contributor (the language the file is named after),hello-world@a152253,,,,not-in-linguist;no-ext;shared-bytes,p/Phi
hello:e540a1df36cd,gold,.exw,5247d8f9cb3612d656b851f319397c4634467dd7,hello.exw,swh:1:cnt:5247d8f9cb3612d656b851f319397c4634467dd7;origin=https://github.com/leachim6/hello-world;path=/p/Phix.exw,Phix,Phix,Phix,the contributor (the language the file is named after),hello-world@a152253,,,,not-in-linguist,p/Phix.exw
hello:5d9e2c8c9f01,gold,.pi,2035452fa38a93f8fbd5e7d227ad75746551ee99,hello.pi,swh:1:cnt:2035452fa38a93f8fbd5e7d227ad75746551ee99;origin=https://github.com/leachim6/hello-world;path=/p/PiCat.pi,PiCat,PiCat,PiCat,the contributor (the language the file is named after),hello-world@a152253,,,,not-in-linguist,p/PiCat.pi
hello:ba105922af85,gold,.png,1b6a69c1097a43627772007673055b107bd64313,hello.png,swh:1:cnt:1b6a69c1097a43627772007673055b107bd64313;origin=https://github.com/leachim6/hello-world;path=/p/Piet.png,Piet,Piet,Piet,the contributor (the language the file is named after),hello-world@a152253,,,,not-in-linguist;binary,p/Piet.png
hello:152a7b5d1201,gold,.pig,2a2da0c7bf419737bd444f46c7c98e181b6496ea,hello.pig,swh:1:cnt:2a2da0c7bf419737bd444f46c7c98e181b6496ea;origin=https://github.com/leachim6/hello-world;path=/p/Pig.pig,PigLatin,Pig,PigLatin;Pig,the contributor (the language the file is named after),hello-world@a152253,,,,in-linguist,p/Pig.pig
hello:d1691f2c06b2,gold,.pokeball,540b63ee4e0d019b46baf9906c61526def96b02c,hello.pokeball,swh:1:cnt:540b63ee4e0d019b46baf9906c61526def96b02c;origin=https://github.com/leachim6/hello-world;path=/p/PikaLang.pokeball,PikaLang,PikaLang,PikaLang,the contributor (the language the file is named after),hello-world@a152253,,,,not-in-linguist,p/PikaLang.pokeball
hello:8ff04b974621,gold,.pike,f8692db4348f2a45188ae721242c5ab83614f47e,hello.pike,swh:1:cnt:f8692db4348f2a45188ae721242c5ab83614f47e;origin=https://github.com/leachim6/hello-world;path=/p/Pike.pike,Pike,Pike,Pike,the contributor (the language the file is named after),hello-world@a152253,,,,in-linguist,p/Pike.pike
hello:4de76548536d,gold,.pi,06ae699f22d413ed488676f933b39080ecaca5a9,hello.pi,swh:1:cnt:06ae699f22d413ed488676f933b39080ecaca5a9;origin=https://github.com/leachim6/hello-world;path=/p/Pikelet!.pi,Pikelet!,Pikelet!,Pikelet!,the contributor (the language the file is named after),hello-world@a152253,,,,not-in-linguist;shared-bytes,p/Pikelet!.pi
hello:159b440fc466,gold,.pn,50141e440ca38111204a85757f60765ad7d0596b,hello.pn,swh:1:cnt:50141e440ca38111204a85757f60765ad7d0596b;origin=https://github.com/leachim6/hello-world;path=/p/Pinecone.pn,Pinecone,Pinecone,Pinecone,the contributor (the language the file is named after),hello-world@a152253,,,,not-in-linguist,p/Pinecone.pn
hello:02089175f24e,gold,.pit,d96933ab743af0fb8295350480a7549e6f71e59a,hello.pit,swh:1:cnt:d96933ab743af0fb8295350480a7549e6f71e59a;origin=https://github.com/leachim6/hello-world;path=/p/Pit.pit,Pit,Pit,Pit,the contributor (the language the file is named after),hello-world@a152253,,,,not-in-linguist,p/Pit.pit
hello:ffc3fcc32317,gold,.pizza,8fa8602495ab61ad7a4ab4d492633ed964e60396,hello.pizza,swh:1:cnt:8fa8602495ab61ad7a4ab4d492633ed964e60396;origin=https://github.com/leachim6/hello-world;path=/p/Pizza.pizza,Pizza,Pizza,Pizza,the contributor (the language the file is named after),hello-world@a152253,,,,not-in-linguist,p/Pizza.pizza
hello:5ccf54758620,gold,.pph,f4205c5deb87b86a22af36506753f43bc03afc2a,hello.pph,swh:1:cnt:f4205c5deb87b86a22af36506753f43bc03afc2a;origin=https://github.com/leachim6/hello-world;path=/p/Please Porige Hot.pph,Please Porige Hot,Please Porige Hot,Please Porige Hot,the contributor (the language the file is named after),hello-world@a152253,,,,not-in-linguist,p/Please Porige Hot.pph
hello:4b10b9b63bbf,gold,.pvo,ba670b65c04e8a029951965bc24e8d386f07d4dc,hello.pvo,swh:1:cnt:ba670b65c04e8a029951965bc24e8d386f07d4dc;origin=https://github.com/leachim6/hello-world;path=/p/Pluvo.pvo,Pluvo,Pluvo,Pluvo,the contributor (the language the file is named after),hello-world@a152253,,,,not-in-linguist,p/Pluvo.pvo
hello:cfaf862293dd,gold,.pk,ad35e5ae34d7df6d469bfe65dbfcefe988e0169f,hello.pk,swh:1:cnt:ad35e5ae34d7df6d469bfe65dbfcefe988e0169f;origin=https://github.com/leachim6/hello-world;path=/p/Poketlang.pk,Poketlang,Poketlang,Poketlang,the contributor (the language the file is named after),hello-world@a152253,,,,not-in-linguist;shared-bytes,p/Poketlang.pk
hello:67e6e48b399d,gold,.pol,c82b165a2c3cec1f910f852a8170f67bd3634f9a,hello.pol,swh:1:cnt:c82b165a2c3cec1f910f852a8170f67bd3634f9a;origin=https://github.com/leachim6/hello-world;path=/p/Polynomial.pol,Polynomial,Polynomial,Polynomial,the contributor (the language the file is named after),hello-world@a152253,,,,not-in-linguist,p/Polynomial.pol
hello:2bb6249fca91,gold,.pony,8ec0000adac86df590b9d97e6b2c127ef7ed12b8,hello.pony,swh:1:cnt:8ec0000adac86df590b9d97e6b2c127ef7ed12b8;origin=https://github.com/leachim6/hello-world;path=/p/Pony.pony,Pony,Pony,Pony,the contributor (the language the file is named after),hello-world@a152253,,,,in-linguist,p/Pony.pony
hello:5efa103cba2c,gold,.porth,793de4aaa08ca9defbae81b0313652d2a96ec3a1,hello.porth,swh:1:cnt:793de4aaa08ca9defbae81b0313652d2a96ec3a1;origin=https://github.com/leachim6/hello-world;path=/p/Porth.porth,Porth,Porth,Porth,the contributor (the language the file is named after),hello-world@a152253,,,,not-in-linguist,p/Porth.porth
hello:112c4118b662,gold,.por,379078bfdc4d13e1c4fd25744bc5d2a82ebd8a3e,hello.por,swh:1:cnt:379078bfdc4d13e1c4fd25744bc5d2a82ebd8a3e;origin=https://github.com/leachim6/hello-world;path=/p/Portugol.por,Portugol,Portugol,Portugol,the contributor (the language the file is named after),hello-world@a152253,,,,in-linguist,p/Portugol.por
hello:0f83bc22e69d,gold,.posxml,cdca0e2d0c7289bbbb485f141a5c05ed21544db1,hello.posxml,swh:1:cnt:cdca0e2d0c7289bbbb485f141a5c05ed21544db1;origin=https://github.com/leachim6/hello-world;path=/p/PosXML.posxml,PosXML,PosXML,PosXML,the contributor (the language the file is named after),hello-world@a152253,,,,not-in-linguist,p/PosXML.posxml
hello:85bcd45c9bee,gold,.pcss,acf0ba8b4aef47113fd52d2069fe486f96771176,hello.pcss,swh:1:cnt:acf0ba8b4aef47113fd52d2069fe486f96771176;origin=https://github.com/leachim6/hello-world;path=/p/PostCSS.pcss,PostCSS,PostCSS,PostCSS,the contributor (the language the file is named after),hello-world@a152253,,,,in-linguist,p/PostCSS.pcss
hello:9861751b5415,gold,.ps,4e312e8f242a1da38cc51884a023499a36993505,hello.ps,swh:1:cnt:4e312e8f242a1da38cc51884a023499a36993505;origin=https://github.com/leachim6/hello-world;path=/p/PostScript Page.ps,PostScript,PostScript Page,PostScript;postscr;PostScript Page,the contributor (the language the file is named after),hello-world@a152253,,,,in-linguist,p/PostScript Page.ps
hello:2fdd5b7bcf1a,gold,.ps,531bf3bf137ee55ea8f7d773c3726a572abf1da6,hello.ps,swh:1:cnt:531bf3bf137ee55ea8f7d773c3726a572abf1da6;origin=https://github.com/leachim6/hello-world;path=/p/PostScript.ps,PostScript,PostScript,PostScript;postscr,the contributor (the language the file is named after),hello-world@a152253,,,,in-linguist,p/PostScript.ps
hello:6e492aa152f8,gold,.sql,e585573d008f64628c820f47654ab34a741dc3e2,hello.sql,swh:1:cnt:e585573d008f64628c820f47654ab34a741dc3e2;origin=https://github.com/leachim6/hello-world;path=/p/Postgre SQL.sql,Postgre SQL,Postgre SQL,Postgre SQL,the contributor (the language the file is named after),hello-world@a152253,,,,not-in-linguist;misleading-ext;ambiguous-ext,p/Postgre SQL.sql
hello:edf3c2ac8364,gold,.ptk,fc27c3bd4a1e7f9025cd013ee459c95df7a71907,hello.ptk,swh:1:cnt:fc27c3bd4a1e7f9025cd013ee459c95df7a71907;origin=https://github.com/leachim6/hello-world;path=/p/Potaka.ptk,Potaka,Potaka,Potaka,the contributor (the language the file is named after),hello-world@a152253,,,,not-in-linguist,p/Potaka.ptk
hello:b6b416200ac8,gold,.poti,9ceaccbc30114224cfa3a9b9bbc0212074e96e2c,hello.poti,swh:1:cnt:9ceaccbc30114224cfa3a9b9bbc0212074e96e2c;origin=https://github.com/leachim6/hello-world;path=/p/Potigol.poti,Potigol,Potigol,Potigol,the contributor (the language the file is named after),hello-world@a152253,,,,not-in-linguist,p/Potigol.poti
hello:fbfac7f4f905,gold,.pfx,8056e80e10d1ea4e20f6bf76059589db14c6c41b,hello.pfx,swh:1:cnt:8056e80e10d1ea4e20f6bf76059589db14c6c41b;origin=https://github.com/leachim6/hello-world;path=/p/Power Fx.pfx,Power Fx,Power Fx,Power Fx,the contributor (the language the file is named after),hello-world@a152253,,,,not-in-linguist,p/Power Fx.pfx
hello:0d501f39ad17,gold,.psr,2b2b765d6d10a2f6043eebeef1dc46ba71084cb7,hello.psr,swh:1:cnt:2b2b765d6d10a2f6043eebeef1dc46ba71084cb7;origin=https://github.com/leachim6/hello-world;path=/p/PowerBuilder.psr,PowerBuilder,PowerBuilder,PowerBuilder,the contributor (the language the file is named after),hello-world@a152253,,,,in-linguist,p/PowerBuilder.psr
hello:1ff57132cd1b,gold,.ps1,0dcf78b2a627913a12ea386ff272f2ac00d893ab,hello.ps1,swh:1:cnt:0dcf78b2a627913a12ea386ff272f2ac00d893ab;origin=https://github.com/leachim6/hello-world;path=/p/PowerShell.ps1,PowerShell,PowerShell,PowerShell;posh;pwsh,the contributor (the language the file is named after),hello-world@a152253,,,,in-linguist;shared-bytes,p/PowerShell.ps1
hello:51b7648ce766,gold,,ce438bd29eb93213cce4cf0cbf7e44fee3d789b0,hello,swh:1:cnt:ce438bd29eb93213cce4cf0cbf7e44fee3d789b0;origin=https://github.com/leachim6/hello-world;path=/p/Printscript,Printscript,Printscript,Printscript,the contributor (the language the file is named after),hello-world@a152253,,,,not-in-linguist;no-ext;shared-bytes,p/Printscript
hello:52913ad1e37b,gold,.pde,dde0ceeb9e62304034bc527d917dba620e3175d9,hello.pde,swh:1:cnt:dde0ceeb9e62304034bc527d917dba620e3175d9;origin=https://github.com/leachim6/hello-world;path=/p/Processing.pde,Processing,Processing,Processing,the contributor (the language the file is named after),hello-world@a152253,,,,in-linguist,p/Processing.pde
hello:547752fa1e79,gold,,ce438bd29eb93213cce4cf0cbf7e44fee3d789b0,hello,swh:1:cnt:ce438bd29eb93213cce4cf0cbf7e44fee3d789b0;origin=https://github.com/leachim6/hello-world;path=/p/Profan,Profan,Profan,Profan,the contributor (the language the file is named after),hello-world@a152253,,,,not-in-linguist;no-ext;shared-bytes,p/Profan
hello:ad18413a31f2,gold,.pro,473a6b14e482f8844c7a9b7a246e4f5ef0c4c0d7,hello.pro,swh:1:cnt:473a6b14e482f8844c7a9b7a246e4f5ef0c4c0d7;origin=https://github.com/leachim6/hello-world;path=/p/Prolog.pro,Prolog,Prolog,Prolog,the contributor (the language the file is named after),hello-world@a152253,,,,in-linguist;ambiguous-ext,p/Prolog.pro
hello:dbd3544751c3,gold,.pml,4dc3a9b8b0aab088b98ddd5baa862057c9f8cb8c,hello.pml,swh:1:cnt:4dc3a9b8b0aab088b98ddd5baa862057c9f8cb8c;origin=https://github.com/leachim6/hello-world;path=/p/Promela.pml,Promela,Promela,Promela,the contributor (the language the file is named after),hello-world@a152253,,,,in-linguist,p/Promela.pml
hello:df0f8f8a8281,gold,.vim,76985dad929e007b31e138a7114e22b35bfd97f4,hello.vim,swh:1:cnt:76985dad929e007b31e138a7114e22b35bfd97f4;origin=https://github.com/leachim6/hello-world;path=/p/ProvideX.vim,ProvideX,ProvideX,ProvideX,the contributor (the language the file is named after),hello-world@a152253,,,,not-in-linguist;misleading-ext,p/ProvideX.vim
hello:de460ac20276,gold,.pug,0c3bf1e2767584d0c4416a2e264eaecc319e1701,hello.pug,swh:1:cnt:0c3bf1e2767584d0c4416a2e264eaecc319e1701;origin=https://github.com/leachim6/hello-world;path=/p/Pug.pug,Pug,Pug,Pug,the contributor (the language the file is named after),hello-world@a152253,,,,in-linguist,p/Pug.pug
hello:c1c5578274ea,gold,.pd,0a571e99de8908aa7ad1a3f66d5d1c5a3d271d25,hello.pd,swh:1:cnt:0a571e99de8908aa7ad1a3f66d5d1c5a3d271d25;origin=https://github.com/leachim6/hello-world;path=/p/Pure Data.pd,Pure Data,Pure Data,Pure Data,the contributor (the language the file is named after),hello-world@a152253,,,,in-linguist,p/Pure Data.pd
hello:4c1ce1f16dab,gold,.pb,0458c954fccfa59edb130b08719ac14f0ca6b92e,hello.pb,swh:1:cnt:0458c954fccfa59edb130b08719ac14f0ca6b92e;origin=https://github.com/leachim6/hello-world;path=/p/PureBasic.pb,PureBasic,PureBasic,PureBasic,the contributor (the language the file is named after),hello-world@a152253,,,,in-linguist,p/PureBasic.pb
hello:e980ce631897,gold,.purs,2124b82600307f2031e20f7028f88d2ed52671d3,hello.purs,swh:1:cnt:2124b82600307f2031e20f7028f88d2ed52671d3;origin=https://github.com/leachim6/hello-world;path=/p/PureScript.purs,PureScript,PureScript,PureScript,the contributor (the language the file is named after),hello-world@a152253,,,,in-linguist,p/PureScript.purs
hello:6a727bf9c12e,gold,.zip,074fd38950d9285c4553769ae87ce27e22430d5f,hello.zip,swh:1:cnt:074fd38950d9285c4553769ae87ce27e22430d5f;origin=https://github.com/leachim6/hello-world;path=/p/Pxem.zip,Pxem,Pxem,Pxem,the contributor (the language the file is named after),hello-world@a152253,,,,not-in-linguist;binary,p/Pxem.zip
hello:4b1621433fa9,gold,.py,4e599021eee6450259d584c568f622945663baa7,hello.py,swh:1:cnt:4e599021eee6450259d584c568f622945663baa7;origin=https://github.com/leachim6/hello-world;path=/p/PyQt4.py,PyQt4,PyQt4,PyQt4,the contributor (the language the file is named after),hello-world@a152253,,,,not-in-linguist;misleading-ext;not-a-language,p/PyQt4.py
hello:e046692b9bbd,gold,.py,577dd270f18ad0ae4824c0bbe9e662ca2d327c3b,hello.py,swh:1:cnt:577dd270f18ad0ae4824c0bbe9e662ca2d327c3b;origin=https://github.com/leachim6/hello-world;path=/p/PyQt5.py,PyQt5,PyQt5,PyQt5,the contributor (the language the file is named after),hello-world@a152253,,,,not-in-linguist;misleading-ext;not-a-language,p/PyQt5.py
hello:7d3c809157a1,gold,.py,ae8acdeeac012afe2be03beb89fdb90d1ae9798c,hello.py,swh:1:cnt:ae8acdeeac012afe2be03beb89fdb90d1ae9798c;origin=https://github.com/leachim6/hello-world;path=/p/PySide2.py,PySide2,PySide2,PySide2,the contributor (the language the file is named after),hello-world@a152253,,,,not-in-linguist;misleading-ext;not-a-language,p/PySide2.py
hello:4de9388a1665,gold,.py,9d0858ac31f0d7c2c07cd891646782a754dbc36c,hello.py,swh:1:cnt:9d0858ac31f0d7c2c07cd891646782a754dbc36c;origin=https://github.com/leachim6/hello-world;path=/p/PySimpleGUI.py,PySimpleGUI,PySimpleGUI,PySimpleGUI,the contributor (the language the file is named after),hello-world@a152253,,,,not-in-linguist;misleading-ext;not-a-language,p/PySimpleGUI.py
hello:48ca59c52e8b,gold,.py,44706ff1661e98a0e41722e841d98b2154462433,hello.py,swh:1:cnt:44706ff1661e98a0e41722e841d98b2154462433;origin=https://github.com/leachim6/hello-world;path=/p/Pygame.py,Pygame,Pygame,Pygame,the contributor (the language the file is named after),hello-world@a152253,,,,not-in-linguist;misleading-ext;not-a-language,p/Pygame.py
hello:5be59510aeb3,gold,.arr,df1dc6821eb73a1036ef820317e03d5f5e01dcca,hello.arr,swh:1:cnt:df1dc6821eb73a1036ef820317e03d5f5e01dcca;origin=https://github.com/leachim6/hello-world;path=/p/Pyret.arr,Pyret,Pyret,Pyret,the contributor (the language the file is named after),hello-world@a152253,,,,in-linguist;shared-bytes,p/Pyret.arr
hello:28b19ecf0600,gold,.pyth,06ae699f22d413ed488676f933b39080ecaca5a9,hello.pyth,swh:1:cnt:06ae699f22d413ed488676f933b39080ecaca5a9;origin=https://github.com/leachim6/hello-world;path=/p/Pyth.pyth,Pyth,Pyth,Pyth,the contributor (the language the file is named after),hello-world@a152253,,,,not-in-linguist;shared-bytes,p/Pyth.pyth
hello:f570ef90a276,gold,.py,b2dc5fcf811dcab92ed362bba88c3a4cd8622116,hello.py,swh:1:cnt:b2dc5fcf811dcab92ed362bba88c3a4cd8622116;origin=https://github.com/leachim6/hello-world;path=/p/Python 2.py,Python,Python 2,Python;py;py3;python3;rusthon;Python 2,the contributor (the language the file is named after),hello-world@a152253,,,,in-linguist,p/Python 2.py
hello:5871fc8c6ef1,gold,.py,a69f379cb25e8a69e04a2fb592a33c5bc7d8e45e,hello.py,swh:1:cnt:a69f379cb25e8a69e04a2fb592a33c5bc7d8e45e;origin=https://github.com/leachim6/hello-world;path=/p/Python 3.py,Python,Python 3,Python;py;py3;python3;rusthon;Python 3,the contributor (the language the file is named after),hello-world@a152253,,,,in-linguist,p/Python 3.py
hello:0ea565fb3634,gold,.pyowo,3fc19163550d5122dbc270715e98bf391cde42f8,hello.pyowo,swh:1:cnt:3fc19163550d5122dbc270715e98bf391cde42f8;origin=https://github.com/leachim6/hello-world;path=/p/pythOwO.pyowo,pythOwO,pythOwO,pythOwO,the contributor (the language the file is named after),hello-world@a152253,,,,not-in-linguist,p/pythOwO.pyowo
hello:adf79f01c053,gold,.q,06ae699f22d413ed488676f933b39080ecaca5a9,hello.q,swh:1:cnt:06ae699f22d413ed488676f933b39080ecaca5a9;origin=https://github.com/leachim6/hello-world;path=/q/Q.q,q,Q,q;Q,the contributor (the language the file is named after),hello-world@a152253,,,,in-linguist;ambiguous-ext;shared-bytes,q/Q.q
hello:762233ea9750,gold,.bas,948ec75bc51cac9390da07897d0155fd558ae7a0,hello.bas,swh:1:cnt:948ec75bc51cac9390da07897d0155fd558ae7a0;origin=https://github.com/leachim6/hello-world;path=/q/QBasic.bas,QuickBASIC,QBasic,QuickBASIC;qb;qbasic;qb64;classic qbasic;classic quickbasic;QBasic,the contributor (the language the file is named after),hello-world@a152253,,,,in-linguist;ambiguous-ext,q/QBasic.bas
hello:2e754a7fae9a,gold,.qcl,cc0dec7606da4d4917864bd72c2965261856bf7a,hello.qcl,swh:1:cnt:cc0dec7606da4d4917864bd72c2965261856bf7a;origin=https://github.com/leachim6/hello-world;path=/q/QCL.qcl,QCL,QCL,QCL,the contributor (the language the file is named after),hello-world@a152253,,,,not-in-linguist,q/QCL.qcl
hello:7f497eda4841,gold,.qs,3a77f226e0df83c5185f7f610ab1759e6cef3773,hello.qs,swh:1:cnt:3a77f226e0df83c5185f7f610ab1759e6cef3773;origin=https://github.com/leachim6/hello-world;path=/q/QSharp.qs,Q#,QSharp,Q#;qsharp;QSharp,the contributor (the language the file is named after),hello-world@a152253,,,,in-linguist;ambiguous-ext,q/QSharp.qs
hello:6bea498836ca,gold,.qu,4edeacb3801b20297afb5717659b51a44970408e,hello.qu,swh:1:cnt:4edeacb3801b20297afb5717659b51a44970408e;origin=https://github.com/leachim6/hello-world;path=/q/QU.qu,QU,QU,QU,the contributor (the language the file is named after),hello-world@a152253,,,,not-in-linguist,q/QU.qu
hello:630fe28fcc68,gold,.qwerty,057a290bf6f471cfdd95bd2609286cefcbc05979,hello.qwerty,swh:1:cnt:057a290bf6f471cfdd95bd2609286cefcbc05979;origin=https://github.com/leachim6/hello-world;path=/q/QWERTY.qwerty,QWERTY,QWERTY,QWERTY,the contributor (the language the file is named after),hello-world@a152253,,,,not-in-linguist,q/QWERTY.qwerty
hello:3101571cf0b2,gold,,8e05abe4902724006fe22f5202e41d33ed1a8b5f,hello,swh:1:cnt:8e05abe4902724006fe22f5202e41d33ed1a8b5f;origin=https://github.com/leachim6/hello-world;path=/q/Qalb,Qalb,Qalb,Qalb,the contributor (the language the file is named after),hello-world@a152253,,,,not-in-linguist;no-ext,q/Qalb
hello:fc5117248b39,gold,.qi,e09b571784a5ba1951302ca1b4ffcba4309ba7f1,hello.qi,swh:1:cnt:e09b571784a5ba1951302ca1b4ffcba4309ba7f1;origin=https://github.com/leachim6/hello-world;path=/q/Qi.qi,Qi,Qi,Qi,the contributor (the language the file is named after),hello-world@a152253,,,,not-in-linguist,q/Qi.qi
hello:2ee975392f55,gold,.q,b52899fa08039dd557b6af118e6c24d9106aed6d,hello.q,swh:1:cnt:b52899fa08039dd557b6af118e6c24d9106aed6d;origin=https://github.com/leachim6/hello-world;path=/q/Qore.q,Qore,Qore,Qore,the contributor (the language the file is named after),hello-world@a152253,,,,not-in-linguist;misleading-ext;ambiguous-ext,q/Qore.q
hello:defe72f1290a,gold,.qc,bb3e43a2639ecaf20126e73843e98e057be5a776,hello.qc,swh:1:cnt:bb3e43a2639ecaf20126e73843e98e057be5a776;origin=https://github.com/leachim6/hello-world;path=/q/QuakeC.qc,QuakeC,QuakeC,QuakeC,the contributor (the language the file is named after),hello-world@a152253,,,,in-linguist,q/QuakeC.qc
hello:88befd52b6b0,gold,.qtz,63e44e2fb1802ba4dcd078deef422d24000537a8,hello.qtz,swh:1:cnt:63e44e2fb1802ba4dcd078deef422d24000537a8;origin=https://github.com/leachim6/hello-world;path=/q/QuartzComposer.qtz,QuartzComposer,QuartzComposer,QuartzComposer,the contributor (the language the file is named after),hello-world@a152253,,,,not-in-linguist,q/QuartzComposer.qtz
hello:d713f78256f7,gold,.qugord,1cf601f0b138947b3a96177bc193fda0ff0b6f47,hello.qugord,swh:1:cnt:1cf601f0b138947b3a96177bc193fda0ff0b6f47;origin=https://github.com/leachim6/hello-world;path=/q/Qugord.qugord,Qugord,Qugord,Qugord,the contributor (the language the file is named after),hello-world@a152253,,,,not-in-linguist,q/Qugord.qugord
hello:f5477739e529,gold,.quorum,e837e493b163604d628a62202a953d5235f331c6,hello.quorum,swh:1:cnt:e837e493b163604d628a62202a953d5235f331c6;origin=https://github.com/leachim6/hello-world;path=/q/Quorum.quorum,Quorum,Quorum,Quorum,the contributor (the language the file is named after),hello-world@a152253,,,,not-in-linguist,q/Quorum.quorum
hello:d3d9e1dd8bc5,gold,.R,3ef2d1abc25f9d6304742e30a06b59df1670fc64,hello.R,swh:1:cnt:3ef2d1abc25f9d6304742e30a06b59df1670fc64;origin=https://github.com/leachim6/hello-world;path=/r/R.R,R,R,R;Rscript;splus,the contributor (the language the file is named after),hello-world@a152253,,,,in-linguist;ambiguous-ext,r/R.R
hello:8fcc4c1c28df,gold,.reb,aa312bb5639cc98e5fbcd12c809f0eda508c0c73,hello.reb,swh:1:cnt:aa312bb5639cc98e5fbcd12c809f0eda508c0c73;origin=https://github.com/leachim6/hello-world;path=/r/REBMU.reb,REBMU,REBMU,REBMU,the contributor (the language the file is named after),hello-world@a152253,,,,not-in-linguist;misleading-ext,r/REBMU.reb
hello:afb1316c0d6e,gold,.rpgle,057f88beac40583b6f8454c8f4b24115d28d98dc,hello.rpgle,swh:1:cnt:057f88beac40583b6f8454c8f4b24115d28d98dc;origin=https://github.com/leachim6/hello-world;path=/r/RPG IV.rpgle,RPGLE,RPG IV,RPGLE;ile rpg;sqlrpgle;RPG IV,the contributor (the language the file is named after),hello-world@a152253,,,,in-linguist,r/RPG IV.rpgle
hello:b01b87f9c8a9,gold,.rpgle,da046a06feafb8ae13e1ce1cdbbb652b689ea7e4,hello.rpgle,swh:1:cnt:da046a06feafb8ae13e1ce1cdbbb652b689ea7e4;origin=https://github.com/leachim6/hello-world;path=/r/RPG.rpgle,RPG,RPG,RPG,the contributor (the language the file is named after),hello-world@a152253,,,,not-in-linguist;misleading-ext,r/RPG.rpgle
hello:d67b34a40320,gold,.rtl2,e42574f5f77cc99fa56bda0882a4325e6414dc75,hello.rtl2,swh:1:cnt:e42574f5f77cc99fa56bda0882a4325e6414dc75;origin=https://github.com/leachim6/hello-world;path=/r/RTL2.rtl2,RTL2,RTL2,RTL2,the contributor (the language the file is named after),hello-world@a152253,,,,not-in-linguist,r/RTL2.rtl2
hello:faf891104815,gold,.rkt,aebb0486521ca9e5b199caa31a82a8aa844e4fca,hello.rkt,swh:1:cnt:aebb0486521ca9e5b199caa31a82a8aa844e4fca;origin=https://github.com/leachim6/hello-world;path=/r/Racket.rkt,Racket,Racket,Racket,the contributor (the language the file is named after),hello-world@a152253,,,,in-linguist,r/Racket.rkt
hello:eeec3473bac7,gold,.radixal,bd57558b54a4690db28d4e62842decc6866b145e,hello.radixal,swh:1:cnt:bd57558b54a4690db28d4e62842decc6866b145e;origin=https://github.com/leachim6/hello-world;path=/r/Radixal.radixal,Radixal,Radixal,Radixal,the contributor (the language the file is named after),hello-world@a152253,,,,not-in-linguist,r/Radixal.radixal
hello:0278bfaffa94,gold,.bro,dd745eab46c0bf040ff713def54b8f76d1a07a1f,hello.bro,swh:1:cnt:dd745eab46c0bf040ff713def54b8f76d1a07a1f;origin=https://github.com/leachim6/hello-world;path=/r/Rafflalang.bro,Rafflalang,Rafflalang,Rafflalang,the contributor (the language the file is named after),hello-world@a152253,,,,not-in-linguist;misleading-ext,r/Rafflalang.bro
hello:fa1aed293b76,gold,.raku,bbc32605e5f1ba5b53ea8f82242e5c5b120498bd,hello.raku,swh:1:cnt:bbc32605e5f1ba5b53ea8f82242e5c5b120498bd;origin=https://github.com/leachim6/hello-world;path=/r/Raku.raku,Raku,Raku,Raku;perl6;perl-6,the contributor (the language the file is named after),hello-world@a152253,,,,in-linguist,r/Raku.raku
hello:d18cf0a442e3,gold,.rap,0b261ea405bd1b02d95b2fd247a584d3babd2550,hello.rap,swh:1:cnt:0b261ea405bd1b02d95b2fd247a584d3babd2550;origin=https://github.com/leachim6/hello-world;path=/r/Rapira.rap,Rapira,Rapira,Rapira,the contributor (the language the file is named after),hello-world@a152253,,,,not-in-linguist,r/Rapira.rap
hello:86d7598f1313,gold,.ratfor,74a4ad91c7313171124195bf48104d60139c9883,hello.ratfor,swh:1:cnt:74a4ad91c7313171124195bf48104d60139c9883;origin=https://github.com/leachim6/hello-world;path=/r/RatFor.ratfor,RatFor,RatFor,RatFor,the contributor (the language the file is named after),hello-world@a152253,,,,not-in-linguist,r/RatFor.ratfor
hello:f0cb4cc3174d,gold,.res,3f787c74418891e563c7d25ad44ad1a38850209a,hello.res,swh:1:cnt:3f787c74418891e563c7d25ad44ad1a38850209a;origin=https://github.com/leachim6/hello-world;path=/r/ReScript.res,ReScript,ReScript,ReScript,the contributor (the language the file is named after),hello-world@a152253,,,,in-linguist;ambiguous-ext,r/ReScript.res
hello:00f5e67cf218,gold,.js,1becf12dff3a7b29e13dbb6d0db71ea356f16ece,hello.js,swh:1:cnt:1becf12dff3a7b29e13dbb6d0db71ea356f16ece;origin=https://github.com/leachim6/hello-world;path=/r/React Native.js,React Native,React Native,React Native,the contributor (the language the file is named after),hello-world@a152253,,,,not-in-linguist;misleading-ext;not-a-language,r/React Native.js
hello:119b6d417974,gold,.js,a464ae85730275238653b823f1540666081ac183,hello.js,swh:1:cnt:a464ae85730275238653b823f1540666081ac183;origin=https://github.com/leachim6/hello-world;path=/r/React.js,React,React,React,the contributor (the language the file is named after),hello-world@a152253,,,,not-in-linguist;misleading-ext;not-a-language,r/React.js
hello:39eeedbc1573,gold,.js,3d5be7d09b2783d8ff4023b4e5cbb8e8311858fb,hello.js,swh:1:cnt:3d5be7d09b2783d8ff4023b4e5cbb8e8311858fb;origin=https://github.com/leachim6/hello-world;path=/r/React360.js,React360,React360,React360,the contributor (the language the file is named after),hello-world@a152253,,,,not-in-linguist;misleading-ext;not-a-language,r/React360.js
hello:2620f1ea90b1,gold,.readlink,557db03de997c86a4a028e1ebd3a1ceb225be238,hello.readlink,swh:1:cnt:557db03de997c86a4a028e1ebd3a1ceb225be238;origin=https://github.com/leachim6/hello-world;path=/r/Readlink.readlink,Readlink,Readlink,Readlink,the contributor (the language the file is named after),hello-world@a152253,,,,not-in-linguist;shared-bytes,r/Readlink.readlink
hello:a9f0e9e009f5,gold,.realbasic,0342027fe462bb4572efba183077b3b8e5d51b00,hello.realbasic,swh:1:cnt:0342027fe462bb4572efba183077b3b8e5d51b00;origin=https://github.com/leachim6/hello-world;path=/r/RealBasic.realbasic,REALbasic,RealBasic,REALbasic;RealBasic,the contributor (the language the file is named after),hello-world@a152253,,,,in-linguist,r/RealBasic.realbasic
hello:1ce757a30f74,gold,.re,33e25cda9c7d80e6c2c3eebe46a5f04bd8b2a702,hello.re,swh:1:cnt:33e25cda9c7d80e6c2c3eebe46a5f04bd8b2a702;origin=https://github.com/leachim6/hello-world;path=/r/Reason.re,Reason,Reason,Reason,the contributor (the language the file is named after),hello-world@a152253,,,,in-linguist;ambiguous-ext,r/Reason.re
hello:ea2a971623f4,gold,.r,ce438bd29eb93213cce4cf0cbf7e44fee3d789b0,hello.r,swh:1:cnt:ce438bd29eb93213cce4cf0cbf7e44fee3d789b0;origin=https://github.com/leachim6/hello-world;path=/r/Rebol.r,Rebol,Rebol,Rebol,the contributor (the language the file is named after),hello-world@a152253,,,,in-linguist;ambiguous-ext;shared-bytes,r/Rebol.r
hello:a9388174bb9d,gold,.reb,ce438bd29eb93213cce4cf0cbf7e44fee3d789b0,hello.reb,swh:1:cnt:ce438bd29eb93213cce4cf0cbf7e44fee3d789b0;origin=https://github.com/leachim6/hello-world;path=/r/Rebol.reb,Rebol,Rebol,Rebol,the contributor (the language the file is named after),hello-world@a152253,,,,in-linguist;shared-bytes,r/Rebol.reb
hello:d1946661e5e0,gold,.recurse,40ff9d818bd1f37b6c8b667f960ba8bb8b551bd1,hello.recurse,swh:1:cnt:40ff9d818bd1f37b6c8b667f960ba8bb8b551bd1;origin=https://github.com/leachim6/hello-world;path=/r/Recurse.recurse,Recurse,Recurse,Recurse,the contributor (the language the file is named after),hello-world@a152253,,,,not-in-linguist,r/Recurse.recurse
hello:cf0ca5fd0d36,gold,.red,9d1d674d3c21a258fa50d5f4d9f3220c164acea9,hello.red,swh:1:cnt:9d1d674d3c21a258fa50d5f4d9f3220c164acea9;origin=https://github.com/leachim6/hello-world;path=/r/Red.red,Red,Red,Red;red/system,the contributor (the language the file is named after),hello-world@a152253,,,,in-linguist,r/Red.red
hello:74122ac1340d,gold,,17ca233510304bb382081e108b416ee053585c41,hello,swh:1:cnt:17ca233510304bb382081e108b416ee053585c41;origin=https://github.com/leachim6/hello-world;path=/r/Redis,Redis,Redis,Redis,the contributor (the language the file is named after),hello-world@a152253,,,,not-in-linguist;no-ext;not-a-language,r/Redis
hello:5ddaf01a0872,gold,.ref,a88d854574fa4f9af528337b5d2fcf28af7695c3,hello.ref,swh:1:cnt:a88d854574fa4f9af528337b5d2fcf28af7695c3;origin=https://github.com/leachim6/hello-world;path=/r/Refal.ref,Refal,Refal,Refal,the contributor (the language the file is named after),hello-world@a152253,,,,not-in-linguist,r/Refal.ref
hello:539e812635d0,gold,.ret,491ba2dd55fac9d1022d53375d4b6a98fd33c22a,hello.ret,swh:1:cnt:491ba2dd55fac9d1022d53375d4b6a98fd33c22a;origin=https://github.com/leachim6/hello-world;path=/r/Retina.ret,Retina,Retina,Retina,the contributor (the language the file is named after),hello-world@a152253,,,,not-in-linguist,r/Retina.ret
hello:f730e210ffa7,gold,.retro,9a97f57fb02440ad040dee247339eaf5cd90f99d,hello.retro,swh:1:cnt:9a97f57fb02440ad040dee247339eaf5cd90f99d;origin=https://github.com/leachim6/hello-world;path=/r/Retro.retro,Retro,Retro,Retro,the contributor (the language the file is named after),hello-world@a152253,,,,not-in-linguist,r/Retro.retro
hello:6383442b0ad9,gold,.rexx,4beb0d765a4bc8df613f7caac78402083389db94,hello.rexx,swh:1:cnt:4beb0d765a4bc8df613f7caac78402083389db94;origin=https://github.com/leachim6/hello-world;path=/r/Rexx.rexx,REXX,Rexx,REXX;arexx;Rexx,the contributor (the language the file is named after),hello-world@a152253,,,,in-linguist,r/Rexx.rexx
hello:27242dc871dc,gold,.rickroll,1b993d4652046e079b60bafc7ca9ac3f676639b2,hello.rickroll,swh:1:cnt:1b993d4652046e079b60bafc7ca9ac3f676639b2;origin=https://github.com/leachim6/hello-world;path=/r/Rick Roll.rickroll,Rick Roll,Rick Roll,Rick Roll,the contributor (the language the file is named after),hello-world@a152253,,,,not-in-linguist,r/Rick Roll.rickroll
hello:9807aa69010e,gold,.tea,1dc961e46e48d31105f439daf455905f637d63e1,hello.tea,swh:1:cnt:1dc961e46e48d31105f439daf455905f637d63e1;origin=https://github.com/leachim6/hello-world;path=/r/Ricktea.tea,Ricktea,Ricktea,Ricktea,the contributor (the language the file is named after),hello-world@a152253,,,,not-in-linguist;misleading-ext,r/Ricktea.tea
hello:519d49dec591,gold,.ride,42d81f9f1ad7e43aea23f4858e1cafe93153a80a,hello.ride,swh:1:cnt:42d81f9f1ad7e43aea23f4858e1cafe93153a80a;origin=https://github.com/leachim6/hello-world;path=/r/Ride.ride,Ride,Ride,Ride,the contributor (the language the file is named after),hello-world@a152253,,,,not-in-linguist,r/Ride.ride
hello:132a99ab24e7,gold,.ring,b9ba68d9d3307e6cff2410f1c1c2ae7c80a6f812,hello.ring,swh:1:cnt:b9ba68d9d3307e6cff2410f1c1c2ae7c80a6f812;origin=https://github.com/leachim6/hello-world;path=/r/Ring.ring,Ring,Ring,Ring,the contributor (the language the file is named after),hello-world@a152253,,,,in-linguist,r/Ring.ring
hello:4c1f15f3c8a9,gold,.rive,1e02ae34db69dad2230da4c6b987d3658d8d42a1,hello.rive,swh:1:cnt:1e02ae34db69dad2230da4c6b987d3658d8d42a1;origin=https://github.com/leachim6/hello-world;path=/r/RiveScript.rive,RiveScript,RiveScript,RiveScript,the contributor (the language the file is named after),hello-world@a152253,,,,not-in-linguist,r/RiveScript.rive
hello:0774f63a4ef6,gold,.robot,f32d7f044ae2e5dd807c7cfec605caff895d4e5b,hello.robot,swh:1:cnt:f32d7f044ae2e5dd807c7cfec605caff895d4e5b;origin=https://github.com/leachim6/hello-world;path=/r/Robot Framework.robot,RobotFramework,Robot Framework,RobotFramework;Robot Framework,the contributor (the language the file is named after),hello-world@a152253,,,,in-linguist,r/Robot Framework.robot
hello:bc26bb6854bf,gold,.rock,0de0b2148b1ea769ca60788e8e826a0f47191e96,hello.rock,swh:1:cnt:0de0b2148b1ea769ca60788e8e826a0f47191e96;origin=https://github.com/leachim6/hello-world;path=/r/Rockstar.rock,Rockstar,Rockstar,Rockstar,the contributor (the language the file is named after),hello-world@a152253,,,,not-in-linguist,r/Rockstar.rock
hello:ef9cd264c737,gold,.roco,da73355b0c221c522e992d56352d232b7794c1e9,hello.roco,swh:1:cnt:da73355b0c221c522e992d56352d232b7794c1e9;origin=https://github.com/leachim6/hello-world;path=/r/Roco.roco,Roco,Roco,Roco,the contributor (the language the file is named after),hello-world@a152253,,,,not-in-linguist,r/Roco.roco
hello:46f9dd326bfd,gold,,83d47e0382559cea322e8b1593de85af351bf30c,hello,swh:1:cnt:83d47e0382559cea322e8b1593de85af351bf30c;origin=https://github.com/leachim6/hello-world;path=/r/Rotor,Rotor,Rotor,Rotor,the contributor (the language the file is named after),hello-world@a152253,,,,not-in-linguist;no-ext,r/Rotor
hello:cbb176ac7ba7,gold,.roy,89ce6323f33830761b50a176ae76d1fa8b8e6ee5,hello.roy,swh:1:cnt:89ce6323f33830761b50a176ae76d1fa8b8e6ee5;origin=https://github.com/leachim6/hello-world;path=/r/Roy.roy,Roy,Roy,Roy,the contributor (the language the file is named after),hello-world@a152253,,,,not-in-linguist;shared-bytes,r/Roy.roy
hello:b772fb7f44f0,gold,.rb,2300ecb40bf22b7c5acea5870db0886517cdb214,hello.rb,swh:1:cnt:2300ecb40bf22b7c5acea5870db0886517cdb214;origin=https://github.com/leachim6/hello-world;path=/r/Ruby on Rails.rb,Ruby on Rails,Ruby on Rails,Ruby on Rails,the contributor (the language the file is named after),hello-world@a152253,,,,not-in-linguist;misleading-ext;not-a-language,r/Ruby on Rails.rb
hello:adc25eaa6ae6,gold,.rb,1ec27daa398fe3ea57862c9b2bcba30f8b4bfdf7,hello.rb,swh:1:cnt:1ec27daa398fe3ea57862c9b2bcba30f8b4bfdf7;origin=https://github.com/leachim6/hello-world;path=/r/Ruby.rb,Ruby,Ruby,Ruby;jruby;macruby;rake;rb;rbx,the contributor (the language the file is named after),hello-world@a152253,,,,in-linguist,r/Ruby.rb
hello:61ddd4ccdd71,gold,.rn,ad35e5ae34d7df6d469bfe65dbfcefe988e0169f,hello.rn,swh:1:cnt:ad35e5ae34d7df6d469bfe65dbfcefe988e0169f;origin=https://github.com/leachim6/hello-world;path=/r/Rune.rn,Rune,Rune,Rune,the contributor (the language the file is named after),hello-world@a152253,,,,not-in-linguist;shared-bytes,r/Rune.rn
hello:c5e0792c44f9,gold,.ruo,dfeef6bfdb1cbc61099e64c3e4a1a451f92587da,hello.ruo,swh:1:cnt:dfeef6bfdb1cbc61099e64c3e4a1a451f92587da;origin=https://github.com/leachim6/hello-world;path=/r/Ruota.ruo,Ruota,Ruota,Ruota,the contributor (the language the file is named after),hello-world@a152253,,,,not-in-linguist,r/Ruota.ruo
hello:7fbd9ae8b7cb,gold,.rs,f6320bcb04aa8f747f266e1105886837414fd921,hello.rs,swh:1:cnt:f6320bcb04aa8f747f266e1105886837414fd921;origin=https://github.com/leachim6/hello-world;path=/r/Rust.rs,Rust,Rust,Rust;rs,the contributor (the language the file is named after),hello-world@a152253,,,,in-linguist;ambiguous-ext,r/Rust.rs
hello:f97e17bab59e,gold,.rst,acc365770cae2adf3177a4f6b7b8a66953fe7daf,hello.rst,swh:1:cnt:acc365770cae2adf3177a4f6b7b8a66953fe7daf;origin=https://github.com/leachim6/hello-world;path=/r/reStructuredText.rst,reStructuredText,reStructuredText,reStructuredText;rst,the contributor (the language the file is named after),hello-world@a152253,,,,in-linguist,r/reStructuredText.rst
hello:b39779152115,gold,,52b5640d128e392201b9632827bd8ac481c06615,hello,swh:1:cnt:52b5640d128e392201b9632827bd8ac481c06615;origin=https://github.com/leachim6/hello-world;path=/s/S Algol,S Algol,S Algol,S Algol,the contributor (the language the file is named after),hello-world@a152253,,,,not-in-linguist;no-ext,s/S Algol
hello:58e832924e54,gold,.y,b863b0d1d7b37e046eedefa547cff2f19e225533,hello.y,swh:1:cnt:b863b0d1d7b37e046eedefa547cff2f19e225533;origin=https://github.com/leachim6/hello-world;path=/s/SCHWift.y,SCHWift,SCHWift,SCHWift,the contributor (the language the file is named after),hello-world@a152253,,,,not-in-linguist;misleading-ext,s/SCHWift.y
hello:4247f50c996c,gold,.scilab,c29ea07177bcb939e3636b3394db4c4bba82bf72,hello.scilab,swh:1:cnt:c29ea07177bcb939e3636b3394db4c4bba82bf72;origin=https://github.com/leachim6/hello-world;path=/s/SCILab.scilab,Scilab,SCILab,Scilab;SCILab,the contributor (the language the file is named after),hello-world@a152253,,,,in-linguist,s/SCILab.scilab
hello:5c716aea785a,gold,.scss,3038d2eafb52f2f818439ef630824520d54c9510,hello.scss,swh:1:cnt:3038d2eafb52f2f818439ef630824520d54c9510;origin=https://github.com/leachim6/hello-world;path=/s/SCSS.scss,SCSS,SCSS,SCSS,the contributor (the language the file is named after),hello-world@a152253,,,,in-linguist;shared-bytes,s/SCSS.scss
hello:040aaca84dcc,gold,.SIL,4ec8841697ddc1110a590b9c7aab1ae5cd1adcd8,hello.SIL,swh:1:cnt:4ec8841697ddc1110a590b9c7aab1ae5cd1adcd8;origin=https://github.com/leachim6/hello-world;path=/s/SIL.SIL,SIL,SIL,SIL,the contributor (the language the file is named after),hello-world@a152253,,,,not-in-linguist,s/SIL.SIL
hello:9520b3b062b1,gold,.sml,da0f5a541a0acab7d70f0c3c981686315ff77a2a,hello.sml,swh:1:cnt:da0f5a541a0acab7d70f0c3c981686315ff77a2a;origin=https://github.com/leachim6/hello-world;path=/s/SML.sml,Standard ML,SML,Standard ML;sml;SML,the contributor (the language the file is named after),hello-world@a152253,,,,in-linguist,s/SML.sml
hello:4c7ed924c1bd,gold,,7f33814f66748632feba93dc1d409d588b027b6d,hello,swh:1:cnt:7f33814f66748632feba93dc1d409d588b027b6d;origin=https://github.com/leachim6/hello-world;path=/s/SNOBOL,SNOBOL,SNOBOL,SNOBOL,the contributor (the language the file is named after),hello-world@a152253,,,,not-in-linguist;no-ext,s/SNOBOL
hello:52773f63c86a,gold,.spss,da2b9a65b36ee55f0a658ac14eeae0a9efb4987c,hello.spss,swh:1:cnt:da2b9a65b36ee55f0a658ac14eeae0a9efb4987c;origin=https://github.com/leachim6/hello-world;path=/s/SPSS.spss,SPSS,SPSS,SPSS,the contributor (the language the file is named after),hello-world@a152253,,,,not-in-linguist,s/SPSS.spss
hello:49c54b71f3b0,gold,.spwn,bb2742b637eb76bcf996f07a74f55d56f6f2cee8,hello.spwn,swh:1:cnt:bb2742b637eb76bcf996f07a74f55d56f6f2cee8;origin=https://github.com/leachim6/hello-world;path=/s/SPWN.spwn,SPWN,SPWN,SPWN,the contributor (the language the file is named after),hello-world@a152253,,,,not-in-linguist,s/SPWN.spwn
hello:d7799ca9ad39,gold,.sql,1922d8b41061c178d1238cd7a98e74c340ab58e3,hello.sql,swh:1:cnt:1922d8b41061c178d1238cd7a98e74c340ab58e3;origin=https://github.com/leachim6/hello-world;path=/s/SQL.sql,SQL,SQL,SQL,the contributor (the language the file is named after),hello-world@a152253,,,,in-linguist;ambiguous-ext,s/SQL.sql
hello:4804fd3c984d,gold,.svg,412f6e58e9f9ff6a7d696165dcc523bb5f284d9f,hello.svg,swh:1:cnt:412f6e58e9f9ff6a7d696165dcc523bb5f284d9f;origin=https://github.com/leachim6/hello-world;path=/s/SVG.svg,SVG,SVG,SVG,the contributor (the language the file is named after),hello-world@a152253,,,,in-linguist,s/SVG.svg
hello:58c4a97430e0,gold,.sacred,893e5dc85495b9ad489a66ab4d213e37383b2651,hello.sacred,swh:1:cnt:893e5dc85495b9ad489a66ab4d213e37383b2651;origin=https://github.com/leachim6/hello-world;path=/s/Sacred.sacred,Sacred,Sacred,Sacred,the contributor (the language the file is named after),hello-world@a152253,,,,not-in-linguist,s/Sacred.sacred
hello:d2b9d9a18cf3,gold,.s,f7a0104148f712ec4bad43ec5e9ce1309eaa5b74,hello.s,swh:1:cnt:f7a0104148f712ec4bad43ec5e9ce1309eaa5b74;origin=https://github.com/leachim6/hello-world;path=/s/Sal.s,Sal,Sal,Sal,the contributor (the language the file is named after),hello-world@a152253,,,,not-in-linguist;misleading-ext;ambiguous-ext,s/Sal.s
hello:9010ec8119ee,gold,.sas,7ca8181db679cca50eb8527cb8f8e4631d864966,hello.sas,swh:1:cnt:7ca8181db679cca50eb8527cb8f8e4631d864966;origin=https://github.com/leachim6/hello-world;path=/s/Sas.sas,SAS,Sas,SAS;Sas,the contributor (the language the file is named after),hello-world@a152253,,,,in-linguist,s/Sas.sas
hello:c3734f865a0d,gold,.sass,a9093cd9c312fc68e9d7e2502769bf85872d55ca,hello.sass,swh:1:cnt:a9093cd9c312fc68e9d7e2502769bf85872d55ca;origin=https://github.com/leachim6/hello-world;path=/s/Sass.sass,Sass,Sass,Sass,the contributor (the language the file is named after),hello-world@a152253,,,,in-linguist,s/Sass.sass
hello:2f0b84ee9886,gold,.sa,f2dd8fcacde2e21eed3fb414bf442ab418d88044,hello.sa,swh:1:cnt:f2dd8fcacde2e21eed3fb414bf442ab418d88044;origin=https://github.com/leachim6/hello-world;path=/s/Sather.sa,Sather,Sather,Sather,the contributor (the language the file is named after),hello-world@a152253,,,,not-in-linguist,s/Sather.sa
hello:36ca2ca8c06f,gold,.ꦱꦮ,a39d751c0c3cf3221b0efa207f61c5b51fcf0dc0,hello.ꦱꦮ,swh:1:cnt:a39d751c0c3cf3221b0efa207f61c5b51fcf0dc0;origin=https://github.com/leachim6/hello-world;path=/s/Sawa.ꦱꦮ,Sawa,Sawa,Sawa,the contributor (the language the file is named after),hello-world@a152253,,,,not-in-linguist,s/Sawa.ꦱꦮ
hello:cf78c8593918,gold,.scala,e491ec20d35fcedb224013789888769b7a8ec5cb,hello.scala,swh:1:cnt:e491ec20d35fcedb224013789888769b7a8ec5cb;origin=https://github.com/leachim6/hello-world;path=/s/Scala.scala,Scala,Scala,Scala,the contributor (the language the file is named after),hello-world@a152253,,,,in-linguist,s/Scala.scala
hello:6f89908572f6,gold,.scm,9ea18e99f2bbfba3c2e3c1204b4505f1790723b5,hello.scm,swh:1:cnt:9ea18e99f2bbfba3c2e3c1204b4505f1790723b5;origin=https://github.com/leachim6/hello-world;path=/s/Scheme.scm,Scheme,Scheme,Scheme,the contributor (the language the file is named after),hello-world@a152253,,,,in-linguist;ambiguous-ext,s/Scheme.scm
hello:8e7f01f623c1,gold,.sb,72eabe046554606ac68bb6ee777b1ab2a203f2a3,hello.sb,swh:1:cnt:72eabe046554606ac68bb6ee777b1ab2a203f2a3;origin=https://github.com/leachim6/hello-world;path=/s/Scratch 1.sb,Scratch 1,Scratch 1,Scratch 1,the contributor (the language the file is named after),hello-world@a152253,,,,not-in-linguist;binary,s/Scratch 1.sb
hello:ce27dd811927,gold,.sb2,1542625e9687dc8db44211c4d460943e1a24a5b1,hello.sb2,swh:1:cnt:1542625e9687dc8db44211c4d460943e1a24a5b1;origin=https://github.com/leachim6/hello-world;path=/s/Scratch 2.sb2,Scratch 2,Scratch 2,Scratch 2,the contributor (the language the file is named after),hello-world@a152253,,,,not-in-linguist;binary,s/Scratch 2.sb2
hello:3de6d34d97c6,gold,.sb3,7c268793230e130cf223f38d2b1c40e60a9cd780,hello.sb3,swh:1:cnt:7c268793230e130cf223f38d2b1c40e60a9cd780;origin=https://github.com/leachim6/hello-world;path=/s/Scratch 3.sb3,Scratch 3,Scratch 3,Scratch 3,the contributor (the language the file is named after),hello-world@a152253,,,,not-in-linguist;binary,s/Scratch 3.sb3
hello:be5f2e8f0330,gold,,e70e734be0f13f92eee0611dd8773243fbceb493,hello,swh:1:cnt:e70e734be0f13f92eee0611dd8773243fbceb493;origin=https://github.com/leachim6/hello-world;path=/s/Scratch Blocks,Scratch Blocks,Scratch Blocks,Scratch Blocks,the contributor (the language the file is named after),hello-world@a152253,,,,not-in-linguist;no-ext,s/Scratch Blocks
hello:ed096d1c3f43,gold,.sed,964de8d4100830356d3fea6a753465844a58f057,hello.sed,swh:1:cnt:964de8d4100830356d3fea6a753465844a58f057;origin=https://github.com/leachim6/hello-world;path=/s/Sed.sed,sed,Sed,sed;Sed,the contributor (the language the file is named after),hello-world@a152253,,,,in-linguist,s/Sed.sed
hello:53bcfd5f9b5b,gold,,dac2498538bf0e1bc567aa41a9e1c5892a906d00,hello,swh:1:cnt:dac2498538bf0e1bc567aa41a9e1c5892a906d00;origin=https://github.com/leachim6/hello-world;path=/s/Seed,Seed,Seed,Seed,the contributor (the language the file is named after),hello-world@a152253,,,,not-in-linguist;no-ext,s/Seed
hello:72b371be030d,gold,.s7,25650e54eb0e9a7eadd5a96f4a5ee11d9750f620,hello.s7,swh:1:cnt:25650e54eb0e9a7eadd5a96f4a5ee11d9750f620;origin=https://github.com/leachim6/hello-world;path=/s/Seed7.s7,Seed7,Seed7,Seed7,the contributor (the language the file is named after),hello-world@a152253,,,,not-in-linguist,s/Seed7.s7
hello:f7a7e85a18da,gold,.self,c429a1455843bbc70430e7d3e32b3d95b59c1d88,hello.self,swh:1:cnt:c429a1455843bbc70430e7d3e32b3d95b59c1d88;origin=https://github.com/leachim6/hello-world;path=/s/Self.self,Self,Self,Self,the contributor (the language the file is named after),hello-world@a152253,,,,in-linguist,s/Self.self
hello:8cd277e9df9f,gold,,5f9e392ac15e993c5d2dc0dd3ff23a404a510184,hello,swh:1:cnt:5f9e392ac15e993c5d2dc0dd3ff23a404a510184;origin=https://github.com/leachim6/hello-world;path=/s/Semicolon,Semicolon,Semicolon,Semicolon,the contributor (the language the file is named after),hello-world@a152253,,,,not-in-linguist;no-ext,s/Semicolon
hello:4fb5de28562a,gold,.ss,d53f09aeb2c4fb24824c9ec4c4737da50bfc1e52,hello.ss,swh:1:cnt:d53f09aeb2c4fb24824c9ec4c4737da50bfc1e52;origin=https://github.com/leachim6/hello-world;path=/s/SendStuff.ss,SendStuff,SendStuff,SendStuff,the contributor (the language the file is named after),hello-world@a152253,,,,not-in-linguist;misleading-ext,s/SendStuff.ss
hello:4170e61b7d2a,gold,.set,ada7704f0b7ae88b41f66060f9d9dcbb29310c7e,hello.set,swh:1:cnt:ada7704f0b7ae88b41f66060f9d9dcbb29310c7e;origin=https://github.com/leachim6/hello-world;path=/s/Setanta.set,Setanta,Setanta,Setanta,the contributor (the language the file is named after),hello-world@a152253,,,,not-in-linguist,s/Setanta.set
hello:7f9307cc9f0c,gold,.spl,cd55cbb74e276d40bae96912d92d3f1cc608523b,hello.spl,swh:1:cnt:cd55cbb74e276d40bae96912d92d3f1cc608523b;origin=https://github.com/leachim6/hello-world;path=/s/Shakespeare.spl,Shakespeare,Shakespeare,Shakespeare,the contributor (the language the file is named after),hello-world@a152253,,,,not-in-linguist,s/Shakespeare.spl
hello:ebb569f79e55,gold,.sh,94e0f20e6beb37d9f50cc7016f8b2d2ea2d9aeb2,hello.sh,swh:1:cnt:94e0f20e6beb37d9f50cc7016f8b2d2ea2d9aeb2;origin=https://github.com/leachim6/hello-world;path=/s/Shell.sh,Shell,Shell,Shell;sh;shell-script;bash;zsh;envrc,the contributor (the language the file is named after),hello-world@a152253,,,,in-linguist,s/Shell.sh
hello:7b972e92d254,gold,.shen,f77bc782bfe3e16c54c8744fca88fcaa0b5cebed,hello.shen,swh:1:cnt:f77bc782bfe3e16c54c8744fca88fcaa0b5cebed;origin=https://github.com/leachim6/hello-world;path=/s/Shen.shen,Shen,Shen,Shen,the contributor (the language the file is named after),hello-world@a152253,,,,in-linguist,s/Shen.shen
hello:c414c4df36c1,gold,.sidekiq,746fa5883222260fbff2af10858de33624dbed40,hello.sidekiq,swh:1:cnt:746fa5883222260fbff2af10858de33624dbed40;origin=https://github.com/leachim6/hello-world;path=/s/Sidekiq.sidekiq,Sidekiq,Sidekiq,Sidekiq,the contributor (the language the file is named after),hello-world@a152253,,,,not-in-linguist;not-a-language,s/Sidekiq.sidekiq
hello:3f5fef27bf36,gold,.usp,a8e0bfacbcac3d1c3440a9667a93ef74960f40cc,hello.usp,swh:1:cnt:a8e0bfacbcac3d1c3440a9667a93ef74960f40cc;origin=https://github.com/leachim6/hello-world;path=/s/Simpl+.usp,Simpl+,Simpl+,Simpl+,the contributor (the language the file is named after),hello-world@a152253,,,,not-in-linguist,s/Simpl+.usp
hello:6a575569359e,gold,.sim,b7155122e14acb4cfcfc84ba2a9e2dde7de33506,hello.sim,swh:1:cnt:b7155122e14acb4cfcfc84ba2a9e2dde7de33506;origin=https://github.com/leachim6/hello-world;path=/s/Simula.sim,Simula,Simula,Simula,the contributor (the language the file is named after),hello-world@a152253,,,,not-in-linguist,s/Simula.sim
hello:51bc9a0ba93a,gold,.sk,7267515439899e944261900d67e3dbf5c8243a29,hello.sk,swh:1:cnt:7267515439899e944261900d67e3dbf5c8243a29;origin=https://github.com/leachim6/hello-world;path=/s/Skip.sk,Skip,Skip,Skip,the contributor (the language the file is named after),hello-world@a152253,,,,not-in-linguist,s/Skip.sk
hello:46a766fbd32c,gold,.sk,33fd9f4c032b0e62790b57aaa5be935303f556c2,hello.sk,swh:1:cnt:33fd9f4c032b0e62790b57aaa5be935303f556c2;origin=https://github.com/leachim6/hello-world;path=/s/Skript.sk,Skript,Skript,Skript,the contributor (the language the file is named after),hello-world@a152253,,,,not-in-linguist,s/Skript.sk
hello:a118610f0ce6,gold,.slashes,557db03de997c86a4a028e1ebd3a1ceb225be238,hello.slashes,swh:1:cnt:557db03de997c86a4a028e1ebd3a1ceb225be238;origin=https://github.com/leachim6/hello-world;path=/s/Slashes.slashes,Slashes,Slashes,Slashes,the contributor (the language the file is named after),hello-world@a152253,,,,not-in-linguist;shared-bytes,s/Slashes.slashes
hello:44bdf2866d4b,gold,.slim,a0ae5f27e75e481a0261caa1ecb8dafa51482a9e,hello.slim,swh:1:cnt:a0ae5f27e75e481a0261caa1ecb8dafa51482a9e;origin=https://github.com/leachim6/hello-world;path=/s/Slim.slim,Slim,Slim,Slim,the contributor (the language the file is named after),hello-world@a152253,,,,in-linguist,s/Slim.slim
hello:dcb974aa14e7,gold,.smali,30044d4c0e093cc129f6fbe5aea6a8f441fb68b9,hello.smali,swh:1:cnt:30044d4c0e093cc129f6fbe5aea6a8f441fb68b9;origin=https://github.com/leachim6/hello-world;path=/s/Smali.smali,Smali,Smali,Smali,the contributor (the language the file is named after),hello-world@a152253,,,,in-linguist,s/Smali.smali
hello:7e27e039469d,gold,.st,9c21a07b51e3e81d617a5f038d6e7a50bb680e4e,hello.st,swh:1:cnt:9c21a07b51e3e81d617a5f038d6e7a50bb680e4e;origin=https://github.com/leachim6/hello-world;path=/s/SmallTalk GNU.st,SmallTalk GNU,SmallTalk GNU,SmallTalk GNU,the contributor (the language the file is named after),hello-world@a152253,,,,not-in-linguist;misleading-ext;ambiguous-ext;not-a-language,s/SmallTalk GNU.st
hello:c857b3041e13,gold,.sm,5b0c76092c85b77c5776fa172b25db1d5853a7fc,hello.sm,swh:1:cnt:5b0c76092c85b77c5776fa172b25db1d5853a7fc;origin=https://github.com/leachim6/hello-world;path=/s/SmallTalk.sm,Smalltalk,SmallTalk,Smalltalk;squeak;SmallTalk,the contributor (the language the file is named after),hello-world@a152253,,,,in-linguist,s/SmallTalk.sm
hello:5f079215c105,gold,.magik,2e96b16898a78723295915cef37bfbe48d16fffe,hello.magik,swh:1:cnt:2e96b16898a78723295915cef37bfbe48d16fffe;origin=https://github.com/leachim6/hello-world;path=/s/Smallworld MAGIK.magik,Smallworld MAGIK,Smallworld MAGIK,Smallworld MAGIK,the contributor (the language the file is named after),hello-world@a152253,,,,not-in-linguist,s/Smallworld MAGIK.magik
hello:a3e1f3bf1c23,gold,.smil,02e25aa3f4a8756553f6c8628a8630d2b13b18aa,hello.smil,swh:1:cnt:02e25aa3f4a8756553f6c8628a8630d2b13b18aa;origin=https://github.com/leachim6/hello-world;path=/s/Smil.smil,Smil,Smil,Smil,the contributor (the language the file is named after),hello-world@a152253,,,,not-in-linguist,s/Smil.smil
hello:61e0c67923da,gold,.bas,89162e38cd8d7d96563168615710142de0b9cd0b,hello.bas,swh:1:cnt:89162e38cd8d7d96563168615710142de0b9cd0b;origin=https://github.com/leachim6/hello-world;path=/s/SmileBASIC.bas,SmileBASIC,SmileBASIC,SmileBASIC,the contributor (the language the file is named after),hello-world@a152253,,,,not-in-linguist;misleading-ext;ambiguous-ext,s/SmileBASIC.bas
hello:c83d13675f50,gold,.xml,4ce07793d93fce80664b85b80e8c0c04343980da,hello.xml,swh:1:cnt:4ce07793d93fce80664b85b80e8c0c04343980da;origin=https://github.com/leachim6/hello-world;path=/s/Snap!.xml,Snap!,Snap!,Snap!,the contributor (the language the file is named after),hello-world@a152253,,,,not-in-linguist;misleading-ext,s/Snap!.xml
hello:831bacbfff33,gold,.snek,894465ad0ceddf266b56d935ae480ce6edaf2b47,hello.snek,swh:1:cnt:894465ad0ceddf266b56d935ae480ce6edaf2b47;origin=https://github.com/leachim6/hello-world;path=/s/Snekky.snek,Snekky,Snekky,Snekky,the contributor (the language the file is named after),hello-world@a152253,,,,not-in-linguist,s/Snekky.snek
hello:35f06f8fbccb,gold,.sm,3a381201fcd3ec7823438eb742c1fa882e0ab1da,hello.sm,swh:1:cnt:3a381201fcd3ec7823438eb742c1fa882e0ab1da;origin=https://github.com/leachim6/hello-world;path=/s/Snowman.sm,Snowman,Snowman,Snowman,the contributor (the language the file is named after),hello-world@a152253,,,,not-in-linguist,s/Snowman.sm
hello:bb7677b4b425,gold,.sol,14c0f555d8a1bbb47041bed1274a612f5a139263,hello.sol,swh:1:cnt:14c0f555d8a1bbb47041bed1274a612f5a139263;origin=https://github.com/leachim6/hello-world;path=/s/Solidity.sol,Solidity,Solidity,Solidity,the contributor (the language the file is named after),hello-world@a152253,,,,in-linguist;ambiguous-ext,s/Solidity.sol
hello:656b583fa56a,gold,.script,209a31ebfabfcb8daf04331ed95f44e42131d877,hello.script,swh:1:cnt:209a31ebfabfcb8daf04331ed95f44e42131d877;origin=https://github.com/leachim6/hello-world;path=/s/SoupScript.script,SoupScript,SoupScript,SoupScript,the contributor (the language the file is named after),hello-world@a152253,,,,not-in-linguist,s/SoupScript.script
hello:3543162cecf0,gold,.sparql,dc6d4cfca989c2260414a6fc76e40b172dff0dc2,hello.sparql,swh:1:cnt:dc6d4cfca989c2260414a6fc76e40b172dff0dc2;origin=https://github.com/leachim6/hello-world;path=/s/SparQL.sparql,SPARQL,SparQL,SPARQL;SparQL,the contributor (the language the file is named after),hello-world@a152253,,,,in-linguist,s/SparQL.sparql
hello:cb0c039ad54d,gold,.spoon,6395923d308eac41508a2d43c155e1487595b11a,hello.spoon,swh:1:cnt:6395923d308eac41508a2d43c155e1487595b11a;origin=https://github.com/leachim6/hello-world;path=/s/Spoon.spoon,Spoon,Spoon,Spoon,the contributor (the language the file is named after),hello-world@a152253,,,,not-in-linguist,s/Spoon.spoon
hello:22e729722975,gold,.nut,dfe80e8de7284fbede4f7c497019fd70907e6929,hello.nut,swh:1:cnt:dfe80e8de7284fbede4f7c497019fd70907e6929;origin=https://github.com/leachim6/hello-world;path=/s/Squirrel.nut,Squirrel,Squirrel,Squirrel,the contributor (the language the file is named after),hello-world@a152253,,,,in-linguist,s/Squirrel.nut
hello:22c98ef247fa,gold,.sml,c4f1816136a1cc4e331e0cfbb6b0abcbf5e88416,hello.sml,swh:1:cnt:c4f1816136a1cc4e331e0cfbb6b0abcbf5e88416;origin=https://github.com/leachim6/hello-world;path=/s/Standard ML.sml,Standard ML,Standard ML,Standard ML;sml,the contributor (the language the file is named after),hello-world@a152253,,,,in-linguist,s/Standard ML.sml
hello:8e54109ac932,gold,.stanza,a6e6d284a95e4024237765d86660869cb9e1a0d8,hello.stanza,swh:1:cnt:a6e6d284a95e4024237765d86660869cb9e1a0d8;origin=https://github.com/leachim6/hello-world;path=/s/Stanza.stanza,Stanza,Stanza,Stanza,the contributor (the language the file is named after),hello-world@a152253,,,,not-in-linguist,s/Stanza.stanza
hello:fa8bf0cff4ec,gold,.star,ad35e5ae34d7df6d469bfe65dbfcefe988e0169f,hello.star,swh:1:cnt:ad35e5ae34d7df6d469bfe65dbfcefe988e0169f;origin=https://github.com/leachim6/hello-world;path=/s/Starlark.star,Starlark,Starlark,Starlark;bazel;bzl,the contributor (the language the file is named after),hello-world@a152253,,,,in-linguist;ambiguous-ext;shared-bytes,s/Starlark.star
hello:ee8a763df99c,gold,.stone,06ae699f22d413ed488676f933b39080ecaca5a9,hello.stone,swh:1:cnt:06ae699f22d413ed488676f933b39080ecaca5a9;origin=https://github.com/leachim6/hello-world;path=/s/Stone.stone,Stone,Stone,Stone,the contributor (the language the file is named after),hello-world@a152253,,,,not-in-linguist;shared-bytes,s/Stone.stone
hello:a6d91b97e9fb,gold,.strm,70cff08c846f04a00cbae968b9892fe5856fbf18,hello.strm,swh:1:cnt:70cff08c846f04a00cbae968b9892fe5856fbf18;origin=https://github.com/leachim6/hello-world;path=/s/Streem.strm,Streem,Streem,Streem,the contributor (the language the file is named after),hello-world@a152253,,,,not-in-linguist,s/Streem.strm
hello:82d7822002f5,gold,.stuck,06ae699f22d413ed488676f933b39080ecaca5a9,hello.stuck,swh:1:cnt:06ae699f22d413ed488676f933b39080ecaca5a9;origin=https://github.com/leachim6/hello-world;path=/s/Stuck.stuck,Stuck,Stuck,Stuck,the contributor (the language the file is named after),hello-world@a152253,,,,not-in-linguist;shared-bytes,s/Stuck.stuck
hello:3c5e46e6798e,gold,.styl,117932a809f75340c4614a77c6982c805fded415,hello.styl,swh:1:cnt:117932a809f75340c4614a77c6982c805fded415;origin=https://github.com/leachim6/hello-world;path=/s/Stylus.styl,Stylus,Stylus,Stylus,the contributor (the language the file is named after),hello-world@a152253,,,,in-linguist,s/Stylus.styl
hello:5455466ad1c5,gold,.sq,853243dd865e487ec7ccb2cb672b55833365eb35,hello.sq,swh:1:cnt:853243dd865e487ec7ccb2cb672b55833365eb35;origin=https://github.com/leachim6/hello-world;path=/s/SubleQ.sq,SubleQ,SubleQ,SubleQ,the contributor (the language the file is named after),hello-world@a152253,,,,not-in-linguist,s/SubleQ.sq
hello:76e938705713,gold,.sc,763374154effc7586ca8978258368164ab6f0f6f,hello.sc,swh:1:cnt:763374154effc7586ca8978258368164ab6f0f6f;origin=https://github.com/leachim6/hello-world;path=/s/SuperCollider.sc,SuperCollider,SuperCollider,SuperCollider,the contributor (the language the file is named after),hello-world@a152253,,,,in-linguist;ambiguous-ext,s/SuperCollider.sc
hello:e1bc0377decd,gold,.sus,4bb8da7f011eb33c7c75a6dee50ab4e898fb6b31,hello.sus,swh:1:cnt:4bb8da7f011eb33c7c75a6dee50ab4e898fb6b31;origin=https://github.com/leachim6/hello-world;path=/s/Sus.sus,Sus,Sus,Sus,the contributor (the language the file is named after),hello-world@a152253,,,,not-in-linguist,s/Sus.sus
hello:b535e4c37e8f,gold,.svelte,1b27cb082a949688876cf30095344e30bcea0651,hello.svelte,swh:1:cnt:1b27cb082a949688876cf30095344e30bcea0651;origin=https://github.com/leachim6/hello-world;path=/s/Svelte.svelte,Svelte,Svelte,Svelte,the contributor (the language the file is named after),hello-world@a152253,,,,in-linguist,s/Svelte.svelte
hello:d38674b3c13b,gold,.playgroundbook,e731686c6e6d26568c50fc9a1f30f18afcf0d20f,hello.playgroundbook,swh:1:cnt:e731686c6e6d26568c50fc9a1f30f18afcf0d20f;origin=https://github.com/leachim6/hello-world;path=/s/Swift Playgrounds.playgroundbook,Swift Playgrounds,Swift Playgrounds,Swift Playgrounds,the contributor (the language the file is named after),hello-world@a152253,,,,not-in-linguist;not-a-language;binary,s/Swift Playgrounds.playgroundbook
hello:69764a63ec29,gold,.swift,ad35e5ae34d7df6d469bfe65dbfcefe988e0169f,hello.swift,swh:1:cnt:ad35e5ae34d7df6d469bfe65dbfcefe988e0169f;origin=https://github.com/leachim6/hello-world;path=/s/Swift.swift,Swift,Swift,Swift,the contributor (the language the file is named after),hello-world@a152253,,,,in-linguist;shared-bytes,s/Swift.swift
hello:f8f930b00a55,gold,.stp,a9f6900e351616f89eb954deac4a45ad7ef2f3c0,hello.stp,swh:1:cnt:a9f6900e351616f89eb954deac4a45ad7ef2f3c0;origin=https://github.com/leachim6/hello-world;path=/s/SystemTap.stp,SystemTap,SystemTap,SystemTap,the contributor (the language the file is named after),hello-world@a152253,,,,not-in-linguist,s/SystemTap.stp
hello:8e596a7a3ce6,gold,.txt,557db03de997c86a4a028e1ebd3a1ceb225be238,hello.txt,swh:1:cnt:557db03de997c86a4a028e1ebd3a1ceb225be238;origin=https://github.com/leachim6/hello-world;path=/t/Plain text.txt,Text,Plain text,Text;fundamental;plain text;Plain text,the contributor (the language the file is named after),hello-world@a152253,,,,in-linguist;ambiguous-ext;shared-bytes,t/Plain text.txt
hello:b02c7ef85cdb,gold,.tcsh,e49b75c0d861704c4fd2c27788d8446056ce3753,hello.tcsh,swh:1:cnt:e49b75c0d861704c4fd2c27788d8446056ce3753;origin=https://github.com/leachim6/hello-world;path=/t/TCSH.tcsh,Tcsh,TCSH,Tcsh;TCSH,the contributor (the language the file is named after),hello-world@a152253,,,,in-linguist,t/TCSH.tcsh
hello:17cd200ac956,gold,.hrp,412e7e4c860de2573fb7716ae5fbbee234526dbf,hello.hrp,swh:1:cnt:412e7e4c860de2573fb7716ae5fbbee234526dbf;origin=https://github.com/leachim6/hello-world;path=/t/THP.hrp,THP,THP,THP,the contributor (the language the file is named after),hello-world@a152253,,,,not-in-linguist,t/THP.hrp
hello:93e0ee10c84f,gold,,40e0cd43a5628d5f57bbffac175fdd1dd67fdc9d,hello,swh:1:cnt:40e0cd43a5628d5f57bbffac175fdd1dd67fdc9d;origin=https://github.com/leachim6/hello-world;path=/t/THROW THIS TO THAT,THROW THIS TO THAT,THROW THIS TO THAT,THROW THIS TO THAT,the contributor (the language the file is named after),hello-world@a152253,,,,not-in-linguist;no-ext,t/THROW THIS TO THAT
hello:f21bd6fa407f,gold,.hex,649fde4fa95b7ec3b7d1ff553e09b3f35d69c66b,hello.hex,swh:1:cnt:649fde4fa95b7ec3b7d1ff553e09b3f35d69c66b;origin=https://github.com/leachim6/hello-world;path=/t/TI Hexadecimal.hex,TI Hexadecimal,TI Hexadecimal,TI Hexadecimal,the contributor (the language the file is named after),hello-world@a152253,,,,not-in-linguist,t/TI Hexadecimal.hex
hello:c5f0360b65da,gold,.ti,9b716d824e96d9696d9b7e60c1471e93ed94da80,hello.ti,swh:1:cnt:9b716d824e96d9696d9b7e60c1471e93ed94da80;origin=https://github.com/leachim6/hello-world;path=/t/TIBasic.ti,TIBasic,TIBasic,TIBasic,the contributor (the language the file is named after),hello-world@a152253,,,,not-in-linguist,t/TIBasic.ti
hello:f6e4146b6d41,gold,.toml,45c62fc32a7393755e6683222b5b8e8e14233a03,hello.toml,swh:1:cnt:45c62fc32a7393755e6683222b5b8e8e14233a03;origin=https://github.com/leachim6/hello-world;path=/t/TOML.toml,TOML,TOML,TOML,the contributor (the language the file is named after),hello-world@a152253,,,,in-linguist,t/TOML.toml
hello:0d8f70449e44,gold,.sql,41fc816fe7145d508011a8b0a37a5e30d1c97822,hello.sql,swh:1:cnt:41fc816fe7145d508011a8b0a37a5e30d1c97822;origin=https://github.com/leachim6/hello-world;path=/t/TSQL.sql,TSQL,TSQL,TSQL,the contributor (the language the file is named after),hello-world@a152253,,,,in-linguist;ambiguous-ext,t/TSQL.sql
hello:f8b269f7b181,gold,.tsp,62bcb362e97bca1f2b68da4e8c6d40620b1b59a1,hello.tsp,swh:1:cnt:62bcb362e97bca1f2b68da4e8c6d40620b1b59a1;origin=https://github.com/leachim6/hello-world;path=/t/TSharp.tsp,TSharp,TSharp,TSharp,the contributor (the language the file is named after),hello-world@a152253,,,,not-in-linguist;misleading-ext;ambiguous-ext,t/TSharp.tsp
hello:2155d179e391,gold,.ttcn,ede9fcd22ac2955ded0d98608003b195dec0dfa9,hello.ttcn,swh:1:cnt:ede9fcd22ac2955ded0d98608003b195dec0dfa9;origin=https://github.com/leachim6/hello-world;path=/t/TTCN3.ttcn,TTCN3,TTCN3,TTCN3,the contributor (the language the file is named after),hello-world@a152253,,,,not-in-linguist,t/TTCN3.ttcn
hello:24121fea604c,gold,.ttsneo,1f5756998c9c40894845cbf490ae2adfa7a24318,hello.ttsneo,swh:1:cnt:1f5756998c9c40894845cbf490ae2adfa7a24318;origin=https://github.com/leachim6/hello-world;path=/t/TTSneo.ttsneo,TTSneo,TTSneo,TTSneo,the contributor (the language the file is named after),hello-world@a152253,,,,not-in-linguist;shared-bytes,t/TTSneo.ttsneo
hello:b8dc0b982a81,gold,,0916f798af53c78ff9fe5137da9c07ff33dff205,hello,swh:1:cnt:0916f798af53c78ff9fe5137da9c07ff33dff205;origin=https://github.com/leachim6/hello-world;path=/t/Tabloid,Tabloid,Tabloid,Tabloid,the contributor (the language the file is named after),hello-world@a152253,,,,not-in-linguist;no-ext,t/Tabloid
hello:ffd958b97237,gold,,60e9186264397b84280f5da09bf257655db06fff,hello,swh:1:cnt:60e9186264397b84280f5da09bf257655db06fff;origin=https://github.com/leachim6/hello-world;path=/t/Takeover,Takeover,Takeover,Takeover,the contributor (the language the file is named after),hello-world@a152253,,,,not-in-linguist;no-ext,t/Takeover
hello:b59f3e3e07f6,gold,.ddd,3772f35a37b890f2bea43adf55d1f77c22243e91,hello.ddd,swh:1:cnt:3772f35a37b890f2bea43adf55d1f77c22243e91;origin=https://github.com/leachim6/hello-world;path=/t/Tao Presentations.ddd,Tao Presentations,Tao Presentations,Tao Presentations,the contributor (the language the file is named after),hello-world@a152253,,,,not-in-linguist,t/Tao Presentations.ddd
hello:0d308cbf0d74,gold,.tb,ecea8738d47212d6c97a5962dee4c50e8b2ce00c,hello.tb,swh:1:cnt:ecea8738d47212d6c97a5962dee4c50e8b2ce00c;origin=https://github.com/leachim6/hello-world;path=/t/TapeBagel.tb,TapeBagel,TapeBagel,TapeBagel,the contributor (the language the file is named after),hello-world@a152253,,,,not-in-linguist,t/TapeBagel.tb
hello:903ebe71c109,gold,.tcl,cc4f954e2402770c1c77f3745436497bb3275033,hello.tcl,swh:1:cnt:cc4f954e2402770c1c77f3745436497bb3275033;origin=https://github.com/leachim6/hello-world;path=/t/Tcl.tcl,Tcl,Tcl,Tcl;sdc;xdc,the contributor (the language the file is named after),hello-world@a152253,,,,in-linguist,t/Tcl.tcl
hello:845557a3c877,gold,.tex,4e06613f7c42ab23873fd126d0714fe2da73b073,hello.tex,swh:1:cnt:4e06613f7c42ab23873fd126d0714fe2da73b073;origin=https://github.com/leachim6/hello-world;path=/t/TeX.tex,TeX,TeX,TeX;latex,the contributor (the language the file is named after),hello-world@a152253,,,,in-linguist,t/TeX.tex
hello:fedd28ce8d53,gold,.tea,b5b6a5a4ee0e9d95c0940d83714f1a7ad7325f80,hello.tea,swh:1:cnt:b5b6a5a4ee0e9d95c0940d83714f1a7ad7325f80;origin=https://github.com/leachim6/hello-world;path=/t/Tea.tea,Tea (hello-world),Tea,Tea (hello-world),the contributor (the language the file is named after),hello-world@a152253,,,,not-in-linguist;misleading-ext;shared-bytes,t/Tea.tea
hello:df700f5e7c8a,gold,,4710aadff82e294cc1cbe0d56fdd581b910dd9fb,hello,swh:1:cnt:4710aadff82e294cc1cbe0d56fdd581b910dd9fb;origin=https://github.com/leachim6/hello-world;path=/t/Telephone,Telephone,Telephone,Telephone,the contributor (the language the file is named after),hello-world@a152253,,,,not-in-linguist;no-ext,t/Telephone
hello:8666fd7d7661,gold,.tengo,bf79043bc24f76ca9daabe3229a1a4f0ab53b30f,hello.tengo,swh:1:cnt:bf79043bc24f76ca9daabe3229a1a4f0ab53b30f;origin=https://github.com/leachim6/hello-world;path=/t/Tengo.tengo,Tengo,Tengo,Tengo,the contributor (the language the file is named after),hello-world@a152253,,,,not-in-linguist,t/Tengo.tengo
hello:4cf8b2a1e9ec,gold,.t,ad35e5ae34d7df6d469bfe65dbfcefe988e0169f,hello.t,swh:1:cnt:ad35e5ae34d7df6d469bfe65dbfcefe988e0169f;origin=https://github.com/leachim6/hello-world;path=/t/Terra.t,Terra,Terra,Terra,the contributor (the language the file is named after),hello-world@a152253,,,,in-linguist;ambiguous-ext;shared-bytes,t/Terra.t
hello:791800535064,gold,.tf,1854fa4ebf6e0e6440a5e59409370e37d0ce7add,hello.tf,swh:1:cnt:1854fa4ebf6e0e6440a5e59409370e37d0ce7add;origin=https://github.com/leachim6/hello-world;path=/t/Terraform.tf,HCL,Terraform,HCL;HashiCorp Configuration Language;opentofu;terraform;Terraform,the contributor (the language the file is named after),hello-world@a152253,,,,in-linguist,t/Terraform.tf
hello:29b9b38e18b4,gold,.txt,6ab28fd576c1024990ad92449327d3962c8a86af,hello.txt,swh:1:cnt:6ab28fd576c1024990ad92449327d3962c8a86af;origin=https://github.com/leachim6/hello-world;path=/t/ThotPatrol.txt,ThotPatrol,ThotPatrol,ThotPatrol,the contributor (the language the file is named after),hello-world@a152253,,,,not-in-linguist;misleading-ext;ambiguous-ext;binary,t/ThotPatrol.txt
hello:9a3df13962e2,gold,.th,657ed4b453cb398ea50e00fa044e5ade4240c5f6,hello.th,swh:1:cnt:657ed4b453cb398ea50e00fa044e5ade4240c5f6;origin=https://github.com/leachim6/hello-world;path=/t/Thue.th,Thue,Thue,Thue,the contributor (the language the file is named after),hello-world@a152253,,,,not-in-linguist,t/Thue.th
hello:c2c913d86510,gold,.tk,019e9908d701aa8baaaf092c9aabfeafddfcd352,hello.tk,swh:1:cnt:019e9908d701aa8baaaf092c9aabfeafddfcd352;origin=https://github.com/leachim6/hello-world;path=/t/Tk.tk,Tk,Tk,Tk,the contributor (the language the file is named after),hello-world@a152253,,,,not-in-linguist;not-a-language,t/Tk.tk
hello:4dee4f636e8d,gold,.py,ba682ba0d3ff30944793a9fc2445791938726962,hello.py,swh:1:cnt:ba682ba0d3ff30944793a9fc2445791938726962;origin=https://github.com/leachim6/hello-world;path=/t/Tkinter.py,Tkinter,Tkinter,Tkinter,the contributor (the language the file is named after),hello-world@a152253,,,,not-in-linguist;misleading-ext;not-a-language,t/Tkinter.py
hello:1193dd0b1702,gold,.tok,ad35e5ae34d7df6d469bfe65dbfcefe988e0169f,hello.tok,swh:1:cnt:ad35e5ae34d7df6d469bfe65dbfcefe988e0169f;origin=https://github.com/leachim6/hello-world;path=/t/Tokay.tok,Tokay,Tokay,Tokay,the contributor (the language the file is named after),hello-world@a152253,,,,not-in-linguist;shared-bytes,t/Tokay.tok
hello:b97f2e536abf,gold,,72bc4bc404df0064c4ace1d1f64db8fd435d2d0f,hello,swh:1:cnt:72bc4bc404df0064c4ace1d1f64db8fd435d2d0f;origin=https://github.com/leachim6/hello-world;path=/t/Tonyu,Tonyu,Tonyu,Tonyu,the contributor (the language the file is named after),hello-world@a152253,,,,not-in-linguist;no-ext,t/Tonyu
hello:488f7213f271,gold,,06ae699f22d413ed488676f933b39080ecaca5a9,hello,swh:1:cnt:06ae699f22d413ed488676f933b39080ecaca5a9;origin=https://github.com/leachim6/hello-world;path=/t/TopShell,TopShell,TopShell,TopShell,the contributor (the language the file is named after),hello-world@a152253,,,,not-in-linguist;no-ext;shared-bytes,t/TopShell
hello:f1c41b9628ae,gold,,f954fc61f7d7a1894be9ced62df26b93b87a2382,hello,swh:1:cnt:f954fc61f7d7a1894be9ced62df26b93b87a2382;origin=https://github.com/leachim6/hello-world;path=/t/Trans-dimensional,Trans-dimensional,Trans-dimensional,Trans-dimensional,the contributor (the language the file is named after),hello-world@a152253,,,,not-in-linguist;no-ext,t/Trans-dimensional
hello:35d6d8315fe2,gold,.tri,903e4df3c53717e17b81c73c56e692a6ab0020ac,hello.tri,swh:1:cnt:903e4df3c53717e17b81c73c56e692a6ab0020ac;origin=https://github.com/leachim6/hello-world;path=/t/Tri.tri,Tri,Tri,Tri,the contributor (the language the file is named after),hello-world@a152253,,,,not-in-linguist,t/Tri.tri
hello:cfc684afc4cd,gold,.troll,e0c865179a47d96fdc21342c848c08fd809c18f5,hello.troll,swh:1:cnt:e0c865179a47d96fdc21342c848c08fd809c18f5;origin=https://github.com/leachim6/hello-world;path=/t/TrollScript.troll,TrollScript,TrollScript,TrollScript,the contributor (the language the file is named after),hello-world@a152253,,,,not-in-linguist,t/TrollScript.troll
hello:845f97e9d30f,gold,.py,99c31aad7f2174dc809645a2cd667331cfaf209e,hello.py,swh:1:cnt:99c31aad7f2174dc809645a2cd667331cfaf209e;origin=https://github.com/leachim6/hello-world;path=/t/TrumpScript.py,TrumpScript,TrumpScript,TrumpScript,the contributor (the language the file is named after),hello-world@a152253,,,,not-in-linguist;misleading-ext,t/TrumpScript.py
hello:63de7257c80d,gold,.oot,f67b149552e3ea9598ee50d3d471f605ae8789f8,hello.oot,swh:1:cnt:f67b149552e3ea9598ee50d3d471f605ae8789f8;origin=https://github.com/leachim6/hello-world;path=/t/Turing.oot,Turing,Turing,Turing,the contributor (the language the file is named after),hello-world@a152253,,,,in-linguist,t/Turing.oot
hello:8a6f3ef6f4b2,gold,.t,5db34f45e410ac4eb1cd847f11b6f3edf37c5733,hello.t,swh:1:cnt:5db34f45e410ac4eb1cd847f11b6f3edf37c5733;origin=https://github.com/leachim6/hello-world;path=/t/Turing.t,Turing,Turing,Turing,the contributor (the language the file is named after),hello-world@a152253,,,,in-linguist;ambiguous-ext;shared-bytes,t/Turing.t
hello:15dce55a0a92,gold,.turtle,10f64f4843673f840e41d7563b050c0034f7bee8,hello.turtle,swh:1:cnt:10f64f4843673f840e41d7563b050c0034f7bee8;origin=https://github.com/leachim6/hello-world;path=/t/Turtle Script.turtle,Turtle Script,Turtle Script,Turtle Script,the contributor (the language the file is named after),hello-world@a152253,,,,not-in-linguist,t/Turtle Script.turtle
hello:366c54d4ad06,gold,.dcode,4d3c4e591be9d1ed5ff41ee34105179eba2b61f7,hello.dcode,swh:1:cnt:4d3c4e591be9d1ed5ff41ee34105179eba2b61f7;origin=https://github.com/leachim6/hello-world;path=/t/Twocode.dcode,Twocode,Twocode,Twocode,the contributor (the language the file is named after),hello-world@a152253,,,,not-in-linguist,t/Twocode.dcode
hello:1f6e8d6b42d6,gold,.ts,accefceba62b4874a613a2336de33ee716e99931,hello.ts,swh:1:cnt:accefceba62b4874a613a2336de33ee716e99931;origin=https://github.com/leachim6/hello-world;path=/t/TypeScript.ts,TypeScript,TypeScript,TypeScript;ts,the contributor (the language the file is named after),hello-world@a152253,,,,in-linguist;ambiguous-ext;shared-bytes,t/TypeScript.ts
hello:4c0228f285b3,gold,.cls,03482efabc38fee95c7211543b955e45d17c4cde,hello.cls,swh:1:cnt:03482efabc38fee95c7211543b955e45d17c4cde;origin=https://github.com/leachim6/hello-world;path=/u/Ubercode.cls,Ubercode,Ubercode,Ubercode,the contributor (the language the file is named after),hello-world@a152253,,,,not-in-linguist;misleading-ext;ambiguous-ext,u/Ubercode.cls
hello:b6e308644b58,gold,.ubiquity,6aebf1e3a471fe15f09d1511f10391330fc3cbd1,hello.ubiquity,swh:1:cnt:6aebf1e3a471fe15f09d1511f10391330fc3cbd1;origin=https://github.com/leachim6/hello-world;path=/u/Ubiquity.ubiquity,Ubiquity,Ubiquity,Ubiquity,the contributor (the language the file is named after),hello-world@a152253,,,,not-in-linguist,u/Ubiquity.ubiquity
hello:112d9f35e0a6,gold,.u,39d5adee3029a3fc22550625cb08dddddf772aba,hello.u,swh:1:cnt:39d5adee3029a3fc22550625cb08dddddf772aba;origin=https://github.com/leachim6/hello-world;path=/u/Umajin.u,Umajin,Umajin,Umajin,the contributor (the language the file is named after),hello-world@a152253,,,,not-in-linguist,u/Umajin.u
hello:45a99dda56c7,gold,.um,f7341f79631a3ab0e67436a1e2b3d2d5c4d8834e,hello.um,swh:1:cnt:f7341f79631a3ab0e67436a1e2b3d2d5c4d8834e;origin=https://github.com/leachim6/hello-world;path=/u/Umka.um,Umka,Umka,Umka,the contributor (the language the file is named after),hello-world@a152253,,,,not-in-linguist,u/Umka.um
hello:08069a8c3f38,gold,.ul,ea6ce1dcfd96ce238f8f36b753d77eba3d93eb58,hello.ul,swh:1:cnt:ea6ce1dcfd96ce238f8f36b753d77eba3d93eb58;origin=https://github.com/leachim6/hello-world;path=/u/Underload.ul,Underload,Underload,Underload,the contributor (the language the file is named after),hello-world@a152253,,,,not-in-linguist,u/Underload.ul
hello:796794a5345e,gold,.lst,1705c1b5dc4cca5a84e668ae5cc49d2a89129419,hello.lst,swh:1:cnt:1705c1b5dc4cca5a84e668ae5cc49d2a89129419;origin=https://github.com/leachim6/hello-world;path=/u/Unicomal.lst,Unicomal,Unicomal,Unicomal,the contributor (the language the file is named after),hello-world@a152253,,,,not-in-linguist,u/Unicomal.lst
hello:83ba66b4d851,gold,.icn,846ed03762b85910b84fa9c948eb88ab39e53640,hello.icn,swh:1:cnt:846ed03762b85910b84fa9c948eb88ab39e53640;origin=https://github.com/leachim6/hello-world;path=/u/Unicon.icn,Unicon,Unicon,Unicon,the contributor (the language the file is named after),hello-world@a152253,,,,not-in-linguist,u/Unicon.icn
hello:c091fd1ff922,gold,.uniface,ef2296dd32381b52b10c1caa5e2ed1bfb833e78c,hello.uniface,swh:1:cnt:ef2296dd32381b52b10c1caa5e2ed1bfb833e78c;origin=https://github.com/leachim6/hello-world;path=/u/Uniface.uniface,Uniface,Uniface,Uniface,the contributor (the language the file is named after),hello-world@a152253,,,,not-in-linguist,u/Uniface.uniface
hello:d6ce55efc0ca,gold,.unl,a6bd8dd7e0566e507b0a06f54e1030b562414e8c,hello.unl,swh:1:cnt:a6bd8dd7e0566e507b0a06f54e1030b562414e8c;origin=https://github.com/leachim6/hello-world;path=/u/Unlambda.unl,Unlambda,Unlambda,Unlambda,the contributor (the language the file is named after),hello-world@a152253,,,,not-in-linguist,u/Unlambda.unl
hello:d1929004e781,gold,.uc,5d4a5bb46508bf4bc39afc291c3c5e743026e37b,hello.uc,swh:1:cnt:5d4a5bb46508bf4bc39afc291c3c5e743026e37b;origin=https://github.com/leachim6/hello-world;path=/u/Unreal Script.uc,UnrealScript,Unreal Script,UnrealScript;Unreal Script,the contributor (the language the file is named after),hello-world@a152253,,,,in-linguist;ambiguous-ext,u/Unreal Script.uc
hello:ecacf728db4f,gold,.py,05e01b9f79c31bdd0c2cc73f343d6fe91391df4c,hello.py,swh:1:cnt:05e01b9f79c31bdd0c2cc73f343d6fe91391df4c;origin=https://github.com/leachim6/hello-world;path=/u/UrduPython.py,UrduPython,UrduPython,UrduPython,the contributor (the language the file is named after),hello-world@a152253,,,,not-in-linguist;misleading-ext,u/UrduPython.py
hello:bcb4884a4604,gold,.uwupp,3fce8c2750812080202c3772440b5b6e5d62d32e,hello.uwupp,swh:1:cnt:3fce8c2750812080202c3772440b5b6e5d62d32e;origin=https://github.com/leachim6/hello-world;path=/u/uwu.uwupp,uwu,uwu,uwu,the contributor (the language the file is named after),hello-world@a152253,,,,not-in-linguist,u/uwu.uwupp
hello:c45952183e97,gold,,bd371ad751b78be4592c6daf689b105fc6815846,hello,swh:1:cnt:bd371ad751b78be4592c6daf689b105fc6815846;origin=https://github.com/leachim6/hello-world;path=/v/V,V (hello-world),V,V (hello-world),the contributor (the language the file is named after),hello-world@a152253,,,,not-in-linguist;no-ext,v/V
hello:22f313d105d8,gold,.v,f3fb71ad3ee3171d8107b597dad7e2bce5f39799,hello.v,swh:1:cnt:f3fb71ad3ee3171d8107b597dad7e2bce5f39799;origin=https://github.com/leachim6/hello-world;path=/v/V.v,V,V,V;vlang,the contributor (the language the file is named after),hello-world@a152253,,,,in-linguist;ambiguous-ext;shared-bytes,v/V.v
hello:6f2e15d97292,gold,.vb,8e4ebf0fd8ba454e2fdf3f90c2a3b37e3b9bd428,hello.vb,swh:1:cnt:8e4ebf0fd8ba454e2fdf3f90c2a3b37e3b9bd428;origin=https://github.com/leachim6/hello-world;path=/v/VB.NET.vb,Visual Basic .NET,VB.NET,Visual Basic .NET;visual basic;vbnet;vb .net;vb.net;VB.NET,the contributor (the language the file is named after),hello-world@a152253,,,,in-linguist,v/VB.NET.vb
hello:1161312db8df,gold,.vhdl,2c6d9da720fc477855c8032d5a3ac64eb7126bad,hello.vhdl,swh:1:cnt:2c6d9da720fc477855c8032d5a3ac64eb7126bad;origin=https://github.com/leachim6/hello-world;path=/v/VHDL.vhdl,VHDL,VHDL,VHDL,the contributor (the language the file is named after),hello-world@a152253,,,,in-linguist,v/VHDL.vhdl
hello:bdf5211edd6d,gold,.j,6b45b2e1da3e7428224a1abdf7bd60975a79a55f,hello.j,swh:1:cnt:6b45b2e1da3e7428224a1abdf7bd60975a79a55f;origin=https://github.com/leachim6/hello-world;path=/v/VJass.j,VJass,VJass,VJass,the contributor (the language the file is named after),hello-world@a152253,,,,not-in-linguist;misleading-ext;ambiguous-ext,v/VJass.j
hello:61608e9ceb00,gold,.vms,6335a418891f8c7a391f0e0134bf4aa9802f4875,hello.vms,swh:1:cnt:6335a418891f8c7a391f0e0134bf4aa9802f4875;origin=https://github.com/leachim6/hello-world;path=/v/VMS.vms,VMS,VMS,VMS,the contributor (the language the file is named after),hello-world@a152253,,,,not-in-linguist,v/VMS.vms
hello:7c05ee638598,gold,.wrl,81006b31e401f15927d67770aa83a808e191066c,hello.wrl,swh:1:cnt:81006b31e401f15927d67770aa83a808e191066c;origin=https://github.com/leachim6/hello-world;path=/v/VRML.wrl,VRML,VRML,VRML,the contributor (the language the file is named after),hello-world@a152253,,,,not-in-linguist,v/VRML.wrl
hello:7afabeaea226,gold,.vala,2e43a1390f9adc7604aee1bb6dad0df358c789c8,hello.vala,swh:1:cnt:2e43a1390f9adc7604aee1bb6dad0df358c789c8;origin=https://github.com/leachim6/hello-world;path=/v/Vala.vala,Vala,Vala,Vala,the contributor (the language the file is named after),hello-world@a152253,,,,in-linguist,v/Vala.vala
hello:4b56dd865826,gold,.vale,d5a7e80edaac668bb2e736d738a01b4589e0972c,hello.vale,swh:1:cnt:d5a7e80edaac668bb2e736d738a01b4589e0972c;origin=https://github.com/leachim6/hello-world;path=/v/Vale.vale,Vale,Vale,Vale,the contributor (the language the file is named after),hello-world@a152253,,,,not-in-linguist,v/Vale.vale
hello:938320e70798,gold,.ly,ee490afca11055ee9bc6aeac2464f5da86bacb6f,hello.ly,swh:1:cnt:ee490afca11055ee9bc6aeac2464f5da86bacb6f;origin=https://github.com/leachim6/hello-world;path=/v/Velato.ly,Velato,Velato,Velato,the contributor (the language the file is named after),hello-world@a152253,,,,not-in-linguist;misleading-ext,v/Velato.ly
hello:3c94c2b09c4f,gold,.verbose,d994cc073a1330b33ec4a851de62c50727beea44,hello.verbose,swh:1:cnt:d994cc073a1330b33ec4a851de62c50727beea44;origin=https://github.com/leachim6/hello-world;path=/v/Verbose.verbose,Verbose,Verbose,Verbose,the contributor (the language the file is named after),hello-world@a152253,,,,not-in-linguist,v/Verbose.verbose
hello:dc67035c2d3c,gold,.vbfk,aaf1776a8383ba2b4df96bb137ea90ea5af4d39f,hello.vbfk,swh:1:cnt:aaf1776a8383ba2b4df96bb137ea90ea5af4d39f;origin=https://github.com/leachim6/hello-world;path=/v/VerboseFuck.vbfk,VerboseFuck,VerboseFuck,VerboseFuck,the contributor (the language the file is named after),hello-world@a152253,,,,not-in-linguist,v/VerboseFuck.vbfk
hello:7cc873fa85b9,gold,.v,f1a0f7c58720181f93ca133bab367a5997a2ea39,hello.v,swh:1:cnt:f1a0f7c58720181f93ca133bab367a5997a2ea39;origin=https://github.com/leachim6/hello-world;path=/v/Verilog.v,Verilog,Verilog,Verilog,the contributor (the language the file is named after),hello-world@a152253,,,,in-linguist;ambiguous-ext,v/Verilog.v
hello:fd5c0eaa7bdf,gold,.vrv,8e235769c023ae8b5dad489734aa4ac26ad526de,hello.vrv,swh:1:cnt:8e235769c023ae8b5dad489734aa4ac26ad526de;origin=https://github.com/leachim6/hello-world;path=/v/Verve.vrv,Verve,Verve,Verve,the contributor (the language the file is named after),hello-world@a152253,,,,not-in-linguist;shared-bytes,v/Verve.vrv
hello:450494e92687,gold,,25b89a98dab3146e63fb474b28423dc532fcaf9e,hello,swh:1:cnt:25b89a98dab3146e63fb474b28423dc532fcaf9e;origin=https://github.com/leachim6/hello-world;path=/v/Vi,Vi,Vi,Vi,the contributor (the language the file is named after),hello-world@a152253,,,,not-in-linguist;no-ext,v/Vi
hello:8f77666283f9,gold,.vim,b5b6a5a4ee0e9d95c0940d83714f1a7ad7325f80,hello.vim,swh:1:cnt:b5b6a5a4ee0e9d95c0940d83714f1a7ad7325f80;origin=https://github.com/leachim6/hello-world;path=/v/VimScript.vim,Vim script,VimScript,Vim script;vim;viml;nvim;vimscript;VimScript,the contributor (the language the file is named after),hello-world@a152253,,,,in-linguist;shared-bytes,v/VimScript.vim
hello:e6e3a67111ee,gold,.v3,7dd110dc1bc28f141a436575cfa6511feea998a4,hello.v3,swh:1:cnt:7dd110dc1bc28f141a436575cfa6511feea998a4;origin=https://github.com/leachim6/hello-world;path=/v/Virgil.v3,Virgil,Virgil,Virgil,the contributor (the language the file is named after),hello-world@a152253,,,,not-in-linguist,v/Virgil.v3
hello:2cbb01feecc5,gold,.alg,853c35381c5b324172eab0e240bfd556b7711c07,hello.alg,swh:1:cnt:853c35381c5b324172eab0e240bfd556b7711c07;origin=https://github.com/leachim6/hello-world;path=/v/VisuAlg.alg,VisuAlg,VisuAlg,VisuAlg,the contributor (the language the file is named after),hello-world@a152253,,,,not-in-linguist;misleading-ext,v/VisuAlg.alg
hello:bed0c9156237,gold,.vbs,52e7ca5b42bfbbc4cda78722e0814457980e4215,hello.vbs,swh:1:cnt:52e7ca5b42bfbbc4cda78722e0814457980e4215;origin=https://github.com/leachim6/hello-world;path=/v/Visual Basic Script.vbs,VBScript,Visual Basic Script,VBScript;Visual Basic Script,the contributor (the language the file is named after),hello-world@a152253,,,,in-linguist,v/Visual Basic Script.vbs
hello:b93046c79fac,gold,.vba,904340f25f22cbce29619ebf44660e9116622fbd,hello.vba,swh:1:cnt:904340f25f22cbce29619ebf44660e9116622fbd;origin=https://github.com/leachim6/hello-world;path=/v/Visual Basic for Applications.vba,VBA,Visual Basic for Applications,VBA;visual basic for applications;Visual Basic for Applications,the contributor (the language the file is named after),hello-world@a152253,,,,in-linguist;ambiguous-ext,v/Visual Basic for Applications.vba
hello:b428fbc131fb,gold,.vb,55b967278f27c7de8fb0d0c94e5589ed95f1af3e,hello.vb,swh:1:cnt:55b967278f27c7de8fb0d0c94e5589ed95f1af3e;origin=https://github.com/leachim6/hello-world;path=/v/Visual Basic.vb,Visual Basic .NET,Visual Basic,Visual Basic .NET;visual basic;vbnet;vb .net;vb.net;Visual Basic,the contributor (the language the file is named after),hello-world@a152253,,,,in-linguist,v/Visual Basic.vb
hello:bd63069945bc,gold,.prg,ba419de723de9d7370ec08f742d3979db1466d0b,hello.prg,swh:1:cnt:ba419de723de9d7370ec08f742d3979db1466d0b;origin=https://github.com/leachim6/hello-world;path=/v/VisualFoxPro.prg,xBase,VisualFoxPro,xBase;advpl;clipper;foxpro;VisualFoxPro,the contributor (the language the file is named after),hello-world@a152253,,,,in-linguist,v/VisualFoxPro.prg
hello:56d37fceef24,gold,.vw,b728e515050c4c72609cb9cf63a607e24e715e86,hello.vw,swh:1:cnt:b728e515050c4c72609cb9cf63a607e24e715e86;origin=https://github.com/leachim6/hello-world;path=/v/Vowels.vw,Vowels,Vowels,Vowels,the contributor (the language the file is named after),hello-world@a152253,,,,not-in-linguist;misleading-ext,v/Vowels.vw
hello:4ae21d946bbb,gold,.js,0a806bc6dfec5c466a551c6672a224aaa465daeb,hello.js,swh:1:cnt:0a806bc6dfec5c466a551c6672a224aaa465daeb;origin=https://github.com/leachim6/hello-world;path=/v/Vue.js,Vue,Vue,Vue,the contributor (the language the file is named after),hello-world@a152253,,,,in-linguist;misleading-ext,v/Vue.js
hello:d3055f9aa821,gold,.wml,4a1e41fc7f55f9010ddbe4faff6f43eac4aa2b12,hello.wml,swh:1:cnt:4a1e41fc7f55f9010ddbe4faff6f43eac4aa2b12;origin=https://github.com/leachim6/hello-world;path=/w/WML.wml,WML,WML,WML,the contributor (the language the file is named after),hello-world@a152253,,,,not-in-linguist,w/WML.wml
hello:2e76733ab8f8,gold,.vbs,041fd2ccd7a41affa319444f2f259789b41a54b2,hello.vbs,swh:1:cnt:041fd2ccd7a41affa319444f2f259789b41a54b2;origin=https://github.com/leachim6/hello-world;path=/w/WSH.vbs,WSH,WSH,WSH,the contributor (the language the file is named after),hello-world@a152253,,,,not-in-linguist;misleading-ext;not-a-language,w/WSH.vbs
hello:f567b0bd906c,gold,.wax,388680316eb3762fbf44bb77357cc9ba06f857b3,hello.wax,swh:1:cnt:388680316eb3762fbf44bb77357cc9ba06f857b3;origin=https://github.com/leachim6/hello-world;path=/w/Wax.wax,Wax,Wax,Wax,the contributor (the language the file is named after),hello-world@a152253,,,,not-in-linguist,w/Wax.wax
hello:55cb8f6b85fe,gold,.wat,e78fd7e21b8416137e751729f9992e3f5899d761,hello.wat,swh:1:cnt:e78fd7e21b8416137e751729f9992e3f5899d761;origin=https://github.com/leachim6/hello-world;path=/w/WebAssembly.wat,WebAssembly,WebAssembly,WebAssembly;wast;wasm,the contributor (the language the file is named after),hello-world@a152253,,,,in-linguist,w/WebAssembly.wat
hello:707f60db2551,gold,.wheat,66472aa5de8c1b5f7af728c7efaecc9a3fa835e0,hello.wheat,swh:1:cnt:66472aa5de8c1b5f7af728c7efaecc9a3fa835e0;origin=https://github.com/leachim6/hello-world;path=/w/Wheat.wheat,Wheat,Wheat,Wheat,the contributor (the language the file is named after),hello-world@a152253,,,,not-in-linguist,w/Wheat.wheat
hello:cff3a8f1bb7d,gold,.whenever,3ba652d0d79094ec5e8122363d0e43e992b15959,hello.whenever,swh:1:cnt:3ba652d0d79094ec5e8122363d0e43e992b15959;origin=https://github.com/leachim6/hello-world;path=/w/Whenever.whenever,Whenever,Whenever,Whenever,the contributor (the language the file is named after),hello-world@a152253,,,,not-in-linguist,w/Whenever.whenever
hello:c4cd74580735,gold,.whiley,84ef33a7eda8758465ee213d2e68527dc7b52ebe,hello.whiley,swh:1:cnt:84ef33a7eda8758465ee213d2e68527dc7b52ebe;origin=https://github.com/leachim6/hello-world;path=/w/Whiley.whiley,Whiley,Whiley,Whiley,the contributor (the language the file is named after),hello-world@a152253,,,,in-linguist,w/Whiley.whiley
hello:2379f847c296,gold,.wr,2a186653205c2b5456d7bd862c0d5b5e766dba0c,hello.wr,swh:1:cnt:2a186653205c2b5456d7bd862c0d5b5e766dba0c;origin=https://github.com/leachim6/hello-world;path=/w/Whirl.wr,Whirl,Whirl,Whirl,the contributor (the language the file is named after),hello-world@a152253,,,,not-in-linguist,w/Whirl.wr
hello:cf4a93556a9b,gold,.ws,43da3ae1d340dc2a7c25e0532e5d88830e7b5682,hello.ws,swh:1:cnt:43da3ae1d340dc2a7c25e0532e5d88830e7b5682;origin=https://github.com/leachim6/hello-world;path=/w/Whitespace.ws,Whitespace,Whitespace,Whitespace,the contributor (the language the file is named after),hello-world@a152253,,,,not-in-linguist;misleading-ext,w/Whitespace.ws
hello:edda12b59084,gold,.w,7b03df3effdfb0095f549f0238e87bd9193b323e,hello.w,swh:1:cnt:7b03df3effdfb0095f549f0238e87bd9193b323e;origin=https://github.com/leachim6/hello-world;path=/w/Wierd.w,Wierd,Wierd,Wierd,the contributor (the language the file is named after),hello-world@a152253,,,,not-in-linguist;misleading-ext;ambiguous-ext,w/Wierd.w
hello:f62e0d8a2542,gold,.wiki,557db03de997c86a4a028e1ebd3a1ceb225be238,hello.wiki,swh:1:cnt:557db03de997c86a4a028e1ebd3a1ceb225be238;origin=https://github.com/leachim6/hello-world;path=/w/WikiText.wiki,Wikitext,WikiText,Wikitext;mediawiki;wiki;WikiText,the contributor (the language the file is named after),hello-world@a152253,,,,in-linguist;shared-bytes,w/WikiText.wiki
hello:e48527c1bddd,gold,.wl,ce3e442752730db9dad8125ca6019e2ea157a116,hello.wl,swh:1:cnt:ce3e442752730db9dad8125ca6019e2ea157a116;origin=https://github.com/leachim6/hello-world;path=/w/WolframLanguage.wl,Wolfram Language,WolframLanguage,Wolfram Language;mathematica;mma;wolfram;wolfram lang;wl;WolframLanguage,the contributor (the language the file is named after),hello-world@a152253,,,,in-linguist,w/WolframLanguage.wl
hello:8af8e07c2ad8,gold,.wren,0801358934cab60ac0be3bf3c0ee3d825e83ef96,hello.wren,swh:1:cnt:0801358934cab60ac0be3bf3c0ee3d825e83ef96;origin=https://github.com/leachim6/hello-world;path=/w/Wren.wren,Wren,Wren,Wren;wrenlang,the contributor (the language the file is named after),hello-world@a152253,,,,in-linguist,w/Wren.wren
hello:6dace56df900,gold,.wurst,e6e204dd02bb84e4ea5d51dde55312fa33e10c6d,hello.wurst,swh:1:cnt:e6e204dd02bb84e4ea5d51dde55312fa33e10c6d;origin=https://github.com/leachim6/hello-world;path=/w/WurstScript.wurst,WurstScript,WurstScript,WurstScript,the contributor (the language the file is named after),hello-world@a152253,,,,not-in-linguist,w/WurstScript.wurst
hello:871bff9f1bda,gold,.wyv,fc5166a142d6f6c2e106db1fd2dd99bd6f23bce7,hello.wyv,swh:1:cnt:fc5166a142d6f6c2e106db1fd2dd99bd6f23bce7;origin=https://github.com/leachim6/hello-world;path=/w/Wyvern.wyv,Wyvern,Wyvern,Wyvern,the contributor (the language the file is named after),hello-world@a152253,,,,not-in-linguist,w/Wyvern.wyv
hello:31338dc0953f,gold,.wow,990061bbe51f4468a5df869d01a27002ce844326,hello.wow,swh:1:cnt:990061bbe51f4468a5df869d01a27002ce844326;origin=https://github.com/leachim6/hello-world;path=/w/wowLang.wow,wowLang,wowLang,wowLang,the contributor (the language the file is named after),hello-world@a152253,,,,not-in-linguist,w/wowLang.wow
hello:bb3b29a8d095,gold,.py,b5b4d5b6bd9a2bc7667ea01a3f5573a156ddc887,hello.py,swh:1:cnt:b5b4d5b6bd9a2bc7667ea01a3f5573a156ddc887;origin=https://github.com/leachim6/hello-world;path=/w/wxPython.py,wxPython,wxPython,wxPython,the contributor (the language the file is named after),hello-world@a152253,,,,not-in-linguist;misleading-ext;not-a-language,w/wxPython.py
hello:34814a8d1a37,gold,.xd,1f47b87137d34069d643435e78af7a163a4bbef4,hello.xd,swh:1:cnt:1f47b87137d34069d643435e78af7a163a4bbef4;origin=https://github.com/leachim6/hello-world;path=/x/X D.xd,X D,X D,X D,the contributor (the language the file is named after),hello-world@a152253,,,,not-in-linguist,x/X D.xd
hello:a2582ed0473f,gold,.xpp,fedc82290b2ee5de548c1160d8e7fc7f09f400af,hello.xpp,swh:1:cnt:fedc82290b2ee5de548c1160d8e7fc7f09f400af;origin=https://github.com/leachim6/hello-world;path=/x/X++.xpp,X++,X++,X++,the contributor (the language the file is named after),hello-world@a152253,,,,not-in-linguist,x/X++.xpp
hello:15d60f6d5362,gold,.x10,78fb4f725918d4bb2a05801da55520c3cee42ddb,hello.x10,swh:1:cnt:78fb4f725918d4bb2a05801da55520c3cee42ddb;origin=https://github.com/leachim6/hello-world;path=/x/X10.x10,X10,X10,X10;xten,the contributor (the language the file is named after),hello-world@a152253,,,,in-linguist,x/X10.x10
hello:997f09e5ab58,gold,.prg,a988cc85f840ef2a3b9565d04fcd1eacd42422f2,hello.prg,swh:1:cnt:a988cc85f840ef2a3b9565d04fcd1eacd42422f2;origin=https://github.com/leachim6/hello-world;path=/x/XBase++.prg,xBase,XBase++,xBase;advpl;clipper;foxpro;XBase++,the contributor (the language the file is named after),hello-world@a152253,,,,in-linguist,x/XBase++.prg
hello:f888dcca09e5,gold,.dbf,2d06138f8bb6e98c709c65a8f3a3b308d341b4f0,hello.dbf,swh:1:cnt:2d06138f8bb6e98c709c65a8f3a3b308d341b4f0;origin=https://github.com/leachim6/hello-world;path=/x/XBase.dbf,xBase,XBase,xBase;advpl;clipper;foxpro;XBase,the contributor (the language the file is named after),hello-world@a152253,,,,in-linguist,x/XBase.dbf
hello:84d9259f1c6a,gold,.x,c11767c33d0532fcba51448a267a3c15ddbfdce9,hello.x,swh:1:cnt:c11767c33d0532fcba51448a267a3c15ddbfdce9;origin=https://github.com/leachim6/hello-world;path=/x/XBasic.x,XBasic,XBasic,XBasic,the contributor (the language the file is named after),hello-world@a152253,,,,not-in-linguist;misleading-ext;ambiguous-ext,x/XBasic.x
hello:8c8212c9cfbc,gold,.xhtml,738445ecf1caa0e79d3e3c620396638ca3878095,hello.xhtml,swh:1:cnt:738445ecf1caa0e79d3e3c620396638ca3878095;origin=https://github.com/leachim6/hello-world;path=/x/XHTML.xhtml,HTML,XHTML,HTML;xhtml;XHTML,the contributor (the language the file is named after),hello-world@a152253,,,,in-linguist,x/XHTML.xhtml
hello:cc988b914b1b,gold,.xl,fd891d0558ee4b3747f0cdfb6d9692ed69c34b07,hello.xl,swh:1:cnt:fd891d0558ee4b3747f0cdfb6d9692ed69c34b07;origin=https://github.com/leachim6/hello-world;path=/x/XL.xl,XL,XL,XL,the contributor (the language the file is named after),hello-world@a152253,,,,not-in-linguist,x/XL.xl
hello:1886ce10a771,gold,.xlisp,304b3f6c1d2cb88572dc2c07e85da36f8fad1e1d,hello.xlisp,swh:1:cnt:304b3f6c1d2cb88572dc2c07e85da36f8fad1e1d;origin=https://github.com/leachim6/hello-world;path=/x/XLisp.xlisp,XLisp,XLisp,XLisp,the contributor (the language the file is named after),hello-world@a152253,,,,not-in-linguist,x/XLisp.xlisp
hello:46e99fdf7cfd,gold,.xml,f2cfb1686597b341b3b1abe5f7548612ed3b7912,hello.xml,swh:1:cnt:f2cfb1686597b341b3b1abe5f7548612ed3b7912;origin=https://github.com/leachim6/hello-world;path=/x/XML.xml,XML,XML,XML;rss;xsd;wsdl,the contributor (the language the file is named after),hello-world@a152253,,,,in-linguist,x/XML.xml
hello:1142fb1ecc8e,gold,.xotcl,b85a0422ffdf365bdd8dbdcc1fcc0d28ad289316,hello.xotcl,swh:1:cnt:b85a0422ffdf365bdd8dbdcc1fcc0d28ad289316;origin=https://github.com/leachim6/hello-world;path=/x/XOTcl.xotcl,XOTcl,XOTcl,XOTcl,the contributor (the language the file is named after),hello-world@a152253,,,,not-in-linguist;shared-bytes,x/XOTcl.xotcl
hello:f6fead831d26,gold,.xpl,660a8d88c1ab7923d5265a9c93c227090c9f4bba,hello.xpl,swh:1:cnt:660a8d88c1ab7923d5265a9c93c227090c9f4bba;origin=https://github.com/leachim6/hello-world;path=/x/XPL0.xpl,XPL0,XPL0,XPL0,the contributor (the language the file is named after),hello-world@a152253,,,,not-in-linguist;misleading-ext,x/XPL0.xpl
hello:a9d250052cf3,gold,.xq,870749ac466b50f343d161f2c9b1f306a3ee2e87,hello.xq,swh:1:cnt:870749ac466b50f343d161f2c9b1f306a3ee2e87;origin=https://github.com/leachim6/hello-world;path=/x/XQuery.xq,XQuery,XQuery,XQuery,the contributor (the language the file is named after),hello-world@a152253,,,,in-linguist,x/XQuery.xq
hello:66073e6c3405,gold,.xrf,6f8968f1bcac7a5a34474d547df61e1f72ed70a5,hello.xrf,swh:1:cnt:6f8968f1bcac7a5a34474d547df61e1f72ed70a5;origin=https://github.com/leachim6/hello-world;path=/x/XRF.xrf,XRF,XRF,XRF,the contributor (the language the file is named after),hello-world@a152253,,,,not-in-linguist,x/XRF.xrf
hello:5190436bf217,gold,.xslt,604a349037e2c6921a7be792099a3c360dc19e75,hello.xslt,swh:1:cnt:604a349037e2c6921a7be792099a3c360dc19e75;origin=https://github.com/leachim6/hello-world;path=/x/XSLT.xslt,XSLT,XSLT,XSLT;xsl,the contributor (the language the file is named after),hello-world@a152253,,,,in-linguist,x/XSLT.xslt
hello:873f4df54431,gold,.xul,8ab90f5569546b5439e47e9aba0854a2c69fd46f,hello.xul,swh:1:cnt:8ab90f5569546b5439e47e9aba0854a2c69fd46f;origin=https://github.com/leachim6/hello-world;path=/x/XUL.xul,XUL,XUL,XUL,the contributor (the language the file is named after),hello-world@a152253,,,,not-in-linguist;misleading-ext,x/XUL.xul
hello:e8760b9b8196,gold,,f250de8d5a192965eecd721cc597b584d2e07506,hello,swh:1:cnt:f250de8d5a192965eecd721cc597b584d2e07506;origin=https://github.com/leachim6/hello-world;path=/x/Xihcute,Xihcute,Xihcute,Xihcute,the contributor (the language the file is named after),hello-world@a152253,,,,not-in-linguist;no-ext,x/Xihcute
hello:04d0862fd2d0,gold,.lgo,d68815cc52df8c30c57cb12b0254c929340f2806,hello.lgo,swh:1:cnt:d68815cc52df8c30c57cb12b0254c929340f2806;origin=https://github.com/leachim6/hello-world;path=/x/Xlogo.lgo,Xlogo,Xlogo,Xlogo,the contributor (the language the file is named after),hello-world@a152253,,,,not-in-linguist,x/Xlogo.lgo
hello:7b9719beb751,gold,.xtal,358acd1c0672fb2f0affe8cb63d0ffcf9d690922,hello.xtal,swh:1:cnt:358acd1c0672fb2f0affe8cb63d0ffcf9d690922;origin=https://github.com/leachim6/hello-world;path=/x/Xtal.xtal,Xtal,Xtal,Xtal,the contributor (the language the file is named after),hello-world@a152253,,,,not-in-linguist,x/Xtal.xtal
hello:d10496db17bb,gold,.y,dd0174445c7881a0ebb32d9503d4f75ef455f6ab,hello.y,swh:1:cnt:dd0174445c7881a0ebb32d9503d4f75ef455f6ab;origin=https://github.com/leachim6/hello-world;path=/y/Y.y,Y,Y,Y,the contributor (the language the file is named after),hello-world@a152253,,,,not-in-linguist;misleading-ext,y/Y.y
hello:160670ae12c6,gold,.yaml,0d8e794fca916891312221cdd5d49299951ab222,hello.yaml,swh:1:cnt:0d8e794fca916891312221cdd5d49299951ab222;origin=https://github.com/leachim6/hello-world;path=/y/YAML.yaml,YAML,YAML,YAML;yml,the contributor (the language the file is named after),hello-world@a152253,,,,in-linguist;ambiguous-ext,y/YAML.yaml
hello:3ca5ef2dd4cd,gold,.yaskc,acd05a8e04e30628b898840d0c13147c5f8ad5ab,hello.yaskc,swh:1:cnt:acd05a8e04e30628b898840d0c13147c5f8ad5ab;origin=https://github.com/leachim6/hello-world;path=/y/YASKC.yaskc,YASKC,YASKC,YASKC,the contributor (the language the file is named after),hello-world@a152253,,,,not-in-linguist,y/YASKC.yaskc
hello:4e1152592aff,gold,.yo,0b1eb6ad5c364688508176b4695214a72d433f80,hello.yo,swh:1:cnt:0b1eb6ad5c364688508176b4695214a72d433f80;origin=https://github.com/leachim6/hello-world;path=/y/YoLang.yo,YoLang,YoLang,YoLang,the contributor (the language the file is named after),hello-world@a152253,,,,not-in-linguist,y/YoLang.yo
hello:1dfa3e700f25,gold,.yx,3473f5ba008d71bfe66a0d86ca4fdf8a7e6eff71,hello.yx,swh:1:cnt:3473f5ba008d71bfe66a0d86ca4fdf8a7e6eff71;origin=https://github.com/leachim6/hello-world;path=/y/Yoix.yx,Yoix,Yoix,Yoix,the contributor (the language the file is named after),hello-world@a152253,,,,not-in-linguist,y/Yoix.yx
hello:478989fd82a0,gold,,f2c7ed7088230d4b9950748cb7d0b43a91b134f0,hello,swh:1:cnt:f2c7ed7088230d4b9950748cb7d0b43a91b134f0;origin=https://github.com/leachim6/hello-world;path=/y/YoptaScript,YoptaScript,YoptaScript,YoptaScript,the contributor (the language the file is named after),hello-world@a152253,,,,not-in-linguist;no-ext,y/YoptaScript
hello:3312c8a3804b,gold,.i,6099b444edf33fc6f3d969afd9d02f0201bb8a3e,hello.i,swh:1:cnt:6099b444edf33fc6f3d969afd9d02f0201bb8a3e;origin=https://github.com/leachim6/hello-world;path=/y/Yorick.i,Yorick,Yorick,Yorick,the contributor (the language the file is named after),hello-world@a152253,,,,not-in-linguist;misleading-ext;ambiguous-ext,y/Yorick.i
hello:09c1d8b38c93,gold,,5e33acaab79452900c544ef4e2840aea10547380,hello,swh:1:cnt:5e33acaab79452900c544ef4e2840aea10547380;origin=https://github.com/leachim6/hello-world;path=/y/Your Mom,Your Mom,Your Mom,Your Mom,the contributor (the language the file is named after),hello-world@a152253,,,,not-in-linguist;no-ext,y/Your Mom
hello:c553db445a52,gold,.zsh,905343ead1c0d3c7494896677fe7655bd4b564f2,hello.zsh,swh:1:cnt:905343ead1c0d3c7494896677fe7655bd4b564f2;origin=https://github.com/leachim6/hello-world;path=/z/Z Shell.zsh,Shell,Z Shell,Shell;sh;shell-script;bash;zsh;envrc;Z Shell,the contributor (the language the file is named after),hello-world@a152253,,,,in-linguist,z/Z Shell.zsh
hello:bfe562aabac6,gold,,6ad989bdc3a0ae4d7cfe85921ff3882fa9f268db,hello,swh:1:cnt:6ad989bdc3a0ae4d7cfe85921ff3882fa9f268db;origin=https://github.com/leachim6/hello-world;path=/z/ZBD,ZBD,ZBD,ZBD,the contributor (the language the file is named after),hello-world@a152253,,,,not-in-linguist;no-ext,z/ZBD
hello:723c70ec8f2a,gold,,34a8bea13070b394586d420c52c916168dad1c2f,hello,swh:1:cnt:34a8bea13070b394586d420c52c916168dad1c2f;origin=https://github.com/leachim6/hello-world;path=/z/ZPL,ZPL,ZPL,ZPL,the contributor (the language the file is named after),hello-world@a152253,,,,not-in-linguist;no-ext,z/ZPL
hello:b7e7957cec03,gold,,d2659e7d7b6d09a7aa805a64d180811dcdd25224,hello,swh:1:cnt:d2659e7d7b6d09a7aa805a64d180811dcdd25224;origin=https://github.com/leachim6/hello-world;path=/z/ZScript,ZScript,ZScript,ZScript,the contributor (the language the file is named after),hello-world@a152253,,,,not-in-linguist;no-ext,z/ZScript
hello:6eb4059fdc26,gold,.zs,a21a20d9331add8dc82ada26f4c777e32d7228e4,hello.zs,swh:1:cnt:a21a20d9331add8dc82ada26f4c777e32d7228e4;origin=https://github.com/leachim6/hello-world;path=/z/ZSharp.zs,ZSharp,ZSharp,ZSharp,the contributor (the language the file is named after),hello-world@a152253,,,,not-in-linguist;misleading-ext,z/ZSharp.zs
hello:68a858f422aa,gold,.zp,40a924ef25e82a7b4ab3c688fbc570b5b259b917,hello.zp,swh:1:cnt:40a924ef25e82a7b4ab3c688fbc570b5b259b917;origin=https://github.com/leachim6/hello-world;path=/z/Zepto.zp,Zepto,Zepto,Zepto,the contributor (the language the file is named after),hello-world@a152253,,,,not-in-linguist,z/Zepto.zp
hello:24f5d7dba940,gold,.zeta,de5f72d474cf2d855a873ef8eda4f6019d64ae93,hello.zeta,swh:1:cnt:de5f72d474cf2d855a873ef8eda4f6019d64ae93;origin=https://github.com/leachim6/hello-world;path=/z/Zetaplex.zeta,Zetaplex,Zetaplex,Zetaplex,the contributor (the language the file is named after),hello-world@a152253,,,,not-in-linguist,z/Zetaplex.zeta
hello:192e8134b17a,gold,.py,2f8c52b08dd940f71291f75f34451e3b26091852,hello.py,swh:1:cnt:2f8c52b08dd940f71291f75f34451e3b26091852;origin=https://github.com/leachim6/hello-world;path=/z/Zhpy.py,Zhpy,Zhpy,Zhpy,the contributor (the language the file is named after),hello-world@a152253,,,,not-in-linguist;misleading-ext,z/Zhpy.py
hello:a3aff7f11612,gold,.zig,20eddeda0a636ad32c9830a34ffd3fbcd22da5df,hello.zig,swh:1:cnt:20eddeda0a636ad32c9830a34ffd3fbcd22da5df;origin=https://github.com/leachim6/hello-world;path=/z/Zig.zig,Zig,Zig,Zig,the contributor (the language the file is named after),hello-world@a152253,,,,in-linguist,z/Zig.zig
hello:76935398722d,gold,.zim,74cba2198699ffb67dd2851ba019ca22d77db765,hello.zim,swh:1:cnt:74cba2198699ffb67dd2851ba019ca22d77db765;origin=https://github.com/leachim6/hello-world;path=/z/Zim.zim,Zim,Zim,Zim,the contributor (the language the file is named after),hello-world@a152253,,,,not-in-linguist,z/Zim.zim
hello:d9d7a94f8434,gold,.zu,9b9d6be1afee77be758154204892e889176bf357,hello.zu,swh:1:cnt:9b9d6be1afee77be758154204892e889176bf357;origin=https://github.com/leachim6/hello-world;path=/z/Zimbu.zu,Zimbu,Zimbu,Zimbu,the contributor (the language the file is named after),hello-world@a152253,,,,not-in-linguist,z/Zimbu.zu
hello:9f681366d0b8,gold,.zn,a5bba16f2af7bd098981dc119571b6573b6605c2,hello.zn,swh:1:cnt:a5bba16f2af7bd098981dc119571b6573b6605c2;origin=https://github.com/leachim6/hello-world;path=/z/Zinc.zn,Zinc,Zinc,Zinc,the contributor (the language the file is named after),hello-world@a152253,,,,not-in-linguist,z/Zinc.zn
hello:b5917258a390,gold,.zombie,b32c88ea239e4d335c1f6248795b8a45f504c78d,hello.zombie,swh:1:cnt:b32c88ea239e4d335c1f6248795b8a45f504c78d;origin=https://github.com/leachim6/hello-world;path=/z/Zombie.zombie,Zombie,Zombie,Zombie,the contributor (the language the file is named after),hello-world@a152253,,,,not-in-linguist,z/Zombie.zombie
hello:1e1647bea8a0,gold,.znn,65fedd80265510578c0276d2221531ad705f8a77,hello.znn,swh:1:cnt:65fedd80265510578c0276d2221531ad705f8a77;origin=https://github.com/leachim6/hello-world;path=/z/Zonnon.znn,Zonnon,Zonnon,Zonnon,the contributor (the language the file is named after),hello-world@a152253,,,,not-in-linguist,z/Zonnon.znn
hello:1e7f5d62df3e,gold,.zsq,ad35e5ae34d7df6d469bfe65dbfcefe988e0169f,hello.zsq,swh:1:cnt:ad35e5ae34d7df6d469bfe65dbfcefe988e0169f;origin=https://github.com/leachim6/hello-world;path=/z/Zsq.zsq,Zsq,Zsq,Zsq,the contributor (the language the file is named after),hello-world@a152253,,,,not-in-linguist;shared-bytes,z/Zsq.zsq
hello:4628525abc66,gold,.js,6e55c61cdb96ce12192197bff3566754c5407779,hello.js,swh:1:cnt:6e55c61cdb96ce12192197bff3566754c5407779;origin=https://github.com/leachim6/hello-world;path=/z/zx.js,zx,zx,zx,the contributor (the language the file is named after),hello-world@a152253,,,,not-in-linguist;misleading-ext;not-a-language,z/zx.js
